step,epoch,word,n_occurrences,mean_nll
1,1.0000,a,80,8.707670
1,1.0000,about,80,8.870890
1,1.0000,above,80,8.943320
1,1.0000,after,80,8.952503
1,1.0000,all,80,8.805106
1,1.0000,am,80,8.446604
1,1.0000,and,80,8.731771
1,1.0000,animal,80,8.590116
1,1.0000,another,80,8.765263
1,1.0000,any,80,8.831224
1,1.0000,are,80,8.875160
1,1.0000,arm,80,8.893086
1,1.0000,around,80,8.977832
1,1.0000,at,80,8.946161
1,1.0000,away,80,8.928420
1,1.0000,baby,80,8.515317
1,1.0000,back,80,8.851547
1,1.0000,bad,80,8.734352
1,1.0000,ball,80,8.740835
1,1.0000,bat,80,9.098653
1,1.0000,bath,80,8.709842
1,1.0000,be,80,8.306729
1,1.0000,beach,80,9.083583
1,1.0000,beans,80,8.972966
1,1.0000,bear,80,8.790596
1,1.0000,because,80,8.690674
1,1.0000,bed,80,8.812507
1,1.0000,bee,80,9.016414
1,1.0000,before,80,9.020396
1,1.0000,behind,80,8.988415
1,1.0000,belt,80,9.100530
1,1.0000,better,80,8.634939
1,1.0000,big,80,8.659893
1,1.0000,bird,80,8.952026
1,1.0000,bite,80,9.061705
1,1.0000,black,80,8.798018
1,1.0000,block,80,8.969753
1,1.0000,blow,80,9.077161
1,1.0000,blue,80,8.823988
1,1.0000,boat,80,9.248122
1,1.0000,book,80,8.680687
1,1.0000,bottle,80,9.135496
1,1.0000,bowl,80,8.965405
1,1.0000,box,80,8.975291
1,1.0000,bread,80,9.000366
1,1.0000,break,80,8.764243
1,1.0000,bring,80,8.500673
1,1.0000,broken,80,8.854959
1,1.0000,brown,80,8.934729
1,1.0000,brush,80,9.005412
1,1.0000,build,80,8.602418
1,1.0000,bus,80,9.049963
1,1.0000,but,80,7.936073
1,1.0000,butter,80,9.041553
1,1.0000,button,80,8.861179
1,1.0000,buy,80,8.365584
1,1.0000,by,80,8.920705
1,1.0000,cake,80,9.142412
1,1.0000,call,80,8.885471
1,1.0000,camera,80,8.654898
1,1.0000,can,80,8.752745
1,1.0000,car,80,8.550918
1,1.0000,careful,80,8.692246
1,1.0000,carry,80,8.545303
1,1.0000,cat,80,8.803924
1,1.0000,catch,80,8.677198
1,1.0000,chair,80,9.220022
1,1.0000,cheese,80,9.118350
1,1.0000,chicken,80,8.973930
1,1.0000,child,80,8.363784
1,1.0000,chocolate,80,9.037498
1,1.0000,clean,80,8.810411
1,1.0000,clock,80,8.829874
1,1.0000,close,80,8.917779
1,1.0000,cloud,80,8.993406
1,1.0000,coat,80,8.965793
1,1.0000,coffee,80,8.890483
1,1.0000,cold,80,8.800166
1,1.0000,comb,80,8.980442
1,1.0000,cook,80,8.969199
1,1.0000,corn,80,8.975046
1,1.0000,could,80,8.853591
1,1.0000,country,80,8.315305
1,1.0000,cover,80,8.639410
1,1.0000,cow,80,9.182521
1,1.0000,cry,80,9.065602
1,1.0000,cup,80,8.802204
1,1.0000,cut,80,8.844599
1,1.0000,dark,80,8.743830
1,1.0000,day,80,8.667961
1,1.0000,deer,80,9.083655
1,1.0000,did,80,8.924465
1,1.0000,dish,80,8.900576
1,1.0000,do,80,8.626806
1,1.0000,doctor,80,8.694605
1,1.0000,does,80,8.705713
1,1.0000,dog,80,8.479766
1,1.0000,doll,80,9.029953
1,1.0000,door,80,8.694377
1,1.0000,down,80,8.876459
1,1.0000,draw,80,9.008980
1,1.0000,dress,80,9.011599
1,1.0000,drink,80,8.921155
1,1.0000,drive,80,8.840344
1,1.0000,drop,80,8.980471
1,1.0000,dry,80,8.796438
1,1.0000,each,80,8.716380
1,1.0000,ear,80,8.851250
1,1.0000,eat,80,8.544212
1,1.0000,egg,80,8.763736
1,1.0000,empty,80,8.862713
1,1.0000,every,80,8.660687
1,1.0000,eye,80,8.933227
1,1.0000,face,80,8.857930
1,1.0000,fall,80,8.954370
1,1.0000,farm,80,8.860265
1,1.0000,fast,80,8.876555
1,1.0000,feed,80,8.919519
1,1.0000,find,80,8.449678
1,1.0000,fine,80,8.854018
1,1.0000,finger,80,8.911170
1,1.0000,finish,80,8.948963
1,1.0000,first,80,8.232571
1,1.0000,fish,80,8.764754
1,1.0000,fit,80,8.837015
1,1.0000,fix,80,8.878312
1,1.0000,flower,80,8.935746
1,1.0000,food,80,8.796276
1,1.0000,foot,80,8.950754
1,1.0000,for,80,8.879217
1,1.0000,friend,80,8.776625
1,1.0000,full,80,8.606699
1,1.0000,game,80,8.541982
1,1.0000,garden,80,8.734500
1,1.0000,gas,80,9.050605
1,1.0000,gentle,80,8.962100
1,1.0000,get,80,8.431210
1,1.0000,give,80,8.476686
1,1.0000,glass,80,8.937250
1,1.0000,glasses,80,9.048584
1,1.0000,go,80,8.669590
1,1.0000,good,80,8.303446
1,1.0000,grass,80,8.943148
1,1.0000,green,80,8.778591
1,1.0000,gum,80,9.016870
1,1.0000,hair,80,9.024461
1,1.0000,hand,80,8.595756
1,1.0000,happy,80,8.883267
1,1.0000,hard,80,8.769335
1,1.0000,have,80,8.811255
1,1.0000,he,80,8.712538
1,1.0000,head,80,8.819443
1,1.0000,hear,80,8.577795
1,1.0000,heavy,80,8.960758
1,1.0000,help,80,8.434438
1,1.0000,her,80,8.847153
1,1.0000,here,80,8.893411
1,1.0000,high,80,8.871311
1,1.0000,him,80,8.880944
1,1.0000,his,80,8.823056
1,1.0000,hit,80,9.023356
1,1.0000,hold,80,8.623096
1,1.0000,home,80,8.744461
1,1.0000,horse,80,8.758238
1,1.0000,hot,80,8.813938
1,1.0000,house,80,8.862024
1,1.0000,how,80,8.693470
1,1.0000,hurt,80,8.954766
1,1.0000,i,80,8.691438
1,1.0000,ice,80,8.829604
1,1.0000,if,80,8.704791
1,1.0000,inside,80,8.880779
1,1.0000,into,80,8.844766
1,1.0000,is,80,8.715787
1,1.0000,it,80,8.573228
1,1.0000,juice,80,8.837933
1,1.0000,jump,80,8.978898
1,1.0000,kitchen,80,8.641133
1,1.0000,knife,80,8.917724
1,1.0000,last,80,8.638883
1,1.0000,later,80,8.905941
1,1.0000,lawn,80,9.112955
1,1.0000,leg,80,8.927273
1,1.0000,light,80,8.805419
1,1.0000,like,80,8.850822
1,1.0000,listen,80,8.610815
1,1.0000,little,80,8.436705
1,1.0000,living,80,8.872878
1,1.0000,long,80,8.688769
1,1.0000,look,80,8.792909
1,1.0000,loud,80,8.906861
1,1.0000,love,80,8.772133
1,1.0000,make,80,8.533441
1,1.0000,man,80,8.842239
1,1.0000,me,80,8.834146
1,1.0000,meat,80,8.835251
1,1.0000,medicine,80,8.948159
1,1.0000,milk,80,9.010214
1,1.0000,mine,80,9.008830
1,1.0000,money,80,8.929659
1,1.0000,moon,80,8.366895
1,1.0000,more,80,8.704663
1,1.0000,morning,80,8.738876
1,1.0000,mouse,80,8.977808
1,1.0000,mouth,80,8.772995
1,1.0000,movie,80,8.743727
1,1.0000,much,80,8.566007
1,1.0000,my,80,8.809470
1,1.0000,myself,80,9.079366
1,1.0000,need,80,8.709138
1,1.0000,new,80,8.593057
1,1.0000,next,80,8.164734
1,1.0000,nice,80,8.554704
1,1.0000,night,80,8.594984
1,1.0000,no,80,8.601190
1,1.0000,none,80,9.041973
1,1.0000,nose,80,8.762469
1,1.0000,not,80,8.666064
1,1.0000,now,80,8.627755
1,1.0000,nuts,80,8.966746
1,1.0000,of,80,8.907122
1,1.0000,off,80,8.958894
1,1.0000,old,80,8.452212
1,1.0000,on,80,8.824109
1,1.0000,open,80,8.779885
1,1.0000,orange,80,9.021304
1,1.0000,other,80,8.465646
1,1.0000,our,80,8.832314
1,1.0000,out,80,8.832115
1,1.0000,outside,80,8.825713
1,1.0000,oven,80,9.208516
1,1.0000,over,80,8.957168
1,1.0000,paint,80,8.743293
1,1.0000,paper,80,8.926499
1,1.0000,park,80,8.905466
1,1.0000,party,80,8.989357
1,1.0000,pen,80,9.039445
1,1.0000,people,80,8.736084
1,1.0000,person,80,8.609273
1,1.0000,pick,80,8.969093
1,1.0000,picture,80,8.729685
1,1.0000,pig,80,9.052176
1,1.0000,plant,80,8.794898
1,1.0000,plate,80,8.973935
1,1.0000,play,80,8.716949
1,1.0000,please,80,8.295267
1,1.0000,pool,80,8.904560
1,1.0000,poor,80,8.812317
1,1.0000,present,80,8.749884
1,1.0000,pretty,80,8.698348
1,1.0000,pull,80,8.975573
1,1.0000,puppy,80,8.565898
1,1.0000,push,80,8.891430
1,1.0000,put,80,8.814404
1,1.0000,quiet,80,9.141202
1,1.0000,radio,80,8.910644
1,1.0000,rain,80,8.774701
1,1.0000,read,80,8.691807
1,1.0000,red,80,8.739945
1,1.0000,ride,80,8.793215
1,1.0000,rock,80,8.895394
1,1.0000,roof,80,8.961303
1,1.0000,room,80,8.804340
1,1.0000,run,80,8.871238
1,1.0000,salt,80,8.799253
1,1.0000,same,80,7.530737
1,1.0000,sauce,80,9.040685
1,1.0000,say,80,8.563348
1,1.0000,school,80,8.858245
1,1.0000,see,80,8.441217
1,1.0000,share,80,8.574367
1,1.0000,she,80,8.625504
1,1.0000,shopping,80,9.043114
1,1.0000,show,80,8.672911
1,1.0000,shower,80,9.089101
1,1.0000,sick,80,8.901040
1,1.0000,sing,80,9.062120
1,1.0000,sit,80,9.044394
1,1.0000,sky,80,8.442379
1,1.0000,sleep,80,8.881947
1,1.0000,slow,80,8.846730
1,1.0000,snow,80,8.883786
1,1.0000,so,80,8.637726
1,1.0000,soap,80,8.863956
1,1.0000,soda,80,8.415407
1,1.0000,soft,80,8.806530
1,1.0000,some,80,8.715198
1,1.0000,stand,80,8.810967
1,1.0000,star,80,8.987063
1,1.0000,stay,80,8.475132
1,1.0000,stick,80,8.964399
1,1.0000,stone,80,9.172683
1,1.0000,stop,80,8.706364
1,1.0000,store,80,8.758860
1,1.0000,story,80,8.745481
1,1.0000,street,80,8.714334
1,1.0000,stuck,80,8.910059
1,1.0000,sun,80,8.475975
1,1.0000,swim,80,8.928313
1,1.0000,table,80,8.895661
1,1.0000,take,80,8.592684
1,1.0000,talk,80,8.682593
1,1.0000,tape,80,9.037603
1,1.0000,taste,80,8.933606
1,1.0000,teacher,80,9.010761
1,1.0000,that,80,8.920282
1,1.0000,the,80,8.603148
1,1.0000,their,80,8.821951
1,1.0000,them,80,8.796669
1,1.0000,then,80,8.503511
1,1.0000,there,80,8.656004
1,1.0000,these,80,8.703900
1,1.0000,they,80,8.652127
1,1.0000,think,80,8.422329
1,1.0000,this,80,8.713339
1,1.0000,those,80,8.704457
1,1.0000,throw,80,9.113392
1,1.0000,time,80,8.726746
1,1.0000,tiny,80,8.865791
1,1.0000,tissue,80,8.941550
1,1.0000,to,80,8.884673
1,1.0000,today,80,8.884968
1,1.0000,too,80,8.748036
1,1.0000,tooth,80,8.848748
1,1.0000,touch,80,8.649585
1,1.0000,train,80,8.822710
1,1.0000,tree,80,8.752822
1,1.0000,truck,80,9.018139
1,1.0000,try,80,8.815156
1,1.0000,turn,80,8.715269
1,1.0000,under,80,8.941121
1,1.0000,up,80,8.841407
1,1.0000,us,80,8.790628
1,1.0000,vacuum,80,8.868063
1,1.0000,wait,80,8.609465
1,1.0000,walk,80,8.902227
1,1.0000,was,80,8.792113
1,1.0000,wash,80,8.913775
1,1.0000,washing,80,9.045618
1,1.0000,watch,80,8.685812
1,1.0000,water,80,8.594240
1,1.0000,we,80,8.591006
1,1.0000,were,80,8.898880
1,1.0000,wet,80,8.959488
1,1.0000,what,80,8.637513
1,1.0000,when,80,8.863706
1,1.0000,where,80,8.654575
1,1.0000,which,80,8.064816
1,1.0000,white,80,8.816985
1,1.0000,who,80,8.610696
1,1.0000,why,80,8.504577
1,1.0000,will,80,8.805509
1,1.0000,wind,80,8.995316
1,1.0000,window,80,8.829815
1,1.0000,wish,80,8.784967
1,1.0000,with,80,8.862785
1,1.0000,work,80,8.816312
1,1.0000,would,80,8.810197
1,1.0000,write,80,8.690387
1,1.0000,yard,80,8.821059
1,1.0000,yellow,80,8.900304
1,1.0000,yes,80,8.917527
1,1.0000,you,80,8.729160
1,1.0000,your,80,8.698901
1,1.0000,yourself,80,8.823518
2,1.0000,a,80,6.857775
2,1.0000,about,80,7.711842
2,1.0000,above,80,8.117910
2,1.0000,after,80,7.789907
2,1.0000,all,80,7.204170
2,1.0000,am,80,7.309401
2,1.0000,and,80,7.140878
2,1.0000,animal,80,7.621316
2,1.0000,another,80,7.406291
2,1.0000,any,80,7.081871
2,1.0000,are,80,7.503153
2,1.0000,arm,80,8.909367
2,1.0000,around,80,7.943712
2,1.0000,at,80,7.532866
2,1.0000,away,80,8.278888
2,1.0000,baby,80,7.635478
2,1.0000,back,80,7.542318
2,1.0000,bad,80,7.884876
2,1.0000,ball,80,8.934439
2,1.0000,bat,80,9.814134
2,1.0000,bath,80,8.496581
2,1.0000,be,80,6.549242
2,1.0000,beach,80,9.464885
2,1.0000,beans,80,9.272061
2,1.0000,bear,80,9.293612
2,1.0000,because,80,7.134898
2,1.0000,bed,80,8.304977
2,1.0000,bee,80,9.414101
2,1.0000,before,80,7.869526
2,1.0000,behind,80,8.821843
2,1.0000,belt,80,9.906868
2,1.0000,better,80,7.339966
2,1.0000,big,80,7.640617
2,1.0000,bird,80,9.290490
2,1.0000,bite,80,9.440877
2,1.0000,black,80,8.167939
2,1.0000,block,80,9.184628
2,1.0000,blow,80,9.646690
2,1.0000,blue,80,8.008718
2,1.0000,boat,80,10.147585
2,1.0000,book,80,7.589264
2,1.0000,bottle,80,10.076606
2,1.0000,bowl,80,9.250128
2,1.0000,box,80,8.944805
2,1.0000,bread,80,9.600082
2,1.0000,break,80,7.968789
2,1.0000,bring,80,7.254265
2,1.0000,broken,80,8.803959
2,1.0000,brown,80,8.828457
2,1.0000,brush,80,9.010011
2,1.0000,build,80,7.539148
2,1.0000,bus,80,9.569423
2,1.0000,but,80,6.083068
2,1.0000,butter,80,9.406842
2,1.0000,button,80,8.845201
2,1.0000,buy,80,7.663864
2,1.0000,by,80,7.560628
2,1.0000,cake,80,10.006629
2,1.0000,call,80,8.094903
2,1.0000,camera,80,7.645369
2,1.0000,can,80,7.322639
2,1.0000,car,80,7.141110
2,1.0000,careful,80,8.682670
2,1.0000,carry,80,7.661144
2,1.0000,cat,80,8.218241
2,1.0000,catch,80,8.324443
2,1.0000,chair,80,10.223819
2,1.0000,cheese,80,9.711381
2,1.0000,chicken,80,8.671410
2,1.0000,child,80,6.908483
2,1.0000,chocolate,80,9.306782
2,1.0000,clean,80,7.759246
2,1.0000,clock,80,9.027975
2,1.0000,close,80,8.299023
2,1.0000,cloud,80,9.529816
2,1.0000,coat,80,9.350427
2,1.0000,coffee,80,8.269755
2,1.0000,cold,80,7.923780
2,1.0000,comb,80,9.009802
2,1.0000,cook,80,9.065590
2,1.0000,corn,80,9.375527
2,1.0000,could,80,7.542056
2,1.0000,country,80,6.970636
2,1.0000,cover,80,7.951503
2,1.0000,cow,80,10.311402
2,1.0000,cry,80,9.731490
2,1.0000,cup,80,8.835094
2,1.0000,cut,80,8.050355
2,1.0000,dark,80,7.373874
2,1.0000,day,80,7.374216
2,1.0000,deer,80,9.843104
2,1.0000,did,80,8.112562
2,1.0000,dish,80,8.743610
2,1.0000,do,80,7.294680
2,1.0000,doctor,80,8.527225
2,1.0000,does,80,7.618489
2,1.0000,dog,80,7.235553
2,1.0000,doll,80,9.677860
2,1.0000,door,80,8.571421
2,1.0000,down,80,7.845490
2,1.0000,draw,80,8.850568
2,1.0000,dress,80,9.508812
2,1.0000,drink,80,8.832092
2,1.0000,drive,80,8.279997
2,1.0000,drop,80,8.996102
2,1.0000,dry,80,7.659868
2,1.0000,each,80,7.034641
2,1.0000,ear,80,8.133260
2,1.0000,eat,80,7.237606
2,1.0000,egg,80,8.562090
2,1.0000,empty,80,9.363940
2,1.0000,every,80,7.221349
2,1.0000,eye,80,8.189180
2,1.0000,face,80,8.394512
2,1.0000,fall,80,8.382024
2,1.0000,farm,80,8.701231
2,1.0000,fast,80,8.117116
2,1.0000,feed,80,8.365238
2,1.0000,find,80,6.936196
2,1.0000,fine,80,8.427170
2,1.0000,finger,80,9.384498
2,1.0000,finish,80,9.597480
2,1.0000,first,80,6.771737
2,1.0000,fish,80,7.434098
2,1.0000,fit,80,8.416083
2,1.0000,fix,80,8.863711
2,1.0000,flower,80,9.089749
2,1.0000,food,80,7.334430
2,1.0000,foot,80,8.822616
2,1.0000,for,80,7.432786
2,1.0000,friend,80,8.763972
2,1.0000,full,80,7.445081
2,1.0000,game,80,7.347093
2,1.0000,garden,80,8.120991
2,1.0000,gas,80,8.284601
2,1.0000,gentle,80,9.615640
2,1.0000,get,80,6.943758
2,1.0000,give,80,7.011188
2,1.0000,glass,80,8.498588
2,1.0000,glasses,80,9.822445
2,1.0000,go,80,7.241381
2,1.0000,good,80,7.005933
2,1.0000,grass,80,8.671487
2,1.0000,green,80,7.493878
2,1.0000,gum,80,9.975110
2,1.0000,hair,80,9.394829
2,1.0000,hand,80,7.573413
2,1.0000,happy,80,8.577772
2,1.0000,hard,80,7.513214
2,1.0000,have,80,7.552929
2,1.0000,he,80,7.081494
2,1.0000,head,80,7.870822
2,1.0000,hear,80,7.833534
2,1.0000,heavy,80,8.711908
2,1.0000,help,80,6.664133
2,1.0000,her,80,7.375373
2,1.0000,here,80,7.630197
2,1.0000,high,80,7.421420
2,1.0000,him,80,7.967036
2,1.0000,his,80,7.149479
2,1.0000,hit,80,8.955573
2,1.0000,hold,80,8.153316
2,1.0000,home,80,7.827991
2,1.0000,horse,80,7.920433
2,1.0000,hot,80,7.617345
2,1.0000,house,80,8.546654
2,1.0000,how,80,7.026250
2,1.0000,hurt,80,9.632637
2,1.0000,i,80,7.662185
2,1.0000,ice,80,8.269152
2,1.0000,if,80,7.173609
2,1.0000,inside,80,8.523371
2,1.0000,into,80,7.602083
2,1.0000,is,80,7.243327
2,1.0000,it,80,6.779587
2,1.0000,juice,80,9.454034
2,1.0000,jump,80,9.083256
2,1.0000,kitchen,80,8.610828
2,1.0000,knife,80,9.259595
2,1.0000,last,80,7.558557
2,1.0000,later,80,8.048029
2,1.0000,lawn,80,10.019707
2,1.0000,leg,80,8.178435
2,1.0000,light,80,7.477527
2,1.0000,like,80,7.260967
2,1.0000,listen,80,8.913294
2,1.0000,little,80,7.215573
2,1.0000,living,80,8.244225
2,1.0000,long,80,7.370509
2,1.0000,look,80,7.584871
2,1.0000,loud,80,9.401682
2,1.0000,love,80,7.869422
2,1.0000,make,80,7.178316
2,1.0000,man,80,7.681388
2,1.0000,me,80,7.955933
2,1.0000,meat,80,8.676166
2,1.0000,medicine,80,9.253694
2,1.0000,milk,80,8.588293
2,1.0000,mine,80,9.694554
2,1.0000,money,80,8.330818
2,1.0000,moon,80,8.262252
2,1.0000,more,80,7.155467
2,1.0000,morning,80,8.284829
2,1.0000,mouse,80,9.141501
2,1.0000,mouth,80,8.572322
2,1.0000,movie,80,8.671471
2,1.0000,much,80,7.273580
2,1.0000,my,80,7.109930
2,1.0000,myself,80,9.833861
2,1.0000,need,80,7.571048
2,1.0000,new,80,7.191943
2,1.0000,next,80,6.742000
2,1.0000,nice,80,8.131828
2,1.0000,night,80,7.859506
2,1.0000,no,80,7.094662
2,1.0000,none,80,9.656841
2,1.0000,nose,80,8.680785
2,1.0000,not,80,7.237878
2,1.0000,now,80,7.328107
2,1.0000,nuts,80,9.709518
2,1.0000,of,80,7.514549
2,1.0000,off,80,8.030452
2,1.0000,old,80,7.292910
2,1.0000,on,80,7.425092
2,1.0000,open,80,7.619234
2,1.0000,orange,80,9.345503
2,1.0000,other,80,7.077941
2,1.0000,our,80,7.052503
2,1.0000,out,80,7.620325
2,1.0000,outside,80,8.188242
2,1.0000,oven,80,10.116488
2,1.0000,over,80,7.646725
2,1.0000,paint,80,8.580139
2,1.0000,paper,80,8.524484
2,1.0000,park,80,9.307099
2,1.0000,party,80,9.114326
2,1.0000,pen,80,9.000729
2,1.0000,people,80,7.210200
2,1.0000,person,80,7.336397
2,1.0000,pick,80,8.815803
2,1.0000,picture,80,8.124609
2,1.0000,pig,80,9.532767
2,1.0000,plant,80,7.415652
2,1.0000,plate,80,9.117563
2,1.0000,play,80,7.585439
2,1.0000,please,80,7.746098
2,1.0000,pool,80,9.128968
2,1.0000,poor,80,8.357085
2,1.0000,present,80,7.662178
2,1.0000,pretty,80,8.150792
2,1.0000,pull,80,9.167129
2,1.0000,puppy,80,7.944961
2,1.0000,push,80,8.850833
2,1.0000,put,80,7.663298
2,1.0000,quiet,80,10.193344
2,1.0000,radio,80,9.142077
2,1.0000,rain,80,8.101277
2,1.0000,read,80,7.590749
2,1.0000,red,80,7.407872
2,1.0000,ride,80,8.967132
2,1.0000,rock,80,8.453942
2,1.0000,roof,80,9.098739
2,1.0000,room,80,8.199051
2,1.0000,run,80,8.290837
2,1.0000,salt,80,7.569611
2,1.0000,same,80,5.833718
2,1.0000,sauce,80,9.825330
2,1.0000,say,80,7.543600
2,1.0000,school,80,7.899296
2,1.0000,see,80,6.960397
2,1.0000,share,80,7.657737
2,1.0000,she,80,6.997553
2,1.0000,shopping,80,9.416679
2,1.0000,show,80,7.655815
2,1.0000,shower,80,9.874573
2,1.0000,sick,80,8.489566
2,1.0000,sing,80,9.590118
2,1.0000,sit,80,9.351667
2,1.0000,sky,80,8.248336
2,1.0000,sleep,80,8.215557
2,1.0000,slow,80,7.980994
2,1.0000,snow,80,8.586320
2,1.0000,so,80,6.974669
2,1.0000,soap,80,9.170058
2,1.0000,soda,80,7.964991
2,1.0000,soft,80,8.466210
2,1.0000,some,80,7.213961
2,1.0000,stand,80,8.682974
2,1.0000,star,80,9.540611
2,1.0000,stay,80,7.370785
2,1.0000,stick,80,8.971750
2,1.0000,stone,80,9.889732
2,1.0000,stop,80,7.633951
2,1.0000,store,80,8.535253
2,1.0000,story,80,7.954603
2,1.0000,street,80,8.747331
2,1.0000,stuck,80,9.537006
2,1.0000,sun,80,7.210822
2,1.0000,swim,80,9.235894
2,1.0000,table,80,8.812453
2,1.0000,take,80,7.174700
2,1.0000,talk,80,8.184116
2,1.0000,tape,80,9.530332
2,1.0000,taste,80,8.645716
2,1.0000,teacher,80,9.121603
2,1.0000,that,80,7.296548
2,1.0000,the,80,6.742629
2,1.0000,their,80,6.891758
2,1.0000,them,80,7.459281
2,1.0000,then,80,7.001395
2,1.0000,there,80,6.850860
2,1.0000,these,80,7.006186
2,1.0000,they,80,6.853666
2,1.0000,think,80,6.980076
2,1.0000,this,80,6.896228
2,1.0000,those,80,7.235162
2,1.0000,throw,80,9.903453
2,1.0000,time,80,7.231607
2,1.0000,tiny,80,8.777141
2,1.0000,tissue,80,9.367370
2,1.0000,to,80,7.409953
2,1.0000,today,80,8.219773
2,1.0000,too,80,7.373681
2,1.0000,tooth,80,8.943222
2,1.0000,touch,80,8.205257
2,1.0000,train,80,8.789566
2,1.0000,tree,80,8.361937
2,1.0000,truck,80,9.605395
2,1.0000,try,80,7.802390
2,1.0000,turn,80,7.579153
2,1.0000,under,80,7.569526
2,1.0000,up,80,7.730220
2,1.0000,us,80,7.525477
2,1.0000,vacuum,80,9.413557
2,1.0000,wait,80,8.370047
2,1.0000,walk,80,8.150052
2,1.0000,was,80,7.435158
2,1.0000,wash,80,9.344978
2,1.0000,washing,80,9.839691
2,1.0000,watch,80,8.179007
2,1.0000,water,80,7.029651
2,1.0000,we,80,6.815554
2,1.0000,were,80,7.656541
2,1.0000,wet,80,9.041647
2,1.0000,what,80,6.900334
2,1.0000,when,80,7.342574
2,1.0000,where,80,7.024760
2,1.0000,which,80,6.232305
2,1.0000,white,80,7.931547
2,1.0000,who,80,7.160876
2,1.0000,why,80,7.128730
2,1.0000,will,80,7.395874
2,1.0000,wind,80,8.487705
2,1.0000,window,80,8.385908
2,1.0000,wish,80,8.742928
2,1.0000,with,80,7.246943
2,1.0000,work,80,7.646925
2,1.0000,would,80,7.516952
2,1.0000,write,80,8.321185
2,1.0000,yard,80,9.251595
2,1.0000,yellow,80,8.781452
2,1.0000,yes,80,9.476958
2,1.0000,you,80,7.016149
2,1.0000,your,80,6.843783
2,1.0000,yourself,80,8.360075
3,1.0000,a,80,4.817038
3,1.0000,about,80,6.058443
3,1.0000,above,80,8.203571
3,1.0000,after,80,6.199644
3,1.0000,all,80,5.326393
3,1.0000,am,80,6.569364
3,1.0000,and,80,5.133474
3,1.0000,animal,80,7.987852
3,1.0000,another,80,6.856230
3,1.0000,any,80,5.234078
3,1.0000,are,80,5.582149
3,1.0000,arm,80,9.960574
3,1.0000,around,80,6.365538
3,1.0000,at,80,5.512862
3,1.0000,away,80,7.467734
3,1.0000,baby,80,7.762698
3,1.0000,back,80,6.322914
3,1.0000,bad,80,8.144110
3,1.0000,ball,80,9.540353
3,1.0000,bat,80,11.244607
3,1.0000,bath,80,9.397498
3,1.0000,be,80,4.916607
3,1.0000,beach,80,10.516638
3,1.0000,beans,80,9.742042
3,1.0000,bear,80,10.565306
3,1.0000,because,80,5.396873
3,1.0000,bed,80,9.201377
3,1.0000,bee,80,9.975449
3,1.0000,before,80,6.135624
3,1.0000,behind,80,9.360117
3,1.0000,belt,80,11.107769
3,1.0000,better,80,6.396040
3,1.0000,big,80,7.897749
3,1.0000,bird,80,10.286155
3,1.0000,bite,80,10.738648
3,1.0000,black,80,8.171966
3,1.0000,block,80,10.037424
3,1.0000,blow,80,10.626594
3,1.0000,blue,80,8.411064
3,1.0000,boat,80,10.681922
3,1.0000,book,80,7.127486
3,1.0000,bottle,80,11.474134
3,1.0000,bowl,80,10.503574
3,1.0000,box,80,9.375722
3,1.0000,bread,80,10.911276
3,1.0000,break,80,8.062690
3,1.0000,bring,80,7.274795
3,1.0000,broken,80,9.763079
3,1.0000,brown,80,9.127984
3,1.0000,brush,80,10.236939
3,1.0000,build,80,7.994096
3,1.0000,bus,80,10.856195
3,1.0000,but,80,4.692592
3,1.0000,butter,80,9.867931
3,1.0000,button,80,8.880639
3,1.0000,buy,80,8.112765
3,1.0000,by,80,5.637154
3,1.0000,cake,80,11.633382
3,1.0000,call,80,8.141985
3,1.0000,camera,80,8.206750
3,1.0000,can,80,5.522245
3,1.0000,car,80,5.558700
3,1.0000,careful,80,9.790166
3,1.0000,carry,80,8.318299
3,1.0000,cat,80,7.628208
3,1.0000,catch,80,9.371330
3,1.0000,chair,80,11.643722
3,1.0000,cheese,80,10.383244
3,1.0000,chicken,80,9.273670
3,1.0000,child,80,5.813132
3,1.0000,chocolate,80,10.557509
3,1.0000,clean,80,8.086161
3,1.0000,clock,80,10.392069
3,1.0000,close,80,8.698310
3,1.0000,cloud,80,11.048863
3,1.0000,coat,80,10.683192
3,1.0000,coffee,80,9.047832
3,1.0000,cold,80,8.489683
3,1.0000,comb,80,9.092534
3,1.0000,cook,80,8.676432
3,1.0000,corn,80,10.221970
3,1.0000,could,80,5.856244
3,1.0000,country,80,7.587002
3,1.0000,cover,80,8.585167
3,1.0000,cow,80,11.840707
3,1.0000,cry,80,11.116642
3,1.0000,cup,80,9.988735
3,1.0000,cut,80,8.402822
3,1.0000,dark,80,7.737959
3,1.0000,day,80,6.091613
3,1.0000,deer,80,11.395674
3,1.0000,did,80,6.901785
3,1.0000,dish,80,9.637192
3,1.0000,do,80,5.752381
3,1.0000,doctor,80,9.235303
3,1.0000,does,80,6.135425
3,1.0000,dog,80,6.291668
3,1.0000,doll,80,11.109762
3,1.0000,door,80,9.737144
3,1.0000,down,80,6.443539
3,1.0000,draw,80,9.751431
3,1.0000,dress,80,10.899617
3,1.0000,drink,80,9.954704
3,1.0000,drive,80,8.847621
3,1.0000,drop,80,9.903204
3,1.0000,dry,80,8.026906
3,1.0000,each,80,5.411308
3,1.0000,ear,80,8.837100
3,1.0000,eat,80,6.779620
3,1.0000,egg,80,9.719881
3,1.0000,empty,80,10.730708
3,1.0000,every,80,6.225618
3,1.0000,eye,80,8.016567
3,1.0000,face,80,8.767524
3,1.0000,fall,80,8.691784
3,1.0000,farm,80,9.831081
3,1.0000,fast,80,8.620393
3,1.0000,feed,80,8.895602
3,1.0000,find,80,5.520167
3,1.0000,fine,80,8.938269
3,1.0000,finger,80,10.772983
3,1.0000,finish,80,10.789051
3,1.0000,first,80,5.720094
3,1.0000,fish,80,7.648908
3,1.0000,fit,80,8.745686
3,1.0000,fix,80,9.976790
3,1.0000,flower,80,10.249266
3,1.0000,food,80,5.980517
3,1.0000,foot,80,9.455295
3,1.0000,for,80,5.433991
3,1.0000,friend,80,9.581371
3,1.0000,full,80,7.195167
3,1.0000,game,80,7.628895
3,1.0000,garden,80,7.993177
3,1.0000,gas,80,8.139761
3,1.0000,gentle,80,11.162565
3,1.0000,get,80,5.509880
3,1.0000,give,80,5.986647
3,1.0000,glass,80,9.368131
3,1.0000,glasses,80,11.382198
3,1.0000,go,80,5.980718
3,1.0000,good,80,5.974260
3,1.0000,grass,80,9.373975
3,1.0000,green,80,7.698955
3,1.0000,gum,80,11.607170
3,1.0000,hair,80,10.343090
3,1.0000,hand,80,6.863291
3,1.0000,happy,80,9.241371
3,1.0000,hard,80,7.332334
3,1.0000,have,80,5.861318
3,1.0000,he,80,5.482535
3,1.0000,head,80,7.985825
3,1.0000,hear,80,8.273727
3,1.0000,heavy,80,9.704782
3,1.0000,help,80,5.059687
3,1.0000,her,80,6.149279
3,1.0000,here,80,7.443680
3,1.0000,high,80,6.079305
3,1.0000,him,80,7.866084
3,1.0000,his,80,6.060242
3,1.0000,hit,80,9.990842
3,1.0000,hold,80,8.375566
3,1.0000,home,80,6.794908
3,1.0000,horse,80,7.968359
3,1.0000,hot,80,8.032658
3,1.0000,house,80,8.593335
3,1.0000,how,80,5.247849
3,1.0000,hurt,80,11.178633
3,1.0000,i,80,7.992537
3,1.0000,ice,80,9.196775
3,1.0000,if,80,5.305722
3,1.0000,inside,80,8.060585
3,1.0000,into,80,5.753707
3,1.0000,is,80,5.225761
3,1.0000,it,80,4.813116
3,1.0000,juice,80,10.823883
3,1.0000,jump,80,10.011702
3,1.0000,kitchen,80,9.584453
3,1.0000,knife,80,10.335136
3,1.0000,last,80,7.721340
3,1.0000,later,80,8.504792
3,1.0000,lawn,80,11.487506
3,1.0000,leg,80,8.790679
3,1.0000,light,80,6.115112
3,1.0000,like,80,5.208922
3,1.0000,listen,80,10.181986
3,1.0000,little,80,6.609259
3,1.0000,living,80,8.362811
3,1.0000,long,80,6.052130
3,1.0000,look,80,6.668141
3,1.0000,loud,80,10.908853
3,1.0000,love,80,8.179338
3,1.0000,make,80,5.849256
3,1.0000,man,80,7.364820
3,1.0000,me,80,6.970487
3,1.0000,meat,80,9.600297
3,1.0000,medicine,80,10.321510
3,1.0000,milk,80,8.598233
3,1.0000,mine,80,11.243860
3,1.0000,money,80,8.563936
3,1.0000,moon,80,9.375083
3,1.0000,more,80,5.369028
3,1.0000,morning,80,9.332443
3,1.0000,mouse,80,10.251492
3,1.0000,mouth,80,9.309806
3,1.0000,movie,80,9.889901
3,1.0000,much,80,5.838321
3,1.0000,my,80,5.410482
3,1.0000,myself,80,10.962109
3,1.0000,need,80,6.088842
3,1.0000,new,80,5.776600
3,1.0000,next,80,7.041835
3,1.0000,nice,80,9.215648
3,1.0000,night,80,8.355146
3,1.0000,no,80,5.608394
3,1.0000,none,80,11.175883
3,1.0000,nose,80,9.794624
3,1.0000,not,80,5.596554
3,1.0000,now,80,6.350592
3,1.0000,nuts,80,11.190284
3,1.0000,of,80,5.780933
3,1.0000,off,80,6.430462
3,1.0000,old,80,7.261055
3,1.0000,on,80,5.438578
3,1.0000,open,80,7.651883
3,1.0000,orange,80,10.500740
3,1.0000,other,80,5.669815
3,1.0000,our,80,5.159549
3,1.0000,out,80,5.906421
3,1.0000,outside,80,8.474232
3,1.0000,oven,80,11.035038
3,1.0000,over,80,5.758649
3,1.0000,paint,80,9.687818
3,1.0000,paper,80,8.570244
3,1.0000,park,80,10.744474
3,1.0000,party,80,10.176856
3,1.0000,pen,80,10.076974
3,1.0000,people,80,5.537498
3,1.0000,person,80,7.109550
3,1.0000,pick,80,9.307325
3,1.0000,picture,80,8.299397
3,1.0000,pig,80,10.225741
3,1.0000,plant,80,6.999926
3,1.0000,plate,80,10.299740
3,1.0000,play,80,7.482101
3,1.0000,please,80,8.867988
3,1.0000,pool,80,10.197260
3,1.0000,poor,80,9.270647
3,1.0000,present,80,7.606338
3,1.0000,pretty,80,8.670770
3,1.0000,pull,80,9.995307
3,1.0000,puppy,80,8.867727
3,1.0000,push,80,9.849595
3,1.0000,put,80,6.945834
3,1.0000,quiet,80,11.710004
3,1.0000,radio,80,10.257177
3,1.0000,rain,80,8.766701
3,1.0000,read,80,7.498442
3,1.0000,red,80,7.711317
3,1.0000,ride,80,10.163506
3,1.0000,rock,80,9.391054
3,1.0000,roof,80,8.656883
3,1.0000,room,80,8.806869
3,1.0000,run,80,8.119105
3,1.0000,salt,80,8.157176
3,1.0000,same,80,5.080130
3,1.0000,sauce,80,11.341896
3,1.0000,say,80,7.414754
3,1.0000,school,80,7.334159
3,1.0000,see,80,5.547330
3,1.0000,share,80,8.085842
3,1.0000,she,80,6.504105
3,1.0000,shopping,80,10.862576
3,1.0000,show,80,7.378728
3,1.0000,shower,80,11.434172
3,1.0000,sick,80,9.450787
3,1.0000,sing,80,11.161608
3,1.0000,sit,80,10.533452
3,1.0000,sky,80,9.670621
3,1.0000,sleep,80,8.853638
3,1.0000,slow,80,8.557063
3,1.0000,snow,80,9.625796
3,1.0000,so,80,5.122903
3,1.0000,soap,80,10.520338
3,1.0000,soda,80,8.684515
3,1.0000,soft,80,9.552156
3,1.0000,some,80,5.522311
3,1.0000,stand,80,9.550221
3,1.0000,star,80,11.005639
3,1.0000,stay,80,7.796480
3,1.0000,stick,80,10.028415
3,1.0000,stone,80,11.056654
3,1.0000,stop,80,7.678379
3,1.0000,store,80,9.168793
3,1.0000,story,80,8.510469
3,1.0000,street,80,10.222276
3,1.0000,stuck,80,11.050723
3,1.0000,sun,80,7.554055
3,1.0000,swim,80,10.589167
3,1.0000,table,80,9.321312
3,1.0000,take,80,5.718883
3,1.0000,talk,80,8.871598
3,1.0000,tape,80,10.866405
3,1.0000,taste,80,9.389940
3,1.0000,teacher,80,9.584783
3,1.0000,that,80,5.262023
3,1.0000,the,80,4.785357
3,1.0000,their,80,4.906255
3,1.0000,them,80,5.711869
3,1.0000,then,80,5.602777
3,1.0000,there,80,4.948967
3,1.0000,these,80,5.251916
3,1.0000,they,80,4.879417
3,1.0000,think,80,5.595724
3,1.0000,this,80,4.950023
3,1.0000,those,80,5.790384
3,1.0000,throw,80,10.665186
3,1.0000,time,80,5.538860
3,1.0000,tiny,80,9.688431
3,1.0000,tissue,80,10.289340
3,1.0000,to,80,5.501246
3,1.0000,today,80,7.705275
3,1.0000,too,80,6.284425
3,1.0000,tooth,80,10.187889
3,1.0000,touch,80,9.121013
3,1.0000,train,80,9.976272
3,1.0000,tree,80,9.112068
3,1.0000,truck,80,10.753043
3,1.0000,try,80,7.494038
3,1.0000,turn,80,7.607881
3,1.0000,under,80,6.411860
3,1.0000,up,80,6.079971
3,1.0000,us,80,6.058082
3,1.0000,vacuum,80,10.987123
3,1.0000,wait,80,9.475256
3,1.0000,walk,80,8.462433
3,1.0000,was,80,5.535440
3,1.0000,wash,80,10.766918
3,1.0000,washing,80,11.460693
3,1.0000,watch,80,9.216975
3,1.0000,water,80,5.492685
3,1.0000,we,80,4.929015
3,1.0000,were,80,5.980052
3,1.0000,wet,80,9.137928
3,1.0000,what,80,5.060816
3,1.0000,when,80,5.338382
3,1.0000,where,80,5.179355
3,1.0000,which,80,4.779559
3,1.0000,white,80,8.275241
3,1.0000,who,80,5.475453
3,1.0000,why,80,6.365280
3,1.0000,will,80,5.488289
3,1.0000,wind,80,8.878146
3,1.0000,window,80,9.092520
3,1.0000,wish,80,9.548127
3,1.0000,with,80,5.188406
3,1.0000,work,80,6.128614
3,1.0000,would,80,5.722135
3,1.0000,write,80,9.024253
3,1.0000,yard,80,10.565243
3,1.0000,yellow,80,9.588000
3,1.0000,yes,80,10.804733
3,1.0000,you,80,5.065452
3,1.0000,your,80,4.969596
3,1.0000,yourself,80,8.617156
4,1.0000,a,80,3.337550
4,1.0000,about,80,5.045475
4,1.0000,above,80,8.739655
4,1.0000,after,80,7.062534
4,1.0000,all,80,5.833179
4,1.0000,am,80,6.763315
4,1.0000,and,80,3.939108
4,1.0000,animal,80,8.679343
4,1.0000,another,80,7.605242
4,1.0000,any,80,5.924312
4,1.0000,are,80,4.127960
4,1.0000,arm,80,9.809349
4,1.0000,around,80,6.968179
4,1.0000,at,80,4.602593
4,1.0000,away,80,7.907999
4,1.0000,baby,80,7.887889
4,1.0000,back,80,7.430566
4,1.0000,bad,80,8.280072
4,1.0000,ball,80,9.122736
4,1.0000,bat,80,11.531851
4,1.0000,bath,80,9.927865
4,1.0000,be,80,3.427809
4,1.0000,beach,80,9.918458
4,1.0000,beans,80,9.821306
4,1.0000,bear,80,10.025555
4,1.0000,because,80,6.234060
4,1.0000,bed,80,10.251020
4,1.0000,bee,80,10.135946
4,1.0000,before,80,6.614567
4,1.0000,behind,80,8.840092
4,1.0000,belt,80,11.421619
4,1.0000,better,80,7.325960
4,1.0000,big,80,7.915536
4,1.0000,bird,80,9.670787
4,1.0000,bite,80,11.236301
4,1.0000,black,80,8.522216
4,1.0000,block,80,10.272602
4,1.0000,blow,80,10.353397
4,1.0000,blue,80,9.562269
4,1.0000,boat,80,9.778024
4,1.0000,book,80,7.004229
4,1.0000,bottle,80,11.265568
4,1.0000,bowl,80,10.636251
4,1.0000,box,80,9.779988
4,1.0000,bread,80,10.483603
4,1.0000,break,80,8.871778
4,1.0000,bring,80,7.397064
4,1.0000,broken,80,9.747864
4,1.0000,brown,80,9.042643
4,1.0000,brush,80,10.668432
4,1.0000,build,80,8.274228
4,1.0000,bus,80,10.821739
4,1.0000,but,80,4.250017
4,1.0000,butter,80,9.368712
4,1.0000,button,80,8.601936
4,1.0000,buy,80,7.368381
4,1.0000,by,80,4.147082
4,1.0000,cake,80,11.951253
4,1.0000,call,80,8.987233
4,1.0000,camera,80,8.388160
4,1.0000,can,80,4.296699
4,1.0000,car,80,6.326155
4,1.0000,careful,80,9.878884
4,1.0000,carry,80,7.904252
4,1.0000,cat,80,8.024024
4,1.0000,catch,80,9.686097
4,1.0000,chair,80,12.020802
4,1.0000,cheese,80,10.806846
4,1.0000,chicken,80,10.074271
4,1.0000,child,80,5.667036
4,1.0000,chocolate,80,10.540456
4,1.0000,clean,80,8.549455
4,1.0000,clock,80,10.723435
4,1.0000,close,80,8.458121
4,1.0000,cloud,80,11.251871
4,1.0000,coat,80,11.079826
4,1.0000,coffee,80,9.868896
4,1.0000,cold,80,9.230392
4,1.0000,comb,80,9.445327
4,1.0000,cook,80,8.819913
4,1.0000,corn,80,10.908340
4,1.0000,could,80,5.689586
4,1.0000,country,80,7.750613
4,1.0000,cover,80,8.946727
4,1.0000,cow,80,11.892840
4,1.0000,cry,80,11.599494
4,1.0000,cup,80,9.987428
4,1.0000,cut,80,9.209375
4,1.0000,dark,80,8.945492
4,1.0000,day,80,6.563084
4,1.0000,deer,80,11.880924
4,1.0000,did,80,7.163235
4,1.0000,dish,80,9.468270
4,1.0000,do,80,4.776823
4,1.0000,doctor,80,8.354792
4,1.0000,does,80,5.931903
4,1.0000,dog,80,6.201079
4,1.0000,doll,80,10.977343
4,1.0000,door,80,9.283110
4,1.0000,down,80,6.859068
4,1.0000,draw,80,9.835008
4,1.0000,dress,80,11.272498
4,1.0000,drink,80,10.170187
4,1.0000,drive,80,9.109880
4,1.0000,drop,80,10.351179
4,1.0000,dry,80,9.099577
4,1.0000,each,80,6.236547
4,1.0000,ear,80,9.472072
4,1.0000,eat,80,7.202702
4,1.0000,egg,80,10.314415
4,1.0000,empty,80,11.336839
4,1.0000,every,80,7.133781
4,1.0000,eye,80,8.426668
4,1.0000,face,80,8.492788
4,1.0000,fall,80,9.065662
4,1.0000,farm,80,9.830461
4,1.0000,fast,80,9.502352
4,1.0000,feed,80,8.703945
4,1.0000,find,80,5.110020
4,1.0000,fine,80,8.595000
4,1.0000,finger,80,11.164354
4,1.0000,finish,80,10.732261
4,1.0000,first,80,5.624871
4,1.0000,fish,80,8.767757
4,1.0000,fit,80,8.494702
4,1.0000,fix,80,10.259630
4,1.0000,flower,80,10.367152
4,1.0000,food,80,7.103117
4,1.0000,foot,80,9.261678
4,1.0000,for,80,3.865585
4,1.0000,friend,80,9.252655
4,1.0000,full,80,8.109133
4,1.0000,game,80,8.016022
4,1.0000,garden,80,8.159060
4,1.0000,gas,80,9.284012
4,1.0000,gentle,80,11.520106
4,1.0000,get,80,4.890848
4,1.0000,give,80,6.154471
4,1.0000,glass,80,10.107208
4,1.0000,glasses,80,11.240426
4,1.0000,go,80,6.503536
4,1.0000,good,80,5.467361
4,1.0000,grass,80,9.193706
4,1.0000,green,80,8.904675
4,1.0000,gum,80,11.635742
4,1.0000,hair,80,9.750640
4,1.0000,hand,80,7.443068
4,1.0000,happy,80,9.284411
4,1.0000,hard,80,8.045807
4,1.0000,have,80,4.729763
4,1.0000,he,80,6.457595
4,1.0000,head,80,7.804193
4,1.0000,hear,80,8.135827
4,1.0000,heavy,80,10.022567
4,1.0000,help,80,4.035882
4,1.0000,her,80,7.050642
4,1.0000,here,80,8.340405
4,1.0000,high,80,7.110543
4,1.0000,him,80,8.383110
4,1.0000,his,80,6.913495
4,1.0000,hit,80,10.481510
4,1.0000,hold,80,7.781007
4,1.0000,home,80,7.199893
4,1.0000,horse,80,8.684118
4,1.0000,hot,80,8.967523
4,1.0000,house,80,8.279250
4,1.0000,how,80,5.838340
4,1.0000,hurt,80,11.246162
4,1.0000,i,80,9.149960
4,1.0000,ice,80,9.057079
4,1.0000,if,80,5.879694
4,1.0000,inside,80,8.792861
4,1.0000,into,80,4.862111
4,1.0000,is,80,3.744261
4,1.0000,it,80,3.652115
4,1.0000,juice,80,11.182716
4,1.0000,jump,80,10.205787
4,1.0000,kitchen,80,9.814824
4,1.0000,knife,80,10.001148
4,1.0000,last,80,8.411719
4,1.0000,later,80,9.431570
4,1.0000,lawn,80,10.779730
4,1.0000,leg,80,9.625286
4,1.0000,light,80,7.180333
4,1.0000,like,80,5.822887
4,1.0000,listen,80,10.112037
4,1.0000,little,80,6.673354
4,1.0000,living,80,9.238780
4,1.0000,long,80,6.940601
4,1.0000,look,80,7.288301
4,1.0000,loud,80,11.729444
4,1.0000,love,80,8.824874
4,1.0000,make,80,5.440046
4,1.0000,man,80,8.399493
4,1.0000,me,80,7.761119
4,1.0000,meat,80,8.858038
4,1.0000,medicine,80,10.219598
4,1.0000,milk,80,9.494671
4,1.0000,mine,80,11.542099
4,1.0000,money,80,9.067944
4,1.0000,moon,80,9.630561
4,1.0000,more,80,5.086857
4,1.0000,morning,80,9.528505
4,1.0000,mouse,80,10.245703
4,1.0000,mouth,80,8.960037
4,1.0000,movie,80,10.419325
4,1.0000,much,80,5.781674
4,1.0000,my,80,6.316865
4,1.0000,myself,80,10.881145
4,1.0000,need,80,5.796926
4,1.0000,new,80,6.032964
4,1.0000,next,80,7.473656
4,1.0000,nice,80,9.005519
4,1.0000,night,80,8.927248
4,1.0000,no,80,6.199075
4,1.0000,none,80,11.827316
4,1.0000,nose,80,9.206719
4,1.0000,not,80,4.362546
4,1.0000,now,80,7.125557
4,1.0000,nuts,80,10.983021
4,1.0000,of,80,4.166449
4,1.0000,off,80,7.058785
4,1.0000,old,80,8.027612
4,1.0000,on,80,3.947312
4,1.0000,open,80,8.557910
4,1.0000,orange,80,11.093144
4,1.0000,other,80,5.701764
4,1.0000,our,80,5.644261
4,1.0000,out,80,5.669386
4,1.0000,outside,80,9.140252
4,1.0000,oven,80,10.610004
4,1.0000,over,80,6.450132
4,1.0000,paint,80,10.407571
4,1.0000,paper,80,8.519628
4,1.0000,park,80,11.183567
4,1.0000,party,80,10.806680
4,1.0000,pen,80,9.969140
4,1.0000,people,80,6.092621
4,1.0000,person,80,7.516950
4,1.0000,pick,80,9.381311
4,1.0000,picture,80,8.382293
4,1.0000,pig,80,9.865138
4,1.0000,plant,80,7.778565
4,1.0000,plate,80,10.752963
4,1.0000,play,80,8.484394
4,1.0000,please,80,9.268470
4,1.0000,pool,80,10.004105
4,1.0000,poor,80,9.537497
4,1.0000,present,80,8.642785
4,1.0000,pretty,80,8.220414
4,1.0000,pull,80,9.964368
4,1.0000,puppy,80,9.264619
4,1.0000,push,80,9.666292
4,1.0000,put,80,7.591442
4,1.0000,quiet,80,11.843563
4,1.0000,radio,80,10.178095
4,1.0000,rain,80,9.231165
4,1.0000,read,80,8.222636
4,1.0000,red,80,8.810736
4,1.0000,ride,80,10.073035
4,1.0000,rock,80,9.805991
4,1.0000,roof,80,8.189139
4,1.0000,room,80,8.714609
4,1.0000,run,80,8.663929
4,1.0000,salt,80,9.277184
4,1.0000,same,80,4.475325
4,1.0000,sauce,80,10.867661
4,1.0000,say,80,7.367367
4,1.0000,school,80,7.972384
4,1.0000,see,80,5.347776
4,1.0000,share,80,8.333506
4,1.0000,she,80,7.491543
4,1.0000,shopping,80,11.379794
4,1.0000,show,80,7.920929
4,1.0000,shower,80,11.998535
4,1.0000,sick,80,10.281041
4,1.0000,sing,80,11.879752
4,1.0000,sit,80,10.231775
4,1.0000,sky,80,9.979338
4,1.0000,sleep,80,9.581877
4,1.0000,slow,80,9.416551
4,1.0000,snow,80,9.741556
4,1.0000,so,80,5.916523
4,1.0000,soap,80,11.303944
4,1.0000,soda,80,8.925198
4,1.0000,soft,80,9.866550
4,1.0000,some,80,5.462782
4,1.0000,stand,80,9.831269
4,1.0000,star,80,11.081727
4,1.0000,stay,80,7.671356
4,1.0000,stick,80,9.903246
4,1.0000,stone,80,11.051302
4,1.0000,stop,80,8.187659
4,1.0000,store,80,9.172046
4,1.0000,story,80,8.090941
4,1.0000,street,80,10.711194
4,1.0000,stuck,80,11.330173
4,1.0000,sun,80,8.196980
4,1.0000,swim,80,10.824590
4,1.0000,table,80,9.237795
4,1.0000,take,80,5.617100
4,1.0000,talk,80,9.038857
4,1.0000,tape,80,11.539318
4,1.0000,taste,80,9.630889
4,1.0000,teacher,80,9.565926
4,1.0000,that,80,3.849169
4,1.0000,the,80,3.478069
4,1.0000,their,80,4.170383
4,1.0000,them,80,5.083333
4,1.0000,then,80,6.534291
4,1.0000,there,80,5.586796
4,1.0000,these,80,5.599000
4,1.0000,they,80,4.276679
4,1.0000,think,80,5.269171
4,1.0000,this,80,4.361923
4,1.0000,those,80,6.548261
4,1.0000,throw,80,10.291605
4,1.0000,time,80,5.866701
4,1.0000,tiny,80,9.237503
4,1.0000,tissue,80,9.879867
4,1.0000,to,80,4.114974
4,1.0000,today,80,8.417447
4,1.0000,too,80,7.069140
4,1.0000,tooth,80,9.702238
4,1.0000,touch,80,9.269140
4,1.0000,train,80,10.183075
4,1.0000,tree,80,8.568642
4,1.0000,truck,80,10.928980
4,1.0000,try,80,8.275058
4,1.0000,turn,80,8.078622
4,1.0000,under,80,7.423401
4,1.0000,up,80,5.614882
4,1.0000,us,80,6.583131
4,1.0000,vacuum,80,11.194649
4,1.0000,wait,80,9.656053
4,1.0000,walk,80,9.392846
4,1.0000,was,80,4.619815
4,1.0000,wash,80,10.950477
4,1.0000,washing,80,11.602329
4,1.0000,watch,80,9.902331
4,1.0000,water,80,6.528173
4,1.0000,we,80,5.106983
4,1.0000,were,80,5.706137
4,1.0000,wet,80,8.529089
4,1.0000,what,80,5.802177
4,1.0000,when,80,5.961131
4,1.0000,where,80,6.128849
4,1.0000,which,80,4.672903
4,1.0000,white,80,8.829627
4,1.0000,who,80,5.526438
4,1.0000,why,80,7.097461
4,1.0000,will,80,4.366707
4,1.0000,wind,80,9.190382
4,1.0000,window,80,10.012405
4,1.0000,wish,80,9.552757
4,1.0000,with,80,3.722312
4,1.0000,work,80,6.884560
4,1.0000,would,80,5.814021
4,1.0000,write,80,8.817271
4,1.0000,yard,80,10.494592
4,1.0000,yellow,80,9.548146
4,1.0000,yes,80,10.411333
4,1.0000,you,80,3.791934
4,1.0000,your,80,3.659221
4,1.0000,yourself,80,8.579251
5,1.0000,a,80,2.751722
5,1.0000,about,80,5.527923
5,1.0000,above,80,8.114955
5,1.0000,after,80,8.066744
5,1.0000,all,80,6.628867
5,1.0000,am,80,6.361175
5,1.0000,and,80,3.497696
5,1.0000,animal,80,8.315059
5,1.0000,another,80,7.800593
5,1.0000,any,80,6.680844
5,1.0000,are,80,3.662965
5,1.0000,arm,80,8.955368
5,1.0000,around,80,8.023578
5,1.0000,at,80,5.736485
5,1.0000,away,80,8.380906
5,1.0000,baby,80,7.812266
5,1.0000,back,80,8.040457
5,1.0000,bad,80,7.744127
5,1.0000,ball,80,8.318418
5,1.0000,bat,80,10.763716
5,1.0000,bath,80,9.166904
5,1.0000,be,80,2.611889
5,1.0000,beach,80,8.588043
5,1.0000,beans,80,9.448112
5,1.0000,bear,80,9.201375
5,1.0000,because,80,7.407575
5,1.0000,bed,80,9.520531
5,1.0000,bee,80,9.843053
5,1.0000,before,80,7.686481
5,1.0000,behind,80,8.278517
5,1.0000,belt,80,11.155918
5,1.0000,better,80,7.744504
5,1.0000,big,80,7.633006
5,1.0000,bird,80,8.309298
5,1.0000,bite,80,10.830854
5,1.0000,black,80,7.579492
5,1.0000,block,80,9.305664
5,1.0000,blow,80,9.358150
5,1.0000,blue,80,9.497278
5,1.0000,boat,80,8.869236
5,1.0000,book,80,7.259480
5,1.0000,bottle,80,10.474047
5,1.0000,bowl,80,9.642054
5,1.0000,box,80,9.435489
5,1.0000,bread,80,9.502113
5,1.0000,break,80,8.241396
5,1.0000,bring,80,7.435957
5,1.0000,broken,80,8.892108
5,1.0000,brown,80,8.784873
5,1.0000,brush,80,10.299150
5,1.0000,build,80,7.756602
5,1.0000,bus,80,10.112009
5,1.0000,but,80,4.603710
5,1.0000,butter,80,8.456313
5,1.0000,button,80,8.825440
5,1.0000,buy,80,7.110002
5,1.0000,by,80,4.255033
5,1.0000,cake,80,11.373476
5,1.0000,call,80,8.859370
5,1.0000,camera,80,8.110306
5,1.0000,can,80,4.113343
5,1.0000,car,80,7.135623
5,1.0000,careful,80,9.247808
5,1.0000,carry,80,7.631645
5,1.0000,cat,80,8.219759
5,1.0000,catch,80,8.860490
5,1.0000,chair,80,11.388671
5,1.0000,cheese,80,10.159484
5,1.0000,chicken,80,9.781225
5,1.0000,child,80,6.041780
5,1.0000,chocolate,80,9.630315
5,1.0000,clean,80,7.935782
5,1.0000,clock,80,10.034169
5,1.0000,close,80,7.770859
5,1.0000,cloud,80,10.311706
5,1.0000,coat,80,10.263496
5,1.0000,coffee,80,9.272708
5,1.0000,cold,80,8.229315
5,1.0000,comb,80,9.325889
5,1.0000,cook,80,8.931114
5,1.0000,corn,80,10.553467
5,1.0000,could,80,6.237546
5,1.0000,country,80,7.500491
5,1.0000,cover,80,8.798644
5,1.0000,cow,80,11.036138
5,1.0000,cry,80,11.051773
5,1.0000,cup,80,9.132559
5,1.0000,cut,80,8.646049
5,1.0000,dark,80,8.906029
5,1.0000,day,80,6.700930
5,1.0000,deer,80,10.814772
5,1.0000,did,80,7.539905
5,1.0000,dish,80,8.694575
5,1.0000,do,80,5.195593
5,1.0000,doctor,80,6.869496
5,1.0000,does,80,6.335941
5,1.0000,dog,80,6.475721
5,1.0000,doll,80,9.991816
5,1.0000,door,80,8.380762
5,1.0000,down,80,7.304086
5,1.0000,draw,80,8.767680
5,1.0000,dress,80,10.544540
5,1.0000,drink,80,9.218536
5,1.0000,drive,80,8.392523
5,1.0000,drop,80,9.881742
5,1.0000,dry,80,9.242796
5,1.0000,each,80,7.109482
5,1.0000,ear,80,8.835686
5,1.0000,eat,80,7.543952
5,1.0000,egg,80,9.640428
5,1.0000,empty,80,10.861257
5,1.0000,every,80,7.933847
5,1.0000,eye,80,7.623972
5,1.0000,face,80,7.960587
5,1.0000,fall,80,8.710050
5,1.0000,farm,80,8.806593
5,1.0000,fast,80,9.012642
5,1.0000,feed,80,8.599188
5,1.0000,find,80,5.567111
5,1.0000,fine,80,7.975649
5,1.0000,finger,80,10.608562
5,1.0000,finish,80,9.910976
5,1.0000,first,80,6.411272
5,1.0000,fish,80,8.974531
5,1.0000,fit,80,7.839554
5,1.0000,fix,80,9.364215
5,1.0000,flower,80,9.810411
5,1.0000,food,80,7.691406
5,1.0000,foot,80,8.276665
5,1.0000,for,80,3.867016
5,1.0000,friend,80,8.417027
5,1.0000,full,80,8.198200
5,1.0000,game,80,7.847642
5,1.0000,garden,80,7.716735
5,1.0000,gas,80,9.175243
5,1.0000,gentle,80,10.970512
5,1.0000,get,80,5.347607
5,1.0000,give,80,6.590808
5,1.0000,glass,80,9.474856
5,1.0000,glasses,80,10.453872
5,1.0000,go,80,6.969367
5,1.0000,good,80,6.044931
5,1.0000,grass,80,8.366101
5,1.0000,green,80,9.029361
5,1.0000,gum,80,10.666102
5,1.0000,hair,80,8.429375
5,1.0000,hand,80,7.181056
5,1.0000,happy,80,8.348645
5,1.0000,hard,80,7.718000
5,1.0000,have,80,4.570469
5,1.0000,he,80,7.069194
5,1.0000,head,80,7.720427
5,1.0000,hear,80,7.204691
5,1.0000,heavy,80,8.940591
5,1.0000,help,80,4.591032
5,1.0000,her,80,7.677855
5,1.0000,here,80,8.722970
5,1.0000,high,80,7.418147
5,1.0000,him,80,7.780378
5,1.0000,his,80,7.271780
5,1.0000,hit,80,9.812777
5,1.0000,hold,80,7.640833
5,1.0000,home,80,7.409629
5,1.0000,horse,80,8.516131
5,1.0000,hot,80,8.561085
5,1.0000,house,80,8.335248
5,1.0000,how,80,6.443752
5,1.0000,hurt,80,10.650838
5,1.0000,i,80,9.515911
5,1.0000,ice,80,8.212222
5,1.0000,if,80,6.511005
5,1.0000,inside,80,8.992175
5,1.0000,into,80,5.721391
5,1.0000,is,80,3.107023
5,1.0000,it,80,3.993943
5,1.0000,juice,80,10.648736
5,1.0000,jump,80,9.843906
5,1.0000,kitchen,80,8.502322
5,1.0000,knife,80,9.554163
5,1.0000,last,80,8.246521
5,1.0000,later,80,9.283778
5,1.0000,lawn,80,9.558094
5,1.0000,leg,80,8.913924
5,1.0000,light,80,7.763064
5,1.0000,like,80,6.816659
5,1.0000,listen,80,9.289802
5,1.0000,little,80,7.068042
5,1.0000,living,80,8.547015
5,1.0000,long,80,7.299800
5,1.0000,look,80,7.553641
5,1.0000,loud,80,11.503110
5,1.0000,love,80,8.207392
5,1.0000,make,80,5.946063
5,1.0000,man,80,8.290959
5,1.0000,me,80,8.349103
5,1.0000,meat,80,8.100650
5,1.0000,medicine,80,9.186106
5,1.0000,milk,80,9.371143
5,1.0000,mine,80,10.902566
5,1.0000,money,80,8.161125
5,1.0000,moon,80,8.892622
5,1.0000,more,80,5.350462
5,1.0000,morning,80,8.697848
5,1.0000,mouse,80,9.439937
5,1.0000,mouth,80,7.932387
5,1.0000,movie,80,9.715335
5,1.0000,much,80,5.659861
5,1.0000,my,80,7.139970
5,1.0000,myself,80,9.992849
5,1.0000,need,80,5.925525
5,1.0000,new,80,6.395775
5,1.0000,next,80,7.550177
5,1.0000,nice,80,8.274836
5,1.0000,night,80,8.071489
5,1.0000,no,80,6.764574
5,1.0000,none,80,11.364978
5,1.0000,nose,80,8.080829
5,1.0000,not,80,4.211244
5,1.0000,now,80,7.739959
5,1.0000,nuts,80,10.316801
5,1.0000,of,80,2.951092
5,1.0000,off,80,7.786208
5,1.0000,old,80,7.790260
5,1.0000,on,80,4.159142
5,1.0000,open,80,8.498497
5,1.0000,orange,80,10.432433
5,1.0000,other,80,5.515444
5,1.0000,our,80,6.323124
5,1.0000,out,80,6.172553
5,1.0000,outside,80,8.652618
5,1.0000,oven,80,9.647252
5,1.0000,over,80,7.377433
5,1.0000,paint,80,9.899917
5,1.0000,paper,80,7.651049
5,1.0000,park,80,10.452992
5,1.0000,party,80,10.284307
5,1.0000,pen,80,8.889139
5,1.0000,people,80,6.306500
5,1.0000,person,80,7.524893
5,1.0000,pick,80,8.835458
5,1.0000,picture,80,8.340678
5,1.0000,pig,80,8.835205
5,1.0000,plant,80,7.572229
5,1.0000,plate,80,10.239906
5,1.0000,play,80,8.448836
5,1.0000,please,80,8.818638
5,1.0000,pool,80,9.232171
5,1.0000,poor,80,8.510840
5,1.0000,present,80,8.492506
5,1.0000,pretty,80,7.299488
5,1.0000,pull,80,9.139761
5,1.0000,puppy,80,8.844704
5,1.0000,push,80,8.826294
5,1.0000,put,80,7.436532
5,1.0000,quiet,80,11.122398
5,1.0000,radio,80,9.056921
5,1.0000,rain,80,8.378929
5,1.0000,read,80,8.188026
5,1.0000,red,80,8.607217
5,1.0000,ride,80,9.327675
5,1.0000,rock,80,9.175654
5,1.0000,roof,80,8.347739
5,1.0000,room,80,7.700192
5,1.0000,run,80,8.729251
5,1.0000,salt,80,9.510209
5,1.0000,same,80,5.098852
5,1.0000,sauce,80,10.342028
5,1.0000,say,80,7.248915
5,1.0000,school,80,7.986180
5,1.0000,see,80,5.786907
5,1.0000,share,80,7.976616
5,1.0000,she,80,7.688333
5,1.0000,shopping,80,11.068424
5,1.0000,show,80,7.744159
5,1.0000,shower,80,11.658237
5,1.0000,sick,80,10.209324
5,1.0000,sing,80,11.147562
5,1.0000,sit,80,9.078562
5,1.0000,sky,80,9.236420
5,1.0000,sleep,80,8.777568
5,1.0000,slow,80,8.925170
5,1.0000,snow,80,8.705198
5,1.0000,so,80,6.856000
5,1.0000,soap,80,11.221715
5,1.0000,soda,80,8.522564
5,1.0000,soft,80,8.983772
5,1.0000,some,80,5.824755
5,1.0000,stand,80,9.006675
5,1.0000,star,80,10.080842
5,1.0000,stay,80,7.432636
5,1.0000,stick,80,8.936935
5,1.0000,stone,80,10.031847
5,1.0000,stop,80,8.110998
5,1.0000,store,80,8.454622
5,1.0000,story,80,7.365832
5,1.0000,street,80,9.723283
5,1.0000,stuck,80,10.635564
5,1.0000,sun,80,8.101118
5,1.0000,swim,80,10.402629
5,1.0000,table,80,8.750372
5,1.0000,take,80,6.073099
5,1.0000,talk,80,8.224754
5,1.0000,tape,80,10.765119
5,1.0000,taste,80,8.921936
5,1.0000,teacher,80,8.555219
5,1.0000,that,80,3.802417
5,1.0000,the,80,2.640271
5,1.0000,their,80,4.784964
5,1.0000,them,80,5.578644
5,1.0000,then,80,7.061620
5,1.0000,there,80,6.233578
5,1.0000,these,80,6.107501
5,1.0000,they,80,4.723927
5,1.0000,think,80,4.830573
5,1.0000,this,80,5.074117
5,1.0000,those,80,7.123044
5,1.0000,throw,80,9.315895
5,1.0000,time,80,5.953547
5,1.0000,tiny,80,8.113830
5,1.0000,tissue,80,8.725995
5,1.0000,to,80,3.191920
5,1.0000,today,80,9.004105
5,1.0000,too,80,7.779549
5,1.0000,tooth,80,8.646180
5,1.0000,touch,80,8.352383
5,1.0000,train,80,9.801580
5,1.0000,tree,80,7.569686
5,1.0000,truck,80,9.888759
5,1.0000,try,80,8.579483
5,1.0000,turn,80,7.581629
5,1.0000,under,80,8.351485
5,1.0000,up,80,6.451680
5,1.0000,us,80,7.081410
5,1.0000,vacuum,80,9.872457
5,1.0000,wait,80,8.643001
5,1.0000,walk,80,9.544184
5,1.0000,was,80,5.364745
5,1.0000,wash,80,10.227023
5,1.0000,washing,80,11.091192
5,1.0000,watch,80,9.237076
5,1.0000,water,80,7.025458
5,1.0000,we,80,5.515164
5,1.0000,were,80,6.396567
5,1.0000,wet,80,8.405076
5,1.0000,what,80,6.535941
5,1.0000,when,80,7.016440
5,1.0000,where,80,7.375659
5,1.0000,which,80,5.022243
5,1.0000,white,80,7.965696
5,1.0000,who,80,5.999982
5,1.0000,why,80,7.421378
5,1.0000,will,80,5.074994
5,1.0000,wind,80,8.034921
5,1.0000,window,80,9.182918
5,1.0000,wish,80,8.570515
5,1.0000,with,80,4.185689
5,1.0000,work,80,7.419968
5,1.0000,would,80,6.216751
5,1.0000,write,80,7.862396
5,1.0000,yard,80,9.477387
5,1.0000,yellow,80,8.349828
5,1.0000,yes,80,9.415774
5,1.0000,you,80,3.526684
5,1.0000,your,80,4.087038
5,1.0000,yourself,80,7.812170
7,1.0000,a,80,3.180266
7,1.0000,about,80,5.546766
7,1.0000,above,80,7.982036
7,1.0000,after,80,8.265737
7,1.0000,all,80,6.803998
7,1.0000,am,80,6.474774
7,1.0000,and,80,3.377882
7,1.0000,animal,80,7.567061
7,1.0000,another,80,7.475218
7,1.0000,any,80,7.084363
7,1.0000,are,80,3.462510
7,1.0000,arm,80,8.659728
7,1.0000,around,80,8.097206
7,1.0000,at,80,6.451839
7,1.0000,away,80,7.018621
7,1.0000,baby,80,8.637294
7,1.0000,back,80,7.683156
7,1.0000,bad,80,8.566619
7,1.0000,ball,80,8.914344
7,1.0000,bat,80,9.925496
7,1.0000,bath,80,9.426022
7,1.0000,be,80,2.588208
7,1.0000,beach,80,8.951933
7,1.0000,beans,80,9.551685
7,1.0000,bear,80,8.770210
7,1.0000,because,80,8.046477
7,1.0000,bed,80,7.959026
7,1.0000,bee,80,10.159870
7,1.0000,before,80,8.094335
7,1.0000,behind,80,7.962388
7,1.0000,belt,80,10.801197
7,1.0000,better,80,7.165172
7,1.0000,big,80,8.155124
7,1.0000,bird,80,8.602472
7,1.0000,bite,80,10.450199
7,1.0000,black,80,8.359587
7,1.0000,block,80,8.814991
7,1.0000,blow,80,9.570603
7,1.0000,blue,80,9.643786
7,1.0000,boat,80,9.053656
7,1.0000,book,80,8.063000
7,1.0000,bottle,80,10.121113
7,1.0000,bowl,80,9.223818
7,1.0000,box,80,8.540768
7,1.0000,bread,80,9.282344
7,1.0000,break,80,7.889673
7,1.0000,bring,80,7.435372
7,1.0000,broken,80,9.252880
7,1.0000,brown,80,9.702858
7,1.0000,brush,80,10.150090
7,1.0000,build,80,7.874485
7,1.0000,bus,80,8.536186
7,1.0000,but,80,5.075895
7,1.0000,butter,80,8.644308
7,1.0000,button,80,9.674021
7,1.0000,buy,80,7.933294
7,1.0000,by,80,4.266617
7,1.0000,cake,80,10.345042
7,1.0000,call,80,8.295188
7,1.0000,camera,80,8.167580
7,1.0000,can,80,4.381704
7,1.0000,car,80,7.298434
7,1.0000,careful,80,8.672535
7,1.0000,carry,80,8.477296
7,1.0000,cat,80,7.482429
7,1.0000,catch,80,8.352315
7,1.0000,chair,80,10.523569
7,1.0000,cheese,80,9.295687
7,1.0000,chicken,80,8.623764
7,1.0000,child,80,6.659695
7,1.0000,chocolate,80,10.058466
7,1.0000,clean,80,7.771655
7,1.0000,clock,80,9.797027
7,1.0000,close,80,8.215065
7,1.0000,cloud,80,9.290126
7,1.0000,coat,80,9.457719
7,1.0000,coffee,80,9.144281
7,1.0000,cold,80,8.078180
7,1.0000,comb,80,8.880379
7,1.0000,cook,80,9.063264
7,1.0000,corn,80,10.804298
7,1.0000,could,80,6.205825
7,1.0000,country,80,7.136041
7,1.0000,cover,80,8.386527
7,1.0000,cow,80,9.435759
7,1.0000,cry,80,9.927887
7,1.0000,cup,80,8.787061
7,1.0000,cut,80,7.523747
7,1.0000,dark,80,8.572880
7,1.0000,day,80,6.449020
7,1.0000,deer,80,8.989867
7,1.0000,did,80,7.034984
7,1.0000,dish,80,8.734636
7,1.0000,do,80,5.435321
7,1.0000,doctor,80,7.346556
7,1.0000,does,80,6.258922
7,1.0000,dog,80,6.941856
7,1.0000,doll,80,9.853078
7,1.0000,door,80,8.755087
7,1.0000,down,80,6.681697
7,1.0000,draw,80,7.662356
7,1.0000,dress,80,10.296655
7,1.0000,drink,80,9.012859
7,1.0000,drive,80,8.105087
7,1.0000,drop,80,9.402238
7,1.0000,dry,80,8.502158
7,1.0000,each,80,7.694685
7,1.0000,ear,80,8.107583
7,1.0000,eat,80,7.615608
7,1.0000,egg,80,9.414654
7,1.0000,empty,80,10.275841
7,1.0000,every,80,7.993024
7,1.0000,eye,80,7.309915
7,1.0000,face,80,8.244919
7,1.0000,fall,80,8.096808
7,1.0000,farm,80,9.047620
7,1.0000,fast,80,8.630619
7,1.0000,feed,80,9.131322
7,1.0000,find,80,6.068871
7,1.0000,fine,80,8.627296
7,1.0000,finger,80,9.650811
7,1.0000,finish,80,8.869312
7,1.0000,first,80,6.617151
7,1.0000,fish,80,8.159949
7,1.0000,fit,80,8.656512
7,1.0000,fix,80,8.943551
7,1.0000,flower,80,9.461855
7,1.0000,food,80,7.705401
7,1.0000,foot,80,8.596209
7,1.0000,for,80,4.416377
7,1.0000,friend,80,8.162734
7,1.0000,full,80,7.639355
7,1.0000,game,80,7.458188
7,1.0000,garden,80,7.247684
7,1.0000,gas,80,9.425545
7,1.0000,gentle,80,9.948204
7,1.0000,get,80,5.441124
7,1.0000,give,80,6.775269
7,1.0000,glass,80,9.112385
7,1.0000,glasses,80,10.101403
7,1.0000,go,80,7.012837
7,1.0000,good,80,6.024087
7,1.0000,grass,80,8.971918
7,1.0000,green,80,8.302294
7,1.0000,gum,80,9.708861
7,1.0000,hair,80,8.398688
7,1.0000,hand,80,6.745788
7,1.0000,happy,80,8.497870
7,1.0000,hard,80,6.997129
7,1.0000,have,80,4.720426
7,1.0000,he,80,7.031803
7,1.0000,head,80,8.296443
7,1.0000,hear,80,7.580423
7,1.0000,heavy,80,8.517227
7,1.0000,help,80,5.483424
7,1.0000,her,80,7.796918
7,1.0000,here,80,7.913160
7,1.0000,high,80,6.985756
7,1.0000,him,80,7.450217
7,1.0000,his,80,7.490171
7,1.0000,hit,80,8.681369
7,1.0000,hold,80,8.095541
7,1.0000,home,80,6.810335
7,1.0000,horse,80,8.346952
7,1.0000,hot,80,7.595429
7,1.0000,house,80,9.066434
7,1.0000,how,80,6.316813
7,1.0000,hurt,80,9.603030
7,1.0000,i,80,8.872724
7,1.0000,ice,80,7.670671
7,1.0000,if,80,6.094721
7,1.0000,inside,80,8.233840
7,1.0000,into,80,5.878020
7,1.0000,is,80,3.126232
7,1.0000,it,80,4.317542
7,1.0000,juice,80,9.575301
7,1.0000,jump,80,9.078545
7,1.0000,kitchen,80,8.810516
7,1.0000,knife,80,9.103842
7,1.0000,last,80,7.904201
7,1.0000,later,80,8.347044
7,1.0000,lawn,80,8.161724
7,1.0000,leg,80,7.967268
7,1.0000,light,80,7.824627
7,1.0000,like,80,6.527007
7,1.0000,listen,80,8.054234
7,1.0000,little,80,7.045106
7,1.0000,living,80,8.297077
7,1.0000,long,80,6.652560
7,1.0000,look,80,7.293929
7,1.0000,loud,80,11.231934
7,1.0000,love,80,7.380903
7,1.0000,make,80,6.230329
7,1.0000,man,80,7.722730
7,1.0000,me,80,7.973332
7,1.0000,meat,80,7.802314
7,1.0000,medicine,80,9.070780
7,1.0000,milk,80,8.684135
7,1.0000,mine,80,10.207548
7,1.0000,money,80,8.352864
7,1.0000,moon,80,9.612620
7,1.0000,more,80,5.118064
7,1.0000,morning,80,8.951758
7,1.0000,mouse,80,10.035378
7,1.0000,mouth,80,8.490523
7,1.0000,movie,80,9.387473
7,1.0000,much,80,4.725739
7,1.0000,my,80,7.640616
7,1.0000,myself,80,8.994671
7,1.0000,need,80,5.573136
7,1.0000,new,80,5.996410
7,1.0000,next,80,7.417852
7,1.0000,nice,80,7.708122
7,1.0000,night,80,7.047903
7,1.0000,no,80,6.908418
7,1.0000,none,80,10.316399
7,1.0000,nose,80,8.056836
7,1.0000,not,80,4.122219
7,1.0000,now,80,7.681211
7,1.0000,nuts,80,9.876893
7,1.0000,of,80,2.340420
7,1.0000,off,80,7.655336
7,1.0000,old,80,6.732542
7,1.0000,on,80,4.318808
7,1.0000,open,80,7.759362
7,1.0000,orange,80,9.971182
7,1.0000,other,80,5.541445
7,1.0000,our,80,7.004106
7,1.0000,out,80,5.566534
7,1.0000,outside,80,8.051819
7,1.0000,oven,80,9.281613
7,1.0000,over,80,7.571867
7,1.0000,paint,80,9.309528
7,1.0000,paper,80,8.381604
7,1.0000,park,80,9.759146
7,1.0000,party,80,9.737779
7,1.0000,pen,80,8.689560
7,1.0000,people,80,5.858864
7,1.0000,person,80,7.392475
7,1.0000,pick,80,9.012458
7,1.0000,picture,80,8.920729
7,1.0000,pig,80,8.546501
7,1.0000,plant,80,6.941993
7,1.0000,plate,80,9.634828
7,1.0000,play,80,7.550061
7,1.0000,please,80,7.646741
7,1.0000,pool,80,8.125906
7,1.0000,poor,80,8.404491
7,1.0000,present,80,8.095672
7,1.0000,pretty,80,8.052906
7,1.0000,pull,80,8.816174
7,1.0000,puppy,80,9.333095
7,1.0000,push,80,9.060365
7,1.0000,put,80,6.763614
7,1.0000,quiet,80,9.891551
7,1.0000,radio,80,8.932393
7,1.0000,rain,80,7.907426
7,1.0000,read,80,7.857449
7,1.0000,red,80,8.097090
7,1.0000,ride,80,9.034951
7,1.0000,rock,80,8.855532
7,1.0000,roof,80,8.825876
7,1.0000,room,80,8.066944
7,1.0000,run,80,8.203973
7,1.0000,salt,80,9.882125
7,1.0000,same,80,5.057405
7,1.0000,sauce,80,9.413004
7,1.0000,say,80,7.637292
7,1.0000,school,80,7.122809
7,1.0000,see,80,5.953013
7,1.0000,share,80,7.952417
7,1.0000,she,80,6.832089
7,1.0000,shopping,80,10.886963
7,1.0000,show,80,7.636755
7,1.0000,shower,80,11.055699
7,1.0000,sick,80,10.539150
7,1.0000,sing,80,10.455923
7,1.0000,sit,80,7.975513
7,1.0000,sky,80,9.784567
7,1.0000,sleep,80,8.653682
7,1.0000,slow,80,8.266614
7,1.0000,snow,80,8.727359
7,1.0000,so,80,6.957996
7,1.0000,soap,80,11.180460
7,1.0000,soda,80,7.883981
7,1.0000,soft,80,8.576052
7,1.0000,some,80,5.823448
7,1.0000,stand,80,8.195847
7,1.0000,star,80,8.771185
7,1.0000,stay,80,7.492713
7,1.0000,stick,80,8.675396
7,1.0000,stone,80,9.345700
7,1.0000,stop,80,7.556898
7,1.0000,store,80,8.656750
7,1.0000,story,80,8.039090
7,1.0000,street,80,9.508947
7,1.0000,stuck,80,9.669153
7,1.0000,sun,80,8.010905
7,1.0000,swim,80,9.603573
7,1.0000,table,80,9.139868
7,1.0000,take,80,5.999014
7,1.0000,talk,80,8.007904
7,1.0000,tape,80,9.887548
7,1.0000,taste,80,9.226493
7,1.0000,teacher,80,8.933229
7,1.0000,that,80,4.263030
7,1.0000,the,80,2.489990
7,1.0000,their,80,5.692847
7,1.0000,them,80,5.558001
7,1.0000,then,80,6.883121
7,1.0000,there,80,6.102898
7,1.0000,these,80,6.267451
7,1.0000,they,80,4.609839
7,1.0000,think,80,4.984879
7,1.0000,this,80,5.780857
7,1.0000,those,80,7.214337
7,1.0000,throw,80,8.907419
7,1.0000,time,80,5.420212
7,1.0000,tiny,80,8.614797
7,1.0000,tissue,80,7.753487
7,1.0000,to,80,2.685096
7,1.0000,today,80,8.623924
7,1.0000,too,80,7.564470
7,1.0000,tooth,80,8.579022
7,1.0000,touch,80,8.140055
7,1.0000,train,80,8.718679
7,1.0000,tree,80,7.968311
7,1.0000,truck,80,9.819471
7,1.0000,try,80,8.373403
7,1.0000,turn,80,8.045183
7,1.0000,under,80,8.468007
7,1.0000,up,80,6.207048
7,1.0000,us,80,6.801109
7,1.0000,vacuum,80,9.071061
7,1.0000,wait,80,7.521946
7,1.0000,walk,80,9.361243
7,1.0000,was,80,5.934088
7,1.0000,wash,80,9.167553
7,1.0000,washing,80,10.514269
7,1.0000,watch,80,8.814834
7,1.0000,water,80,6.757122
7,1.0000,we,80,5.451445
7,1.0000,were,80,6.272393
7,1.0000,wet,80,9.016212
7,1.0000,what,80,6.522213
7,1.0000,when,80,7.142013
7,1.0000,where,80,8.121094
7,1.0000,which,80,5.376142
7,1.0000,white,80,8.261051
7,1.0000,who,80,5.522925
7,1.0000,why,80,6.852381
7,1.0000,will,80,5.315800
7,1.0000,wind,80,7.874834
7,1.0000,window,80,9.173751
7,1.0000,wish,80,7.349372
7,1.0000,with,80,4.516202
7,1.0000,work,80,6.949001
7,1.0000,would,80,5.827436
7,1.0000,write,80,8.569750
7,1.0000,yard,80,8.895463
7,1.0000,yellow,80,9.091445
7,1.0000,yes,80,9.176951
7,1.0000,you,80,3.480968
7,1.0000,your,80,4.804655
7,1.0000,yourself,80,8.234978
8,1.0000,a,80,3.117263
8,1.0000,about,80,5.077217
8,1.0000,above,80,8.193396
8,1.0000,after,80,7.868284
8,1.0000,all,80,6.312813
8,1.0000,am,80,6.392603
8,1.0000,and,80,3.344459
8,1.0000,animal,80,7.817846
8,1.0000,another,80,7.257954
8,1.0000,any,80,6.665043
8,1.0000,are,80,3.553616
8,1.0000,arm,80,9.081868
8,1.0000,around,80,7.446053
8,1.0000,at,80,6.066433
8,1.0000,away,80,6.443745
8,1.0000,baby,80,8.482797
8,1.0000,back,80,7.191969
8,1.0000,bad,80,8.778805
8,1.0000,ball,80,8.635402
8,1.0000,bat,80,10.076282
8,1.0000,bath,80,9.308990
8,1.0000,be,80,2.842799
8,1.0000,beach,80,9.598194
8,1.0000,beans,80,9.641859
8,1.0000,bear,80,8.707412
8,1.0000,because,80,7.764044
8,1.0000,bed,80,7.722571
8,1.0000,bee,80,10.428039
8,1.0000,before,80,7.579540
8,1.0000,behind,80,8.283575
8,1.0000,belt,80,11.035826
8,1.0000,better,80,6.617386
8,1.0000,big,80,8.099760
8,1.0000,bird,80,9.203489
8,1.0000,bite,80,10.520454
8,1.0000,black,80,8.618951
8,1.0000,block,80,9.131298
8,1.0000,blow,80,9.947767
8,1.0000,blue,80,9.783126
8,1.0000,boat,80,9.322080
8,1.0000,book,80,7.619664
8,1.0000,bottle,80,10.041398
8,1.0000,bowl,80,9.298996
8,1.0000,box,80,8.020036
8,1.0000,bread,80,9.688643
8,1.0000,break,80,8.405406
8,1.0000,bring,80,7.237164
8,1.0000,broken,80,9.771163
8,1.0000,brown,80,9.934580
8,1.0000,brush,80,9.823002
8,1.0000,build,80,7.814506
8,1.0000,bus,80,8.277990
8,1.0000,but,80,5.128204
8,1.0000,butter,80,9.172243
8,1.0000,button,80,9.988609
8,1.0000,buy,80,7.812493
8,1.0000,by,80,3.967385
8,1.0000,cake,80,10.041902
8,1.0000,call,80,8.129054
8,1.0000,camera,80,8.122948
8,1.0000,can,80,4.471900
8,1.0000,car,80,6.942167
8,1.0000,careful,80,8.209593
8,1.0000,carry,80,8.507753
8,1.0000,cat,80,7.166372
8,1.0000,catch,80,8.843401
8,1.0000,chair,80,10.358456
8,1.0000,cheese,80,8.850548
8,1.0000,chicken,80,8.403311
8,1.0000,child,80,6.404886
8,1.0000,chocolate,80,10.172310
8,1.0000,clean,80,7.648191
8,1.0000,clock,80,10.063521
8,1.0000,close,80,8.303576
8,1.0000,cloud,80,9.164322
8,1.0000,coat,80,9.329724
8,1.0000,coffee,80,9.020849
8,1.0000,cold,80,8.522112
8,1.0000,comb,80,8.923897
8,1.0000,cook,80,9.333543
8,1.0000,corn,80,10.971936
8,1.0000,could,80,6.118530
8,1.0000,country,80,6.970267
8,1.0000,cover,80,7.908829
8,1.0000,cow,80,9.184837
8,1.0000,cry,80,9.327165
8,1.0000,cup,80,8.891031
8,1.0000,cut,80,7.871663
8,1.0000,dark,80,8.384754
8,1.0000,day,80,6.033404
8,1.0000,deer,80,8.668911
8,1.0000,did,80,7.080716
8,1.0000,dish,80,8.600116
8,1.0000,do,80,5.177431
8,1.0000,doctor,80,7.830447
8,1.0000,does,80,5.981193
8,1.0000,dog,80,6.531833
8,1.0000,doll,80,10.027764
8,1.0000,door,80,9.126627
8,1.0000,down,80,6.142281
8,1.0000,draw,80,8.135320
8,1.0000,dress,80,10.266738
8,1.0000,drink,80,9.145767
8,1.0000,drive,80,8.240613
8,1.0000,drop,80,9.526636
8,1.0000,dry,80,8.018295
8,1.0000,each,80,7.308407
8,1.0000,ear,80,8.126149
8,1.0000,eat,80,7.349089
8,1.0000,egg,80,8.931610
8,1.0000,empty,80,10.149458
8,1.0000,every,80,7.452329
8,1.0000,eye,80,7.539953
8,1.0000,face,80,8.595161
8,1.0000,fall,80,8.539518
8,1.0000,farm,80,9.232037
8,1.0000,fast,80,8.818909
8,1.0000,feed,80,9.428652
8,1.0000,find,80,5.713400
8,1.0000,fine,80,8.934914
8,1.0000,finger,80,9.424483
8,1.0000,finish,80,8.912456
8,1.0000,first,80,6.197480
8,1.0000,fish,80,7.715651
8,1.0000,fit,80,8.677455
8,1.0000,fix,80,9.512983
8,1.0000,flower,80,9.312370
8,1.0000,food,80,7.391436
8,1.0000,foot,80,9.184062
8,1.0000,for,80,4.183039
8,1.0000,friend,80,8.368915
8,1.0000,full,80,7.470303
8,1.0000,game,80,6.966254
8,1.0000,garden,80,7.470650
8,1.0000,gas,80,9.367721
8,1.0000,gentle,80,9.645626
8,1.0000,get,80,5.074605
8,1.0000,give,80,6.236563
8,1.0000,glass,80,9.001732
8,1.0000,glasses,80,10.287777
8,1.0000,go,80,6.655082
8,1.0000,good,80,5.554912
8,1.0000,grass,80,9.449475
8,1.0000,green,80,8.071986
8,1.0000,gum,80,9.960554
8,1.0000,hair,80,8.993620
8,1.0000,hand,80,6.729386
8,1.0000,happy,80,8.813029
8,1.0000,hard,80,7.154041
8,1.0000,have,80,4.713010
8,1.0000,he,80,6.752170
8,1.0000,head,80,8.201733
8,1.0000,hear,80,7.536554
8,1.0000,heavy,80,8.947909
8,1.0000,help,80,5.251529
8,1.0000,her,80,7.461520
8,1.0000,here,80,7.389819
8,1.0000,high,80,6.725460
8,1.0000,him,80,7.416922
8,1.0000,his,80,7.158906
8,1.0000,hit,80,8.775826
8,1.0000,hold,80,8.126006
8,1.0000,home,80,6.791106
8,1.0000,horse,80,8.046445
8,1.0000,hot,80,7.592142
8,1.0000,house,80,8.959603
8,1.0000,how,80,5.620471
8,1.0000,hurt,80,9.319389
8,1.0000,i,80,8.680770
8,1.0000,ice,80,7.628361
8,1.0000,if,80,5.585853
8,1.0000,inside,80,7.618313
8,1.0000,into,80,5.330901
8,1.0000,is,80,3.192941
8,1.0000,it,80,4.107954
8,1.0000,juice,80,9.545399
8,1.0000,jump,80,9.447325
8,1.0000,kitchen,80,9.057616
8,1.0000,knife,80,8.874232
8,1.0000,last,80,7.942453
8,1.0000,later,80,8.259090
8,1.0000,lawn,80,7.875559
8,1.0000,leg,80,8.108109
8,1.0000,light,80,7.482625
8,1.0000,like,80,5.813991
8,1.0000,listen,80,8.415078
8,1.0000,little,80,6.650685
8,1.0000,living,80,8.355070
8,1.0000,long,80,6.151926
8,1.0000,look,80,6.925296
8,1.0000,loud,80,10.986195
8,1.0000,love,80,7.443738
8,1.0000,make,80,5.827354
8,1.0000,man,80,7.706859
8,1.0000,me,80,7.670478
8,1.0000,meat,80,8.096480
8,1.0000,medicine,80,9.623715
8,1.0000,milk,80,8.414635
8,1.0000,mine,80,10.390431
8,1.0000,money,80,8.234141
8,1.0000,moon,80,10.213385
8,1.0000,more,80,4.780331
8,1.0000,morning,80,9.068901
8,1.0000,mouse,80,10.640070
8,1.0000,mouth,80,9.033903
8,1.0000,movie,80,9.486805
8,1.0000,much,80,4.591050
8,1.0000,my,80,7.420966
8,1.0000,myself,80,9.023505
8,1.0000,need,80,5.342044
8,1.0000,new,80,5.749385
8,1.0000,next,80,7.378432
8,1.0000,nice,80,7.845205
8,1.0000,night,80,7.151776
8,1.0000,no,80,6.565973
8,1.0000,none,80,9.946428
8,1.0000,nose,80,8.642217
8,1.0000,not,80,4.002150
8,1.0000,now,80,7.374630
8,1.0000,nuts,80,9.689439
8,1.0000,of,80,2.626546
8,1.0000,off,80,7.173273
8,1.0000,old,80,6.200033
8,1.0000,on,80,3.976985
8,1.0000,open,80,7.428934
8,1.0000,orange,80,10.121444
8,1.0000,other,80,5.769542
8,1.0000,our,80,6.684759
8,1.0000,out,80,5.032785
8,1.0000,outside,80,8.195955
8,1.0000,oven,80,9.578305
8,1.0000,over,80,7.134955
8,1.0000,paint,80,8.819384
8,1.0000,paper,80,8.403793
8,1.0000,park,80,9.744742
8,1.0000,party,80,9.804368
8,1.0000,pen,80,9.029226
8,1.0000,people,80,5.404482
8,1.0000,person,80,7.039222
8,1.0000,pick,80,9.294433
8,1.0000,picture,80,8.803046
8,1.0000,pig,80,8.718442
8,1.0000,plant,80,6.869266
8,1.0000,plate,80,9.267916
8,1.0000,play,80,7.327235
8,1.0000,please,80,8.348815
8,1.0000,pool,80,8.352584
8,1.0000,poor,80,8.881954
8,1.0000,present,80,7.890087
8,1.0000,pretty,80,8.250999
8,1.0000,pull,80,9.509918
8,1.0000,puppy,80,9.597010
8,1.0000,push,80,9.626844
8,1.0000,put,80,7.085345
8,1.0000,quiet,80,9.668551
8,1.0000,radio,80,9.600991
8,1.0000,rain,80,8.228852
8,1.0000,read,80,7.581615
8,1.0000,red,80,8.259935
8,1.0000,ride,80,9.070041
8,1.0000,rock,80,9.139134
8,1.0000,roof,80,9.018298
8,1.0000,room,80,7.940416
8,1.0000,run,80,8.309991
8,1.0000,salt,80,9.809784
8,1.0000,same,80,4.682589
8,1.0000,sauce,80,9.097824
8,1.0000,say,80,7.439033
8,1.0000,school,80,6.754263
8,1.0000,see,80,5.574226
8,1.0000,share,80,7.862524
8,1.0000,she,80,6.556199
8,1.0000,shopping,80,10.729598
8,1.0000,show,80,7.393318
8,1.0000,shower,80,10.862778
8,1.0000,sick,80,10.607768
8,1.0000,sing,80,10.695019
8,1.0000,sit,80,8.315274
8,1.0000,sky,80,10.058952
8,1.0000,sleep,80,8.909840
8,1.0000,slow,80,8.597104
8,1.0000,snow,80,9.331891
8,1.0000,so,80,6.553351
8,1.0000,soap,80,11.089935
8,1.0000,soda,80,7.658644
8,1.0000,soft,80,8.641902
8,1.0000,some,80,5.520722
8,1.0000,stand,80,8.435424
8,1.0000,star,80,8.684815
8,1.0000,stay,80,7.372638
8,1.0000,stick,80,9.176208
8,1.0000,stone,80,9.530283
8,1.0000,stop,80,7.402164
8,1.0000,store,80,8.436376
8,1.0000,story,80,8.341793
8,1.0000,street,80,9.789761
8,1.0000,stuck,80,9.143115
8,1.0000,sun,80,7.893705
8,1.0000,swim,80,9.368096
8,1.0000,table,80,9.162395
8,1.0000,take,80,5.711073
8,1.0000,talk,80,8.440069
8,1.0000,tape,80,9.544441
8,1.0000,taste,80,9.534822
8,1.0000,teacher,80,9.363337
8,1.0000,that,80,4.046680
8,1.0000,the,80,2.570442
8,1.0000,their,80,5.324339
8,1.0000,them,80,4.884134
8,1.0000,then,80,6.712758
8,1.0000,there,80,5.798856
8,1.0000,these,80,5.874339
8,1.0000,they,80,4.267109
8,1.0000,think,80,4.872151
8,1.0000,this,80,5.460028
8,1.0000,those,80,6.782657
8,1.0000,throw,80,9.287918
8,1.0000,time,80,5.154143
8,1.0000,tiny,80,9.018009
8,1.0000,tissue,80,8.066745
8,1.0000,to,80,3.004909
8,1.0000,today,80,8.184777
8,1.0000,too,80,7.139862
8,1.0000,tooth,80,8.869548
8,1.0000,touch,80,8.831874
8,1.0000,train,80,8.437485
8,1.0000,tree,80,8.518579
8,1.0000,truck,80,10.264316
8,1.0000,try,80,8.412994
8,1.0000,turn,80,8.140575
8,1.0000,under,80,8.013165
8,1.0000,up,80,5.544122
8,1.0000,us,80,6.071465
8,1.0000,vacuum,80,9.389110
8,1.0000,wait,80,8.112117
8,1.0000,walk,80,9.138556
8,1.0000,was,80,5.825662
8,1.0000,wash,80,9.044270
8,1.0000,washing,80,10.412361
8,1.0000,watch,80,9.184653
8,1.0000,water,80,6.230081
8,1.0000,we,80,5.255623
8,1.0000,were,80,5.852045
8,1.0000,wet,80,9.275098
8,1.0000,what,80,5.990108
8,1.0000,when,80,6.646596
8,1.0000,where,80,7.752805
8,1.0000,which,80,5.337755
8,1.0000,white,80,8.535163
8,1.0000,who,80,4.873245
8,1.0000,why,80,6.203099
8,1.0000,will,80,5.003117
8,1.0000,wind,80,8.477768
8,1.0000,window,80,9.502732
8,1.0000,wish,80,7.603442
8,1.0000,with,80,4.121672
8,1.0000,work,80,6.385411
8,1.0000,would,80,5.777829
8,1.0000,write,80,8.774443
8,1.0000,yard,80,8.750118
8,1.0000,yellow,80,9.685276
8,1.0000,yes,80,9.557700
8,1.0000,you,80,3.307206
8,1.0000,your,80,4.396545
8,1.0000,yourself,80,8.203251
10,1.0000,a,80,3.070779
10,1.0000,about,80,4.982971
10,1.0000,above,80,8.330152
10,1.0000,after,80,7.419442
10,1.0000,all,80,5.742462
10,1.0000,am,80,5.952056
10,1.0000,and,80,3.332005
10,1.0000,animal,80,8.457265
10,1.0000,another,80,7.448236
10,1.0000,any,80,5.900073
10,1.0000,are,80,3.511128
10,1.0000,arm,80,9.599211
10,1.0000,around,80,6.790440
10,1.0000,at,80,5.289055
10,1.0000,away,80,7.178060
10,1.0000,baby,80,7.977872
10,1.0000,back,80,6.915356
10,1.0000,bad,80,7.969971
10,1.0000,ball,80,8.396897
10,1.0000,bat,80,10.086059
10,1.0000,bath,80,8.401139
10,1.0000,be,80,2.942574
10,1.0000,beach,80,10.279025
10,1.0000,beans,80,8.954726
10,1.0000,bear,80,8.914564
10,1.0000,because,80,6.993275
10,1.0000,bed,80,8.025583
10,1.0000,bee,80,10.371099
10,1.0000,before,80,6.711115
10,1.0000,behind,80,8.466042
10,1.0000,belt,80,11.298079
10,1.0000,better,80,6.713717
10,1.0000,big,80,7.762241
10,1.0000,bird,80,9.958741
10,1.0000,bite,80,9.696888
10,1.0000,black,80,8.872391
10,1.0000,block,80,9.368877
10,1.0000,blow,80,10.473951
10,1.0000,blue,80,9.467838
10,1.0000,boat,80,9.774453
10,1.0000,book,80,6.800231
10,1.0000,bottle,80,9.674487
10,1.0000,bowl,80,9.405484
10,1.0000,box,80,8.532159
10,1.0000,bread,80,10.093415
10,1.0000,break,80,8.925598
10,1.0000,bring,80,7.121886
10,1.0000,broken,80,9.005303
10,1.0000,brown,80,9.552936
10,1.0000,brush,80,9.008989
10,1.0000,build,80,7.509097
10,1.0000,bus,80,8.771041
10,1.0000,but,80,4.903393
10,1.0000,butter,80,9.900301
10,1.0000,button,80,10.019572
10,1.0000,buy,80,6.856272
10,1.0000,by,80,4.232308
10,1.0000,cake,80,9.828497
10,1.0000,call,80,8.477240
10,1.0000,camera,80,7.381367
10,1.0000,can,80,4.284624
10,1.0000,car,80,6.610579
10,1.0000,careful,80,7.297755
10,1.0000,carry,80,8.228782
10,1.0000,cat,80,7.543549
10,1.0000,catch,80,8.705534
10,1.0000,chair,80,10.323491
10,1.0000,cheese,80,8.609109
10,1.0000,chicken,80,8.602031
10,1.0000,child,80,5.482380
10,1.0000,chocolate,80,9.576555
10,1.0000,clean,80,7.355844
10,1.0000,clock,80,10.407913
10,1.0000,close,80,7.700102
10,1.0000,cloud,80,10.079561
10,1.0000,coat,80,9.023479
10,1.0000,coffee,80,8.778178
10,1.0000,cold,80,8.843658
10,1.0000,comb,80,9.304245
10,1.0000,cook,80,9.194475
10,1.0000,corn,80,10.797924
10,1.0000,could,80,6.212889
10,1.0000,country,80,7.281383
10,1.0000,cover,80,8.198512
10,1.0000,cow,80,9.374632
10,1.0000,cry,80,8.896005
10,1.0000,cup,80,8.873678
10,1.0000,cut,80,8.620393
10,1.0000,dark,80,8.124453
10,1.0000,day,80,5.594674
10,1.0000,deer,80,9.524322
10,1.0000,did,80,7.318808
10,1.0000,dish,80,7.583392
10,1.0000,do,80,5.044714
10,1.0000,doctor,80,7.607911
10,1.0000,does,80,5.843056
10,1.0000,dog,80,5.567860
10,1.0000,doll,80,10.524505
10,1.0000,door,80,9.556703
10,1.0000,down,80,6.141539
10,1.0000,draw,80,8.072094
10,1.0000,dress,80,9.647986
10,1.0000,drink,80,9.461619
10,1.0000,drive,80,8.230912
10,1.0000,drop,80,9.590785
10,1.0000,dry,80,7.725518
10,1.0000,each,80,6.353038
10,1.0000,ear,80,8.098888
10,1.0000,eat,80,6.750618
10,1.0000,egg,80,8.507177
10,1.0000,empty,80,10.028939
10,1.0000,every,80,6.615216
10,1.0000,eye,80,7.670133
10,1.0000,face,80,8.718876
10,1.0000,fall,80,9.219859
10,1.0000,farm,80,9.164139
10,1.0000,fast,80,8.807760
10,1.0000,feed,80,8.713947
10,1.0000,find,80,5.226314
10,1.0000,fine,80,8.442803
10,1.0000,finger,80,9.560706
10,1.0000,finish,80,9.358134
10,1.0000,first,80,5.919361
10,1.0000,fish,80,7.790765
10,1.0000,fit,80,8.158003
10,1.0000,fix,80,9.849956
10,1.0000,flower,80,9.121982
10,1.0000,food,80,6.740350
10,1.0000,foot,80,8.829141
10,1.0000,for,80,3.917431
10,1.0000,friend,80,8.440593
10,1.0000,full,80,7.529268
10,1.0000,game,80,6.956224
10,1.0000,garden,80,7.697808
10,1.0000,gas,80,8.893933
10,1.0000,gentle,80,9.390205
10,1.0000,get,80,4.855110
10,1.0000,give,80,5.906983
10,1.0000,glass,80,8.567714
10,1.0000,glasses,80,10.121528
10,1.0000,go,80,6.438987
10,1.0000,good,80,5.737425
10,1.0000,grass,80,9.694274
10,1.0000,green,80,8.085118
10,1.0000,gum,80,10.821991
10,1.0000,hair,80,9.061310
10,1.0000,hand,80,7.204304
10,1.0000,happy,80,8.824049
10,1.0000,hard,80,7.841815
10,1.0000,have,80,4.605727
10,1.0000,he,80,6.356298
10,1.0000,head,80,7.680268
10,1.0000,hear,80,7.641566
10,1.0000,heavy,80,9.312031
10,1.0000,help,80,4.276336
10,1.0000,her,80,7.070200
10,1.0000,here,80,7.646989
10,1.0000,high,80,6.730839
10,1.0000,him,80,7.654237
10,1.0000,his,80,6.800491
10,1.0000,hit,80,9.501762
10,1.0000,hold,80,7.674096
10,1.0000,home,80,7.204513
10,1.0000,horse,80,7.829217
10,1.0000,hot,80,8.169392
10,1.0000,house,80,8.270907
10,1.0000,how,80,5.039714
10,1.0000,hurt,80,9.350169
10,1.0000,i,80,8.581255
10,1.0000,ice,80,8.239097
10,1.0000,if,80,5.351862
10,1.0000,inside,80,8.536116
10,1.0000,into,80,4.739243
10,1.0000,is,80,3.072147
10,1.0000,it,80,3.961544
10,1.0000,juice,80,9.548000
10,1.0000,jump,80,9.679990
10,1.0000,kitchen,80,8.687397
10,1.0000,knife,80,9.079690
10,1.0000,last,80,8.185781
10,1.0000,later,80,8.805650
10,1.0000,lawn,80,8.493207
10,1.0000,leg,80,8.994048
10,1.0000,light,80,7.047396
10,1.0000,like,80,4.863102
10,1.0000,listen,80,8.844781
10,1.0000,little,80,6.417634
10,1.0000,living,80,8.705193
10,1.0000,long,80,6.205148
10,1.0000,look,80,6.684767
10,1.0000,loud,80,10.506639
10,1.0000,love,80,7.785751
10,1.0000,make,80,5.562566
10,1.0000,man,80,8.108570
10,1.0000,me,80,7.986258
10,1.0000,meat,80,8.684445
10,1.0000,medicine,80,10.401836
10,1.0000,milk,80,8.992378
10,1.0000,mine,80,10.692889
10,1.0000,money,80,8.318081
10,1.0000,moon,80,9.676271
10,1.0000,more,80,5.075143
10,1.0000,morning,80,8.732609
10,1.0000,mouse,80,11.498461
10,1.0000,mouth,80,8.864344
10,1.0000,movie,80,9.805124
10,1.0000,much,80,5.070981
10,1.0000,my,80,6.761030
10,1.0000,myself,80,8.793408
10,1.0000,need,80,5.227244
10,1.0000,new,80,6.419588
10,1.0000,next,80,7.576273
10,1.0000,nice,80,8.464841
10,1.0000,night,80,7.438018
10,1.0000,no,80,6.167458
10,1.0000,none,80,9.322154
10,1.0000,nose,80,9.542695
10,1.0000,not,80,4.082074
10,1.0000,now,80,7.005426
10,1.0000,nuts,80,9.043303
10,1.0000,of,80,2.680215
10,1.0000,off,80,6.880259
10,1.0000,old,80,6.515764
10,1.0000,on,80,3.958844
10,1.0000,open,80,8.147547
10,1.0000,orange,80,10.083008
10,1.0000,other,80,5.899262
10,1.0000,our,80,5.849149
10,1.0000,out,80,5.525579
10,1.0000,outside,80,8.610176
10,1.0000,oven,80,9.939985
10,1.0000,over,80,6.573979
10,1.0000,paint,80,8.725972
10,1.0000,paper,80,7.705738
10,1.0000,park,80,9.757781
10,1.0000,party,80,10.098669
10,1.0000,pen,80,9.688264
10,1.0000,people,80,5.415477
10,1.0000,person,80,7.181353
10,1.0000,pick,80,9.047130
10,1.0000,picture,80,8.383622
10,1.0000,pig,80,9.098681
10,1.0000,plant,80,7.359990
10,1.0000,plate,80,8.963884
10,1.0000,play,80,7.748789
10,1.0000,please,80,8.851209
10,1.0000,pool,80,9.141738
10,1.0000,poor,80,8.974320
10,1.0000,present,80,7.980925
10,1.0000,pretty,80,7.669259
10,1.0000,pull,80,9.301811
10,1.0000,puppy,80,9.424957
10,1.0000,push,80,9.882456
10,1.0000,put,80,7.544546
10,1.0000,quiet,80,9.259118
10,1.0000,radio,80,10.397869
10,1.0000,rain,80,9.205991
10,1.0000,read,80,7.877156
10,1.0000,red,80,8.127934
10,1.0000,ride,80,9.110602
10,1.0000,rock,80,9.450748
10,1.0000,roof,80,8.160700
10,1.0000,room,80,7.692187
10,1.0000,run,80,8.211236
10,1.0000,salt,80,9.481830
10,1.0000,same,80,5.090878
10,1.0000,sauce,80,8.642183
10,1.0000,say,80,7.089673
10,1.0000,school,80,6.849383
10,1.0000,see,80,5.381471
10,1.0000,share,80,7.572924
10,1.0000,she,80,6.374651
10,1.0000,shopping,80,9.837893
10,1.0000,show,80,7.367935
10,1.0000,shower,80,10.224665
10,1.0000,sick,80,9.943610
10,1.0000,sing,80,11.268795
10,1.0000,sit,80,9.313023
10,1.0000,sky,80,9.805197
10,1.0000,sleep,80,8.702816
10,1.0000,slow,80,8.680125
10,1.0000,snow,80,9.596872
10,1.0000,so,80,5.952158
10,1.0000,soap,80,10.985466
10,1.0000,soda,80,7.390525
10,1.0000,soft,80,8.752921
10,1.0000,some,80,5.491689
10,1.0000,stand,80,8.366717
10,1.0000,star,80,9.435644
10,1.0000,stay,80,7.271537
10,1.0000,stick,80,9.712516
10,1.0000,stone,80,9.819348
10,1.0000,stop,80,7.566222
10,1.0000,store,80,8.021230
10,1.0000,story,80,7.913899
10,1.0000,street,80,9.773182
10,1.0000,stuck,80,8.605980
10,1.0000,sun,80,7.784829
10,1.0000,swim,80,9.702878
10,1.0000,table,80,8.785663
10,1.0000,take,80,5.745864
10,1.0000,talk,80,8.481518
10,1.0000,tape,80,8.861501
10,1.0000,taste,80,9.535381
10,1.0000,teacher,80,8.462762
10,1.0000,that,80,3.730506
10,1.0000,the,80,2.716234
10,1.0000,their,80,4.469417
10,1.0000,them,80,4.737969
10,1.0000,then,80,6.404844
10,1.0000,there,80,5.329433
10,1.0000,these,80,5.639842
10,1.0000,they,80,4.332273
10,1.0000,think,80,4.694061
10,1.0000,this,80,4.673902
10,1.0000,those,80,6.545570
10,1.0000,throw,80,9.502033
10,1.0000,time,80,5.513276
10,1.0000,tiny,80,9.173068
10,1.0000,tissue,80,8.926916
10,1.0000,to,80,3.205359
10,1.0000,today,80,8.167613
10,1.0000,too,80,6.995422
10,1.0000,tooth,80,9.433865
10,1.0000,touch,80,9.169304
10,1.0000,train,80,8.821463
10,1.0000,tree,80,8.824299
10,1.0000,truck,80,11.147349
10,1.0000,try,80,8.745891
10,1.0000,turn,80,7.740266
10,1.0000,under,80,7.488616
10,1.0000,up,80,5.425204
10,1.0000,us,80,5.405236
10,1.0000,vacuum,80,9.851427
10,1.0000,wait,80,8.632607
10,1.0000,walk,80,8.348656
10,1.0000,was,80,5.242074
10,1.0000,wash,80,8.276615
10,1.0000,washing,80,9.486194
10,1.0000,watch,80,9.026423
10,1.0000,water,80,5.994977
10,1.0000,we,80,4.958480
10,1.0000,were,80,6.156131
10,1.0000,wet,80,9.545435
10,1.0000,what,80,5.350210
10,1.0000,when,80,6.002312
10,1.0000,where,80,6.752633
10,1.0000,which,80,4.934430
10,1.0000,white,80,7.840971
10,1.0000,who,80,4.807987
10,1.0000,why,80,5.745052
10,1.0000,will,80,4.713706
10,1.0000,wind,80,8.784611
10,1.0000,window,80,9.767930
10,1.0000,wish,80,7.578790
10,1.0000,with,80,3.780978
10,1.0000,work,80,6.236738
10,1.0000,would,80,6.156463
10,1.0000,write,80,7.732635
10,1.0000,yard,80,8.578717
10,1.0000,yellow,80,9.759801
10,1.0000,yes,80,9.281413
10,1.0000,you,80,3.078855
10,1.0000,your,80,3.918319
10,1.0000,yourself,80,7.014815
12,1.0000,a,80,3.263597
12,1.0000,about,80,5.353505
12,1.0000,above,80,7.636923
12,1.0000,after,80,7.335998
12,1.0000,all,80,6.012980
12,1.0000,am,80,6.216815
12,1.0000,and,80,3.435820
12,1.0000,animal,80,7.880536
12,1.0000,another,80,7.463955
12,1.0000,any,80,5.793327
12,1.0000,are,80,3.369522
12,1.0000,arm,80,9.225355
12,1.0000,around,80,7.113225
12,1.0000,at,80,5.301001
12,1.0000,away,80,7.062332
12,1.0000,baby,80,7.045432
12,1.0000,back,80,6.995635
12,1.0000,bad,80,7.691377
12,1.0000,ball,80,8.686358
12,1.0000,bat,80,9.756938
12,1.0000,bath,80,8.437860
12,1.0000,be,80,2.945364
12,1.0000,beach,80,9.779380
12,1.0000,beans,80,8.423304
12,1.0000,bear,80,9.273667
12,1.0000,because,80,6.398008
12,1.0000,bed,80,8.551306
12,1.0000,bee,80,10.181873
12,1.0000,before,80,6.610961
12,1.0000,behind,80,7.433210
12,1.0000,belt,80,11.031341
12,1.0000,better,80,6.785962
12,1.0000,big,80,7.393693
12,1.0000,bird,80,9.736055
12,1.0000,bite,80,9.164076
12,1.0000,black,80,8.216700
12,1.0000,block,80,8.691184
12,1.0000,blow,80,10.363109
12,1.0000,blue,80,8.695319
12,1.0000,boat,80,9.760765
12,1.0000,book,80,7.394080
12,1.0000,bottle,80,9.619619
12,1.0000,bowl,80,8.798454
12,1.0000,box,80,9.345335
12,1.0000,bread,80,9.810573
12,1.0000,break,80,8.280377
12,1.0000,bring,80,7.267412
12,1.0000,broken,80,8.347361
12,1.0000,brown,80,8.521734
12,1.0000,brush,80,9.253367
12,1.0000,build,80,7.708056
12,1.0000,bus,80,9.396190
12,1.0000,but,80,4.771172
12,1.0000,butter,80,9.767811
12,1.0000,button,80,9.710093
12,1.0000,buy,80,7.127633
12,1.0000,by,80,4.307089
12,1.0000,cake,80,8.745820
12,1.0000,call,80,8.466116
12,1.0000,camera,80,7.695770
12,1.0000,can,80,4.312380
12,1.0000,car,80,6.511549
12,1.0000,careful,80,7.639050
12,1.0000,carry,80,7.693509
12,1.0000,cat,80,7.404305
12,1.0000,catch,80,8.178149
12,1.0000,chair,80,10.502154
12,1.0000,cheese,80,8.423508
12,1.0000,chicken,80,9.157557
12,1.0000,child,80,5.309792
12,1.0000,chocolate,80,8.917656
12,1.0000,clean,80,7.546882
12,1.0000,clock,80,9.929504
12,1.0000,close,80,7.440570
12,1.0000,cloud,80,10.235611
12,1.0000,coat,80,8.325645
12,1.0000,coffee,80,9.273159
12,1.0000,cold,80,8.096055
12,1.0000,comb,80,9.001389
12,1.0000,cook,80,8.869050
12,1.0000,corn,80,9.942316
12,1.0000,could,80,5.983124
12,1.0000,country,80,7.510858
12,1.0000,cover,80,7.923793
12,1.0000,cow,80,9.762456
12,1.0000,cry,80,9.647645
12,1.0000,cup,80,8.329123
12,1.0000,cut,80,8.225715
12,1.0000,dark,80,8.446454
12,1.0000,day,80,5.922009
12,1.0000,deer,80,10.132955
12,1.0000,did,80,6.967685
12,1.0000,dish,80,7.851039
12,1.0000,do,80,5.063289
12,1.0000,doctor,80,7.159005
12,1.0000,does,80,5.716287
12,1.0000,dog,80,5.695091
12,1.0000,doll,80,10.445810
12,1.0000,door,80,8.732807
12,1.0000,down,80,6.200520
12,1.0000,draw,80,8.075157
12,1.0000,dress,80,9.514432
12,1.0000,drink,80,8.949377
12,1.0000,drive,80,8.013593
12,1.0000,drop,80,9.069373
12,1.0000,dry,80,7.941725
12,1.0000,each,80,6.292698
12,1.0000,ear,80,7.484711
12,1.0000,eat,80,6.764264
12,1.0000,egg,80,9.107574
12,1.0000,empty,80,9.588051
12,1.0000,every,80,6.983153
12,1.0000,eye,80,7.228843
12,1.0000,face,80,8.557280
12,1.0000,fall,80,8.768897
12,1.0000,farm,80,9.017637
12,1.0000,fast,80,8.405698
12,1.0000,feed,80,7.737247
12,1.0000,find,80,5.567141
12,1.0000,fine,80,7.935028
12,1.0000,finger,80,9.759667
12,1.0000,finish,80,9.792588
12,1.0000,first,80,5.944664
12,1.0000,fish,80,8.092858
12,1.0000,fit,80,7.528614
12,1.0000,fix,80,9.333384
12,1.0000,flower,80,8.948013
12,1.0000,food,80,6.543587
12,1.0000,foot,80,7.914849
12,1.0000,for,80,4.081133
12,1.0000,friend,80,8.065821
12,1.0000,full,80,7.575038
12,1.0000,game,80,8.247156
12,1.0000,garden,80,7.251473
12,1.0000,gas,80,7.766993
12,1.0000,gentle,80,9.840518
12,1.0000,get,80,5.106613
12,1.0000,give,80,6.260643
12,1.0000,glass,80,8.925554
12,1.0000,glasses,80,9.718442
12,1.0000,go,80,6.522275
12,1.0000,good,80,6.074439
12,1.0000,grass,80,8.589517
12,1.0000,green,80,7.879925
12,1.0000,gum,80,10.756661
12,1.0000,hair,80,8.234026
12,1.0000,hand,80,7.230471
12,1.0000,happy,80,8.196495
12,1.0000,hard,80,7.417734
12,1.0000,have,80,4.510246
12,1.0000,he,80,6.337690
12,1.0000,head,80,8.016818
12,1.0000,hear,80,7.326226
12,1.0000,heavy,80,8.554671
12,1.0000,help,80,4.406933
12,1.0000,her,80,6.896290
12,1.0000,here,80,7.777035
12,1.0000,high,80,6.824441
12,1.0000,him,80,7.082487
12,1.0000,his,80,6.931155
12,1.0000,hit,80,9.494004
12,1.0000,hold,80,8.040460
12,1.0000,home,80,7.153039
12,1.0000,horse,80,8.446642
12,1.0000,hot,80,7.987177
12,1.0000,house,80,8.092180
12,1.0000,how,80,5.517711
12,1.0000,hurt,80,8.803754
12,1.0000,i,80,8.449141
12,1.0000,ice,80,7.980258
12,1.0000,if,80,5.517757
12,1.0000,inside,80,8.898398
12,1.0000,into,80,4.865865
12,1.0000,is,80,3.299136
12,1.0000,it,80,4.040373
12,1.0000,juice,80,8.332850
12,1.0000,jump,80,9.143665
12,1.0000,kitchen,80,7.904406
12,1.0000,knife,80,9.906690
12,1.0000,last,80,7.935134
12,1.0000,later,80,8.581023
12,1.0000,lawn,80,9.318057
12,1.0000,leg,80,9.156550
12,1.0000,light,80,7.206360
12,1.0000,like,80,4.993641
12,1.0000,listen,80,8.779514
12,1.0000,little,80,6.258419
12,1.0000,living,80,8.151950
12,1.0000,long,80,6.536572
12,1.0000,look,80,7.047916
12,1.0000,loud,80,9.776033
12,1.0000,love,80,7.167038
12,1.0000,make,80,5.819222
12,1.0000,man,80,8.010785
12,1.0000,me,80,8.149026
12,1.0000,meat,80,8.665313
12,1.0000,medicine,80,10.081514
12,1.0000,milk,80,8.990406
12,1.0000,mine,80,10.186583
12,1.0000,money,80,7.289641
12,1.0000,moon,80,8.874069
12,1.0000,more,80,5.122285
12,1.0000,morning,80,8.099834
12,1.0000,mouse,80,11.474847
12,1.0000,mouth,80,7.921954
12,1.0000,movie,80,9.334816
12,1.0000,much,80,4.924336
12,1.0000,my,80,6.717585
12,1.0000,myself,80,8.630859
12,1.0000,need,80,5.290967
12,1.0000,new,80,6.293785
12,1.0000,next,80,7.372923
12,1.0000,nice,80,8.350953
12,1.0000,night,80,7.048587
12,1.0000,no,80,6.192844
12,1.0000,none,80,9.045142
12,1.0000,nose,80,9.531763
12,1.0000,not,80,4.066539
12,1.0000,now,80,7.106660
12,1.0000,nuts,80,9.474620
12,1.0000,of,80,2.446142
12,1.0000,off,80,6.833235
12,1.0000,old,80,6.650780
12,1.0000,on,80,4.057536
12,1.0000,open,80,8.183665
12,1.0000,orange,80,9.305403
12,1.0000,other,80,5.426452
12,1.0000,our,80,5.795049
12,1.0000,out,80,5.322675
12,1.0000,outside,80,8.424881
12,1.0000,oven,80,9.623015
12,1.0000,over,80,6.538522
12,1.0000,paint,80,9.235260
12,1.0000,paper,80,7.836352
12,1.0000,park,80,9.423088
12,1.0000,party,80,9.490326
12,1.0000,pen,80,9.938902
12,1.0000,people,80,5.734721
12,1.0000,person,80,6.915989
12,1.0000,pick,80,8.610627
12,1.0000,picture,80,8.122864
12,1.0000,pig,80,8.368350
12,1.0000,plant,80,6.842620
12,1.0000,plate,80,8.932065
12,1.0000,play,80,8.059081
12,1.0000,please,80,8.063571
12,1.0000,pool,80,9.011124
12,1.0000,poor,80,8.618028
12,1.0000,present,80,8.049679
12,1.0000,pretty,80,7.482574
12,1.0000,pull,80,8.326853
12,1.0000,puppy,80,9.224005
12,1.0000,push,80,8.975822
12,1.0000,put,80,7.033077
12,1.0000,quiet,80,8.967123
12,1.0000,radio,80,10.464285
12,1.0000,rain,80,8.957905
12,1.0000,read,80,7.721836
12,1.0000,red,80,7.812540
12,1.0000,ride,80,9.739935
12,1.0000,rock,80,9.425044
12,1.0000,roof,80,7.518877
12,1.0000,room,80,8.179661
12,1.0000,run,80,8.186719
12,1.0000,salt,80,8.500979
12,1.0000,same,80,5.240437
12,1.0000,sauce,80,8.941324
12,1.0000,say,80,7.025620
12,1.0000,school,80,7.120322
12,1.0000,see,80,5.543285
12,1.0000,share,80,8.023511
12,1.0000,she,80,6.105401
12,1.0000,shopping,80,9.776219
12,1.0000,show,80,7.328856
12,1.0000,shower,80,9.497516
12,1.0000,sick,80,8.925377
12,1.0000,sing,80,11.252751
12,1.0000,sit,80,8.624203
12,1.0000,sky,80,9.022996
12,1.0000,sleep,80,7.451415
12,1.0000,slow,80,8.381689
12,1.0000,snow,80,9.020481
12,1.0000,so,80,5.836581
12,1.0000,soap,80,10.420641
12,1.0000,soda,80,6.361138
12,1.0000,soft,80,8.216557
12,1.0000,some,80,5.600916
12,1.0000,stand,80,8.569147
12,1.0000,star,80,9.444721
12,1.0000,stay,80,7.329005
12,1.0000,stick,80,9.219007
12,1.0000,stone,80,9.274146
12,1.0000,stop,80,7.578419
12,1.0000,store,80,8.591407
12,1.0000,story,80,7.905561
12,1.0000,street,80,9.445690
12,1.0000,stuck,80,8.455085
12,1.0000,sun,80,7.714026
12,1.0000,swim,80,9.764149
12,1.0000,table,80,8.578213
12,1.0000,take,80,5.880817
12,1.0000,talk,80,7.406847
12,1.0000,tape,80,9.251189
12,1.0000,taste,80,8.899839
12,1.0000,teacher,80,8.187756
12,1.0000,that,80,3.958998
12,1.0000,the,80,2.649850
12,1.0000,their,80,4.482347
12,1.0000,them,80,5.029493
12,1.0000,then,80,6.413220
12,1.0000,there,80,5.339211
12,1.0000,these,80,5.824299
12,1.0000,they,80,4.317988
12,1.0000,think,80,4.727525
12,1.0000,this,80,4.902727
12,1.0000,those,80,6.609320
12,1.0000,throw,80,9.381363
12,1.0000,time,80,5.367554
12,1.0000,tiny,80,8.559487
12,1.0000,tissue,80,8.342112
12,1.0000,to,80,3.042356
12,1.0000,today,80,8.539135
12,1.0000,too,80,7.100339
12,1.0000,tooth,80,9.258539
12,1.0000,touch,80,8.878258
12,1.0000,train,80,9.190507
12,1.0000,tree,80,8.325162
12,1.0000,truck,80,10.610894
12,1.0000,try,80,8.508951
12,1.0000,turn,80,7.189195
12,1.0000,under,80,7.339528
12,1.0000,up,80,5.636905
12,1.0000,us,80,5.598054
12,1.0000,vacuum,80,9.943879
12,1.0000,wait,80,7.719024
12,1.0000,walk,80,8.178576
12,1.0000,was,80,5.195676
12,1.0000,wash,80,9.139133
12,1.0000,washing,80,9.276250
12,1.0000,watch,80,8.666622
12,1.0000,water,80,6.255099
12,1.0000,we,80,5.061136
12,1.0000,were,80,6.043251
12,1.0000,wet,80,9.293498
12,1.0000,what,80,5.498257
12,1.0000,when,80,6.298935
12,1.0000,where,80,6.110421
12,1.0000,which,80,4.956226
12,1.0000,white,80,8.016011
12,1.0000,who,80,4.814410
12,1.0000,why,80,5.910625
12,1.0000,will,80,4.967887
12,1.0000,wind,80,8.201423
12,1.0000,window,80,9.535400
12,1.0000,wish,80,7.151208
12,1.0000,with,80,4.047827
12,1.0000,work,80,6.595192
12,1.0000,would,80,5.942969
12,1.0000,write,80,7.675880
12,1.0000,yard,80,8.935325
12,1.0000,yellow,80,8.822291
12,1.0000,yes,80,8.252415
12,1.0000,you,80,3.174220
12,1.0000,your,80,4.206294
12,1.0000,yourself,80,7.293361
15,1.0000,a,80,2.844658
15,1.0000,about,80,4.937167
15,1.0000,above,80,7.946996
15,1.0000,after,80,7.614002
15,1.0000,all,80,5.969067
15,1.0000,am,80,6.648841
15,1.0000,and,80,3.075778
15,1.0000,animal,80,8.097853
15,1.0000,another,80,7.325159
15,1.0000,any,80,5.628930
15,1.0000,are,80,3.486927
15,1.0000,arm,80,8.726382
15,1.0000,around,80,7.216387
15,1.0000,at,80,5.576288
15,1.0000,away,80,6.401974
15,1.0000,baby,80,8.326719
15,1.0000,back,80,6.676443
15,1.0000,bad,80,8.178527
15,1.0000,ball,80,8.461901
15,1.0000,bat,80,10.320650
15,1.0000,bath,80,9.392403
15,1.0000,be,80,2.802191
15,1.0000,beach,80,9.603926
15,1.0000,beans,80,8.635875
15,1.0000,bear,80,9.131374
15,1.0000,because,80,6.495346
15,1.0000,bed,80,8.869473
15,1.0000,bee,80,10.849340
15,1.0000,before,80,6.939064
15,1.0000,behind,80,8.384718
15,1.0000,belt,80,10.828983
15,1.0000,better,80,6.505132
15,1.0000,big,80,7.565828
15,1.0000,bird,80,8.738867
15,1.0000,bite,80,9.735630
15,1.0000,black,80,8.140800
15,1.0000,block,80,8.264105
15,1.0000,blow,80,9.917264
15,1.0000,blue,80,8.701259
15,1.0000,boat,80,9.005540
15,1.0000,book,80,7.809455
15,1.0000,bottle,80,9.016435
15,1.0000,bowl,80,8.299516
15,1.0000,box,80,9.157607
15,1.0000,bread,80,9.824734
15,1.0000,break,80,7.821289
15,1.0000,bring,80,7.425808
15,1.0000,broken,80,9.429486
15,1.0000,brown,80,7.902524
15,1.0000,brush,80,10.238375
15,1.0000,build,80,7.728469
15,1.0000,bus,80,9.969721
15,1.0000,but,80,4.760905
15,1.0000,butter,80,8.772121
15,1.0000,button,80,9.385101
15,1.0000,buy,80,7.681670
15,1.0000,by,80,3.919555
15,1.0000,cake,80,9.727273
15,1.0000,call,80,8.175689
15,1.0000,camera,80,8.198276
15,1.0000,can,80,4.146024
15,1.0000,car,80,6.310238
15,1.0000,careful,80,8.192463
15,1.0000,carry,80,8.297704
15,1.0000,cat,80,7.777614
15,1.0000,catch,80,9.148085
15,1.0000,chair,80,10.535529
15,1.0000,cheese,80,9.181365
15,1.0000,chicken,80,8.916946
15,1.0000,child,80,6.212522
15,1.0000,chocolate,80,8.982733
15,1.0000,clean,80,7.588271
15,1.0000,clock,80,9.998195
15,1.0000,close,80,8.401366
15,1.0000,cloud,80,9.597036
15,1.0000,coat,80,9.513962
15,1.0000,coffee,80,10.392258
15,1.0000,cold,80,7.887751
15,1.0000,comb,80,8.602176
15,1.0000,cook,80,9.559351
15,1.0000,corn,80,10.326203
15,1.0000,could,80,6.187291
15,1.0000,country,80,7.396899
15,1.0000,cover,80,8.543521
15,1.0000,cow,80,9.732950
15,1.0000,cry,80,10.493808
15,1.0000,cup,80,8.026787
15,1.0000,cut,80,7.907021
15,1.0000,dark,80,8.432134
15,1.0000,day,80,5.895649
15,1.0000,deer,80,11.018982
15,1.0000,did,80,7.157306
15,1.0000,dish,80,9.186314
15,1.0000,do,80,4.863953
15,1.0000,doctor,80,7.674842
15,1.0000,does,80,5.583351
15,1.0000,dog,80,5.720426
15,1.0000,doll,80,10.404274
15,1.0000,door,80,8.227706
15,1.0000,down,80,5.739099
15,1.0000,draw,80,8.712763
15,1.0000,dress,80,10.178159
15,1.0000,drink,80,8.903575
15,1.0000,drive,80,8.384444
15,1.0000,drop,80,9.428969
15,1.0000,dry,80,8.244405
15,1.0000,each,80,6.726126
15,1.0000,ear,80,8.093802
15,1.0000,eat,80,7.135428
15,1.0000,egg,80,9.825292
15,1.0000,empty,80,9.617188
15,1.0000,every,80,7.518355
15,1.0000,eye,80,7.479131
15,1.0000,face,80,8.314949
15,1.0000,fall,80,8.458500
15,1.0000,farm,80,9.526809
15,1.0000,fast,80,8.069667
15,1.0000,feed,80,8.691857
15,1.0000,find,80,5.672898
15,1.0000,fine,80,8.485543
15,1.0000,finger,80,9.430807
15,1.0000,finish,80,9.864722
15,1.0000,first,80,5.731090
15,1.0000,fish,80,7.916944
15,1.0000,fit,80,8.682617
15,1.0000,fix,80,9.224658
15,1.0000,flower,80,8.474417
15,1.0000,food,80,7.226303
15,1.0000,foot,80,8.213867
15,1.0000,for,80,3.862921
15,1.0000,friend,80,7.532913
15,1.0000,full,80,7.209035
15,1.0000,game,80,8.839564
15,1.0000,garden,80,7.174195
15,1.0000,gas,80,8.404192
15,1.0000,gentle,80,10.685830
15,1.0000,get,80,5.051377
15,1.0000,give,80,6.189983
15,1.0000,glass,80,8.734336
15,1.0000,glasses,80,10.154491
15,1.0000,go,80,6.610778
15,1.0000,good,80,5.714780
15,1.0000,grass,80,8.407964
15,1.0000,green,80,8.224908
15,1.0000,gum,80,11.110042
15,1.0000,hair,80,8.129309
15,1.0000,hand,80,6.539858
15,1.0000,happy,80,8.631589
15,1.0000,hard,80,6.754213
15,1.0000,have,80,4.711598
15,1.0000,he,80,6.486487
15,1.0000,head,80,7.846707
15,1.0000,hear,80,7.985728
15,1.0000,heavy,80,8.644030
15,1.0000,help,80,4.928309
15,1.0000,her,80,6.784959
15,1.0000,here,80,7.456489
15,1.0000,high,80,6.542869
15,1.0000,him,80,7.561458
15,1.0000,his,80,6.721056
15,1.0000,hit,80,9.266178
15,1.0000,hold,80,8.183592
15,1.0000,home,80,6.685782
15,1.0000,horse,80,8.849954
15,1.0000,hot,80,7.423456
15,1.0000,house,80,8.804619
15,1.0000,how,80,5.320893
15,1.0000,hurt,80,9.317176
15,1.0000,i,80,8.001543
15,1.0000,ice,80,8.037951
15,1.0000,if,80,5.402612
15,1.0000,inside,80,8.239015
15,1.0000,into,80,4.835022
15,1.0000,is,80,2.985997
15,1.0000,it,80,3.799929
15,1.0000,juice,80,7.390561
15,1.0000,jump,80,9.851933
15,1.0000,kitchen,80,8.637331
15,1.0000,knife,80,10.930900
15,1.0000,last,80,8.149005
15,1.0000,later,80,8.217416
15,1.0000,lawn,80,10.023170
15,1.0000,leg,80,8.550943
15,1.0000,light,80,7.149803
15,1.0000,like,80,5.265068
15,1.0000,listen,80,9.123789
15,1.0000,little,80,6.572844
15,1.0000,living,80,8.280757
15,1.0000,long,80,6.210042
15,1.0000,look,80,6.854798
15,1.0000,loud,80,10.030551
15,1.0000,love,80,7.580328
15,1.0000,make,80,5.692651
15,1.0000,man,80,7.802617
15,1.0000,me,80,7.396990
15,1.0000,meat,80,8.325567
15,1.0000,medicine,80,9.234559
15,1.0000,milk,80,9.094034
15,1.0000,mine,80,9.995606
15,1.0000,money,80,7.298604
15,1.0000,moon,80,8.577533
15,1.0000,more,80,4.745884
15,1.0000,morning,80,8.573439
15,1.0000,mouse,80,11.084322
15,1.0000,mouth,80,7.330414
15,1.0000,movie,80,10.038217
15,1.0000,much,80,4.947744
15,1.0000,my,80,6.999060
15,1.0000,myself,80,8.995536
15,1.0000,need,80,5.457693
15,1.0000,new,80,5.926775
15,1.0000,next,80,7.182974
15,1.0000,nice,80,8.068711
15,1.0000,night,80,7.209893
15,1.0000,no,80,6.283919
15,1.0000,none,80,9.841950
15,1.0000,nose,80,8.666707
15,1.0000,not,80,4.047371
15,1.0000,now,80,7.000366
15,1.0000,nuts,80,10.373513
15,1.0000,of,80,2.365285
15,1.0000,off,80,6.639973
15,1.0000,old,80,6.508989
15,1.0000,on,80,3.838258
15,1.0000,open,80,7.976303
15,1.0000,orange,80,9.367101
15,1.0000,other,80,5.630578
15,1.0000,our,80,6.027183
15,1.0000,out,80,5.029777
15,1.0000,outside,80,8.339152
15,1.0000,oven,80,9.143444
15,1.0000,over,80,6.842656
15,1.0000,paint,80,9.922936
15,1.0000,paper,80,8.505765
15,1.0000,park,80,10.278257
15,1.0000,party,80,9.594810
15,1.0000,pen,80,9.380137
15,1.0000,people,80,5.403269
15,1.0000,person,80,7.538650
15,1.0000,pick,80,9.081674
15,1.0000,picture,80,8.525573
15,1.0000,pig,80,7.813394
15,1.0000,plant,80,7.049098
15,1.0000,plate,80,9.518025
15,1.0000,play,80,7.542407
15,1.0000,please,80,8.134675
15,1.0000,pool,80,9.123261
15,1.0000,poor,80,8.470379
15,1.0000,present,80,7.647096
15,1.0000,pretty,80,7.911666
15,1.0000,pull,80,8.675582
15,1.0000,puppy,80,9.500428
15,1.0000,push,80,8.926331
15,1.0000,put,80,6.854956
15,1.0000,quiet,80,9.802926
15,1.0000,radio,80,9.789658
15,1.0000,rain,80,7.341109
15,1.0000,read,80,7.562973
15,1.0000,red,80,7.559508
15,1.0000,ride,80,10.307822
15,1.0000,rock,80,8.687760
15,1.0000,roof,80,8.436251
15,1.0000,room,80,8.227493
15,1.0000,run,80,8.425569
15,1.0000,salt,80,8.415102
15,1.0000,same,80,5.175382
15,1.0000,sauce,80,9.850174
15,1.0000,say,80,6.923635
15,1.0000,school,80,7.257903
15,1.0000,see,80,5.520873
15,1.0000,share,80,7.882425
15,1.0000,she,80,6.497062
15,1.0000,shopping,80,10.852365
15,1.0000,show,80,7.699000
15,1.0000,shower,80,9.886251
15,1.0000,sick,80,9.332255
15,1.0000,sing,80,10.530017
15,1.0000,sit,80,8.229414
15,1.0000,sky,80,8.482710
15,1.0000,sleep,80,7.748067
15,1.0000,slow,80,8.198503
15,1.0000,snow,80,9.076178
15,1.0000,so,80,5.908413
15,1.0000,soap,80,9.991367
15,1.0000,soda,80,5.538262
15,1.0000,soft,80,8.740781
15,1.0000,some,80,5.292873
15,1.0000,stand,80,8.825579
15,1.0000,star,80,8.940074
15,1.0000,stay,80,7.381010
15,1.0000,stick,80,9.015265
15,1.0000,stone,80,9.110361
15,1.0000,stop,80,7.570688
15,1.0000,store,80,8.482220
15,1.0000,story,80,8.118445
15,1.0000,street,80,10.225810
15,1.0000,stuck,80,9.145244
15,1.0000,sun,80,7.106729
15,1.0000,swim,80,9.886807
15,1.0000,table,80,8.024962
15,1.0000,take,80,5.618130
15,1.0000,talk,80,8.576862
15,1.0000,tape,80,10.495244
15,1.0000,taste,80,8.710044
15,1.0000,teacher,80,8.652278
15,1.0000,that,80,3.702221
15,1.0000,the,80,2.318158
15,1.0000,their,80,4.585798
15,1.0000,them,80,4.683797
15,1.0000,then,80,6.630656
15,1.0000,there,80,5.683182
15,1.0000,these,80,5.522318
15,1.0000,they,80,4.387398
15,1.0000,think,80,5.124356
15,1.0000,this,80,4.896888
15,1.0000,those,80,6.518008
15,1.0000,throw,80,10.179754
15,1.0000,time,80,5.142770
15,1.0000,tiny,80,8.688109
15,1.0000,tissue,80,7.647842
15,1.0000,to,80,2.742568
15,1.0000,today,80,8.300055
15,1.0000,too,80,6.772660
15,1.0000,tooth,80,8.986988
15,1.0000,touch,80,8.149181
15,1.0000,train,80,9.404908
15,1.0000,tree,80,7.358852
15,1.0000,truck,80,10.255130
15,1.0000,try,80,8.692825
15,1.0000,turn,80,7.914280
15,1.0000,under,80,7.424005
15,1.0000,up,80,5.378990
15,1.0000,us,80,5.530469
15,1.0000,vacuum,80,9.193814
15,1.0000,wait,80,7.684243
15,1.0000,walk,80,9.225913
15,1.0000,was,80,5.303097
15,1.0000,wash,80,10.506918
15,1.0000,washing,80,9.999516
15,1.0000,watch,80,8.862984
15,1.0000,water,80,6.576161
15,1.0000,we,80,5.255575
15,1.0000,were,80,6.055939
15,1.0000,wet,80,9.041716
15,1.0000,what,80,5.603668
15,1.0000,when,80,6.410420
15,1.0000,where,80,6.355812
15,1.0000,which,80,4.957350
15,1.0000,white,80,8.711236
15,1.0000,who,80,4.687294
15,1.0000,why,80,5.904418
15,1.0000,will,80,4.684081
15,1.0000,wind,80,8.686799
15,1.0000,window,80,9.290428
15,1.0000,wish,80,8.210819
15,1.0000,with,80,3.864647
15,1.0000,work,80,6.545001
15,1.0000,would,80,5.831152
15,1.0000,write,80,8.601343
15,1.0000,yard,80,8.883242
15,1.0000,yellow,80,8.269036
15,1.0000,yes,80,9.216746
15,1.0000,you,80,3.024636
15,1.0000,your,80,3.778224
15,1.0000,yourself,80,7.590567
19,1.0000,a,80,2.842061
19,1.0000,about,80,5.039929
19,1.0000,above,80,7.856692
19,1.0000,after,80,7.174800
19,1.0000,all,80,5.741710
19,1.0000,am,80,6.677991
19,1.0000,and,80,3.127464
19,1.0000,animal,80,8.014853
19,1.0000,another,80,7.154399
19,1.0000,any,80,5.330760
19,1.0000,are,80,3.340467
19,1.0000,arm,80,8.176382
19,1.0000,around,80,6.734698
19,1.0000,at,80,5.212152
19,1.0000,away,80,6.690520
19,1.0000,baby,80,8.766442
19,1.0000,back,80,6.748067
19,1.0000,bad,80,7.638915
19,1.0000,ball,80,8.342841
19,1.0000,bat,80,11.262065
19,1.0000,bath,80,9.055991
19,1.0000,be,80,2.766875
19,1.0000,beach,80,9.680046
19,1.0000,beans,80,8.634834
19,1.0000,bear,80,9.195355
19,1.0000,because,80,6.653477
19,1.0000,bed,80,8.269028
19,1.0000,bee,80,10.647226
19,1.0000,before,80,6.797428
19,1.0000,behind,80,7.381247
19,1.0000,belt,80,11.068083
19,1.0000,better,80,6.509291
19,1.0000,big,80,7.425142
19,1.0000,bird,80,8.254129
19,1.0000,bite,80,9.353307
19,1.0000,black,80,8.377715
19,1.0000,block,80,9.360349
19,1.0000,blow,80,9.473168
19,1.0000,blue,80,8.871678
19,1.0000,boat,80,8.631716
19,1.0000,book,80,7.041354
19,1.0000,bottle,80,8.967546
19,1.0000,bowl,80,10.177294
19,1.0000,box,80,8.287886
19,1.0000,bread,80,9.397432
19,1.0000,break,80,8.316928
19,1.0000,bring,80,6.934573
19,1.0000,broken,80,9.222015
19,1.0000,brown,80,8.818664
19,1.0000,brush,80,9.111199
19,1.0000,build,80,7.812726
19,1.0000,bus,80,10.169056
19,1.0000,but,80,4.657651
19,1.0000,butter,80,8.156818
19,1.0000,button,80,8.822518
19,1.0000,buy,80,7.184929
19,1.0000,by,80,4.093580
19,1.0000,cake,80,11.021111
19,1.0000,call,80,8.046306
19,1.0000,camera,80,8.618388
19,1.0000,can,80,3.988117
19,1.0000,car,80,6.799842
19,1.0000,careful,80,6.846359
19,1.0000,carry,80,7.938358
19,1.0000,cat,80,7.223421
19,1.0000,catch,80,7.941642
19,1.0000,chair,80,9.680655
19,1.0000,cheese,80,9.264732
19,1.0000,chicken,80,8.497215
19,1.0000,child,80,5.418335
19,1.0000,chocolate,80,8.531072
19,1.0000,clean,80,7.364572
19,1.0000,clock,80,10.673781
19,1.0000,close,80,7.499184
19,1.0000,cloud,80,8.407569
19,1.0000,coat,80,8.920194
19,1.0000,coffee,80,10.110656
19,1.0000,cold,80,8.482141
19,1.0000,comb,80,8.917060
19,1.0000,cook,80,9.149192
19,1.0000,corn,80,10.467117
19,1.0000,could,80,6.017965
19,1.0000,country,80,7.362444
19,1.0000,cover,80,7.940309
19,1.0000,cow,80,9.991958
19,1.0000,cry,80,9.628623
19,1.0000,cup,80,8.203812
19,1.0000,cut,80,8.391563
19,1.0000,dark,80,8.206767
19,1.0000,day,80,5.661977
19,1.0000,deer,80,10.525773
19,1.0000,did,80,6.795065
19,1.0000,dish,80,9.317296
19,1.0000,do,80,4.746161
19,1.0000,doctor,80,7.094320
19,1.0000,does,80,5.807973
19,1.0000,dog,80,5.245054
19,1.0000,doll,80,10.637085
19,1.0000,door,80,9.474594
19,1.0000,down,80,5.853885
19,1.0000,draw,80,8.040065
19,1.0000,dress,80,8.985774
19,1.0000,drink,80,9.049856
19,1.0000,drive,80,7.876419
19,1.0000,drop,80,9.541015
19,1.0000,dry,80,7.908503
19,1.0000,each,80,6.683551
19,1.0000,ear,80,7.296363
19,1.0000,eat,80,6.581678
19,1.0000,egg,80,9.221903
19,1.0000,empty,80,9.954482
19,1.0000,every,80,6.617312
19,1.0000,eye,80,8.212176
19,1.0000,face,80,8.627741
19,1.0000,fall,80,8.730509
19,1.0000,farm,80,9.354102
19,1.0000,fast,80,8.924144
19,1.0000,feed,80,8.721836
19,1.0000,find,80,5.607527
19,1.0000,fine,80,8.415176
19,1.0000,finger,80,8.296828
19,1.0000,finish,80,8.707498
19,1.0000,first,80,5.660446
19,1.0000,fish,80,7.583911
19,1.0000,fit,80,8.000225
19,1.0000,fix,80,8.588920
19,1.0000,flower,80,9.648170
19,1.0000,food,80,6.576968
19,1.0000,foot,80,8.059343
19,1.0000,for,80,3.927237
19,1.0000,friend,80,7.234765
19,1.0000,full,80,7.562518
19,1.0000,game,80,6.850025
19,1.0000,garden,80,7.575246
19,1.0000,gas,80,9.315844
19,1.0000,gentle,80,9.174964
19,1.0000,get,80,4.813315
19,1.0000,give,80,6.177252
19,1.0000,glass,80,8.511988
19,1.0000,glasses,80,11.039462
19,1.0000,go,80,6.549199
19,1.0000,good,80,5.570798
19,1.0000,grass,80,8.258070
19,1.0000,green,80,8.211543
19,1.0000,gum,80,10.015898
19,1.0000,hair,80,8.006020
19,1.0000,hand,80,6.558361
19,1.0000,happy,80,7.567619
19,1.0000,hard,80,7.291277
19,1.0000,have,80,4.575290
19,1.0000,he,80,6.219856
19,1.0000,head,80,8.042877
19,1.0000,hear,80,7.103727
19,1.0000,heavy,80,8.781850
19,1.0000,help,80,4.233210
19,1.0000,her,80,7.149430
19,1.0000,here,80,7.559816
19,1.0000,high,80,6.806316
19,1.0000,him,80,7.353345
19,1.0000,his,80,7.076258
19,1.0000,hit,80,8.976635
19,1.0000,hold,80,7.585517
19,1.0000,home,80,6.568899
19,1.0000,horse,80,7.627788
19,1.0000,hot,80,7.576134
19,1.0000,house,80,7.990650
19,1.0000,how,80,4.835560
19,1.0000,hurt,80,9.272231
19,1.0000,i,80,7.595621
19,1.0000,ice,80,8.114656
19,1.0000,if,80,5.338113
19,1.0000,inside,80,7.465381
19,1.0000,into,80,4.733612
19,1.0000,is,80,2.978646
19,1.0000,it,80,3.833533
19,1.0000,juice,80,7.803740
19,1.0000,jump,80,9.818644
19,1.0000,kitchen,80,8.861603
19,1.0000,knife,80,10.241827
19,1.0000,last,80,7.732695
19,1.0000,later,80,8.293476
19,1.0000,lawn,80,9.236250
19,1.0000,leg,80,8.330870
19,1.0000,light,80,6.766417
19,1.0000,like,80,4.921493
19,1.0000,listen,80,8.901049
19,1.0000,little,80,6.210152
19,1.0000,living,80,7.823701
19,1.0000,long,80,6.160702
19,1.0000,look,80,6.441382
19,1.0000,loud,80,9.824476
19,1.0000,love,80,7.269320
19,1.0000,make,80,5.647977
19,1.0000,man,80,7.630332
19,1.0000,me,80,7.377364
19,1.0000,meat,80,8.035397
19,1.0000,medicine,80,9.160667
19,1.0000,milk,80,8.771012
19,1.0000,mine,80,9.566203
19,1.0000,money,80,7.935386
19,1.0000,moon,80,10.151683
19,1.0000,more,80,4.935014
19,1.0000,morning,80,8.445319
19,1.0000,mouse,80,10.219807
19,1.0000,mouth,80,8.244828
19,1.0000,movie,80,9.786463
19,1.0000,much,80,4.895918
19,1.0000,my,80,6.252434
19,1.0000,myself,80,8.200822
19,1.0000,need,80,5.425908
19,1.0000,new,80,6.046132
19,1.0000,next,80,7.055986
19,1.0000,nice,80,8.233395
19,1.0000,night,80,7.403638
19,1.0000,no,80,6.273103
19,1.0000,none,80,9.719881
19,1.0000,nose,80,9.092953
19,1.0000,not,80,4.015064
19,1.0000,now,80,6.659038
19,1.0000,nuts,80,10.268557
19,1.0000,of,80,2.407355
19,1.0000,off,80,6.614022
19,1.0000,old,80,6.462598
19,1.0000,on,80,3.844991
19,1.0000,open,80,7.977519
19,1.0000,orange,80,10.004608
19,1.0000,other,80,5.384433
19,1.0000,our,80,5.819576
19,1.0000,out,80,4.987603
19,1.0000,outside,80,8.075952
19,1.0000,oven,80,9.708819
19,1.0000,over,80,6.586386
19,1.0000,paint,80,7.941099
19,1.0000,paper,80,7.943066
19,1.0000,park,80,9.968989
19,1.0000,party,80,10.228742
19,1.0000,pen,80,9.362100
19,1.0000,people,80,5.392280
19,1.0000,person,80,6.730996
19,1.0000,pick,80,8.764383
19,1.0000,picture,80,8.735606
19,1.0000,pig,80,8.058086
19,1.0000,plant,80,7.276513
19,1.0000,plate,80,10.183560
19,1.0000,play,80,7.800106
19,1.0000,please,80,7.624588
19,1.0000,pool,80,8.342457
19,1.0000,poor,80,8.845149
19,1.0000,present,80,8.217212
19,1.0000,pretty,80,7.243307
19,1.0000,pull,80,9.004062
19,1.0000,puppy,80,9.332481
19,1.0000,push,80,8.819312
19,1.0000,put,80,7.069207
19,1.0000,quiet,80,9.109230
19,1.0000,radio,80,8.231196
19,1.0000,rain,80,7.077597
19,1.0000,read,80,7.987331
19,1.0000,red,80,8.021900
19,1.0000,ride,80,8.281867
19,1.0000,rock,80,9.129068
19,1.0000,roof,80,9.977814
19,1.0000,room,80,7.804696
19,1.0000,run,80,7.992504
19,1.0000,salt,80,9.878644
19,1.0000,same,80,5.091141
19,1.0000,sauce,80,9.898022
19,1.0000,say,80,6.816780
19,1.0000,school,80,6.496193
19,1.0000,see,80,5.533625
19,1.0000,share,80,8.046012
19,1.0000,she,80,6.003223
19,1.0000,shopping,80,10.452602
19,1.0000,show,80,7.536682
19,1.0000,shower,80,9.309395
19,1.0000,sick,80,9.490391
19,1.0000,sing,80,10.440753
19,1.0000,sit,80,8.417622
19,1.0000,sky,80,9.520438
19,1.0000,sleep,80,8.144202
19,1.0000,slow,80,8.640541
19,1.0000,snow,80,8.700141
19,1.0000,so,80,5.726100
19,1.0000,soap,80,9.338265
19,1.0000,soda,80,6.180899
19,1.0000,soft,80,8.468146
19,1.0000,some,80,5.294144
19,1.0000,stand,80,8.495949
19,1.0000,star,80,9.093935
19,1.0000,stay,80,7.434600
19,1.0000,stick,80,8.286500
19,1.0000,stone,80,8.190586
19,1.0000,stop,80,7.713578
19,1.0000,store,80,8.103662
19,1.0000,story,80,7.787097
19,1.0000,street,80,10.313304
19,1.0000,stuck,80,8.039865
19,1.0000,sun,80,8.354687
19,1.0000,swim,80,9.734553
19,1.0000,table,80,9.181426
19,1.0000,take,80,5.769545
19,1.0000,talk,80,8.050792
19,1.0000,tape,80,10.323787
19,1.0000,taste,80,8.731577
19,1.0000,teacher,80,8.100459
19,1.0000,that,80,3.670047
19,1.0000,the,80,2.329469
19,1.0000,their,80,4.367923
19,1.0000,them,80,4.786093
19,1.0000,then,80,6.241050
19,1.0000,there,80,5.216682
19,1.0000,these,80,5.590277
19,1.0000,they,80,4.017116
19,1.0000,think,80,4.872629
19,1.0000,this,80,4.584553
19,1.0000,those,80,6.361209
19,1.0000,throw,80,9.811276
19,1.0000,time,80,5.159018
19,1.0000,tiny,80,8.475021
19,1.0000,tissue,80,8.451261
19,1.0000,to,80,2.813346
19,1.0000,today,80,7.873925
19,1.0000,too,80,6.790543
19,1.0000,tooth,80,9.100649
19,1.0000,touch,80,8.121321
19,1.0000,train,80,8.866047
19,1.0000,tree,80,7.169998
19,1.0000,truck,80,9.480914
19,1.0000,try,80,9.136872
19,1.0000,turn,80,7.419798
19,1.0000,under,80,7.623164
19,1.0000,up,80,5.033958
19,1.0000,us,80,5.364450
19,1.0000,vacuum,80,8.882300
19,1.0000,wait,80,8.201571
19,1.0000,walk,80,8.378820
19,1.0000,was,80,4.998815
19,1.0000,wash,80,9.689103
19,1.0000,washing,80,9.300227
19,1.0000,watch,80,8.813844
19,1.0000,water,80,5.745007
19,1.0000,we,80,5.111943
19,1.0000,were,80,5.832090
19,1.0000,wet,80,9.175698
19,1.0000,what,80,5.249277
19,1.0000,when,80,5.892248
19,1.0000,where,80,6.461521
19,1.0000,which,80,4.853988
19,1.0000,white,80,7.668501
19,1.0000,who,80,4.795829
19,1.0000,why,80,5.673633
19,1.0000,will,80,4.900261
19,1.0000,wind,80,8.667093
19,1.0000,window,80,9.030736
19,1.0000,wish,80,6.762559
19,1.0000,with,80,3.824966
19,1.0000,work,80,6.400243
19,1.0000,would,80,5.671086
19,1.0000,write,80,7.675738
19,1.0000,yard,80,9.060869
19,1.0000,yellow,80,9.023218
19,1.0000,yes,80,8.511054
19,1.0000,you,80,2.875754
19,1.0000,your,80,3.401417
19,1.0000,yourself,80,6.084525
23,1.0000,a,80,3.025455
23,1.0000,about,80,4.809119
23,1.0000,above,80,7.451598
23,1.0000,after,80,7.102792
23,1.0000,all,80,5.865020
23,1.0000,am,80,6.087825
23,1.0000,and,80,3.308066
23,1.0000,animal,80,7.698194
23,1.0000,another,80,6.857871
23,1.0000,any,80,5.330509
23,1.0000,are,80,3.235604
23,1.0000,arm,80,9.273263
23,1.0000,around,80,6.683731
23,1.0000,at,80,5.408697
23,1.0000,away,80,6.317144
23,1.0000,baby,80,7.842113
23,1.0000,back,80,6.507526
23,1.0000,bad,80,7.366543
23,1.0000,ball,80,9.042730
23,1.0000,bat,80,10.758881
23,1.0000,bath,80,7.922858
23,1.0000,be,80,2.947730
23,1.0000,beach,80,9.506214
23,1.0000,beans,80,7.967153
23,1.0000,bear,80,8.757831
23,1.0000,because,80,6.185749
23,1.0000,bed,80,8.748813
23,1.0000,bee,80,9.207409
23,1.0000,before,80,6.510423
23,1.0000,behind,80,8.005811
23,1.0000,belt,80,11.029791
23,1.0000,better,80,6.712291
23,1.0000,big,80,7.511281
23,1.0000,bird,80,8.711837
23,1.0000,bite,80,8.947643
23,1.0000,black,80,7.215699
23,1.0000,block,80,8.500916
23,1.0000,blow,80,9.379906
23,1.0000,blue,80,8.877199
23,1.0000,boat,80,9.041288
23,1.0000,book,80,7.148747
23,1.0000,bottle,80,8.529423
23,1.0000,bowl,80,9.227993
23,1.0000,box,80,8.405795
23,1.0000,bread,80,9.253080
23,1.0000,break,80,8.173165
23,1.0000,bring,80,7.325000
23,1.0000,broken,80,8.756616
23,1.0000,brown,80,7.177650
23,1.0000,brush,80,8.506191
23,1.0000,build,80,7.623551
23,1.0000,bus,80,9.362829
23,1.0000,but,80,4.582025
23,1.0000,butter,80,7.208393
23,1.0000,button,80,8.232237
23,1.0000,buy,80,7.099785
23,1.0000,by,80,3.966975
23,1.0000,cake,80,9.952546
23,1.0000,call,80,7.887684
23,1.0000,camera,80,7.569274
23,1.0000,can,80,4.040386
23,1.0000,car,80,6.477380
23,1.0000,careful,80,7.721658
23,1.0000,carry,80,7.947232
23,1.0000,cat,80,7.031068
23,1.0000,catch,80,9.187544
23,1.0000,chair,80,9.741058
23,1.0000,cheese,80,7.305631
23,1.0000,chicken,80,7.797620
23,1.0000,child,80,6.163773
23,1.0000,chocolate,80,9.237862
23,1.0000,clean,80,6.562837
23,1.0000,clock,80,10.139591
23,1.0000,close,80,7.882540
23,1.0000,cloud,80,9.736439
23,1.0000,coat,80,8.016623
23,1.0000,coffee,80,9.428390
23,1.0000,cold,80,7.791251
23,1.0000,comb,80,8.571428
23,1.0000,cook,80,8.479934
23,1.0000,corn,80,9.981857
23,1.0000,could,80,6.267247
23,1.0000,country,80,7.254271
23,1.0000,cover,80,8.294334
23,1.0000,cow,80,8.980822
23,1.0000,cry,80,10.405028
23,1.0000,cup,80,7.988051
23,1.0000,cut,80,7.732785
23,1.0000,dark,80,8.415091
23,1.0000,day,80,5.862845
23,1.0000,deer,80,9.689291
23,1.0000,did,80,6.720582
23,1.0000,dish,80,7.399128
23,1.0000,do,80,4.780003
23,1.0000,doctor,80,7.144520
23,1.0000,does,80,5.497508
23,1.0000,dog,80,4.990890
23,1.0000,doll,80,10.409799
23,1.0000,door,80,8.441023
23,1.0000,down,80,5.691012
23,1.0000,draw,80,8.140290
23,1.0000,dress,80,9.856959
23,1.0000,drink,80,8.666911
23,1.0000,drive,80,8.976057
23,1.0000,drop,80,8.850300
23,1.0000,dry,80,7.220661
23,1.0000,each,80,6.291369
23,1.0000,ear,80,7.182267
23,1.0000,eat,80,6.710770
23,1.0000,egg,80,8.808872
23,1.0000,empty,80,9.645948
23,1.0000,every,80,7.051948
23,1.0000,eye,80,7.111901
23,1.0000,face,80,8.386758
23,1.0000,fall,80,8.241386
23,1.0000,farm,80,9.407929
23,1.0000,fast,80,7.801479
23,1.0000,feed,80,7.874357
23,1.0000,find,80,5.280242
23,1.0000,fine,80,7.963734
23,1.0000,finger,80,9.876978
23,1.0000,finish,80,9.070200
23,1.0000,first,80,5.678465
23,1.0000,fish,80,6.562855
23,1.0000,fit,80,7.424803
23,1.0000,fix,80,9.683987
23,1.0000,flower,80,9.472124
23,1.0000,food,80,6.036803
23,1.0000,foot,80,8.875226
23,1.0000,for,80,3.928655
23,1.0000,friend,80,7.628446
23,1.0000,full,80,7.458653
23,1.0000,game,80,7.582862
23,1.0000,garden,80,6.414733
23,1.0000,gas,80,7.795189
23,1.0000,gentle,80,9.468828
23,1.0000,get,80,4.816395
23,1.0000,give,80,5.844451
23,1.0000,glass,80,9.052146
23,1.0000,glasses,80,10.000822
23,1.0000,go,80,6.225930
23,1.0000,good,80,5.612712
23,1.0000,grass,80,8.667569
23,1.0000,green,80,7.572292
23,1.0000,gum,80,9.461257
23,1.0000,hair,80,7.483549
23,1.0000,hand,80,6.701980
23,1.0000,happy,80,7.683678
23,1.0000,hard,80,6.734572
23,1.0000,have,80,4.719590
23,1.0000,he,80,6.102973
23,1.0000,head,80,7.991324
23,1.0000,hear,80,7.362424
23,1.0000,heavy,80,8.194430
23,1.0000,help,80,4.599966
23,1.0000,her,80,6.781208
23,1.0000,here,80,6.698240
23,1.0000,high,80,6.740444
23,1.0000,him,80,7.115031
23,1.0000,his,80,6.470062
23,1.0000,hit,80,8.557783
23,1.0000,hold,80,8.061914
23,1.0000,home,80,6.516674
23,1.0000,horse,80,8.549770
23,1.0000,hot,80,7.718337
23,1.0000,house,80,8.740709
23,1.0000,how,80,5.181109
23,1.0000,hurt,80,8.504487
23,1.0000,i,80,7.804796
23,1.0000,ice,80,7.944043
23,1.0000,if,80,5.137889
23,1.0000,inside,80,7.871809
23,1.0000,into,80,4.640786
23,1.0000,is,80,3.135071
23,1.0000,it,80,3.944010
23,1.0000,juice,80,6.595811
23,1.0000,jump,80,9.151400
23,1.0000,kitchen,80,8.262172
23,1.0000,knife,80,7.987329
23,1.0000,last,80,7.711120
23,1.0000,later,80,7.805568
23,1.0000,lawn,80,8.895619
23,1.0000,leg,80,8.920927
23,1.0000,light,80,6.799044
23,1.0000,like,80,4.592369
23,1.0000,listen,80,8.298677
23,1.0000,little,80,6.156616
23,1.0000,living,80,7.961514
23,1.0000,long,80,6.363138
23,1.0000,look,80,6.619541
23,1.0000,loud,80,9.845142
23,1.0000,love,80,7.008663
23,1.0000,make,80,5.565960
23,1.0000,man,80,7.950396
23,1.0000,me,80,6.935385
23,1.0000,meat,80,7.756604
23,1.0000,medicine,80,9.544400
23,1.0000,milk,80,7.777389
23,1.0000,mine,80,10.644341
23,1.0000,money,80,7.139683
23,1.0000,moon,80,9.520397
23,1.0000,more,80,4.843724
23,1.0000,morning,80,7.919893
23,1.0000,mouse,80,9.574666
23,1.0000,mouth,80,7.780340
23,1.0000,movie,80,8.877931
23,1.0000,much,80,4.913773
23,1.0000,my,80,6.202335
23,1.0000,myself,80,7.589536
23,1.0000,need,80,5.419471
23,1.0000,new,80,6.175318
23,1.0000,next,80,6.735622
23,1.0000,nice,80,7.440089
23,1.0000,night,80,6.797636
23,1.0000,no,80,6.161699
23,1.0000,none,80,8.753913
23,1.0000,nose,80,9.530862
23,1.0000,not,80,4.033412
23,1.0000,now,80,6.315260
23,1.0000,nuts,80,8.933034
23,1.0000,of,80,2.338766
23,1.0000,off,80,6.583500
23,1.0000,old,80,6.108456
23,1.0000,on,80,3.921614
23,1.0000,open,80,7.552543
23,1.0000,orange,80,9.314394
23,1.0000,other,80,5.605972
23,1.0000,our,80,5.386607
23,1.0000,out,80,5.071856
23,1.0000,outside,80,8.176904
23,1.0000,oven,80,8.964192
23,1.0000,over,80,6.455797
23,1.0000,paint,80,8.653905
23,1.0000,paper,80,7.963573
23,1.0000,park,80,9.128728
23,1.0000,party,80,9.817479
23,1.0000,pen,80,9.173482
23,1.0000,people,80,5.059568
23,1.0000,person,80,7.013497
23,1.0000,pick,80,8.503447
23,1.0000,picture,80,7.616853
23,1.0000,pig,80,8.048840
23,1.0000,plant,80,6.871348
23,1.0000,plate,80,8.996976
23,1.0000,play,80,7.628295
23,1.0000,please,80,7.490390
23,1.0000,pool,80,8.089707
23,1.0000,poor,80,8.024783
23,1.0000,present,80,7.653397
23,1.0000,pretty,80,7.442012
23,1.0000,pull,80,8.233236
23,1.0000,puppy,80,7.938696
23,1.0000,push,80,9.040159
23,1.0000,put,80,6.937121
23,1.0000,quiet,80,10.194414
23,1.0000,radio,80,9.121292
23,1.0000,rain,80,7.935187
23,1.0000,read,80,7.990140
23,1.0000,red,80,7.418996
23,1.0000,ride,80,9.352850
23,1.0000,rock,80,8.682378
23,1.0000,roof,80,9.305840
23,1.0000,room,80,7.584306
23,1.0000,run,80,8.368965
23,1.0000,salt,80,8.884790
23,1.0000,same,80,5.099441
23,1.0000,sauce,80,8.182531
23,1.0000,say,80,6.471653
23,1.0000,school,80,6.507902
23,1.0000,see,80,5.369101
23,1.0000,share,80,7.259598
23,1.0000,she,80,6.071499
23,1.0000,shopping,80,9.648909
23,1.0000,show,80,7.255225
23,1.0000,shower,80,10.190382
23,1.0000,sick,80,9.239556
23,1.0000,sing,80,10.707311
23,1.0000,sit,80,8.558603
23,1.0000,sky,80,9.347167
23,1.0000,sleep,80,7.993812
23,1.0000,slow,80,8.353037
23,1.0000,snow,80,9.161267
23,1.0000,so,80,5.723588
23,1.0000,soap,80,9.883333
23,1.0000,soda,80,5.481830
23,1.0000,soft,80,8.612535
23,1.0000,some,80,5.062479
23,1.0000,stand,80,8.434013
23,1.0000,star,80,8.911594
23,1.0000,stay,80,6.846682
23,1.0000,stick,80,9.164275
23,1.0000,stone,80,8.966858
23,1.0000,stop,80,7.651099
23,1.0000,store,80,8.639598
23,1.0000,story,80,7.268279
23,1.0000,street,80,9.527895
23,1.0000,stuck,80,8.442364
23,1.0000,sun,80,7.390853
23,1.0000,swim,80,9.152423
23,1.0000,table,80,8.898546
23,1.0000,take,80,5.753983
23,1.0000,talk,80,7.730210
23,1.0000,tape,80,9.534433
23,1.0000,taste,80,8.330672
23,1.0000,teacher,80,8.665022
23,1.0000,that,80,3.858604
23,1.0000,the,80,2.702136
23,1.0000,their,80,4.367387
23,1.0000,them,80,4.524136
23,1.0000,then,80,6.163507
23,1.0000,there,80,5.340093
23,1.0000,these,80,5.647760
23,1.0000,they,80,4.123598
23,1.0000,think,80,4.447174
23,1.0000,this,80,4.943230
23,1.0000,those,80,6.297134
23,1.0000,throw,80,8.334267
23,1.0000,time,80,5.096499
23,1.0000,tiny,80,8.490715
23,1.0000,tissue,80,7.123236
23,1.0000,to,80,3.029867
23,1.0000,today,80,7.939418
23,1.0000,too,80,6.523745
23,1.0000,tooth,80,9.027627
23,1.0000,touch,80,8.207516
23,1.0000,train,80,9.271358
23,1.0000,tree,80,7.149858
23,1.0000,truck,80,10.241020
23,1.0000,try,80,8.820840
23,1.0000,turn,80,7.448481
23,1.0000,under,80,7.179971
23,1.0000,up,80,4.972225
23,1.0000,us,80,5.335978
23,1.0000,vacuum,80,9.676642
23,1.0000,wait,80,7.469750
23,1.0000,walk,80,8.213856
23,1.0000,was,80,5.102808
23,1.0000,wash,80,9.060918
23,1.0000,washing,80,8.551597
23,1.0000,watch,80,8.987956
23,1.0000,water,80,5.890104
23,1.0000,we,80,5.203536
23,1.0000,were,80,5.432748
23,1.0000,wet,80,8.774502
23,1.0000,what,80,5.335214
23,1.0000,when,80,6.045736
23,1.0000,where,80,6.231621
23,1.0000,which,80,5.002965
23,1.0000,white,80,7.644398
23,1.0000,who,80,4.627889
23,1.0000,why,80,5.574556
23,1.0000,will,80,4.631791
23,1.0000,wind,80,7.580849
23,1.0000,window,80,8.469651
23,1.0000,wish,80,7.920108
23,1.0000,with,80,3.841883
23,1.0000,work,80,6.407812
23,1.0000,would,80,5.850508
23,1.0000,write,80,8.653259
23,1.0000,yard,80,7.811563
23,1.0000,yellow,80,7.452419
23,1.0000,yes,80,8.686705
23,1.0000,you,80,2.989592
23,1.0000,your,80,3.699327
23,1.0000,yourself,80,6.646220
28,1.0000,a,80,2.730683
28,1.0000,about,80,5.022456
28,1.0000,above,80,7.516665
28,1.0000,after,80,7.540321
28,1.0000,all,80,5.904404
28,1.0000,am,80,6.489004
28,1.0000,and,80,3.061987
28,1.0000,animal,80,6.937598
28,1.0000,another,80,7.148102
28,1.0000,any,80,5.517374
28,1.0000,are,80,3.155247
28,1.0000,arm,80,8.182834
28,1.0000,around,80,6.562123
28,1.0000,at,80,5.214066
28,1.0000,away,80,6.612466
28,1.0000,baby,80,7.200811
28,1.0000,back,80,6.465282
28,1.0000,bad,80,7.796719
28,1.0000,ball,80,8.856902
28,1.0000,bat,80,9.567322
28,1.0000,bath,80,8.731186
28,1.0000,be,80,2.715418
28,1.0000,beach,80,9.291149
28,1.0000,beans,80,7.477180
28,1.0000,bear,80,8.399373
28,1.0000,because,80,6.497283
28,1.0000,bed,80,7.593664
28,1.0000,bee,80,9.207529
28,1.0000,before,80,6.744886
28,1.0000,behind,80,7.567206
28,1.0000,belt,80,10.157041
28,1.0000,better,80,6.526556
28,1.0000,big,80,7.631318
28,1.0000,bird,80,8.180352
28,1.0000,bite,80,8.885414
28,1.0000,black,80,8.491092
28,1.0000,block,80,7.822996
28,1.0000,blow,80,9.127095
28,1.0000,blue,80,8.466657
28,1.0000,boat,80,9.374375
28,1.0000,book,80,6.594139
28,1.0000,bottle,80,9.547324
28,1.0000,bowl,80,7.147974
28,1.0000,box,80,8.906236
28,1.0000,bread,80,9.251441
28,1.0000,break,80,7.936497
28,1.0000,bring,80,7.583179
28,1.0000,broken,80,8.607651
28,1.0000,brown,80,7.589240
28,1.0000,brush,80,8.039983
28,1.0000,build,80,8.253370
28,1.0000,bus,80,8.951848
28,1.0000,but,80,4.592823
28,1.0000,butter,80,7.469119
28,1.0000,button,80,8.190450
28,1.0000,buy,80,7.019293
28,1.0000,by,80,3.885754
28,1.0000,cake,80,9.233240
28,1.0000,call,80,8.219982
28,1.0000,camera,80,6.885776
28,1.0000,can,80,3.857340
28,1.0000,car,80,6.505666
28,1.0000,careful,80,7.652538
28,1.0000,carry,80,8.642291
28,1.0000,cat,80,7.268492
28,1.0000,catch,80,7.643990
28,1.0000,chair,80,10.292872
28,1.0000,cheese,80,7.026927
28,1.0000,chicken,80,7.423279
28,1.0000,child,80,5.297072
28,1.0000,chocolate,80,8.329506
28,1.0000,clean,80,7.287073
28,1.0000,clock,80,8.849230
28,1.0000,close,80,7.838208
28,1.0000,cloud,80,10.318735
28,1.0000,coat,80,8.734283
28,1.0000,coffee,80,9.088030
28,1.0000,cold,80,6.838398
28,1.0000,comb,80,8.678528
28,1.0000,cook,80,8.828178
28,1.0000,corn,80,9.933606
28,1.0000,could,80,5.639980
28,1.0000,country,80,7.312437
28,1.0000,cover,80,8.140488
28,1.0000,cow,80,9.804803
28,1.0000,cry,80,11.194280
28,1.0000,cup,80,6.986589
28,1.0000,cut,80,7.971224
28,1.0000,dark,80,7.917445
28,1.0000,day,80,5.766195
28,1.0000,deer,80,9.469762
28,1.0000,did,80,6.968662
28,1.0000,dish,80,7.548644
28,1.0000,do,80,4.865727
28,1.0000,doctor,80,7.417314
28,1.0000,does,80,5.519557
28,1.0000,dog,80,4.908679
28,1.0000,doll,80,9.692818
28,1.0000,door,80,8.272107
28,1.0000,down,80,5.901820
28,1.0000,draw,80,8.416512
28,1.0000,dress,80,9.569077
28,1.0000,drink,80,8.836322
28,1.0000,drive,80,7.926953
28,1.0000,drop,80,9.027918
28,1.0000,dry,80,7.415778
28,1.0000,each,80,6.574526
28,1.0000,ear,80,7.233495
28,1.0000,eat,80,6.670380
28,1.0000,egg,80,8.139765
28,1.0000,empty,80,8.878877
28,1.0000,every,80,7.158489
28,1.0000,eye,80,7.474776
28,1.0000,face,80,8.172311
28,1.0000,fall,80,7.730235
28,1.0000,farm,80,8.535132
28,1.0000,fast,80,8.577078
28,1.0000,feed,80,8.235800
28,1.0000,find,80,5.452052
28,1.0000,fine,80,8.057182
28,1.0000,finger,80,10.249434
28,1.0000,finish,80,8.380390
28,1.0000,first,80,6.088905
28,1.0000,fish,80,6.767120
28,1.0000,fit,80,8.876264
28,1.0000,fix,80,8.889801
28,1.0000,flower,80,7.907464
28,1.0000,food,80,6.366298
28,1.0000,foot,80,8.078417
28,1.0000,for,80,3.777908
28,1.0000,friend,80,7.856192
28,1.0000,full,80,7.870550
28,1.0000,game,80,7.570069
28,1.0000,garden,80,6.152831
28,1.0000,gas,80,6.579336
28,1.0000,gentle,80,9.561851
28,1.0000,get,80,5.115996
28,1.0000,give,80,6.382464
28,1.0000,glass,80,8.185069
28,1.0000,glasses,80,9.313324
28,1.0000,go,80,6.594469
28,1.0000,good,80,5.860470
28,1.0000,grass,80,7.910508
28,1.0000,green,80,8.326226
28,1.0000,gum,80,9.009923
28,1.0000,hair,80,6.935201
28,1.0000,hand,80,6.609640
28,1.0000,happy,80,7.716758
28,1.0000,hard,80,6.957145
28,1.0000,have,80,4.513448
28,1.0000,he,80,6.024803
28,1.0000,head,80,7.874049
28,1.0000,hear,80,7.404596
28,1.0000,heavy,80,8.196590
28,1.0000,help,80,4.281317
28,1.0000,her,80,5.562647
28,1.0000,here,80,7.572922
28,1.0000,high,80,6.402671
28,1.0000,him,80,6.171194
28,1.0000,his,80,5.942189
28,1.0000,hit,80,9.217598
28,1.0000,hold,80,7.804688
28,1.0000,home,80,6.968339
28,1.0000,horse,80,8.824330
28,1.0000,hot,80,6.607794
28,1.0000,house,80,8.768544
28,1.0000,how,80,4.876236
28,1.0000,hurt,80,8.394608
28,1.0000,i,80,7.758826
28,1.0000,ice,80,8.060683
28,1.0000,if,80,5.340465
28,1.0000,inside,80,7.591523
28,1.0000,into,80,4.530498
28,1.0000,is,80,3.011165
28,1.0000,it,80,3.685274
28,1.0000,juice,80,7.509629
28,1.0000,jump,80,8.800129
28,1.0000,kitchen,80,8.771165
28,1.0000,knife,80,8.689656
28,1.0000,last,80,8.009748
28,1.0000,later,80,8.253462
28,1.0000,lawn,80,10.214494
28,1.0000,leg,80,8.429945
28,1.0000,light,80,6.631039
28,1.0000,like,80,4.858367
28,1.0000,listen,80,9.512495
28,1.0000,little,80,6.314941
28,1.0000,living,80,7.835868
28,1.0000,long,80,5.828437
28,1.0000,look,80,6.641106
28,1.0000,loud,80,10.162904
28,1.0000,love,80,6.973082
28,1.0000,make,80,5.824901
28,1.0000,man,80,7.604346
28,1.0000,me,80,7.633382
28,1.0000,meat,80,6.507996
28,1.0000,medicine,80,9.057194
28,1.0000,milk,80,8.029439
28,1.0000,mine,80,9.965298
28,1.0000,money,80,7.034218
28,1.0000,moon,80,8.439527
28,1.0000,more,80,4.706112
28,1.0000,morning,80,7.897839
28,1.0000,mouse,80,10.433142
28,1.0000,mouth,80,7.956518
28,1.0000,movie,80,9.352674
28,1.0000,much,80,4.897198
28,1.0000,my,80,6.041053
28,1.0000,myself,80,7.894808
28,1.0000,need,80,5.278149
28,1.0000,new,80,5.808272
28,1.0000,next,80,6.910856
28,1.0000,nice,80,7.684573
28,1.0000,night,80,6.299880
28,1.0000,no,80,5.963000
28,1.0000,none,80,9.373064
28,1.0000,nose,80,7.532401
28,1.0000,not,80,3.985733
28,1.0000,now,80,6.767515
28,1.0000,nuts,80,8.788119
28,1.0000,of,80,2.080882
28,1.0000,off,80,6.768975
28,1.0000,old,80,6.666047
28,1.0000,on,80,3.868807
28,1.0000,open,80,8.122614
28,1.0000,orange,80,8.815837
28,1.0000,other,80,5.648413
28,1.0000,our,80,5.399545
28,1.0000,out,80,4.966089
28,1.0000,outside,80,8.047090
28,1.0000,oven,80,7.663240
28,1.0000,over,80,6.602213
28,1.0000,paint,80,8.634058
28,1.0000,paper,80,7.711098
28,1.0000,park,80,9.495304
28,1.0000,party,80,9.439492
28,1.0000,pen,80,9.112777
28,1.0000,people,80,5.223247
28,1.0000,person,80,6.591984
28,1.0000,pick,80,8.608320
28,1.0000,picture,80,9.053434
28,1.0000,pig,80,7.556905
28,1.0000,plant,80,6.818525
28,1.0000,plate,80,8.766832
28,1.0000,play,80,7.761409
28,1.0000,please,80,7.740069
28,1.0000,pool,80,8.391905
28,1.0000,poor,80,8.461812
28,1.0000,present,80,8.059650
28,1.0000,pretty,80,7.134558
28,1.0000,pull,80,8.935745
28,1.0000,puppy,80,8.000205
28,1.0000,push,80,9.106763
28,1.0000,put,80,7.224115
28,1.0000,quiet,80,10.192226
28,1.0000,radio,80,9.542629
28,1.0000,rain,80,6.997241
28,1.0000,read,80,8.008383
28,1.0000,red,80,7.272066
28,1.0000,ride,80,9.811739
28,1.0000,rock,80,8.787890
28,1.0000,roof,80,8.454149
28,1.0000,room,80,7.780828
28,1.0000,run,80,7.867920
28,1.0000,salt,80,7.810307
28,1.0000,same,80,4.956778
28,1.0000,sauce,80,7.073653
28,1.0000,say,80,6.233845
28,1.0000,school,80,5.874983
28,1.0000,see,80,5.598810
28,1.0000,share,80,8.273124
28,1.0000,she,80,5.425670
28,1.0000,shopping,80,9.656030
28,1.0000,show,80,7.607456
28,1.0000,shower,80,10.437989
28,1.0000,sick,80,9.212727
28,1.0000,sing,80,10.413443
28,1.0000,sit,80,8.504039
28,1.0000,sky,80,8.741707
28,1.0000,sleep,80,7.419269
28,1.0000,slow,80,8.348327
28,1.0000,snow,80,9.122707
28,1.0000,so,80,5.868159
28,1.0000,soap,80,8.713140
28,1.0000,soda,80,6.028705
28,1.0000,soft,80,8.295821
28,1.0000,some,80,5.186914
28,1.0000,stand,80,8.404197
28,1.0000,star,80,9.954378
28,1.0000,stay,80,7.630107
28,1.0000,stick,80,8.056000
28,1.0000,stone,80,8.610727
28,1.0000,stop,80,7.829146
28,1.0000,store,80,8.108872
28,1.0000,story,80,7.695357
28,1.0000,street,80,10.205699
28,1.0000,stuck,80,8.724885
28,1.0000,sun,80,7.597322
28,1.0000,swim,80,8.965120
28,1.0000,table,80,8.726349
28,1.0000,take,80,5.969316
28,1.0000,talk,80,7.848030
28,1.0000,tape,80,9.218583
28,1.0000,taste,80,7.117215
28,1.0000,teacher,80,7.574165
28,1.0000,that,80,3.620621
28,1.0000,the,80,2.394786
28,1.0000,their,80,4.169010
28,1.0000,them,80,4.675475
28,1.0000,then,80,5.970616
28,1.0000,there,80,5.387453
28,1.0000,these,80,5.539253
28,1.0000,they,80,4.183849
28,1.0000,think,80,4.783376
28,1.0000,this,80,4.814684
28,1.0000,those,80,6.329971
28,1.0000,throw,80,9.087006
28,1.0000,time,80,5.196499
28,1.0000,tiny,80,8.422797
28,1.0000,tissue,80,6.653518
28,1.0000,to,80,2.785891
28,1.0000,today,80,8.024570
28,1.0000,too,80,6.740038
28,1.0000,tooth,80,7.991520
28,1.0000,touch,80,7.962195
28,1.0000,train,80,9.171209
28,1.0000,tree,80,6.863800
28,1.0000,truck,80,8.995981
28,1.0000,try,80,9.465323
28,1.0000,turn,80,7.400088
28,1.0000,under,80,7.363379
28,1.0000,up,80,4.973589
28,1.0000,us,80,5.314553
28,1.0000,vacuum,80,8.684595
28,1.0000,wait,80,7.896605
28,1.0000,walk,80,8.441138
28,1.0000,was,80,4.613400
28,1.0000,wash,80,8.513677
28,1.0000,washing,80,9.326572
28,1.0000,watch,80,8.900140
28,1.0000,water,80,5.051606
28,1.0000,we,80,4.840347
28,1.0000,were,80,5.360395
28,1.0000,wet,80,9.334191
28,1.0000,what,80,5.299716
28,1.0000,when,80,5.887356
28,1.0000,where,80,6.583118
28,1.0000,which,80,4.798195
28,1.0000,white,80,7.370263
28,1.0000,who,80,4.841568
28,1.0000,why,80,5.467333
28,1.0000,will,80,4.699031
28,1.0000,wind,80,8.006156
28,1.0000,window,80,8.823903
28,1.0000,wish,80,7.550279
28,1.0000,with,80,3.840703
28,1.0000,work,80,6.507767
28,1.0000,would,80,5.445731
28,1.0000,write,80,7.726383
28,1.0000,yard,80,8.208777
28,1.0000,yellow,80,7.920505
28,1.0000,yes,80,8.489116
28,1.0000,you,80,3.079456
28,1.0000,your,80,3.768561
28,1.0000,yourself,80,6.626974
35,1.0000,a,80,3.001351
35,1.0000,about,80,4.845903
35,1.0000,above,80,7.363707
35,1.0000,after,80,7.582407
35,1.0000,all,80,5.871418
35,1.0000,am,80,6.122695
35,1.0000,and,80,3.387743
35,1.0000,animal,80,7.051367
35,1.0000,another,80,6.859871
35,1.0000,any,80,5.340280
35,1.0000,are,80,2.885150
35,1.0000,arm,80,8.224634
35,1.0000,around,80,6.615420
35,1.0000,at,80,5.366840
35,1.0000,away,80,6.125356
35,1.0000,baby,80,6.997507
35,1.0000,back,80,6.378146
35,1.0000,bad,80,7.319497
35,1.0000,ball,80,7.156326
35,1.0000,bat,80,9.541969
35,1.0000,bath,80,7.550869
35,1.0000,be,80,2.594407
35,1.0000,beach,80,8.750057
35,1.0000,beans,80,7.177808
35,1.0000,bear,80,8.130998
35,1.0000,because,80,6.161403
35,1.0000,bed,80,7.773229
35,1.0000,bee,80,9.050179
35,1.0000,before,80,6.727833
35,1.0000,behind,80,7.206192
35,1.0000,belt,80,8.668103
35,1.0000,better,80,6.450099
35,1.0000,big,80,7.262154
35,1.0000,bird,80,8.221270
35,1.0000,bite,80,7.831278
35,1.0000,black,80,7.274674
35,1.0000,block,80,8.937591
35,1.0000,blow,80,9.844172
35,1.0000,blue,80,7.237845
35,1.0000,boat,80,8.216458
35,1.0000,book,80,6.419819
35,1.0000,bottle,80,8.096696
35,1.0000,bowl,80,8.071318
35,1.0000,box,80,8.267502
35,1.0000,bread,80,8.750709
35,1.0000,break,80,7.461769
35,1.0000,bring,80,7.086999
35,1.0000,broken,80,8.202194
35,1.0000,brown,80,6.381699
35,1.0000,brush,80,7.880434
35,1.0000,build,80,7.612732
35,1.0000,bus,80,9.169401
35,1.0000,but,80,4.594140
35,1.0000,butter,80,6.568437
35,1.0000,button,80,7.725502
35,1.0000,buy,80,6.766954
35,1.0000,by,80,4.144472
35,1.0000,cake,80,8.502513
35,1.0000,call,80,7.840718
35,1.0000,camera,80,5.952232
35,1.0000,can,80,3.735258
35,1.0000,car,80,5.691089
35,1.0000,careful,80,6.901697
35,1.0000,carry,80,7.788820
35,1.0000,cat,80,6.985968
35,1.0000,catch,80,8.367286
35,1.0000,chair,80,8.546819
35,1.0000,cheese,80,7.505544
35,1.0000,chicken,80,7.040973
35,1.0000,child,80,5.617884
35,1.0000,chocolate,80,8.024894
35,1.0000,clean,80,5.945756
35,1.0000,clock,80,9.961793
35,1.0000,close,80,7.497847
35,1.0000,cloud,80,8.883608
35,1.0000,coat,80,8.272672
35,1.0000,coffee,80,8.370959
35,1.0000,cold,80,6.580918
35,1.0000,comb,80,8.549610
35,1.0000,cook,80,7.912978
35,1.0000,corn,80,9.236278
35,1.0000,could,80,5.591237
35,1.0000,country,80,7.068307
35,1.0000,cover,80,7.790889
35,1.0000,cow,80,9.973593
35,1.0000,cry,80,9.966307
35,1.0000,cup,80,6.615057
35,1.0000,cut,80,7.513365
35,1.0000,dark,80,7.871721
35,1.0000,day,80,5.382649
35,1.0000,deer,80,10.124720
35,1.0000,did,80,6.644474
35,1.0000,dish,80,6.567977
35,1.0000,do,80,4.627389
35,1.0000,doctor,80,5.870084
35,1.0000,does,80,5.148204
35,1.0000,dog,80,5.078793
35,1.0000,doll,80,9.084431
35,1.0000,door,80,7.442269
35,1.0000,down,80,5.294289
35,1.0000,draw,80,6.577877
35,1.0000,dress,80,8.447986
35,1.0000,drink,80,7.628993
35,1.0000,drive,80,8.454687
35,1.0000,drop,80,8.643752
35,1.0000,dry,80,6.633938
35,1.0000,each,80,6.316941
35,1.0000,ear,80,7.025261
35,1.0000,eat,80,5.920938
35,1.0000,egg,80,7.902009
35,1.0000,empty,80,8.353179
35,1.0000,every,80,6.984030
35,1.0000,eye,80,6.047850
35,1.0000,face,80,8.017080
35,1.0000,fall,80,8.000576
35,1.0000,farm,80,8.230039
35,1.0000,fast,80,8.108801
35,1.0000,feed,80,7.323815
35,1.0000,find,80,5.236905
35,1.0000,fine,80,7.748685
35,1.0000,finger,80,9.108631
35,1.0000,finish,80,8.280509
35,1.0000,first,80,6.197862
35,1.0000,fish,80,6.533470
35,1.0000,fit,80,7.564107
35,1.0000,fix,80,8.911978
35,1.0000,flower,80,9.094979
35,1.0000,food,80,5.692571
35,1.0000,foot,80,7.505684
35,1.0000,for,80,4.012549
35,1.0000,friend,80,6.458621
35,1.0000,full,80,7.435512
35,1.0000,game,80,6.875497
35,1.0000,garden,80,5.703842
35,1.0000,gas,80,5.077638
35,1.0000,gentle,80,9.525065
35,1.0000,get,80,4.764082
35,1.0000,give,80,5.958566
35,1.0000,glass,80,7.822257
35,1.0000,glasses,80,9.134559
35,1.0000,go,80,6.387535
35,1.0000,good,80,5.739461
35,1.0000,grass,80,7.060542
35,1.0000,green,80,7.304329
35,1.0000,gum,80,9.562641
35,1.0000,hair,80,8.427773
35,1.0000,hand,80,5.990033
35,1.0000,happy,80,7.554235
35,1.0000,hard,80,6.737623
35,1.0000,have,80,4.266394
35,1.0000,he,80,5.467586
35,1.0000,head,80,7.565907
35,1.0000,hear,80,6.570166
35,1.0000,heavy,80,8.108947
35,1.0000,help,80,4.172309
35,1.0000,her,80,5.626596
35,1.0000,here,80,7.262049
35,1.0000,high,80,6.562065
35,1.0000,him,80,5.962999
35,1.0000,his,80,5.469058
35,1.0000,hit,80,8.025691
35,1.0000,hold,80,7.305644
35,1.0000,home,80,6.837125
35,1.0000,horse,80,6.483608
35,1.0000,hot,80,6.807683
35,1.0000,house,80,7.863848
35,1.0000,how,80,4.579032
35,1.0000,hurt,80,8.971296
35,1.0000,i,80,7.643223
35,1.0000,ice,80,6.994508
35,1.0000,if,80,5.045810
35,1.0000,inside,80,7.311884
35,1.0000,into,80,4.646899
35,1.0000,is,80,2.920247
35,1.0000,it,80,3.803442
35,1.0000,juice,80,5.506383
35,1.0000,jump,80,9.796037
35,1.0000,kitchen,80,7.358246
35,1.0000,knife,80,7.016912
35,1.0000,last,80,7.786295
35,1.0000,later,80,8.136719
35,1.0000,lawn,80,9.072878
35,1.0000,leg,80,8.344299
35,1.0000,light,80,5.979136
35,1.0000,like,80,4.884485
35,1.0000,listen,80,7.913270
35,1.0000,little,80,6.092507
35,1.0000,living,80,7.474167
35,1.0000,long,80,6.387172
35,1.0000,look,80,6.122865
35,1.0000,loud,80,9.382464
35,1.0000,love,80,6.800890
35,1.0000,make,80,5.223408
35,1.0000,man,80,7.605888
35,1.0000,me,80,7.367255
35,1.0000,meat,80,7.561532
35,1.0000,medicine,80,8.296055
35,1.0000,milk,80,6.476923
35,1.0000,mine,80,9.107676
35,1.0000,money,80,6.398017
35,1.0000,moon,80,9.034030
35,1.0000,more,80,4.971733
35,1.0000,morning,80,6.897709
35,1.0000,mouse,80,9.799890
35,1.0000,mouth,80,6.602677
35,1.0000,movie,80,8.401844
35,1.0000,much,80,4.705325
35,1.0000,my,80,5.840693
35,1.0000,myself,80,7.385010
35,1.0000,need,80,4.956094
35,1.0000,new,80,6.262431
35,1.0000,next,80,7.087452
35,1.0000,nice,80,6.844317
35,1.0000,night,80,6.872887
35,1.0000,no,80,5.817451
35,1.0000,none,80,8.905470
35,1.0000,nose,80,7.805684
35,1.0000,not,80,3.921277
35,1.0000,now,80,6.507623
35,1.0000,nuts,80,8.348913
35,1.0000,of,80,2.084948
35,1.0000,off,80,6.505046
35,1.0000,old,80,6.311298
35,1.0000,on,80,3.966437
35,1.0000,open,80,7.660770
35,1.0000,orange,80,7.406509
35,1.0000,other,80,5.396396
35,1.0000,our,80,5.198622
35,1.0000,out,80,4.934443
35,1.0000,outside,80,8.168276
35,1.0000,oven,80,8.239074
35,1.0000,over,80,6.755782
35,1.0000,paint,80,7.358055
35,1.0000,paper,80,6.783850
35,1.0000,park,80,8.875947
35,1.0000,party,80,9.138012
35,1.0000,pen,80,8.451399
35,1.0000,people,80,5.020419
35,1.0000,person,80,6.722726
35,1.0000,pick,80,8.997130
35,1.0000,picture,80,7.483012
35,1.0000,pig,80,6.614015
35,1.0000,plant,80,6.034718
35,1.0000,plate,80,9.610023
35,1.0000,play,80,7.550162
35,1.0000,please,80,7.159029
35,1.0000,pool,80,6.610591
35,1.0000,poor,80,8.155028
35,1.0000,present,80,7.423487
35,1.0000,pretty,80,7.194772
35,1.0000,pull,80,8.027074
35,1.0000,puppy,80,7.015905
35,1.0000,push,80,8.531079
35,1.0000,put,80,6.718379
35,1.0000,quiet,80,9.260391
35,1.0000,radio,80,9.186468
35,1.0000,rain,80,7.068601
35,1.0000,read,80,7.718909
35,1.0000,red,80,6.853892
35,1.0000,ride,80,8.250439
35,1.0000,rock,80,7.591312
35,1.0000,roof,80,6.508901
35,1.0000,room,80,7.342443
35,1.0000,run,80,7.890139
35,1.0000,salt,80,7.354499
35,1.0000,same,80,5.203736
35,1.0000,sauce,80,6.516015
35,1.0000,say,80,5.918010
35,1.0000,school,80,5.224848
35,1.0000,see,80,5.230064
35,1.0000,share,80,7.267726
35,1.0000,she,80,5.039985
35,1.0000,shopping,80,8.725986
35,1.0000,show,80,7.336405
35,1.0000,shower,80,8.314415
35,1.0000,sick,80,7.943529
35,1.0000,sing,80,9.879021
35,1.0000,sit,80,8.341342
35,1.0000,sky,80,8.948738
35,1.0000,sleep,80,7.041581
35,1.0000,slow,80,8.236975
35,1.0000,snow,80,8.422761
35,1.0000,so,80,5.776512
35,1.0000,soap,80,7.123531
35,1.0000,soda,80,6.146523
35,1.0000,soft,80,7.546694
35,1.0000,some,80,5.138447
35,1.0000,stand,80,8.255506
35,1.0000,star,80,8.604359
35,1.0000,stay,80,7.300440
35,1.0000,stick,80,8.127772
35,1.0000,stone,80,7.985598
35,1.0000,stop,80,7.289716
35,1.0000,store,80,7.829343
35,1.0000,story,80,6.947689
35,1.0000,street,80,9.632135
35,1.0000,stuck,80,7.923647
35,1.0000,sun,80,7.467872
35,1.0000,swim,80,9.357850
35,1.0000,table,80,7.881409
35,1.0000,take,80,5.667211
35,1.0000,talk,80,7.366393
35,1.0000,tape,80,8.885134
35,1.0000,taste,80,8.209603
35,1.0000,teacher,80,6.752030
35,1.0000,that,80,3.694855
35,1.0000,the,80,2.732035
35,1.0000,their,80,4.559538
35,1.0000,them,80,4.727856
35,1.0000,then,80,5.708748
35,1.0000,there,80,5.342682
35,1.0000,these,80,5.293683
35,1.0000,they,80,4.336276
35,1.0000,think,80,4.340614
35,1.0000,this,80,4.898516
35,1.0000,those,80,6.358950
35,1.0000,throw,80,8.224992
35,1.0000,time,80,4.953111
35,1.0000,tiny,80,7.596390
35,1.0000,tissue,80,5.972716
35,1.0000,to,80,2.979732
35,1.0000,today,80,7.731947
35,1.0000,too,80,6.594077
35,1.0000,tooth,80,7.134132
35,1.0000,touch,80,7.917957
35,1.0000,train,80,9.011115
35,1.0000,tree,80,6.613650
35,1.0000,truck,80,8.548928
35,1.0000,try,80,9.269738
35,1.0000,turn,80,7.424279
35,1.0000,under,80,7.238474
35,1.0000,up,80,5.020301
35,1.0000,us,80,5.268694
35,1.0000,vacuum,80,8.848746
35,1.0000,wait,80,7.271751
35,1.0000,walk,80,8.540310
35,1.0000,was,80,4.628101
35,1.0000,wash,80,8.431393
35,1.0000,washing,80,8.589477
35,1.0000,watch,80,8.483739
35,1.0000,water,80,5.024810
35,1.0000,we,80,4.499821
35,1.0000,were,80,5.316128
35,1.0000,wet,80,8.211752
35,1.0000,what,80,5.156811
35,1.0000,when,80,6.209489
35,1.0000,where,80,6.265123
35,1.0000,which,80,4.793530
35,1.0000,white,80,6.710484
35,1.0000,who,80,4.640773
35,1.0000,why,80,4.660130
35,1.0000,will,80,4.481918
35,1.0000,wind,80,7.373120
35,1.0000,window,80,8.811894
35,1.0000,wish,80,7.044699
35,1.0000,with,80,3.930898
35,1.0000,work,80,6.340591
35,1.0000,would,80,5.359214
35,1.0000,write,80,7.395094
35,1.0000,yard,80,7.816644
35,1.0000,yellow,80,6.706530
35,1.0000,yes,80,8.007255
35,1.0000,you,80,3.023601
35,1.0000,your,80,3.697500
35,1.0000,yourself,80,6.003572
43,1.0000,a,80,2.825749
43,1.0000,about,80,4.232506
43,1.0000,above,80,7.285185
43,1.0000,after,80,7.033829
43,1.0000,all,80,5.937772
43,1.0000,am,80,6.172352
43,1.0000,and,80,2.898387
43,1.0000,animal,80,6.853104
43,1.0000,another,80,6.673062
43,1.0000,any,80,4.879073
43,1.0000,are,80,2.888145
43,1.0000,arm,80,7.570616
43,1.0000,around,80,6.296447
43,1.0000,at,80,4.982634
43,1.0000,away,80,5.997559
43,1.0000,baby,80,6.575766
43,1.0000,back,80,6.095696
43,1.0000,bad,80,7.373477
43,1.0000,ball,80,6.838618
43,1.0000,bat,80,10.883860
43,1.0000,bath,80,7.787829
43,1.0000,be,80,2.332336
43,1.0000,beach,80,8.616306
43,1.0000,beans,80,6.243571
43,1.0000,bear,80,8.333254
43,1.0000,because,80,5.772347
43,1.0000,bed,80,6.748855
43,1.0000,bee,80,8.914882
43,1.0000,before,80,6.307010
43,1.0000,behind,80,6.897988
43,1.0000,belt,80,9.396463
43,1.0000,better,80,6.379799
43,1.0000,big,80,7.475041
43,1.0000,bird,80,8.045034
43,1.0000,bite,80,7.676866
43,1.0000,black,80,7.236053
43,1.0000,block,80,8.317931
43,1.0000,blow,80,9.143430
43,1.0000,blue,80,8.302644
43,1.0000,boat,80,9.211627
43,1.0000,book,80,5.460588
43,1.0000,bottle,80,8.057040
43,1.0000,bowl,80,6.250854
43,1.0000,box,80,7.844794
43,1.0000,bread,80,8.482317
43,1.0000,break,80,7.476692
43,1.0000,bring,80,6.958003
43,1.0000,broken,80,9.180984
43,1.0000,brown,80,6.751774
43,1.0000,brush,80,7.468048
43,1.0000,build,80,7.838115
43,1.0000,bus,80,8.434643
43,1.0000,but,80,4.050611
43,1.0000,butter,80,7.994225
43,1.0000,button,80,7.202888
43,1.0000,buy,80,6.390504
43,1.0000,by,80,3.722703
43,1.0000,cake,80,8.351986
43,1.0000,call,80,7.446030
43,1.0000,camera,80,5.314472
43,1.0000,can,80,3.434326
43,1.0000,car,80,5.121715
43,1.0000,careful,80,7.229426
43,1.0000,carry,80,7.679825
43,1.0000,cat,80,6.834733
43,1.0000,catch,80,8.188043
43,1.0000,chair,80,7.363805
43,1.0000,cheese,80,7.401247
43,1.0000,chicken,80,6.812841
43,1.0000,child,80,4.837053
43,1.0000,chocolate,80,7.283890
43,1.0000,clean,80,6.625445
43,1.0000,clock,80,9.124138
43,1.0000,close,80,7.154667
43,1.0000,cloud,80,9.231455
43,1.0000,coat,80,7.266670
43,1.0000,coffee,80,7.929840
43,1.0000,cold,80,6.865331
43,1.0000,comb,80,8.670551
43,1.0000,cook,80,8.620567
43,1.0000,corn,80,9.101707
43,1.0000,could,80,5.742409
43,1.0000,country,80,6.943170
43,1.0000,cover,80,7.499087
43,1.0000,cow,80,9.483990
43,1.0000,cry,80,9.712304
43,1.0000,cup,80,5.838369
43,1.0000,cut,80,7.315595
43,1.0000,dark,80,7.713371
43,1.0000,day,80,5.113649
43,1.0000,deer,80,8.197317
43,1.0000,did,80,6.146009
43,1.0000,dish,80,7.438964
43,1.0000,do,80,4.437002
43,1.0000,doctor,80,6.332517
43,1.0000,does,80,4.651694
43,1.0000,dog,80,5.098353
43,1.0000,doll,80,10.113341
43,1.0000,door,80,7.073396
43,1.0000,down,80,5.146114
43,1.0000,draw,80,7.580222
43,1.0000,dress,80,8.860134
43,1.0000,drink,80,7.386662
43,1.0000,drive,80,7.440460
43,1.0000,drop,80,7.978315
43,1.0000,dry,80,7.098291
43,1.0000,each,80,6.141784
43,1.0000,ear,80,6.201312
43,1.0000,eat,80,5.554049
43,1.0000,egg,80,7.290910
43,1.0000,empty,80,9.643888
43,1.0000,every,80,6.658113
43,1.0000,eye,80,6.196153
43,1.0000,face,80,8.022107
43,1.0000,fall,80,7.409481
43,1.0000,farm,80,8.364208
43,1.0000,fast,80,8.122333
43,1.0000,feed,80,6.912450
43,1.0000,find,80,5.123154
43,1.0000,fine,80,7.780185
43,1.0000,finger,80,9.220121
43,1.0000,finish,80,7.682725
43,1.0000,first,80,5.632499
43,1.0000,fish,80,6.053723
43,1.0000,fit,80,7.498281
43,1.0000,fix,80,8.721526
43,1.0000,flower,80,8.685807
43,1.0000,food,80,5.955067
43,1.0000,foot,80,7.750645
43,1.0000,for,80,3.626802
43,1.0000,friend,80,6.387765
43,1.0000,full,80,7.340758
43,1.0000,game,80,6.735335
43,1.0000,garden,80,6.081401
43,1.0000,gas,80,5.682725
43,1.0000,gentle,80,9.166477
43,1.0000,get,80,4.439066
43,1.0000,give,80,5.960691
43,1.0000,glass,80,8.128445
43,1.0000,glasses,80,8.306497
43,1.0000,go,80,6.085743
43,1.0000,good,80,5.738213
43,1.0000,grass,80,8.138411
43,1.0000,green,80,7.634892
43,1.0000,gum,80,8.849228
43,1.0000,hair,80,7.501616
43,1.0000,hand,80,6.212276
43,1.0000,happy,80,6.918844
43,1.0000,hard,80,7.021772
43,1.0000,have,80,4.218645
43,1.0000,he,80,5.806146
43,1.0000,head,80,7.411044
43,1.0000,hear,80,6.759635
43,1.0000,heavy,80,7.992468
43,1.0000,help,80,3.766537
43,1.0000,her,80,5.607890
43,1.0000,here,80,7.047378
43,1.0000,high,80,6.285668
43,1.0000,him,80,6.435194
43,1.0000,his,80,5.908432
43,1.0000,hit,80,7.797430
43,1.0000,hold,80,7.774235
43,1.0000,home,80,6.266859
43,1.0000,horse,80,8.042773
43,1.0000,hot,80,7.095602
43,1.0000,house,80,7.866327
43,1.0000,how,80,4.290043
43,1.0000,hurt,80,8.748396
43,1.0000,i,80,7.937770
43,1.0000,ice,80,7.005452
43,1.0000,if,80,4.841286
43,1.0000,inside,80,7.692135
43,1.0000,into,80,4.340517
43,1.0000,is,80,3.014335
43,1.0000,it,80,3.738969
43,1.0000,juice,80,6.259089
43,1.0000,jump,80,9.050615
43,1.0000,kitchen,80,7.742454
43,1.0000,knife,80,8.240756
43,1.0000,last,80,7.588754
43,1.0000,later,80,7.924588
43,1.0000,lawn,80,8.226900
43,1.0000,leg,80,8.410316
43,1.0000,light,80,5.273291
43,1.0000,like,80,4.575575
43,1.0000,listen,80,8.609794
43,1.0000,little,80,6.157393
43,1.0000,living,80,7.553593
43,1.0000,long,80,6.007095
43,1.0000,look,80,6.049513
43,1.0000,loud,80,8.898245
43,1.0000,love,80,6.416518
43,1.0000,make,80,5.336027
43,1.0000,man,80,7.521921
43,1.0000,me,80,7.110928
43,1.0000,meat,80,7.430711
43,1.0000,medicine,80,8.664849
43,1.0000,milk,80,6.756962
43,1.0000,mine,80,9.957356
43,1.0000,money,80,5.944916
43,1.0000,moon,80,7.932656
43,1.0000,more,80,4.800959
43,1.0000,morning,80,6.847052
43,1.0000,mouse,80,9.188390
43,1.0000,mouth,80,6.491635
43,1.0000,movie,80,8.799060
43,1.0000,much,80,5.070131
43,1.0000,my,80,6.066788
43,1.0000,myself,80,7.154886
43,1.0000,need,80,4.708488
43,1.0000,new,80,6.303311
43,1.0000,next,80,6.749112
43,1.0000,nice,80,7.227781
43,1.0000,night,80,6.197328
43,1.0000,no,80,5.712996
43,1.0000,none,80,8.858462
43,1.0000,nose,80,6.602288
43,1.0000,not,80,3.781753
43,1.0000,now,80,6.563731
43,1.0000,nuts,80,9.229659
43,1.0000,of,80,2.061109
43,1.0000,off,80,6.104409
43,1.0000,old,80,6.169200
43,1.0000,on,80,3.805181
43,1.0000,open,80,7.422165
43,1.0000,orange,80,8.080394
43,1.0000,other,80,5.514378
43,1.0000,our,80,5.366652
43,1.0000,out,80,4.808594
43,1.0000,outside,80,8.065311
43,1.0000,oven,80,7.716916
43,1.0000,over,80,6.560732
43,1.0000,paint,80,8.111640
43,1.0000,paper,80,7.106881
43,1.0000,park,80,8.399938
43,1.0000,party,80,8.066763
43,1.0000,pen,80,8.894084
43,1.0000,people,80,5.196168
43,1.0000,person,80,6.665233
43,1.0000,pick,80,8.334884
43,1.0000,picture,80,7.372150
43,1.0000,pig,80,8.724561
43,1.0000,plant,80,5.642023
43,1.0000,plate,80,9.157460
43,1.0000,play,80,7.352948
43,1.0000,please,80,6.784986
43,1.0000,pool,80,6.426579
43,1.0000,poor,80,8.518950
43,1.0000,present,80,7.285527
43,1.0000,pretty,80,7.191710
43,1.0000,pull,80,8.064445
43,1.0000,puppy,80,6.895806
43,1.0000,push,80,8.336522
43,1.0000,put,80,6.684035
43,1.0000,quiet,80,9.058378
43,1.0000,radio,80,8.576164
43,1.0000,rain,80,7.678038
43,1.0000,read,80,6.680355
43,1.0000,red,80,6.863084
43,1.0000,ride,80,9.049033
43,1.0000,rock,80,7.980921
43,1.0000,roof,80,6.214851
43,1.0000,room,80,7.187999
43,1.0000,run,80,7.652176
43,1.0000,salt,80,7.397578
43,1.0000,same,80,4.892639
43,1.0000,sauce,80,6.431990
43,1.0000,say,80,5.921811
43,1.0000,school,80,5.216794
43,1.0000,see,80,4.913809
43,1.0000,share,80,7.101161
43,1.0000,she,80,5.359718
43,1.0000,shopping,80,9.707670
43,1.0000,show,80,7.193860
43,1.0000,shower,80,8.958625
43,1.0000,sick,80,8.862004
43,1.0000,sing,80,10.221867
43,1.0000,sit,80,7.728299
43,1.0000,sky,80,8.377555
43,1.0000,sleep,80,6.112157
43,1.0000,slow,80,7.890766
43,1.0000,snow,80,7.489330
43,1.0000,so,80,5.785224
43,1.0000,soap,80,7.307775
43,1.0000,soda,80,4.619027
43,1.0000,soft,80,8.111748
43,1.0000,some,80,5.138240
43,1.0000,stand,80,8.465816
43,1.0000,star,80,8.820426
43,1.0000,stay,80,7.002924
43,1.0000,stick,80,8.407149
43,1.0000,stone,80,7.932205
43,1.0000,stop,80,7.157613
43,1.0000,store,80,6.983230
43,1.0000,story,80,6.478901
43,1.0000,street,80,8.790939
43,1.0000,stuck,80,8.327434
43,1.0000,sun,80,7.230788
43,1.0000,swim,80,9.267728
43,1.0000,table,80,8.236355
43,1.0000,take,80,5.504783
43,1.0000,talk,80,7.043581
43,1.0000,tape,80,8.916861
43,1.0000,taste,80,7.050887
43,1.0000,teacher,80,7.078371
43,1.0000,that,80,3.460201
43,1.0000,the,80,2.652535
43,1.0000,their,80,4.201975
43,1.0000,them,80,4.682203
43,1.0000,then,80,5.505081
43,1.0000,there,80,5.531744
43,1.0000,these,80,5.587184
43,1.0000,they,80,4.222166
43,1.0000,think,80,4.527822
43,1.0000,this,80,4.804815
43,1.0000,those,80,6.582972
43,1.0000,throw,80,8.661934
43,1.0000,time,80,4.123910
43,1.0000,tiny,80,8.997398
43,1.0000,tissue,80,5.780529
43,1.0000,to,80,2.485967
43,1.0000,today,80,7.791275
43,1.0000,too,80,6.652886
43,1.0000,tooth,80,5.994403
43,1.0000,touch,80,7.946225
43,1.0000,train,80,7.855816
43,1.0000,tree,80,6.688580
43,1.0000,truck,80,8.023620
43,1.0000,try,80,8.904658
43,1.0000,turn,80,7.361517
43,1.0000,under,80,6.955797
43,1.0000,up,80,4.781989
43,1.0000,us,80,5.043435
43,1.0000,vacuum,80,8.451389
43,1.0000,wait,80,7.512775
43,1.0000,walk,80,8.011203
43,1.0000,was,80,4.650716
43,1.0000,wash,80,7.601309
43,1.0000,washing,80,8.307797
43,1.0000,watch,80,7.596224
43,1.0000,water,80,4.717164
43,1.0000,we,80,5.077269
43,1.0000,were,80,5.344538
43,1.0000,wet,80,8.789720
43,1.0000,what,80,5.179203
43,1.0000,when,80,5.683817
43,1.0000,where,80,6.106675
43,1.0000,which,80,4.663534
43,1.0000,white,80,6.851891
43,1.0000,who,80,4.638495
43,1.0000,why,80,4.688499
43,1.0000,will,80,4.062386
43,1.0000,wind,80,7.154099
43,1.0000,window,80,8.440283
43,1.0000,wish,80,7.958095
43,1.0000,with,80,3.263053
43,1.0000,work,80,5.948965
43,1.0000,would,80,4.952960
43,1.0000,write,80,6.889464
43,1.0000,yard,80,6.420642
43,1.0000,yellow,80,6.993737
43,1.0000,yes,80,7.897196
43,1.0000,you,80,2.843659
43,1.0000,your,80,3.421488
43,1.0000,yourself,80,5.841483
53,1.0000,a,80,2.460582
53,1.0000,about,80,4.315586
53,1.0000,above,80,6.771742
53,1.0000,after,80,7.155063
53,1.0000,all,80,5.615850
53,1.0000,am,80,6.206128
53,1.0000,and,80,2.673806
53,1.0000,animal,80,5.991734
53,1.0000,another,80,5.999482
53,1.0000,any,80,4.938213
53,1.0000,are,80,3.052042
53,1.0000,arm,80,7.736259
53,1.0000,around,80,6.065005
53,1.0000,at,80,5.109115
53,1.0000,away,80,5.644623
53,1.0000,baby,80,6.267635
53,1.0000,back,80,5.829068
53,1.0000,bad,80,7.588404
53,1.0000,ball,80,6.857034
53,1.0000,bat,80,9.715825
53,1.0000,bath,80,6.965123
53,1.0000,be,80,2.480151
53,1.0000,beach,80,7.295591
53,1.0000,beans,80,6.762278
53,1.0000,bear,80,7.417595
53,1.0000,because,80,5.855309
53,1.0000,bed,80,6.077874
53,1.0000,bee,80,7.104108
53,1.0000,before,80,6.269248
53,1.0000,behind,80,6.881334
53,1.0000,belt,80,8.903962
53,1.0000,better,80,5.828853
53,1.0000,big,80,6.722242
53,1.0000,bird,80,7.272514
53,1.0000,bite,80,7.131209
53,1.0000,black,80,7.058041
53,1.0000,block,80,8.801104
53,1.0000,blow,80,8.762724
53,1.0000,blue,80,7.145287
53,1.0000,boat,80,8.209461
53,1.0000,book,80,6.047141
53,1.0000,bottle,80,8.506289
53,1.0000,bowl,80,7.006083
53,1.0000,box,80,7.780565
53,1.0000,bread,80,7.107253
53,1.0000,break,80,7.447453
53,1.0000,bring,80,6.891383
53,1.0000,broken,80,9.047341
53,1.0000,brown,80,5.926035
53,1.0000,brush,80,6.443886
53,1.0000,build,80,7.170284
53,1.0000,bus,80,8.315448
53,1.0000,but,80,3.767362
53,1.0000,butter,80,6.663515
53,1.0000,button,80,6.766602
53,1.0000,buy,80,6.049717
53,1.0000,by,80,3.683521
53,1.0000,cake,80,8.033688
53,1.0000,call,80,7.901474
53,1.0000,camera,80,5.095773
53,1.0000,can,80,3.272190
53,1.0000,car,80,4.573749
53,1.0000,careful,80,6.764029
53,1.0000,carry,80,7.489318
53,1.0000,cat,80,6.349695
53,1.0000,catch,80,8.108262
53,1.0000,chair,80,8.703718
53,1.0000,cheese,80,6.474415
53,1.0000,chicken,80,7.841657
53,1.0000,child,80,5.070535
53,1.0000,chocolate,80,8.188037
53,1.0000,clean,80,5.663013
53,1.0000,clock,80,8.952255
53,1.0000,close,80,6.941068
53,1.0000,cloud,80,9.289733
53,1.0000,coat,80,6.598828
53,1.0000,coffee,80,8.331732
53,1.0000,cold,80,6.135814
53,1.0000,comb,80,8.170704
53,1.0000,cook,80,7.052298
53,1.0000,corn,80,8.308390
53,1.0000,could,80,5.745392
53,1.0000,country,80,6.674858
53,1.0000,cover,80,7.485676
53,1.0000,cow,80,9.354298
53,1.0000,cry,80,10.077929
53,1.0000,cup,80,6.554736
53,1.0000,cut,80,7.424977
53,1.0000,dark,80,7.159579
53,1.0000,day,80,4.614377
53,1.0000,deer,80,8.772784
53,1.0000,did,80,5.968487
53,1.0000,dish,80,6.857701
53,1.0000,do,80,4.435373
53,1.0000,doctor,80,5.482916
53,1.0000,does,80,4.380063
53,1.0000,dog,80,4.980069
53,1.0000,doll,80,9.386256
53,1.0000,door,80,7.044403
53,1.0000,down,80,4.834986
53,1.0000,draw,80,6.830476
53,1.0000,dress,80,8.640530
53,1.0000,drink,80,7.456517
53,1.0000,drive,80,7.122075
53,1.0000,drop,80,8.537303
53,1.0000,dry,80,6.693516
53,1.0000,each,80,5.836970
53,1.0000,ear,80,6.090426
53,1.0000,eat,80,5.252539
53,1.0000,egg,80,6.195391
53,1.0000,empty,80,9.161988
53,1.0000,every,80,6.565432
53,1.0000,eye,80,5.972239
53,1.0000,face,80,7.810556
53,1.0000,fall,80,7.505045
53,1.0000,farm,80,8.281350
53,1.0000,fast,80,7.821044
53,1.0000,feed,80,7.114077
53,1.0000,find,80,4.977591
53,1.0000,fine,80,7.539882
53,1.0000,finger,80,8.448833
53,1.0000,finish,80,7.412449
53,1.0000,first,80,5.423969
53,1.0000,fish,80,5.752008
53,1.0000,fit,80,7.849848
53,1.0000,fix,80,7.618202
53,1.0000,flower,80,8.050628
53,1.0000,food,80,5.363710
53,1.0000,foot,80,7.143747
53,1.0000,for,80,3.374106
53,1.0000,friend,80,6.411605
53,1.0000,full,80,7.514285
53,1.0000,game,80,6.178204
53,1.0000,garden,80,6.445481
53,1.0000,gas,80,4.568911
53,1.0000,gentle,80,8.670368
53,1.0000,get,80,4.677325
53,1.0000,give,80,6.114935
53,1.0000,glass,80,7.505472
53,1.0000,glasses,80,8.124504
53,1.0000,go,80,5.814759
53,1.0000,good,80,5.511580
53,1.0000,grass,80,7.878357
53,1.0000,green,80,7.275683
53,1.0000,gum,80,9.351134
53,1.0000,hair,80,7.632103
53,1.0000,hand,80,5.712163
53,1.0000,happy,80,6.652829
53,1.0000,hard,80,6.970487
53,1.0000,have,80,4.138016
53,1.0000,he,80,5.635611
53,1.0000,head,80,6.985922
53,1.0000,hear,80,6.785152
53,1.0000,heavy,80,8.300677
53,1.0000,help,80,3.619510
53,1.0000,her,80,5.186908
53,1.0000,here,80,6.632026
53,1.0000,high,80,6.053008
53,1.0000,him,80,5.744290
53,1.0000,his,80,5.421562
53,1.0000,hit,80,7.686311
53,1.0000,hold,80,7.196591
53,1.0000,home,80,5.972193
53,1.0000,horse,80,7.085038
53,1.0000,hot,80,7.068287
53,1.0000,house,80,7.088951
53,1.0000,how,80,3.831885
53,1.0000,hurt,80,7.904906
53,1.0000,i,80,8.228418
53,1.0000,ice,80,6.545803
53,1.0000,if,80,4.642119
53,1.0000,inside,80,7.019030
53,1.0000,into,80,3.778981
53,1.0000,is,80,2.807038
53,1.0000,it,80,3.116713
53,1.0000,juice,80,5.540289
53,1.0000,jump,80,8.739956
53,1.0000,kitchen,80,6.876182
53,1.0000,knife,80,7.650164
53,1.0000,last,80,7.511881
53,1.0000,later,80,7.879074
53,1.0000,lawn,80,7.903754
53,1.0000,leg,80,8.856907
53,1.0000,light,80,4.712385
53,1.0000,like,80,4.765417
53,1.0000,listen,80,8.491278
53,1.0000,little,80,5.938690
53,1.0000,living,80,7.476260
53,1.0000,long,80,5.837433
53,1.0000,look,80,5.481625
53,1.0000,loud,80,7.663723
53,1.0000,love,80,6.564484
53,1.0000,make,80,5.390801
53,1.0000,man,80,7.718242
53,1.0000,me,80,6.962687
53,1.0000,meat,80,6.516188
53,1.0000,medicine,80,7.851555
53,1.0000,milk,80,6.944264
53,1.0000,mine,80,9.298109
53,1.0000,money,80,6.010911
53,1.0000,moon,80,7.057483
53,1.0000,more,80,4.488444
53,1.0000,morning,80,6.814171
53,1.0000,mouse,80,9.324403
53,1.0000,mouth,80,6.444593
53,1.0000,movie,80,7.599788
53,1.0000,much,80,4.585907
53,1.0000,my,80,5.568273
53,1.0000,myself,80,6.418874
53,1.0000,need,80,4.331997
53,1.0000,new,80,5.500728
53,1.0000,next,80,6.251702
53,1.0000,nice,80,6.493502
53,1.0000,night,80,5.927921
53,1.0000,no,80,5.864674
53,1.0000,none,80,9.315876
53,1.0000,nose,80,7.301395
53,1.0000,not,80,4.119093
53,1.0000,now,80,6.595616
53,1.0000,nuts,80,8.514027
53,1.0000,of,80,2.185116
53,1.0000,off,80,5.984609
53,1.0000,old,80,6.436262
53,1.0000,on,80,3.804613
53,1.0000,open,80,7.351608
53,1.0000,orange,80,7.852592
53,1.0000,other,80,4.738377
53,1.0000,our,80,4.645959
53,1.0000,out,80,4.048425
53,1.0000,outside,80,7.949268
53,1.0000,oven,80,6.652558
53,1.0000,over,80,6.552407
53,1.0000,paint,80,7.304355
53,1.0000,paper,80,6.593268
53,1.0000,park,80,7.790736
53,1.0000,party,80,8.549051
53,1.0000,pen,80,8.946527
53,1.0000,people,80,4.680970
53,1.0000,person,80,7.090815
53,1.0000,pick,80,8.675369
53,1.0000,picture,80,7.260662
53,1.0000,pig,80,8.321701
53,1.0000,plant,80,5.600403
53,1.0000,plate,80,8.254921
53,1.0000,play,80,7.153265
53,1.0000,please,80,6.861373
53,1.0000,pool,80,6.522754
53,1.0000,poor,80,8.633657
53,1.0000,present,80,7.269178
53,1.0000,pretty,80,6.377404
53,1.0000,pull,80,7.689340
53,1.0000,puppy,80,5.403671
53,1.0000,push,80,8.219297
53,1.0000,put,80,6.746225
53,1.0000,quiet,80,9.152535
53,1.0000,radio,80,9.216901
53,1.0000,rain,80,6.879065
53,1.0000,read,80,7.039061
53,1.0000,red,80,6.661757
53,1.0000,ride,80,7.859646
53,1.0000,rock,80,8.115562
53,1.0000,roof,80,5.558941
53,1.0000,room,80,6.308194
53,1.0000,run,80,7.888821
53,1.0000,salt,80,7.375916
53,1.0000,same,80,4.291763
53,1.0000,sauce,80,5.405624
53,1.0000,say,80,5.554654
53,1.0000,school,80,5.683188
53,1.0000,see,80,4.928609
53,1.0000,share,80,7.254856
53,1.0000,she,80,5.305091
53,1.0000,shopping,80,8.496251
53,1.0000,show,80,7.167708
53,1.0000,shower,80,7.660056
53,1.0000,sick,80,8.256680
53,1.0000,sing,80,9.334343
53,1.0000,sit,80,7.316771
53,1.0000,sky,80,7.970772
53,1.0000,sleep,80,5.655951
53,1.0000,slow,80,7.993077
53,1.0000,snow,80,7.560182
53,1.0000,so,80,5.811104
53,1.0000,soap,80,6.876560
53,1.0000,soda,80,5.837078
53,1.0000,soft,80,8.374921
53,1.0000,some,80,4.752933
53,1.0000,stand,80,7.627366
53,1.0000,star,80,9.650394
53,1.0000,stay,80,6.531672
53,1.0000,stick,80,8.086803
53,1.0000,stone,80,8.080778
53,1.0000,stop,80,7.459456
53,1.0000,store,80,6.490781
53,1.0000,story,80,7.061124
53,1.0000,street,80,8.393552
53,1.0000,stuck,80,7.478451
53,1.0000,sun,80,6.202076
53,1.0000,swim,80,8.994422
53,1.0000,table,80,8.176434
53,1.0000,take,80,5.662248
53,1.0000,talk,80,7.522351
53,1.0000,tape,80,8.468805
53,1.0000,taste,80,6.555620
53,1.0000,teacher,80,7.327306
53,1.0000,that,80,3.262739
53,1.0000,the,80,2.244788
53,1.0000,their,80,3.535801
53,1.0000,them,80,4.139924
53,1.0000,then,80,5.674420
53,1.0000,there,80,5.049911
53,1.0000,these,80,5.021039
53,1.0000,they,80,3.702789
53,1.0000,think,80,4.378287
53,1.0000,this,80,4.314484
53,1.0000,those,80,6.091087
53,1.0000,throw,80,9.079872
53,1.0000,time,80,3.716552
53,1.0000,tiny,80,7.821158
53,1.0000,tissue,80,5.291056
53,1.0000,to,80,2.344418
53,1.0000,today,80,7.467659
53,1.0000,too,80,6.493114
53,1.0000,tooth,80,5.497989
53,1.0000,touch,80,6.914490
53,1.0000,train,80,7.823044
53,1.0000,tree,80,5.326583
53,1.0000,truck,80,7.617829
53,1.0000,try,80,8.441981
53,1.0000,turn,80,6.527879
53,1.0000,under,80,7.017735
53,1.0000,up,80,4.564408
53,1.0000,us,80,4.255370
53,1.0000,vacuum,80,8.776064
53,1.0000,wait,80,7.881350
53,1.0000,walk,80,8.262258
53,1.0000,was,80,4.453128
53,1.0000,wash,80,7.673485
53,1.0000,washing,80,7.443679
53,1.0000,watch,80,8.003083
53,1.0000,water,80,4.692637
53,1.0000,we,80,4.415496
53,1.0000,were,80,4.918771
53,1.0000,wet,80,8.043615
53,1.0000,what,80,4.803813
53,1.0000,when,80,5.328590
53,1.0000,where,80,5.995893
53,1.0000,which,80,4.466688
53,1.0000,white,80,6.346752
53,1.0000,who,80,4.403777
53,1.0000,why,80,4.211319
53,1.0000,will,80,4.340777
53,1.0000,wind,80,6.899922
53,1.0000,window,80,8.438333
53,1.0000,wish,80,7.020303
53,1.0000,with,80,2.963787
53,1.0000,work,80,5.886136
53,1.0000,would,80,5.233809
53,1.0000,write,80,7.480922
53,1.0000,yard,80,7.619098
53,1.0000,yellow,80,6.605782
53,1.0000,yes,80,8.086896
53,1.0000,you,80,2.538721
53,1.0000,your,80,3.034754
53,1.0000,yourself,80,5.214323
66,1.0000,a,80,2.956169
66,1.0000,about,80,4.066424
66,1.0000,above,80,6.431400
66,1.0000,after,80,7.043995
66,1.0000,all,80,5.881452
66,1.0000,am,80,6.338470
66,1.0000,and,80,2.646355
66,1.0000,animal,80,5.719573
66,1.0000,another,80,6.276929
66,1.0000,any,80,4.942967
66,1.0000,are,80,2.752168
66,1.0000,arm,80,7.550166
66,1.0000,around,80,6.320573
66,1.0000,at,80,5.072528
66,1.0000,away,80,6.011715
66,1.0000,baby,80,5.933077
66,1.0000,back,80,5.783484
66,1.0000,bad,80,7.297895
66,1.0000,ball,80,6.455255
66,1.0000,bat,80,9.132089
66,1.0000,bath,80,6.691215
66,1.0000,be,80,2.029252
66,1.0000,beach,80,7.874962
66,1.0000,beans,80,5.921550
66,1.0000,bear,80,6.766976
66,1.0000,because,80,5.844703
66,1.0000,bed,80,5.776831
66,1.0000,bee,80,7.881102
66,1.0000,before,80,6.888007
66,1.0000,behind,80,7.086678
66,1.0000,belt,80,7.658601
66,1.0000,better,80,5.297637
66,1.0000,big,80,7.154350
66,1.0000,bird,80,7.009366
66,1.0000,bite,80,6.153435
66,1.0000,black,80,6.627586
66,1.0000,block,80,8.002512
66,1.0000,blow,80,8.364281
66,1.0000,blue,80,7.099756
66,1.0000,boat,80,8.067048
66,1.0000,book,80,5.862116
66,1.0000,bottle,80,7.123305
66,1.0000,bowl,80,6.905790
66,1.0000,box,80,7.800870
66,1.0000,bread,80,8.350258
66,1.0000,break,80,7.089244
66,1.0000,bring,80,6.787987
66,1.0000,broken,80,8.618056
66,1.0000,brown,80,6.178000
66,1.0000,brush,80,6.999926
66,1.0000,build,80,7.639951
66,1.0000,bus,80,8.447496
66,1.0000,but,80,3.612892
66,1.0000,butter,80,6.787975
66,1.0000,button,80,6.230506
66,1.0000,buy,80,5.939520
66,1.0000,by,80,3.859183
66,1.0000,cake,80,7.139666
66,1.0000,call,80,7.801703
66,1.0000,camera,80,5.263558
66,1.0000,can,80,3.211864
66,1.0000,car,80,4.378896
66,1.0000,careful,80,6.440638
66,1.0000,carry,80,7.968555
66,1.0000,cat,80,6.264735
66,1.0000,catch,80,7.968298
66,1.0000,chair,80,7.233315
66,1.0000,cheese,80,5.036446
66,1.0000,chicken,80,6.950674
66,1.0000,child,80,4.444634
66,1.0000,chocolate,80,6.410858
66,1.0000,clean,80,5.897893
66,1.0000,clock,80,8.487901
66,1.0000,close,80,7.185966
66,1.0000,cloud,80,8.650679
66,1.0000,coat,80,6.805896
66,1.0000,coffee,80,6.510173
66,1.0000,cold,80,6.149602
66,1.0000,comb,80,8.307446
66,1.0000,cook,80,7.561278
66,1.0000,corn,80,7.978236
66,1.0000,could,80,5.665784
66,1.0000,country,80,6.330702
66,1.0000,cover,80,8.054674
66,1.0000,cow,80,9.658178
66,1.0000,cry,80,8.678595
66,1.0000,cup,80,5.414496
66,1.0000,cut,80,7.675696
66,1.0000,dark,80,6.736819
66,1.0000,day,80,4.736558
66,1.0000,deer,80,8.606191
66,1.0000,did,80,5.667485
66,1.0000,dish,80,6.479662
66,1.0000,do,80,4.515336
66,1.0000,doctor,80,5.351932
66,1.0000,does,80,3.720520
66,1.0000,dog,80,3.847742
66,1.0000,doll,80,8.849789
66,1.0000,door,80,6.177498
66,1.0000,down,80,5.128840
66,1.0000,draw,80,6.538731
66,1.0000,dress,80,7.959960
66,1.0000,drink,80,7.407424
66,1.0000,drive,80,7.272160
66,1.0000,drop,80,8.058326
66,1.0000,dry,80,6.431920
66,1.0000,each,80,5.876941
66,1.0000,ear,80,6.057375
66,1.0000,eat,80,5.647274
66,1.0000,egg,80,5.610034
66,1.0000,empty,80,8.785982
66,1.0000,every,80,6.608810
66,1.0000,eye,80,5.658998
66,1.0000,face,80,7.510035
66,1.0000,fall,80,7.095023
66,1.0000,farm,80,7.686711
66,1.0000,fast,80,7.636162
66,1.0000,feed,80,7.023414
66,1.0000,find,80,5.703239
66,1.0000,fine,80,7.664293
66,1.0000,finger,80,8.340605
66,1.0000,finish,80,7.830655
66,1.0000,first,80,5.859156
66,1.0000,fish,80,5.641163
66,1.0000,fit,80,7.695996
66,1.0000,fix,80,8.026715
66,1.0000,flower,80,7.576809
66,1.0000,food,80,5.224958
66,1.0000,foot,80,6.975238
66,1.0000,for,80,3.721218
66,1.0000,friend,80,6.169091
66,1.0000,full,80,7.255206
66,1.0000,game,80,5.507989
66,1.0000,garden,80,5.647535
66,1.0000,gas,80,3.928862
66,1.0000,gentle,80,9.214586
66,1.0000,get,80,4.753472
66,1.0000,give,80,5.633332
66,1.0000,glass,80,6.945336
66,1.0000,glasses,80,6.987025
66,1.0000,go,80,6.110110
66,1.0000,good,80,5.488924
66,1.0000,grass,80,7.579208
66,1.0000,green,80,6.607261
66,1.0000,gum,80,7.088679
66,1.0000,hair,80,6.982099
66,1.0000,hand,80,5.663125
66,1.0000,happy,80,6.155641
66,1.0000,hard,80,6.700680
66,1.0000,have,80,3.935830
66,1.0000,he,80,5.008369
66,1.0000,head,80,6.798432
66,1.0000,hear,80,6.207217
66,1.0000,heavy,80,8.462625
66,1.0000,help,80,3.377080
66,1.0000,her,80,5.017257
66,1.0000,here,80,6.946426
66,1.0000,high,80,6.044120
66,1.0000,him,80,5.319481
66,1.0000,his,80,4.697473
66,1.0000,hit,80,7.391703
66,1.0000,hold,80,7.731757
66,1.0000,home,80,5.890326
66,1.0000,horse,80,6.022087
66,1.0000,hot,80,6.495417
66,1.0000,house,80,7.213658
66,1.0000,how,80,3.893774
66,1.0000,hurt,80,7.260516
66,1.0000,i,80,6.260607
66,1.0000,ice,80,6.632266
66,1.0000,if,80,4.895883
66,1.0000,inside,80,7.471704
66,1.0000,into,80,4.163288
66,1.0000,is,80,2.270228
66,1.0000,it,80,3.647390
66,1.0000,juice,80,5.242228
66,1.0000,jump,80,8.130681
66,1.0000,kitchen,80,6.233240
66,1.0000,knife,80,7.062788
66,1.0000,last,80,7.363171
66,1.0000,later,80,7.462394
66,1.0000,lawn,80,7.197461
66,1.0000,leg,80,8.397056
66,1.0000,light,80,4.557714
66,1.0000,like,80,4.490894
66,1.0000,listen,80,8.025274
66,1.0000,little,80,6.056999
66,1.0000,living,80,7.344629
66,1.0000,long,80,5.852936
66,1.0000,look,80,5.748750
66,1.0000,loud,80,7.493798
66,1.0000,love,80,5.947544
66,1.0000,make,80,5.397155
66,1.0000,man,80,7.750084
66,1.0000,me,80,6.575205
66,1.0000,meat,80,5.879959
66,1.0000,medicine,80,7.015864
66,1.0000,milk,80,6.363992
66,1.0000,mine,80,8.997399
66,1.0000,money,80,5.223168
66,1.0000,moon,80,6.770605
66,1.0000,more,80,4.436725
66,1.0000,morning,80,6.639956
66,1.0000,mouse,80,7.440904
66,1.0000,mouth,80,5.555353
66,1.0000,movie,80,7.040253
66,1.0000,much,80,4.536902
66,1.0000,my,80,5.560674
66,1.0000,myself,80,5.820111
66,1.0000,need,80,4.391711
66,1.0000,new,80,5.683550
66,1.0000,next,80,6.701245
66,1.0000,nice,80,7.196117
66,1.0000,night,80,5.636096
66,1.0000,no,80,5.399170
66,1.0000,none,80,8.420023
66,1.0000,nose,80,6.338108
66,1.0000,not,80,4.028551
66,1.0000,now,80,6.616433
66,1.0000,nuts,80,8.073560
66,1.0000,of,80,1.754350
66,1.0000,off,80,5.959976
66,1.0000,old,80,5.987725
66,1.0000,on,80,3.890888
66,1.0000,open,80,7.783405
66,1.0000,orange,80,7.769985
66,1.0000,other,80,4.515536
66,1.0000,our,80,4.661960
66,1.0000,out,80,4.472703
66,1.0000,outside,80,7.652240
66,1.0000,oven,80,6.684341
66,1.0000,over,80,6.438049
66,1.0000,paint,80,7.115077
66,1.0000,paper,80,6.319723
66,1.0000,park,80,8.010759
66,1.0000,party,80,7.787976
66,1.0000,pen,80,9.012932
66,1.0000,people,80,4.213855
66,1.0000,person,80,6.034129
66,1.0000,pick,80,8.545035
66,1.0000,picture,80,7.283342
66,1.0000,pig,80,7.433306
66,1.0000,plant,80,5.292821
66,1.0000,plate,80,7.867655
66,1.0000,play,80,6.818005
66,1.0000,please,80,6.716349
66,1.0000,pool,80,6.846281
66,1.0000,poor,80,7.978572
66,1.0000,present,80,7.395964
66,1.0000,pretty,80,6.398218
66,1.0000,pull,80,7.892257
66,1.0000,puppy,80,4.777505
66,1.0000,push,80,8.231205
66,1.0000,put,80,6.800105
66,1.0000,quiet,80,8.726441
66,1.0000,radio,80,7.442918
66,1.0000,rain,80,6.548179
66,1.0000,read,80,7.234747
66,1.0000,red,80,6.601378
66,1.0000,ride,80,7.533344
66,1.0000,rock,80,7.568071
66,1.0000,roof,80,5.577757
66,1.0000,room,80,5.956805
66,1.0000,run,80,7.523148
66,1.0000,salt,80,5.794545
66,1.0000,same,80,4.619822
66,1.0000,sauce,80,4.880409
66,1.0000,say,80,6.056778
66,1.0000,school,80,5.758084
66,1.0000,see,80,4.996548
66,1.0000,share,80,7.296305
66,1.0000,she,80,4.419976
66,1.0000,shopping,80,8.243774
66,1.0000,show,80,7.148815
66,1.0000,shower,80,8.700073
66,1.0000,sick,80,7.704224
66,1.0000,sing,80,8.933252
66,1.0000,sit,80,7.638204
66,1.0000,sky,80,7.361437
66,1.0000,sleep,80,5.454695
66,1.0000,slow,80,7.641783
66,1.0000,snow,80,7.013457
66,1.0000,so,80,5.710927
66,1.0000,soap,80,5.653561
66,1.0000,soda,80,5.094599
66,1.0000,soft,80,7.986517
66,1.0000,some,80,4.859616
66,1.0000,stand,80,7.830477
66,1.0000,star,80,8.212057
66,1.0000,stay,80,7.071938
66,1.0000,stick,80,7.685864
66,1.0000,stone,80,7.237662
66,1.0000,stop,80,7.410689
66,1.0000,store,80,6.315677
66,1.0000,story,80,6.123003
66,1.0000,street,80,8.343809
66,1.0000,stuck,80,7.656726
66,1.0000,sun,80,5.756383
66,1.0000,swim,80,8.104156
66,1.0000,table,80,7.124494
66,1.0000,take,80,5.744992
66,1.0000,talk,80,7.601306
66,1.0000,tape,80,8.978117
66,1.0000,taste,80,6.540604
66,1.0000,teacher,80,6.446908
66,1.0000,that,80,3.337750
66,1.0000,the,80,2.343114
66,1.0000,their,80,3.745019
66,1.0000,them,80,4.556830
66,1.0000,then,80,5.838921
66,1.0000,there,80,5.239100
66,1.0000,these,80,5.542535
66,1.0000,they,80,3.565073
66,1.0000,think,80,4.543900
66,1.0000,this,80,4.625368
66,1.0000,those,80,6.243532
66,1.0000,throw,80,8.574058
66,1.0000,time,80,3.894735
66,1.0000,tiny,80,7.975374
66,1.0000,tissue,80,5.599262
66,1.0000,to,80,2.483133
66,1.0000,today,80,7.817727
66,1.0000,too,80,6.099600
66,1.0000,tooth,80,5.384076
66,1.0000,touch,80,6.967985
66,1.0000,train,80,8.113554
66,1.0000,tree,80,5.266447
66,1.0000,truck,80,7.474159
66,1.0000,try,80,9.079659
66,1.0000,turn,80,6.903119
66,1.0000,under,80,7.216819
66,1.0000,up,80,4.717230
66,1.0000,us,80,4.037736
66,1.0000,vacuum,80,8.688113
66,1.0000,wait,80,7.281821
66,1.0000,walk,80,7.833350
66,1.0000,was,80,3.962126
66,1.0000,wash,80,7.878456
66,1.0000,washing,80,7.955609
66,1.0000,watch,80,8.403108
66,1.0000,water,80,4.634987
66,1.0000,we,80,4.223897
66,1.0000,were,80,4.659464
66,1.0000,wet,80,8.245587
66,1.0000,what,80,4.915307
66,1.0000,when,80,5.572582
66,1.0000,where,80,6.124759
66,1.0000,which,80,4.235177
66,1.0000,white,80,5.948689
66,1.0000,who,80,4.389940
66,1.0000,why,80,4.308384
66,1.0000,will,80,4.338608
66,1.0000,wind,80,6.298263
66,1.0000,window,80,7.072788
66,1.0000,wish,80,7.757679
66,1.0000,with,80,3.257358
66,1.0000,work,80,5.681318
66,1.0000,would,80,5.178735
66,1.0000,write,80,7.085451
66,1.0000,yard,80,7.002679
66,1.0000,yellow,80,6.761106
66,1.0000,yes,80,7.581996
66,1.0000,you,80,2.445872
66,1.0000,your,80,3.131224
66,1.0000,yourself,80,5.002348
81,1.0000,a,80,2.958456
81,1.0000,about,80,3.960940
81,1.0000,above,80,6.930876
81,1.0000,after,80,6.945723
81,1.0000,all,80,5.477457
81,1.0000,am,80,5.995689
81,1.0000,and,80,2.874261
81,1.0000,animal,80,5.722343
81,1.0000,another,80,5.378255
81,1.0000,any,80,4.551358
81,1.0000,are,80,2.669193
81,1.0000,arm,80,6.405826
81,1.0000,around,80,6.500768
81,1.0000,at,80,5.339134
81,1.0000,away,80,5.729924
81,1.0000,baby,80,5.927015
81,1.0000,back,80,5.900223
81,1.0000,bad,80,6.628876
81,1.0000,ball,80,6.393325
81,1.0000,bat,80,9.162585
81,1.0000,bath,80,6.108605
81,1.0000,be,80,2.291750
81,1.0000,beach,80,7.249503
81,1.0000,beans,80,6.561378
81,1.0000,bear,80,5.887974
81,1.0000,because,80,5.407738
81,1.0000,bed,80,5.470601
81,1.0000,bee,80,5.361756
81,1.0000,before,80,6.204783
81,1.0000,behind,80,6.513385
81,1.0000,belt,80,7.191122
81,1.0000,better,80,5.727875
81,1.0000,big,80,7.395437
81,1.0000,bird,80,7.109865
81,1.0000,bite,80,6.274548
81,1.0000,black,80,6.763116
81,1.0000,block,80,7.755424
81,1.0000,blow,80,8.534387
81,1.0000,blue,80,7.474710
81,1.0000,boat,80,8.028475
81,1.0000,book,80,5.095491
81,1.0000,bottle,80,7.252045
81,1.0000,bowl,80,6.197663
81,1.0000,box,80,7.502001
81,1.0000,bread,80,7.350355
81,1.0000,break,80,7.444282
81,1.0000,bring,80,6.232909
81,1.0000,broken,80,8.002093
81,1.0000,brown,80,6.115963
81,1.0000,brush,80,6.423812
81,1.0000,build,80,7.129157
81,1.0000,bus,80,8.523515
81,1.0000,but,80,3.763530
81,1.0000,butter,80,6.205085
81,1.0000,button,80,5.628565
81,1.0000,buy,80,5.599473
81,1.0000,by,80,3.616928
81,1.0000,cake,80,7.107924
81,1.0000,call,80,7.465036
81,1.0000,camera,80,4.647798
81,1.0000,can,80,3.172505
81,1.0000,car,80,4.488449
81,1.0000,careful,80,6.034988
81,1.0000,carry,80,7.227207
81,1.0000,cat,80,6.870572
81,1.0000,catch,80,7.973062
81,1.0000,chair,80,6.009834
81,1.0000,cheese,80,5.489211
81,1.0000,chicken,80,6.158713
81,1.0000,child,80,4.537749
81,1.0000,chocolate,80,6.176561
81,1.0000,clean,80,5.943083
81,1.0000,clock,80,7.840527
81,1.0000,close,80,7.162123
81,1.0000,cloud,80,8.421215
81,1.0000,coat,80,6.415584
81,1.0000,coffee,80,7.103877
81,1.0000,cold,80,6.108712
81,1.0000,comb,80,8.168036
81,1.0000,cook,80,6.247667
81,1.0000,corn,80,7.200756
81,1.0000,could,80,5.272142
81,1.0000,country,80,5.774802
81,1.0000,cover,80,7.994434
81,1.0000,cow,80,8.062160
81,1.0000,cry,80,8.795872
81,1.0000,cup,80,5.502469
81,1.0000,cut,80,7.483348
81,1.0000,dark,80,7.189867
81,1.0000,day,80,5.018183
81,1.0000,deer,80,7.910153
81,1.0000,did,80,5.349661
81,1.0000,dish,80,6.206614
81,1.0000,do,80,4.404041
81,1.0000,doctor,80,4.968679
81,1.0000,does,80,4.069378
81,1.0000,dog,80,4.041566
81,1.0000,doll,80,8.646177
81,1.0000,door,80,6.338479
81,1.0000,down,80,5.132770
81,1.0000,draw,80,6.104614
81,1.0000,dress,80,7.659796
81,1.0000,drink,80,7.781865
81,1.0000,drive,80,7.017583
81,1.0000,drop,80,8.129857
81,1.0000,dry,80,6.437359
81,1.0000,each,80,5.693466
81,1.0000,ear,80,5.503462
81,1.0000,eat,80,5.319500
81,1.0000,egg,80,6.286249
81,1.0000,empty,80,8.754788
81,1.0000,every,80,6.313245
81,1.0000,eye,80,5.481528
81,1.0000,face,80,7.184353
81,1.0000,fall,80,7.066754
81,1.0000,farm,80,7.174225
81,1.0000,fast,80,7.703615
81,1.0000,feed,80,6.404962
81,1.0000,find,80,5.019378
81,1.0000,fine,80,7.412012
81,1.0000,finger,80,7.989903
81,1.0000,finish,80,7.822447
81,1.0000,first,80,5.350835
81,1.0000,fish,80,5.826746
81,1.0000,fit,80,8.139082
81,1.0000,fix,80,7.882449
81,1.0000,flower,80,7.545668
81,1.0000,food,80,4.817934
81,1.0000,foot,80,7.118702
81,1.0000,for,80,3.480602
81,1.0000,friend,80,6.429383
81,1.0000,full,80,7.672759
81,1.0000,game,80,6.002708
81,1.0000,garden,80,5.519142
81,1.0000,gas,80,4.460837
81,1.0000,gentle,80,8.617914
81,1.0000,get,80,4.701776
81,1.0000,give,80,5.947875
81,1.0000,glass,80,7.059299
81,1.0000,glasses,80,6.751625
81,1.0000,go,80,6.127962
81,1.0000,good,80,5.146890
81,1.0000,grass,80,6.843356
81,1.0000,green,80,7.068590
81,1.0000,gum,80,6.416325
81,1.0000,hair,80,7.275427
81,1.0000,hand,80,5.243549
81,1.0000,happy,80,6.264268
81,1.0000,hard,80,6.999727
81,1.0000,have,80,3.836688
81,1.0000,he,80,4.978324
81,1.0000,head,80,6.369966
81,1.0000,hear,80,5.969716
81,1.0000,heavy,80,7.984219
81,1.0000,help,80,3.298144
81,1.0000,her,80,4.348075
81,1.0000,here,80,6.397931
81,1.0000,high,80,6.124871
81,1.0000,him,80,5.397739
81,1.0000,his,80,4.668037
81,1.0000,hit,80,7.677081
81,1.0000,hold,80,7.451648
81,1.0000,home,80,5.586246
81,1.0000,horse,80,6.003802
81,1.0000,hot,80,6.610160
81,1.0000,house,80,7.306275
81,1.0000,how,80,3.394239
81,1.0000,hurt,80,7.526003
81,1.0000,i,80,6.910751
81,1.0000,ice,80,6.666398
81,1.0000,if,80,4.470420
81,1.0000,inside,80,7.118938
81,1.0000,into,80,4.188488
81,1.0000,is,80,2.316907
81,1.0000,it,80,3.072119
81,1.0000,juice,80,5.097644
81,1.0000,jump,80,8.518199
81,1.0000,kitchen,80,6.694847
81,1.0000,knife,80,6.225316
81,1.0000,last,80,7.167851
81,1.0000,later,80,7.564558
81,1.0000,lawn,80,7.223318
81,1.0000,leg,80,8.045923
81,1.0000,light,80,4.735775
81,1.0000,like,80,4.306377
81,1.0000,listen,80,7.418583
81,1.0000,little,80,6.255477
81,1.0000,living,80,7.322121
81,1.0000,long,80,5.828641
81,1.0000,look,80,5.674898
81,1.0000,loud,80,7.625260
81,1.0000,love,80,6.198899
81,1.0000,make,80,5.094878
81,1.0000,man,80,8.056081
81,1.0000,me,80,5.705382
81,1.0000,meat,80,5.822328
81,1.0000,medicine,80,6.685139
81,1.0000,milk,80,6.290938
81,1.0000,mine,80,9.293149
81,1.0000,money,80,5.106929
81,1.0000,moon,80,7.336467
81,1.0000,more,80,4.305477
81,1.0000,morning,80,6.083495
81,1.0000,mouse,80,7.011014
81,1.0000,mouth,80,5.503698
81,1.0000,movie,80,7.363600
81,1.0000,much,80,4.816831
81,1.0000,my,80,4.950435
81,1.0000,myself,80,6.739143
81,1.0000,need,80,3.962545
81,1.0000,new,80,5.472935
81,1.0000,next,80,6.507197
81,1.0000,nice,80,6.708147
81,1.0000,night,80,5.782161
81,1.0000,no,80,5.167588
81,1.0000,none,80,9.396807
81,1.0000,nose,80,6.466352
81,1.0000,not,80,3.554950
81,1.0000,now,80,6.288428
81,1.0000,nuts,80,6.768906
81,1.0000,of,80,1.916172
81,1.0000,off,80,5.770482
81,1.0000,old,80,5.474903
81,1.0000,on,80,3.978738
81,1.0000,open,80,7.314752
81,1.0000,orange,80,6.764195
81,1.0000,other,80,4.370762
81,1.0000,our,80,4.395123
81,1.0000,out,80,4.515538
81,1.0000,outside,80,7.467609
81,1.0000,oven,80,5.532568
81,1.0000,over,80,6.421386
81,1.0000,paint,80,7.625056
81,1.0000,paper,80,5.697011
81,1.0000,park,80,8.265371
81,1.0000,party,80,6.921851
81,1.0000,pen,80,8.325603
81,1.0000,people,80,4.186539
81,1.0000,person,80,5.969133
81,1.0000,pick,80,8.497490
81,1.0000,picture,80,6.862000
81,1.0000,pig,80,7.427058
81,1.0000,plant,80,5.116681
81,1.0000,plate,80,6.894480
81,1.0000,play,80,6.617713
81,1.0000,please,80,6.246443
81,1.0000,pool,80,6.010403
81,1.0000,poor,80,8.147280
81,1.0000,present,80,7.207019
81,1.0000,pretty,80,7.019055
81,1.0000,pull,80,7.847047
81,1.0000,puppy,80,5.501621
81,1.0000,push,80,8.017294
81,1.0000,put,80,6.476834
81,1.0000,quiet,80,8.964524
81,1.0000,radio,80,7.643154
81,1.0000,rain,80,6.745928
81,1.0000,read,80,6.773588
81,1.0000,red,80,6.442877
81,1.0000,ride,80,8.278498
81,1.0000,rock,80,7.697107
81,1.0000,roof,80,5.510514
81,1.0000,room,80,6.285106
81,1.0000,run,80,7.236916
81,1.0000,salt,80,6.738273
81,1.0000,same,80,4.447864
81,1.0000,sauce,80,6.098927
81,1.0000,say,80,5.539035
81,1.0000,school,80,5.316400
81,1.0000,see,80,4.692033
81,1.0000,share,80,6.768715
81,1.0000,she,80,4.102831
81,1.0000,shopping,80,7.841596
81,1.0000,show,80,7.125586
81,1.0000,shower,80,7.649560
81,1.0000,sick,80,7.083923
81,1.0000,sing,80,9.546835
81,1.0000,sit,80,7.313426
81,1.0000,sky,80,7.726362
81,1.0000,sleep,80,5.321678
81,1.0000,slow,80,7.495310
81,1.0000,snow,80,7.538769
81,1.0000,so,80,5.548641
81,1.0000,soap,80,5.819051
81,1.0000,soda,80,4.931907
81,1.0000,soft,80,7.807312
81,1.0000,some,80,4.466934
81,1.0000,stand,80,7.085396
81,1.0000,star,80,8.641902
81,1.0000,stay,80,6.955714
81,1.0000,stick,80,8.389458
81,1.0000,stone,80,7.717750
81,1.0000,stop,80,7.104595
81,1.0000,store,80,5.854674
81,1.0000,story,80,5.830405
81,1.0000,street,80,8.770569
81,1.0000,stuck,80,7.602231
81,1.0000,sun,80,5.705614
81,1.0000,swim,80,8.561282
81,1.0000,table,80,6.548550
81,1.0000,take,80,5.672407
81,1.0000,talk,80,7.283937
81,1.0000,tape,80,8.278843
81,1.0000,taste,80,6.257435
81,1.0000,teacher,80,6.132472
81,1.0000,that,80,2.888184
81,1.0000,the,80,2.183145
81,1.0000,their,80,3.289711
81,1.0000,them,80,4.011552
81,1.0000,then,80,5.445783
81,1.0000,there,80,4.706168
81,1.0000,these,80,4.968542
81,1.0000,they,80,3.290420
81,1.0000,think,80,3.878502
81,1.0000,this,80,4.268649
81,1.0000,those,80,5.617771
81,1.0000,throw,80,8.828868
81,1.0000,time,80,3.831667
81,1.0000,tiny,80,8.359711
81,1.0000,tissue,80,6.093333
81,1.0000,to,80,2.370039
81,1.0000,today,80,6.985776
81,1.0000,too,80,6.209137
81,1.0000,tooth,80,5.155314
81,1.0000,touch,80,6.339470
81,1.0000,train,80,7.012037
81,1.0000,tree,80,5.234431
81,1.0000,truck,80,7.140862
81,1.0000,try,80,8.964658
81,1.0000,turn,80,6.176255
81,1.0000,under,80,7.112751
81,1.0000,up,80,4.535041
81,1.0000,us,80,3.978955
81,1.0000,vacuum,80,7.181049
81,1.0000,wait,80,6.328762
81,1.0000,walk,80,7.797023
81,1.0000,was,80,3.815263
81,1.0000,wash,80,7.617285
81,1.0000,washing,80,7.982303
81,1.0000,watch,80,8.087774
81,1.0000,water,80,4.795396
81,1.0000,we,80,4.459730
81,1.0000,were,80,4.167457
81,1.0000,wet,80,7.829382
81,1.0000,what,80,4.380299
81,1.0000,when,80,5.234037
81,1.0000,where,80,5.615808
81,1.0000,which,80,4.242420
81,1.0000,white,80,5.652275
81,1.0000,who,80,3.850247
81,1.0000,why,80,3.423276
81,1.0000,will,80,3.876754
81,1.0000,wind,80,5.891564
81,1.0000,window,80,6.856452
81,1.0000,wish,80,7.043750
81,1.0000,with,80,3.048333
81,1.0000,work,80,5.989263
81,1.0000,would,80,4.660884
81,1.0000,write,80,6.791960
81,1.0000,yard,80,6.960670
81,1.0000,yellow,80,6.642798
81,1.0000,yes,80,7.039813
81,1.0000,you,80,2.529391
81,1.0000,your,80,2.540755
81,1.0000,yourself,80,4.845905
100,1.0000,a,80,2.868780
100,1.0000,about,80,3.595856
100,1.0000,above,80,6.337032
100,1.0000,after,80,6.746171
100,1.0000,all,80,5.545733
100,1.0000,am,80,5.992799
100,1.0000,and,80,2.824943
100,1.0000,animal,80,6.451578
100,1.0000,another,80,5.661019
100,1.0000,any,80,4.533496
100,1.0000,are,80,2.224196
100,1.0000,arm,80,7.291543
100,1.0000,around,80,6.207381
100,1.0000,at,80,4.857035
100,1.0000,away,80,5.777491
100,1.0000,baby,80,6.477498
100,1.0000,back,80,5.612160
100,1.0000,bad,80,6.817775
100,1.0000,ball,80,6.171889
100,1.0000,bat,80,9.071689
100,1.0000,bath,80,6.150953
100,1.0000,be,80,1.947261
100,1.0000,beach,80,7.380483
100,1.0000,beans,80,6.131776
100,1.0000,bear,80,6.308325
100,1.0000,because,80,5.731720
100,1.0000,bed,80,5.657330
100,1.0000,bee,80,6.732507
100,1.0000,before,80,6.186801
100,1.0000,behind,80,6.957656
100,1.0000,belt,80,6.929173
100,1.0000,better,80,5.450775
100,1.0000,big,80,7.476745
100,1.0000,bird,80,7.113281
100,1.0000,bite,80,5.949284
100,1.0000,black,80,6.674270
100,1.0000,block,80,7.209756
100,1.0000,blow,80,8.148122
100,1.0000,blue,80,6.868565
100,1.0000,boat,80,7.678970
100,1.0000,book,80,5.905582
100,1.0000,bottle,80,7.977689
100,1.0000,bowl,80,6.111647
100,1.0000,box,80,6.985331
100,1.0000,bread,80,7.392225
100,1.0000,break,80,7.417266
100,1.0000,bring,80,6.091567
100,1.0000,broken,80,8.202869
100,1.0000,brown,80,6.483142
100,1.0000,brush,80,6.298483
100,1.0000,build,80,6.964259
100,1.0000,bus,80,9.062303
100,1.0000,but,80,3.572632
100,1.0000,butter,80,6.141303
100,1.0000,button,80,5.543221
100,1.0000,buy,80,5.459467
100,1.0000,by,80,3.663230
100,1.0000,cake,80,6.711905
100,1.0000,call,80,7.074588
100,1.0000,camera,80,5.427641
100,1.0000,can,80,3.117889
100,1.0000,car,80,4.262091
100,1.0000,careful,80,6.108102
100,1.0000,carry,80,6.800550
100,1.0000,cat,80,6.341385
100,1.0000,catch,80,7.958755
100,1.0000,chair,80,6.477462
100,1.0000,cheese,80,5.456636
100,1.0000,chicken,80,6.583036
100,1.0000,child,80,4.531558
100,1.0000,chocolate,80,6.203883
100,1.0000,clean,80,5.813422
100,1.0000,clock,80,8.075989
100,1.0000,close,80,6.583787
100,1.0000,cloud,80,8.172176
100,1.0000,coat,80,6.423520
100,1.0000,coffee,80,7.248405
100,1.0000,cold,80,6.545362
100,1.0000,comb,80,8.339983
100,1.0000,cook,80,7.011301
100,1.0000,corn,80,7.771989
100,1.0000,could,80,5.240657
100,1.0000,country,80,6.203897
100,1.0000,cover,80,7.008736
100,1.0000,cow,80,8.930231
100,1.0000,cry,80,8.251583
100,1.0000,cup,80,5.873255
100,1.0000,cut,80,7.115993
100,1.0000,dark,80,7.362192
100,1.0000,day,80,4.615458
100,1.0000,deer,80,8.207188
100,1.0000,did,80,5.393012
100,1.0000,dish,80,6.404721
100,1.0000,do,80,3.969847
100,1.0000,doctor,80,5.297005
100,1.0000,does,80,4.161003
100,1.0000,dog,80,4.924484
100,1.0000,doll,80,8.031458
100,1.0000,door,80,6.527956
100,1.0000,down,80,4.858156
100,1.0000,draw,80,6.513970
100,1.0000,dress,80,7.513103
100,1.0000,drink,80,7.584254
100,1.0000,drive,80,7.131901
100,1.0000,drop,80,7.520695
100,1.0000,dry,80,6.216691
100,1.0000,each,80,5.764355
100,1.0000,ear,80,5.971310
100,1.0000,eat,80,4.657730
100,1.0000,egg,80,5.915444
100,1.0000,empty,80,8.955997
100,1.0000,every,80,6.305735
100,1.0000,eye,80,5.730492
100,1.0000,face,80,7.099246
100,1.0000,fall,80,6.951177
100,1.0000,farm,80,7.624013
100,1.0000,fast,80,7.224616
100,1.0000,feed,80,6.071278
100,1.0000,find,80,4.589373
100,1.0000,fine,80,7.022786
100,1.0000,finger,80,7.781615
100,1.0000,finish,80,7.623089
100,1.0000,first,80,5.036833
100,1.0000,fish,80,5.903626
100,1.0000,fit,80,7.973813
100,1.0000,fix,80,8.051202
100,1.0000,flower,80,7.368181
100,1.0000,food,80,5.070361
100,1.0000,foot,80,7.198984
100,1.0000,for,80,3.441928
100,1.0000,friend,80,5.860869
100,1.0000,full,80,7.058378
100,1.0000,game,80,6.194337
100,1.0000,garden,80,5.988439
100,1.0000,gas,80,3.860692
100,1.0000,gentle,80,8.407968
100,1.0000,get,80,4.305328
100,1.0000,give,80,5.101790
100,1.0000,glass,80,6.688722
100,1.0000,glasses,80,6.812575
100,1.0000,go,80,5.345580
100,1.0000,good,80,5.070420
100,1.0000,grass,80,7.814335
100,1.0000,green,80,6.456928
100,1.0000,gum,80,6.707962
100,1.0000,hair,80,7.301223
100,1.0000,hand,80,5.177644
100,1.0000,happy,80,6.123512
100,1.0000,hard,80,6.416581
100,1.0000,have,80,3.180546
100,1.0000,he,80,4.883232
100,1.0000,head,80,5.944115
100,1.0000,hear,80,6.222185
100,1.0000,heavy,80,8.320230
100,1.0000,help,80,3.420736
100,1.0000,her,80,4.768067
100,1.0000,here,80,6.663961
100,1.0000,high,80,5.845050
100,1.0000,him,80,6.488817
100,1.0000,his,80,4.976282
100,1.0000,hit,80,7.448298
100,1.0000,hold,80,7.193529
100,1.0000,home,80,5.525714
100,1.0000,horse,80,6.395051
100,1.0000,hot,80,6.183877
100,1.0000,house,80,7.005442
100,1.0000,how,80,3.553715
100,1.0000,hurt,80,8.390439
100,1.0000,i,80,6.733692
100,1.0000,ice,80,6.842366
100,1.0000,if,80,4.460323
100,1.0000,inside,80,7.322462
100,1.0000,into,80,3.738224
100,1.0000,is,80,2.263844
100,1.0000,it,80,3.274293
100,1.0000,juice,80,5.599818
100,1.0000,jump,80,7.919709
100,1.0000,kitchen,80,6.918698
100,1.0000,knife,80,6.484489
100,1.0000,last,80,6.972455
100,1.0000,later,80,7.373027
100,1.0000,lawn,80,7.346035
100,1.0000,leg,80,8.021488
100,1.0000,light,80,5.164846
100,1.0000,like,80,4.158094
100,1.0000,listen,80,7.509180
100,1.0000,little,80,5.887958
100,1.0000,living,80,7.311587
100,1.0000,long,80,5.305111
100,1.0000,look,80,5.058230
100,1.0000,loud,80,7.587046
100,1.0000,love,80,5.998417
100,1.0000,make,80,4.910410
100,1.0000,man,80,7.760645
100,1.0000,me,80,5.702294
100,1.0000,meat,80,6.101435
100,1.0000,medicine,80,7.642079
100,1.0000,milk,80,6.161257
100,1.0000,mine,80,8.856509
100,1.0000,money,80,5.284299
100,1.0000,moon,80,6.817155
100,1.0000,more,80,4.348941
100,1.0000,morning,80,6.075518
100,1.0000,mouse,80,6.991656
100,1.0000,mouth,80,5.801530
100,1.0000,movie,80,6.995107
100,1.0000,much,80,4.426770
100,1.0000,my,80,5.492088
100,1.0000,myself,80,6.626691
100,1.0000,need,80,3.695898
100,1.0000,new,80,5.296265
100,1.0000,next,80,5.925103
100,1.0000,nice,80,6.382958
100,1.0000,night,80,5.060725
100,1.0000,no,80,5.157640
100,1.0000,none,80,8.350752
100,1.0000,nose,80,5.825002
100,1.0000,not,80,3.458475
100,1.0000,now,80,5.913192
100,1.0000,nuts,80,6.718168
100,1.0000,of,80,2.310776
100,1.0000,off,80,5.389294
100,1.0000,old,80,5.771220
100,1.0000,on,80,3.923369
100,1.0000,open,80,7.319958
100,1.0000,orange,80,7.304461
100,1.0000,other,80,4.068964
100,1.0000,our,80,4.909034
100,1.0000,out,80,4.601597
100,1.0000,outside,80,7.262464
100,1.0000,oven,80,5.746530
100,1.0000,over,80,6.059424
100,1.0000,paint,80,7.874431
100,1.0000,paper,80,6.150057
100,1.0000,park,80,7.109623
100,1.0000,party,80,7.756622
100,1.0000,pen,80,8.537775
100,1.0000,people,80,4.477160
100,1.0000,person,80,6.432337
100,1.0000,pick,80,8.283032
100,1.0000,picture,80,6.447928
100,1.0000,pig,80,6.640394
100,1.0000,plant,80,5.317195
100,1.0000,plate,80,7.127478
100,1.0000,play,80,6.450401
100,1.0000,please,80,5.541280
100,1.0000,pool,80,5.724493
100,1.0000,poor,80,7.727354
100,1.0000,present,80,6.760845
100,1.0000,pretty,80,6.939579
100,1.0000,pull,80,7.964980
100,1.0000,puppy,80,5.419836
100,1.0000,push,80,8.055167
100,1.0000,put,80,6.619987
100,1.0000,quiet,80,8.637204
100,1.0000,radio,80,8.077641
100,1.0000,rain,80,6.870612
100,1.0000,read,80,6.695226
100,1.0000,red,80,6.403987
100,1.0000,ride,80,6.870132
100,1.0000,rock,80,8.228283
100,1.0000,roof,80,5.522713
100,1.0000,room,80,6.021909
100,1.0000,run,80,7.376346
100,1.0000,salt,80,7.023375
100,1.0000,same,80,3.536239
100,1.0000,sauce,80,6.253236
100,1.0000,say,80,5.131268
100,1.0000,school,80,6.000559
100,1.0000,see,80,4.197727
100,1.0000,share,80,6.235310
100,1.0000,she,80,4.084704
100,1.0000,shopping,80,7.745704
100,1.0000,show,80,6.722587
100,1.0000,shower,80,7.543221
100,1.0000,sick,80,7.473134
100,1.0000,sing,80,8.966130
100,1.0000,sit,80,6.919239
100,1.0000,sky,80,7.502886
100,1.0000,sleep,80,5.373677
100,1.0000,slow,80,7.530546
100,1.0000,snow,80,7.497658
100,1.0000,so,80,5.280672
100,1.0000,soap,80,6.132134
100,1.0000,soda,80,5.246759
100,1.0000,soft,80,7.956466
100,1.0000,some,80,4.407491
100,1.0000,stand,80,7.046384
100,1.0000,star,80,8.686091
100,1.0000,stay,80,6.640243
100,1.0000,stick,80,8.274971
100,1.0000,stone,80,7.877970
100,1.0000,stop,80,7.138427
100,1.0000,store,80,6.113549
100,1.0000,story,80,6.092554
100,1.0000,street,80,7.746380
100,1.0000,stuck,80,6.721036
100,1.0000,sun,80,5.979456
100,1.0000,swim,80,8.498023
100,1.0000,table,80,6.488673
100,1.0000,take,80,5.352781
100,1.0000,talk,80,7.256130
100,1.0000,tape,80,8.142453
100,1.0000,taste,80,6.539959
100,1.0000,teacher,80,6.498581
100,1.0000,that,80,3.385956
100,1.0000,the,80,2.399610
100,1.0000,their,80,3.303813
100,1.0000,them,80,4.482254
100,1.0000,then,80,5.129478
100,1.0000,there,80,4.534175
100,1.0000,these,80,5.039787
100,1.0000,they,80,3.237667
100,1.0000,think,80,3.850924
100,1.0000,this,80,4.319835
100,1.0000,those,80,6.174471
100,1.0000,throw,80,7.811180
100,1.0000,time,80,3.304171
100,1.0000,tiny,80,7.636867
100,1.0000,tissue,80,6.226133
100,1.0000,to,80,2.555362
100,1.0000,today,80,7.083153
100,1.0000,too,80,6.150593
100,1.0000,tooth,80,5.809846
100,1.0000,touch,80,6.038677
100,1.0000,train,80,7.516601
100,1.0000,tree,80,5.464214
100,1.0000,truck,80,7.916874
100,1.0000,try,80,8.450615
100,1.0000,turn,80,6.495758
100,1.0000,under,80,6.853430
100,1.0000,up,80,4.478608
100,1.0000,us,80,4.334743
100,1.0000,vacuum,80,7.635573
100,1.0000,wait,80,6.489153
100,1.0000,walk,80,7.686206
100,1.0000,was,80,3.950591
100,1.0000,wash,80,7.338782
100,1.0000,washing,80,7.615661
100,1.0000,watch,80,6.746273
100,1.0000,water,80,4.928416
100,1.0000,we,80,4.090960
100,1.0000,were,80,4.008464
100,1.0000,wet,80,7.864736
100,1.0000,what,80,4.758516
100,1.0000,when,80,5.192938
100,1.0000,where,80,5.647024
100,1.0000,which,80,4.116446
100,1.0000,white,80,5.410942
100,1.0000,who,80,4.239647
100,1.0000,why,80,3.916449
100,1.0000,will,80,3.969295
100,1.0000,wind,80,6.335151
100,1.0000,window,80,7.127115
100,1.0000,wish,80,6.149693
100,1.0000,with,80,2.887588
100,1.0000,work,80,5.740359
100,1.0000,would,80,4.438958
100,1.0000,write,80,6.775330
100,1.0000,yard,80,6.480316
100,1.0000,yellow,80,6.162803
100,1.0000,yes,80,7.077780
100,1.0000,you,80,2.848819
100,1.0000,your,80,3.147951
100,1.0000,yourself,80,5.017817
123,1.0000,a,80,2.896912
123,1.0000,about,80,3.762836
123,1.0000,above,80,6.419667
123,1.0000,after,80,6.777883
123,1.0000,all,80,5.474281
123,1.0000,am,80,5.976973
123,1.0000,and,80,2.156979
123,1.0000,animal,80,6.346315
123,1.0000,another,80,5.600784
123,1.0000,any,80,4.460849
123,1.0000,are,80,2.383129
123,1.0000,arm,80,7.183828
123,1.0000,around,80,5.835681
123,1.0000,at,80,4.991138
123,1.0000,away,80,5.931725
123,1.0000,baby,80,6.095935
123,1.0000,back,80,5.436134
123,1.0000,bad,80,6.950418
123,1.0000,ball,80,6.060958
123,1.0000,bat,80,9.001142
123,1.0000,bath,80,6.466131
123,1.0000,be,80,2.222623
123,1.0000,beach,80,7.276938
123,1.0000,beans,80,6.149126
123,1.0000,bear,80,6.399809
123,1.0000,because,80,5.704569
123,1.0000,bed,80,5.568652
123,1.0000,bee,80,6.457340
123,1.0000,before,80,5.962571
123,1.0000,behind,80,6.453813
123,1.0000,belt,80,7.527388
123,1.0000,better,80,5.236877
123,1.0000,big,80,7.484821
123,1.0000,bird,80,7.219439
123,1.0000,bite,80,6.168667
123,1.0000,black,80,6.435237
123,1.0000,block,80,7.179960
123,1.0000,blow,80,7.934857
123,1.0000,blue,80,7.097414
123,1.0000,boat,80,8.069575
123,1.0000,book,80,5.924023
123,1.0000,bottle,80,7.556662
123,1.0000,bowl,80,5.861230
123,1.0000,box,80,7.478066
123,1.0000,bread,80,7.127253
123,1.0000,break,80,7.295721
123,1.0000,bring,80,6.514117
123,1.0000,broken,80,8.269933
123,1.0000,brown,80,6.672367
123,1.0000,brush,80,5.869197
123,1.0000,build,80,6.912706
123,1.0000,bus,80,8.361823
123,1.0000,but,80,3.430948
123,1.0000,butter,80,5.937558
123,1.0000,button,80,5.096583
123,1.0000,buy,80,5.545362
123,1.0000,by,80,3.470886
123,1.0000,cake,80,7.178797
123,1.0000,call,80,7.499031
123,1.0000,camera,80,5.349430
123,1.0000,can,80,2.960421
123,1.0000,car,80,4.422555
123,1.0000,careful,80,5.977906
123,1.0000,carry,80,6.871804
123,1.0000,cat,80,6.159981
123,1.0000,catch,80,7.881808
123,1.0000,chair,80,6.026387
123,1.0000,cheese,80,5.447271
123,1.0000,chicken,80,6.223528
123,1.0000,child,80,4.318857
123,1.0000,chocolate,80,6.086820
123,1.0000,clean,80,5.798973
123,1.0000,clock,80,7.846472
123,1.0000,close,80,6.974275
123,1.0000,cloud,80,7.790245
123,1.0000,coat,80,5.828864
123,1.0000,coffee,80,6.648867
123,1.0000,cold,80,6.394367
123,1.0000,comb,80,7.839339
123,1.0000,cook,80,6.948442
123,1.0000,corn,80,7.217905
123,1.0000,could,80,5.110924
123,1.0000,country,80,6.406582
123,1.0000,cover,80,7.184691
123,1.0000,cow,80,8.672127
123,1.0000,cry,80,8.142291
123,1.0000,cup,80,6.013138
123,1.0000,cut,80,7.607042
123,1.0000,dark,80,7.268497
123,1.0000,day,80,4.727642
123,1.0000,deer,80,7.756618
123,1.0000,did,80,5.203085
123,1.0000,dish,80,6.451047
123,1.0000,do,80,4.149266
123,1.0000,doctor,80,5.270465
123,1.0000,does,80,4.235223
123,1.0000,dog,80,4.417997
123,1.0000,doll,80,7.823526
123,1.0000,door,80,6.582848
123,1.0000,down,80,4.687982
123,1.0000,draw,80,6.654385
123,1.0000,dress,80,7.647256
123,1.0000,drink,80,7.586017
123,1.0000,drive,80,6.710445
123,1.0000,drop,80,8.229388
123,1.0000,dry,80,6.099912
123,1.0000,each,80,5.622265
123,1.0000,ear,80,5.697498
123,1.0000,eat,80,5.040899
123,1.0000,egg,80,5.555408
123,1.0000,empty,80,8.388882
123,1.0000,every,80,6.033916
123,1.0000,eye,80,6.043723
123,1.0000,face,80,7.157880
123,1.0000,fall,80,7.107289
123,1.0000,farm,80,7.895734
123,1.0000,fast,80,7.024713
123,1.0000,feed,80,6.261617
123,1.0000,find,80,4.854894
123,1.0000,fine,80,6.884306
123,1.0000,finger,80,7.467014
123,1.0000,finish,80,8.114109
123,1.0000,first,80,5.152377
123,1.0000,fish,80,5.504794
123,1.0000,fit,80,7.565081
123,1.0000,fix,80,7.820944
123,1.0000,flower,80,7.750454
123,1.0000,food,80,4.634964
123,1.0000,foot,80,7.095102
123,1.0000,for,80,3.328192
123,1.0000,friend,80,6.542629
123,1.0000,full,80,7.380249
123,1.0000,game,80,6.250192
123,1.0000,garden,80,6.444579
123,1.0000,gas,80,3.471169
123,1.0000,gentle,80,8.938067
123,1.0000,get,80,4.377603
123,1.0000,give,80,5.602121
123,1.0000,glass,80,6.878990
123,1.0000,glasses,80,6.741450
123,1.0000,go,80,5.565581
123,1.0000,good,80,4.928575
123,1.0000,grass,80,7.291732
123,1.0000,green,80,6.647304
123,1.0000,gum,80,6.328592
123,1.0000,hair,80,7.396707
123,1.0000,hand,80,5.116542
123,1.0000,happy,80,6.411352
123,1.0000,hard,80,6.450415
123,1.0000,have,80,3.348441
123,1.0000,he,80,4.897699
123,1.0000,head,80,5.600768
123,1.0000,hear,80,6.025105
123,1.0000,heavy,80,8.080259
123,1.0000,help,80,3.377350
123,1.0000,her,80,4.339271
123,1.0000,here,80,7.183326
123,1.0000,high,80,5.820205
123,1.0000,him,80,6.205838
123,1.0000,his,80,4.925614
123,1.0000,hit,80,8.017714
123,1.0000,hold,80,7.358924
123,1.0000,home,80,5.635081
123,1.0000,horse,80,6.446952
123,1.0000,hot,80,6.530419
123,1.0000,house,80,7.327186
123,1.0000,how,80,3.336809
123,1.0000,hurt,80,8.303472
123,1.0000,i,80,7.230547
123,1.0000,ice,80,6.817989
123,1.0000,if,80,4.601718
123,1.0000,inside,80,7.405428
123,1.0000,into,80,3.513355
123,1.0000,is,80,2.380659
123,1.0000,it,80,3.101339
123,1.0000,juice,80,5.175545
123,1.0000,jump,80,7.691119
123,1.0000,kitchen,80,6.650790
123,1.0000,knife,80,6.654927
123,1.0000,last,80,6.864863
123,1.0000,later,80,7.266549
123,1.0000,lawn,80,7.190505
123,1.0000,leg,80,8.502691
123,1.0000,light,80,4.669129
123,1.0000,like,80,4.408892
123,1.0000,listen,80,7.297013
123,1.0000,little,80,6.114047
123,1.0000,living,80,7.157445
123,1.0000,long,80,5.391461
123,1.0000,look,80,5.493622
123,1.0000,loud,80,7.502305
123,1.0000,love,80,6.180179
123,1.0000,make,80,4.860644
123,1.0000,man,80,7.931919
123,1.0000,me,80,5.916927
123,1.0000,meat,80,6.171367
123,1.0000,medicine,80,7.562039
123,1.0000,milk,80,5.935334
123,1.0000,mine,80,8.704896
123,1.0000,money,80,5.372927
123,1.0000,moon,80,6.517992
123,1.0000,more,80,4.244380
123,1.0000,morning,80,5.842339
123,1.0000,mouse,80,6.046879
123,1.0000,mouth,80,5.625997
123,1.0000,movie,80,7.318100
123,1.0000,much,80,4.460566
123,1.0000,my,80,5.017476
123,1.0000,myself,80,6.108891
123,1.0000,need,80,3.893562
123,1.0000,new,80,5.369679
123,1.0000,next,80,6.098124
123,1.0000,nice,80,6.529540
123,1.0000,night,80,5.084723
123,1.0000,no,80,5.170003
123,1.0000,none,80,8.261612
123,1.0000,nose,80,5.918849
123,1.0000,not,80,3.525815
123,1.0000,now,80,6.283890
123,1.0000,nuts,80,6.522434
123,1.0000,of,80,2.094034
123,1.0000,off,80,5.646042
123,1.0000,old,80,5.556855
123,1.0000,on,80,3.916165
123,1.0000,open,80,7.402949
123,1.0000,orange,80,7.472452
123,1.0000,other,80,4.064657
123,1.0000,our,80,4.548663
123,1.0000,out,80,4.540380
123,1.0000,outside,80,7.240649
123,1.0000,oven,80,5.122420
123,1.0000,over,80,6.094312
123,1.0000,paint,80,7.492728
123,1.0000,paper,80,5.775646
123,1.0000,park,80,7.817580
123,1.0000,party,80,7.773442
123,1.0000,pen,80,8.356179
123,1.0000,people,80,4.318865
123,1.0000,person,80,6.641373
123,1.0000,pick,80,8.436787
123,1.0000,picture,80,6.800836
123,1.0000,pig,80,5.895352
123,1.0000,plant,80,5.169263
123,1.0000,plate,80,6.571482
123,1.0000,play,80,6.008371
123,1.0000,please,80,5.694978
123,1.0000,pool,80,6.140178
123,1.0000,poor,80,8.129400
123,1.0000,present,80,6.687670
123,1.0000,pretty,80,6.824883
123,1.0000,pull,80,7.480165
123,1.0000,puppy,80,5.388212
123,1.0000,push,80,7.794601
123,1.0000,put,80,6.690881
123,1.0000,quiet,80,8.684729
123,1.0000,radio,80,8.241622
123,1.0000,rain,80,6.923362
123,1.0000,read,80,6.646974
123,1.0000,red,80,6.379779
123,1.0000,ride,80,7.600731
123,1.0000,rock,80,8.025915
123,1.0000,roof,80,5.574399
123,1.0000,room,80,6.074892
123,1.0000,run,80,7.409092
123,1.0000,salt,80,6.592364
123,1.0000,same,80,3.939032
123,1.0000,sauce,80,5.556324
123,1.0000,say,80,5.590804
123,1.0000,school,80,5.734622
123,1.0000,see,80,4.525196
123,1.0000,share,80,6.395809
123,1.0000,she,80,4.328952
123,1.0000,shopping,80,7.354437
123,1.0000,show,80,6.590815
123,1.0000,shower,80,7.260043
123,1.0000,sick,80,8.055932
123,1.0000,sing,80,9.297734
123,1.0000,sit,80,6.746296
123,1.0000,sky,80,7.785862
123,1.0000,sleep,80,4.899171
123,1.0000,slow,80,6.895046
123,1.0000,snow,80,7.609708
123,1.0000,so,80,5.405220
123,1.0000,soap,80,5.584802
123,1.0000,soda,80,5.034673
123,1.0000,soft,80,7.617464
123,1.0000,some,80,4.517374
123,1.0000,stand,80,7.145232
123,1.0000,star,80,8.592068
123,1.0000,stay,80,6.389014
123,1.0000,stick,80,8.056648
123,1.0000,stone,80,7.422629
123,1.0000,stop,80,7.280128
123,1.0000,store,80,6.076107
123,1.0000,story,80,6.217066
123,1.0000,street,80,7.723110
123,1.0000,stuck,80,7.151576
123,1.0000,sun,80,5.627484
123,1.0000,swim,80,8.528801
123,1.0000,table,80,6.425649
123,1.0000,take,80,5.519175
123,1.0000,talk,80,7.313372
123,1.0000,tape,80,7.357057
123,1.0000,taste,80,6.292785
123,1.0000,teacher,80,6.937580
123,1.0000,that,80,3.033455
123,1.0000,the,80,2.261314
123,1.0000,their,80,3.096104
123,1.0000,them,80,4.046526
123,1.0000,then,80,5.240113
123,1.0000,there,80,4.712203
123,1.0000,these,80,4.841646
123,1.0000,they,80,3.026544
123,1.0000,think,80,4.049590
123,1.0000,this,80,4.391595
123,1.0000,those,80,5.794474
123,1.0000,throw,80,8.536972
123,1.0000,time,80,3.560291
123,1.0000,tiny,80,7.760723
123,1.0000,tissue,80,6.032943
123,1.0000,to,80,2.324133
123,1.0000,today,80,7.302007
123,1.0000,too,80,5.956737
123,1.0000,tooth,80,5.293029
123,1.0000,touch,80,6.033388
123,1.0000,train,80,6.917898
123,1.0000,tree,80,5.574942
123,1.0000,truck,80,7.495659
123,1.0000,try,80,8.519120
123,1.0000,turn,80,6.581169
123,1.0000,under,80,7.051388
123,1.0000,up,80,4.604866
123,1.0000,us,80,4.394959
123,1.0000,vacuum,80,7.771257
123,1.0000,wait,80,6.508119
123,1.0000,walk,80,7.083199
123,1.0000,was,80,3.903387
123,1.0000,wash,80,8.018515
123,1.0000,washing,80,7.946431
123,1.0000,watch,80,7.177495
123,1.0000,water,80,4.327075
123,1.0000,we,80,4.108108
123,1.0000,were,80,4.135473
123,1.0000,wet,80,7.787509
123,1.0000,what,80,4.457262
123,1.0000,when,80,4.988800
123,1.0000,where,80,5.386184
123,1.0000,which,80,4.184379
123,1.0000,white,80,5.694096
123,1.0000,who,80,4.152639
123,1.0000,why,80,3.973257
123,1.0000,will,80,4.037625
123,1.0000,wind,80,5.972915
123,1.0000,window,80,7.020905
123,1.0000,wish,80,7.159787
123,1.0000,with,80,2.919410
123,1.0000,work,80,5.597721
123,1.0000,would,80,4.666490
123,1.0000,write,80,6.663133
123,1.0000,yard,80,7.324810
123,1.0000,yellow,80,6.318050
123,1.0000,yes,80,7.388058
123,1.0000,you,80,3.040526
123,1.0000,your,80,2.990682
123,1.0000,yourself,80,4.724841
152,1.0000,a,80,2.889176
152,1.0000,about,80,3.680818
152,1.0000,above,80,6.148375
152,1.0000,after,80,6.784713
152,1.0000,all,80,5.302998
152,1.0000,am,80,5.936966
152,1.0000,and,80,2.257847
152,1.0000,animal,80,6.339993
152,1.0000,another,80,5.411801
152,1.0000,any,80,4.442662
152,1.0000,are,80,2.423312
152,1.0000,arm,80,6.871944
152,1.0000,around,80,5.883866
152,1.0000,at,80,4.908442
152,1.0000,away,80,5.773033
152,1.0000,baby,80,6.003223
152,1.0000,back,80,5.460821
152,1.0000,bad,80,6.579687
152,1.0000,ball,80,6.066689
152,1.0000,bat,80,9.300852
152,1.0000,bath,80,6.407704
152,1.0000,be,80,2.136580
152,1.0000,beach,80,7.400421
152,1.0000,beans,80,6.092933
152,1.0000,bear,80,5.893627
152,1.0000,because,80,5.720815
152,1.0000,bed,80,5.569585
152,1.0000,bee,80,6.017407
152,1.0000,before,80,6.107596
152,1.0000,behind,80,6.165357
152,1.0000,belt,80,7.657590
152,1.0000,better,80,5.227937
152,1.0000,big,80,7.202633
152,1.0000,bird,80,6.853247
152,1.0000,bite,80,5.891575
152,1.0000,black,80,6.487582
152,1.0000,block,80,6.798645
152,1.0000,blow,80,8.072087
152,1.0000,blue,80,7.124844
152,1.0000,boat,80,7.948938
152,1.0000,book,80,5.709202
152,1.0000,bottle,80,7.341776
152,1.0000,bowl,80,6.246464
152,1.0000,box,80,7.357303
152,1.0000,bread,80,7.112158
152,1.0000,break,80,7.306068
152,1.0000,bring,80,6.145844
152,1.0000,broken,80,8.063970
152,1.0000,brown,80,6.189822
152,1.0000,brush,80,5.860716
152,1.0000,build,80,6.984667
152,1.0000,bus,80,8.551159
152,1.0000,but,80,3.487131
152,1.0000,butter,80,5.869022
152,1.0000,button,80,5.320052
152,1.0000,buy,80,5.553870
152,1.0000,by,80,3.432773
152,1.0000,cake,80,6.699684
152,1.0000,call,80,7.532715
152,1.0000,camera,80,5.246529
152,1.0000,can,80,2.952393
152,1.0000,car,80,4.351769
152,1.0000,careful,80,5.852163
152,1.0000,carry,80,6.762199
152,1.0000,cat,80,6.239508
152,1.0000,catch,80,7.652472
152,1.0000,chair,80,6.063135
152,1.0000,cheese,80,5.545179
152,1.0000,chicken,80,6.250417
152,1.0000,child,80,4.327932
152,1.0000,chocolate,80,6.206321
152,1.0000,clean,80,5.819005
152,1.0000,clock,80,7.540938
152,1.0000,close,80,6.943668
152,1.0000,cloud,80,8.063588
152,1.0000,coat,80,6.031970
152,1.0000,coffee,80,6.422464
152,1.0000,cold,80,6.010504
152,1.0000,comb,80,8.088232
152,1.0000,cook,80,6.573531
152,1.0000,corn,80,7.087902
152,1.0000,could,80,5.111495
152,1.0000,country,80,6.170670
152,1.0000,cover,80,7.165300
152,1.0000,cow,80,8.579115
152,1.0000,cry,80,7.621908
152,1.0000,cup,80,5.914138
152,1.0000,cut,80,7.489410
152,1.0000,dark,80,7.223831
152,1.0000,day,80,4.754103
152,1.0000,deer,80,7.894842
152,1.0000,did,80,5.264896
152,1.0000,dish,80,6.244441
152,1.0000,do,80,4.094040
152,1.0000,doctor,80,5.166655
152,1.0000,does,80,4.278334
152,1.0000,dog,80,4.408012
152,1.0000,doll,80,7.824414
152,1.0000,door,80,6.328571
152,1.0000,down,80,4.608413
152,1.0000,draw,80,6.402709
152,1.0000,dress,80,7.480253
152,1.0000,drink,80,7.730276
152,1.0000,drive,80,6.732607
152,1.0000,drop,80,8.347846
152,1.0000,dry,80,6.244315
152,1.0000,each,80,5.476631
152,1.0000,ear,80,5.806961
152,1.0000,eat,80,4.973662
152,1.0000,egg,80,5.720862
152,1.0000,empty,80,8.655062
152,1.0000,every,80,6.043331
152,1.0000,eye,80,5.984316
152,1.0000,face,80,7.049798
152,1.0000,fall,80,6.879934
152,1.0000,farm,80,7.485229
152,1.0000,fast,80,7.075771
152,1.0000,feed,80,6.251547
152,1.0000,find,80,4.740263
152,1.0000,fine,80,7.198214
152,1.0000,finger,80,7.418789
152,1.0000,finish,80,7.871916
152,1.0000,first,80,4.958048
152,1.0000,fish,80,5.285887
152,1.0000,fit,80,7.575909
152,1.0000,fix,80,7.902062
152,1.0000,flower,80,7.281773
152,1.0000,food,80,4.651694
152,1.0000,foot,80,7.039197
152,1.0000,for,80,3.373661
152,1.0000,friend,80,6.421526
152,1.0000,full,80,7.249278
152,1.0000,game,80,6.043306
152,1.0000,garden,80,6.119165
152,1.0000,gas,80,3.558993
152,1.0000,gentle,80,8.846784
152,1.0000,get,80,4.377434
152,1.0000,give,80,5.499199
152,1.0000,glass,80,6.758943
152,1.0000,glasses,80,6.208988
152,1.0000,go,80,5.436365
152,1.0000,good,80,4.918533
152,1.0000,grass,80,7.157733
152,1.0000,green,80,6.414204
152,1.0000,gum,80,6.434841
152,1.0000,hair,80,7.304581
152,1.0000,hand,80,5.050024
152,1.0000,happy,80,6.092903
152,1.0000,hard,80,6.542661
152,1.0000,have,80,3.412580
152,1.0000,he,80,4.832616
152,1.0000,head,80,5.506190
152,1.0000,hear,80,5.645039
152,1.0000,heavy,80,7.951101
152,1.0000,help,80,3.339256
152,1.0000,her,80,4.210565
152,1.0000,here,80,6.897628
152,1.0000,high,80,5.824688
152,1.0000,him,80,6.051105
152,1.0000,his,80,4.733005
152,1.0000,hit,80,7.680733
152,1.0000,hold,80,7.283924
152,1.0000,home,80,5.473594
152,1.0000,horse,80,6.568016
152,1.0000,hot,80,6.224613
152,1.0000,house,80,7.392725
152,1.0000,how,80,3.387455
152,1.0000,hurt,80,8.076990
152,1.0000,i,80,7.152778
152,1.0000,ice,80,6.700053
152,1.0000,if,80,4.579691
152,1.0000,inside,80,7.149865
152,1.0000,into,80,3.311317
152,1.0000,is,80,2.242600
152,1.0000,it,80,3.126666
152,1.0000,juice,80,4.925558
152,1.0000,jump,80,7.807937
152,1.0000,kitchen,80,6.527242
152,1.0000,knife,80,6.382649
152,1.0000,last,80,6.819218
152,1.0000,later,80,7.347373
152,1.0000,lawn,80,6.906120
152,1.0000,leg,80,8.160929
152,1.0000,light,80,4.655625
152,1.0000,like,80,4.258437
152,1.0000,listen,80,7.299333
152,1.0000,little,80,5.949321
152,1.0000,living,80,7.110317
152,1.0000,long,80,5.172808
152,1.0000,look,80,5.412927
152,1.0000,loud,80,7.244170
152,1.0000,love,80,6.072740
152,1.0000,make,80,4.821280
152,1.0000,man,80,7.787153
152,1.0000,me,80,5.671771
152,1.0000,meat,80,6.019032
152,1.0000,medicine,80,7.062044
152,1.0000,milk,80,5.859918
152,1.0000,mine,80,8.567092
152,1.0000,money,80,5.371473
152,1.0000,moon,80,6.444144
152,1.0000,more,80,4.087093
152,1.0000,morning,80,6.080625
152,1.0000,mouse,80,5.900442
152,1.0000,mouth,80,5.526994
152,1.0000,movie,80,7.639569
152,1.0000,much,80,4.388116
152,1.0000,my,80,4.974465
152,1.0000,myself,80,6.069909
152,1.0000,need,80,3.868172
152,1.0000,new,80,5.259205
152,1.0000,next,80,6.059299
152,1.0000,nice,80,6.530501
152,1.0000,night,80,5.167073
152,1.0000,no,80,4.893002
152,1.0000,none,80,8.311379
152,1.0000,nose,80,6.119680
152,1.0000,not,80,3.267442
152,1.0000,now,80,6.067361
152,1.0000,nuts,80,6.055452
152,1.0000,of,80,1.898575
152,1.0000,off,80,5.566539
152,1.0000,old,80,5.614503
152,1.0000,on,80,3.829626
152,1.0000,open,80,7.313436
152,1.0000,orange,80,7.118802
152,1.0000,other,80,3.936843
152,1.0000,our,80,4.316341
152,1.0000,out,80,4.385235
152,1.0000,outside,80,7.203720
152,1.0000,oven,80,5.221818
152,1.0000,over,80,6.086692
152,1.0000,paint,80,7.580558
152,1.0000,paper,80,5.813118
152,1.0000,park,80,7.621137
152,1.0000,party,80,7.097884
152,1.0000,pen,80,8.159158
152,1.0000,people,80,4.220979
152,1.0000,person,80,6.374027
152,1.0000,pick,80,8.245403
152,1.0000,picture,80,6.265670
152,1.0000,pig,80,5.780833
152,1.0000,plant,80,5.089821
152,1.0000,plate,80,6.627378
152,1.0000,play,80,5.972986
152,1.0000,please,80,5.373993
152,1.0000,pool,80,5.988260
152,1.0000,poor,80,7.797398
152,1.0000,present,80,6.732164
152,1.0000,pretty,80,6.927288
152,1.0000,pull,80,7.661267
152,1.0000,puppy,80,5.508836
152,1.0000,push,80,7.590882
152,1.0000,put,80,6.558249
152,1.0000,quiet,80,8.435691
152,1.0000,radio,80,7.869479
152,1.0000,rain,80,6.529686
152,1.0000,read,80,6.674627
152,1.0000,red,80,6.164628
152,1.0000,ride,80,7.367463
152,1.0000,rock,80,7.691486
152,1.0000,roof,80,5.705795
152,1.0000,room,80,6.041452
152,1.0000,run,80,7.457997
152,1.0000,salt,80,6.693510
152,1.0000,same,80,3.975418
152,1.0000,sauce,80,5.615900
152,1.0000,say,80,5.218044
152,1.0000,school,80,5.547829
152,1.0000,see,80,4.359286
152,1.0000,share,80,6.396827
152,1.0000,she,80,4.206563
152,1.0000,shopping,80,7.422167
152,1.0000,show,80,6.626156
152,1.0000,shower,80,7.615172
152,1.0000,sick,80,7.473843
152,1.0000,sing,80,8.900039
152,1.0000,sit,80,6.789039
152,1.0000,sky,80,7.504332
152,1.0000,sleep,80,4.821577
152,1.0000,slow,80,6.793694
152,1.0000,snow,80,7.579718
152,1.0000,so,80,5.335548
152,1.0000,soap,80,5.396641
152,1.0000,soda,80,4.741965
152,1.0000,soft,80,7.696697
152,1.0000,some,80,4.519177
152,1.0000,stand,80,7.238608
152,1.0000,star,80,8.598032
152,1.0000,stay,80,6.540406
152,1.0000,stick,80,8.323308
152,1.0000,stone,80,7.066815
152,1.0000,stop,80,7.126307
152,1.0000,store,80,6.369030
152,1.0000,story,80,5.939852
152,1.0000,street,80,7.786196
152,1.0000,stuck,80,7.341231
152,1.0000,sun,80,5.590410
152,1.0000,swim,80,8.417626
152,1.0000,table,80,6.433806
152,1.0000,take,80,5.478955
152,1.0000,talk,80,7.272351
152,1.0000,tape,80,7.323018
152,1.0000,taste,80,6.363955
152,1.0000,teacher,80,6.845430
152,1.0000,that,80,2.923913
152,1.0000,the,80,2.304100
152,1.0000,their,80,3.202818
152,1.0000,them,80,3.917131
152,1.0000,then,80,5.047963
152,1.0000,there,80,4.693585
152,1.0000,these,80,4.917868
152,1.0000,they,80,3.164629
152,1.0000,think,80,3.927066
152,1.0000,this,80,4.354977
152,1.0000,those,80,5.877362
152,1.0000,throw,80,8.443947
152,1.0000,time,80,3.423168
152,1.0000,tiny,80,7.547503
152,1.0000,tissue,80,5.788274
152,1.0000,to,80,2.254185
152,1.0000,today,80,7.022441
152,1.0000,too,80,6.014039
152,1.0000,tooth,80,5.669057
152,1.0000,touch,80,5.998094
152,1.0000,train,80,6.905571
152,1.0000,tree,80,5.211173
152,1.0000,truck,80,7.775859
152,1.0000,try,80,8.496160
152,1.0000,turn,80,6.580162
152,1.0000,under,80,7.108590
152,1.0000,up,80,4.417834
152,1.0000,us,80,3.906695
152,1.0000,vacuum,80,7.471864
152,1.0000,wait,80,6.198521
152,1.0000,walk,80,7.171283
152,1.0000,was,80,3.962981
152,1.0000,wash,80,7.832647
152,1.0000,washing,80,7.490266
152,1.0000,watch,80,6.884536
152,1.0000,water,80,4.310034
152,1.0000,we,80,4.033837
152,1.0000,were,80,4.172545
152,1.0000,wet,80,7.546316
152,1.0000,what,80,4.418220
152,1.0000,when,80,4.991011
152,1.0000,where,80,5.345286
152,1.0000,which,80,4.065976
152,1.0000,white,80,5.367631
152,1.0000,who,80,4.068363
152,1.0000,why,80,3.901972
152,1.0000,will,80,4.000619
152,1.0000,wind,80,5.787325
152,1.0000,window,80,6.826760
152,1.0000,wish,80,6.605775
152,1.0000,with,80,2.916912
152,1.0000,work,80,5.620399
152,1.0000,would,80,4.550912
152,1.0000,write,80,6.460448
152,1.0000,yard,80,6.850254
152,1.0000,yellow,80,6.390600
152,1.0000,yes,80,7.103725
152,1.0000,you,80,3.078070
152,1.0000,your,80,2.975483
152,1.0000,yourself,80,4.598850
