step,epoch,word,n_occurrences,mean_nll
1,1.0000,a,80,8.707670
1,1.0000,about,80,8.870882
1,1.0000,above,80,8.943324
1,1.0000,after,80,8.952514
1,1.0000,all,80,8.805113
1,1.0000,am,80,8.446612
1,1.0000,and,80,8.731772
1,1.0000,animal,80,8.590117
1,1.0000,another,80,8.765260
1,1.0000,any,80,8.831224
1,1.0000,are,80,8.875159
1,1.0000,arm,80,8.893107
1,1.0000,around,80,8.977833
1,1.0000,at,80,8.946162
1,1.0000,away,80,8.928469
1,1.0000,baby,80,8.515317
1,1.0000,back,80,8.851551
1,1.0000,bad,80,8.734351
1,1.0000,ball,80,8.740838
1,1.0000,bat,80,9.098650
1,1.0000,bath,80,8.709843
1,1.0000,be,80,8.306736
1,1.0000,beach,80,9.083581
1,1.0000,beans,80,8.972978
1,1.0000,bear,80,8.790595
1,1.0000,because,80,8.690677
1,1.0000,bed,80,8.812504
1,1.0000,bee,80,9.016413
1,1.0000,before,80,9.020397
1,1.0000,behind,80,8.988420
1,1.0000,belt,80,9.100529
1,1.0000,better,80,8.634944
1,1.0000,big,80,8.659889
1,1.0000,bird,80,8.952031
1,1.0000,bite,80,9.061704
1,1.0000,black,80,8.798018
1,1.0000,block,80,8.969753
1,1.0000,blow,80,9.077160
1,1.0000,blue,80,8.823984
1,1.0000,boat,80,9.248129
1,1.0000,book,80,8.680689
1,1.0000,bottle,80,9.135501
1,1.0000,bowl,80,8.965404
1,1.0000,box,80,8.975283
1,1.0000,bread,80,9.000362
1,1.0000,break,80,8.764237
1,1.0000,bring,80,8.500672
1,1.0000,broken,80,8.854959
1,1.0000,brown,80,8.934728
1,1.0000,brush,80,9.005403
1,1.0000,build,80,8.602418
1,1.0000,bus,80,9.049961
1,1.0000,but,80,7.936076
1,1.0000,butter,80,9.041528
1,1.0000,button,80,8.861179
1,1.0000,buy,80,8.365585
1,1.0000,by,80,8.920669
1,1.0000,cake,80,9.142411
1,1.0000,call,80,8.885484
1,1.0000,camera,80,8.654897
1,1.0000,can,80,8.752745
1,1.0000,car,80,8.550918
1,1.0000,careful,80,8.692246
1,1.0000,carry,80,8.545306
1,1.0000,cat,80,8.803924
1,1.0000,catch,80,8.677199
1,1.0000,chair,80,9.220019
1,1.0000,cheese,80,9.118351
1,1.0000,chicken,80,8.973930
1,1.0000,child,80,8.363784
1,1.0000,chocolate,80,9.037502
1,1.0000,clean,80,8.810407
1,1.0000,clock,80,8.829886
1,1.0000,close,80,8.917778
1,1.0000,cloud,80,8.993407
1,1.0000,coat,80,8.965776
1,1.0000,coffee,80,8.890482
1,1.0000,cold,80,8.800176
1,1.0000,comb,80,8.980439
1,1.0000,cook,80,8.969199
1,1.0000,corn,80,8.975046
1,1.0000,could,80,8.853579
1,1.0000,country,80,8.315305
1,1.0000,cover,80,8.639413
1,1.0000,cow,80,9.182522
1,1.0000,cry,80,9.065603
1,1.0000,cup,80,8.802204
1,1.0000,cut,80,8.844599
1,1.0000,dark,80,8.743828
1,1.0000,day,80,8.667964
1,1.0000,deer,80,9.083653
1,1.0000,did,80,8.924467
1,1.0000,dish,80,8.900576
1,1.0000,do,80,8.626813
1,1.0000,doctor,80,8.694592
1,1.0000,does,80,8.705712
1,1.0000,dog,80,8.479765
1,1.0000,doll,80,9.029953
1,1.0000,door,80,8.694376
1,1.0000,down,80,8.876471
1,1.0000,draw,80,9.008979
1,1.0000,dress,80,9.011602
1,1.0000,drink,80,8.921160
1,1.0000,drive,80,8.840342
1,1.0000,drop,80,8.980472
1,1.0000,dry,80,8.796435
1,1.0000,each,80,8.716377
1,1.0000,ear,80,8.851251
1,1.0000,eat,80,8.544224
1,1.0000,egg,80,8.763742
1,1.0000,empty,80,8.862715
1,1.0000,every,80,8.660685
1,1.0000,eye,80,8.933240
1,1.0000,face,80,8.857940
1,1.0000,fall,80,8.954370
1,1.0000,farm,80,8.860265
1,1.0000,fast,80,8.876552
1,1.0000,feed,80,8.919519
1,1.0000,find,80,8.449671
1,1.0000,fine,80,8.854018
1,1.0000,finger,80,8.911170
1,1.0000,finish,80,8.948965
1,1.0000,first,80,8.232579
1,1.0000,fish,80,8.764749
1,1.0000,fit,80,8.837019
1,1.0000,fix,80,8.878314
1,1.0000,flower,80,8.935755
1,1.0000,food,80,8.796264
1,1.0000,foot,80,8.950752
1,1.0000,for,80,8.879217
1,1.0000,friend,80,8.776627
1,1.0000,full,80,8.606683
1,1.0000,game,80,8.541977
1,1.0000,garden,80,8.734596
1,1.0000,gas,80,9.050602
1,1.0000,gentle,80,8.962105
1,1.0000,get,80,8.431212
1,1.0000,give,80,8.476784
1,1.0000,glass,80,8.937245
1,1.0000,glasses,80,9.048584
1,1.0000,go,80,8.669576
1,1.0000,good,80,8.303447
1,1.0000,grass,80,8.943143
1,1.0000,green,80,8.778577
1,1.0000,gum,80,9.016870
1,1.0000,hair,80,9.024459
1,1.0000,hand,80,8.595760
1,1.0000,happy,80,8.883267
1,1.0000,hard,80,8.769332
1,1.0000,have,80,8.811252
1,1.0000,he,80,8.712543
1,1.0000,head,80,8.819444
1,1.0000,hear,80,8.577786
1,1.0000,heavy,80,8.960770
1,1.0000,help,80,8.434437
1,1.0000,her,80,8.847153
1,1.0000,here,80,8.893421
1,1.0000,high,80,8.871309
1,1.0000,him,80,8.880942
1,1.0000,his,80,8.823062
1,1.0000,hit,80,9.023356
1,1.0000,hold,80,8.623097
1,1.0000,home,80,8.744460
1,1.0000,horse,80,8.758225
1,1.0000,hot,80,8.813937
1,1.0000,house,80,8.862021
1,1.0000,how,80,8.693466
1,1.0000,hurt,80,8.954762
1,1.0000,i,80,8.691436
1,1.0000,ice,80,8.829606
1,1.0000,if,80,8.704789
1,1.0000,inside,80,8.880784
1,1.0000,into,80,8.844730
1,1.0000,is,80,8.715788
1,1.0000,it,80,8.573228
1,1.0000,juice,80,8.837933
1,1.0000,jump,80,8.978898
1,1.0000,kitchen,80,8.641133
1,1.0000,knife,80,8.917722
1,1.0000,last,80,8.638889
1,1.0000,later,80,8.905936
1,1.0000,lawn,80,9.112951
1,1.0000,leg,80,8.927270
1,1.0000,light,80,8.805416
1,1.0000,like,80,8.850822
1,1.0000,listen,80,8.610768
1,1.0000,little,80,8.436697
1,1.0000,living,80,8.872875
1,1.0000,long,80,8.688767
1,1.0000,look,80,8.792908
1,1.0000,loud,80,8.906861
1,1.0000,love,80,8.772136
1,1.0000,make,80,8.533442
1,1.0000,man,80,8.842242
1,1.0000,me,80,8.834099
1,1.0000,meat,80,8.835277
1,1.0000,medicine,80,8.948142
1,1.0000,milk,80,9.010217
1,1.0000,mine,80,9.008842
1,1.0000,money,80,8.929660
1,1.0000,moon,80,8.366894
1,1.0000,more,80,8.704669
1,1.0000,morning,80,8.738880
1,1.0000,mouse,80,8.977812
1,1.0000,mouth,80,8.772994
1,1.0000,movie,80,8.743729
1,1.0000,much,80,8.565987
1,1.0000,my,80,8.809469
1,1.0000,myself,80,9.079357
1,1.0000,need,80,8.709117
1,1.0000,new,80,8.593041
1,1.0000,next,80,8.164722
1,1.0000,nice,80,8.554716
1,1.0000,night,80,8.594987
1,1.0000,no,80,8.601193
1,1.0000,none,80,9.041972
1,1.0000,nose,80,8.762464
1,1.0000,not,80,8.666067
1,1.0000,now,80,8.627763
1,1.0000,nuts,80,8.966723
1,1.0000,of,80,8.907097
1,1.0000,off,80,8.958908
1,1.0000,old,80,8.452199
1,1.0000,on,80,8.824109
1,1.0000,open,80,8.779885
1,1.0000,orange,80,9.021304
1,1.0000,other,80,8.465643
1,1.0000,our,80,8.832311
1,1.0000,out,80,8.832130
1,1.0000,outside,80,8.825712
1,1.0000,oven,80,9.208516
1,1.0000,over,80,8.957169
1,1.0000,paint,80,8.743297
1,1.0000,paper,80,8.926505
1,1.0000,park,80,8.905464
1,1.0000,party,80,8.989356
1,1.0000,pen,80,9.039426
1,1.0000,people,80,8.736079
1,1.0000,person,80,8.609269
1,1.0000,pick,80,8.969092
1,1.0000,picture,80,8.729686
1,1.0000,pig,80,9.052172
1,1.0000,plant,80,8.794911
1,1.0000,plate,80,8.973934
1,1.0000,play,80,8.716948
1,1.0000,please,80,8.295266
1,1.0000,pool,80,8.904554
1,1.0000,poor,80,8.812319
1,1.0000,present,80,8.749884
1,1.0000,pretty,80,8.698348
1,1.0000,pull,80,8.975594
1,1.0000,puppy,80,8.565898
1,1.0000,push,80,8.891430
1,1.0000,put,80,8.814417
1,1.0000,quiet,80,9.141199
1,1.0000,radio,80,8.910651
1,1.0000,rain,80,8.774703
1,1.0000,read,80,8.691806
1,1.0000,red,80,8.739948
1,1.0000,ride,80,8.793215
1,1.0000,rock,80,8.895399
1,1.0000,roof,80,8.961315
1,1.0000,room,80,8.804340
1,1.0000,run,80,8.871231
1,1.0000,salt,80,8.799253
1,1.0000,same,80,7.530738
1,1.0000,sauce,80,9.040685
1,1.0000,say,80,8.563348
1,1.0000,school,80,8.858238
1,1.0000,see,80,8.441216
1,1.0000,share,80,8.574351
1,1.0000,she,80,8.625504
1,1.0000,shopping,80,9.043112
1,1.0000,show,80,8.672909
1,1.0000,shower,80,9.089102
1,1.0000,sick,80,8.901037
1,1.0000,sing,80,9.062131
1,1.0000,sit,80,9.044393
1,1.0000,sky,80,8.442378
1,1.0000,sleep,80,8.881946
1,1.0000,slow,80,8.846723
1,1.0000,snow,80,8.883786
1,1.0000,so,80,8.637728
1,1.0000,soap,80,8.863960
1,1.0000,soda,80,8.415408
1,1.0000,soft,80,8.806543
1,1.0000,some,80,8.715196
1,1.0000,stand,80,8.810966
1,1.0000,star,80,8.987066
1,1.0000,stay,80,8.475130
1,1.0000,stick,80,8.964404
1,1.0000,stone,80,9.172680
1,1.0000,stop,80,8.706369
1,1.0000,store,80,8.758860
1,1.0000,story,80,8.745480
1,1.0000,street,80,8.714333
1,1.0000,stuck,80,8.910075
1,1.0000,sun,80,8.475974
1,1.0000,swim,80,8.928317
1,1.0000,table,80,8.895665
1,1.0000,take,80,8.592684
1,1.0000,talk,80,8.682600
1,1.0000,tape,80,9.037596
1,1.0000,taste,80,8.933607
1,1.0000,teacher,80,9.010749
1,1.0000,that,80,8.920281
1,1.0000,the,80,8.603198
1,1.0000,their,80,8.821951
1,1.0000,them,80,8.796670
1,1.0000,then,80,8.503511
1,1.0000,there,80,8.656006
1,1.0000,these,80,8.703898
1,1.0000,they,80,8.652153
1,1.0000,think,80,8.422329
1,1.0000,this,80,8.713353
1,1.0000,those,80,8.704454
1,1.0000,throw,80,9.113427
1,1.0000,time,80,8.726741
1,1.0000,tiny,80,8.865791
1,1.0000,tissue,80,8.941550
1,1.0000,to,80,8.884674
1,1.0000,today,80,8.884983
1,1.0000,too,80,8.748056
1,1.0000,tooth,80,8.848743
1,1.0000,touch,80,8.649581
1,1.0000,train,80,8.822712
1,1.0000,tree,80,8.752828
1,1.0000,truck,80,9.018142
1,1.0000,try,80,8.815148
1,1.0000,turn,80,8.715268
1,1.0000,under,80,8.941124
1,1.0000,up,80,8.841408
1,1.0000,us,80,8.790629
1,1.0000,vacuum,80,8.868064
1,1.0000,wait,80,8.609465
1,1.0000,walk,80,8.902224
1,1.0000,was,80,8.792111
1,1.0000,wash,80,8.913757
1,1.0000,washing,80,9.045631
1,1.0000,watch,80,8.685812
1,1.0000,water,80,8.594247
1,1.0000,we,80,8.591004
1,1.0000,were,80,8.898880
1,1.0000,wet,80,8.959494
1,1.0000,what,80,8.637511
1,1.0000,when,80,8.863701
1,1.0000,where,80,8.654575
1,1.0000,which,80,8.064817
1,1.0000,white,80,8.816987
1,1.0000,who,80,8.610696
1,1.0000,why,80,8.504581
1,1.0000,will,80,8.805504
1,1.0000,wind,80,8.995315
1,1.0000,window,80,8.829815
1,1.0000,wish,80,8.784967
1,1.0000,with,80,8.862788
1,1.0000,work,80,8.816307
1,1.0000,would,80,8.810211
1,1.0000,write,80,8.690387
1,1.0000,yard,80,8.821072
1,1.0000,yellow,80,8.900303
1,1.0000,yes,80,8.917528
1,1.0000,you,80,8.729161
1,1.0000,your,80,8.698902
1,1.0000,yourself,80,8.823532
2,1.0000,a,80,6.857787
2,1.0000,about,80,7.711703
2,1.0000,above,80,8.117847
2,1.0000,after,80,7.790045
2,1.0000,all,80,7.204020
2,1.0000,am,80,7.309457
2,1.0000,and,80,7.140774
2,1.0000,animal,80,7.621361
2,1.0000,another,80,7.405916
2,1.0000,any,80,7.081968
2,1.0000,are,80,7.503216
2,1.0000,arm,80,8.909465
2,1.0000,around,80,7.943649
2,1.0000,at,80,7.532889
2,1.0000,away,80,8.278927
2,1.0000,baby,80,7.635731
2,1.0000,back,80,7.542217
2,1.0000,bad,80,7.884941
2,1.0000,ball,80,8.934251
2,1.0000,bat,80,9.814193
2,1.0000,bath,80,8.496593
2,1.0000,be,80,6.549242
2,1.0000,beach,80,9.464678
2,1.0000,beans,80,9.271939
2,1.0000,bear,80,9.293454
2,1.0000,because,80,7.135196
2,1.0000,bed,80,8.304850
2,1.0000,bee,80,9.413995
2,1.0000,before,80,7.869736
2,1.0000,behind,80,8.821810
2,1.0000,belt,80,9.906535
2,1.0000,better,80,7.340145
2,1.0000,big,80,7.640641
2,1.0000,bird,80,9.290696
2,1.0000,bite,80,9.440981
2,1.0000,black,80,8.167916
2,1.0000,block,80,9.184666
2,1.0000,blow,80,9.646593
2,1.0000,blue,80,8.008723
2,1.0000,boat,80,10.147596
2,1.0000,book,80,7.589222
2,1.0000,bottle,80,10.076594
2,1.0000,bowl,80,9.250237
2,1.0000,box,80,8.944870
2,1.0000,bread,80,9.600080
2,1.0000,break,80,7.968555
2,1.0000,bring,80,7.254215
2,1.0000,broken,80,8.804004
2,1.0000,brown,80,8.828545
2,1.0000,brush,80,9.010168
2,1.0000,build,80,7.539387
2,1.0000,bus,80,9.569238
2,1.0000,but,80,6.082527
2,1.0000,butter,80,9.406839
2,1.0000,button,80,8.845289
2,1.0000,buy,80,7.663800
2,1.0000,by,80,7.560744
2,1.0000,cake,80,10.006482
2,1.0000,call,80,8.095104
2,1.0000,camera,80,7.645379
2,1.0000,can,80,7.322584
2,1.0000,car,80,7.141031
2,1.0000,careful,80,8.682471
2,1.0000,carry,80,7.661182
2,1.0000,cat,80,8.218061
2,1.0000,catch,80,8.324079
2,1.0000,chair,80,10.223935
2,1.0000,cheese,80,9.711436
2,1.0000,chicken,80,8.671495
2,1.0000,child,80,6.908126
2,1.0000,chocolate,80,9.307063
2,1.0000,clean,80,7.759230
2,1.0000,clock,80,9.028182
2,1.0000,close,80,8.299030
2,1.0000,cloud,80,9.529728
2,1.0000,coat,80,9.350403
2,1.0000,coffee,80,8.269885
2,1.0000,cold,80,7.923586
2,1.0000,comb,80,9.009522
2,1.0000,cook,80,9.065512
2,1.0000,corn,80,9.375544
2,1.0000,could,80,7.541982
2,1.0000,country,80,6.970562
2,1.0000,cover,80,7.951756
2,1.0000,cow,80,10.311513
2,1.0000,cry,80,9.731516
2,1.0000,cup,80,8.834976
2,1.0000,cut,80,8.050286
2,1.0000,dark,80,7.373737
2,1.0000,day,80,7.374224
2,1.0000,deer,80,9.843110
2,1.0000,did,80,8.112433
2,1.0000,dish,80,8.743648
2,1.0000,do,80,7.294529
2,1.0000,doctor,80,8.527331
2,1.0000,does,80,7.618616
2,1.0000,dog,80,7.235575
2,1.0000,doll,80,9.677914
2,1.0000,door,80,8.571329
2,1.0000,down,80,7.845501
2,1.0000,draw,80,8.850701
2,1.0000,dress,80,9.508971
2,1.0000,drink,80,8.832331
2,1.0000,drive,80,8.279934
2,1.0000,drop,80,8.996052
2,1.0000,dry,80,7.659794
2,1.0000,each,80,7.034644
2,1.0000,ear,80,8.133309
2,1.0000,eat,80,7.237590
2,1.0000,egg,80,8.562205
2,1.0000,empty,80,9.364029
2,1.0000,every,80,7.221259
2,1.0000,eye,80,8.189207
2,1.0000,face,80,8.394097
2,1.0000,fall,80,8.382115
2,1.0000,farm,80,8.701223
2,1.0000,fast,80,8.117261
2,1.0000,feed,80,8.365100
2,1.0000,find,80,6.936267
2,1.0000,fine,80,8.427366
2,1.0000,finger,80,9.384496
2,1.0000,finish,80,9.597682
2,1.0000,first,80,6.771561
2,1.0000,fish,80,7.434135
2,1.0000,fit,80,8.416036
2,1.0000,fix,80,8.863694
2,1.0000,flower,80,9.089700
2,1.0000,food,80,7.334375
2,1.0000,foot,80,8.822787
2,1.0000,for,80,7.432891
2,1.0000,friend,80,8.764013
2,1.0000,full,80,7.445151
2,1.0000,game,80,7.347292
2,1.0000,garden,80,8.120849
2,1.0000,gas,80,8.284504
2,1.0000,gentle,80,9.615555
2,1.0000,get,80,6.943690
2,1.0000,give,80,7.011118
2,1.0000,glass,80,8.498664
2,1.0000,glasses,80,9.823029
2,1.0000,go,80,7.241249
2,1.0000,good,80,7.005960
2,1.0000,grass,80,8.671426
2,1.0000,green,80,7.493800
2,1.0000,gum,80,9.975278
2,1.0000,hair,80,9.394784
2,1.0000,hand,80,7.573404
2,1.0000,happy,80,8.577705
2,1.0000,hard,80,7.513205
2,1.0000,have,80,7.552905
2,1.0000,he,80,7.081418
2,1.0000,head,80,7.870681
2,1.0000,hear,80,7.833378
2,1.0000,heavy,80,8.711806
2,1.0000,help,80,6.664160
2,1.0000,her,80,7.375234
2,1.0000,here,80,7.630346
2,1.0000,high,80,7.421429
2,1.0000,him,80,7.967156
2,1.0000,his,80,7.149386
2,1.0000,hit,80,8.955666
2,1.0000,hold,80,8.153312
2,1.0000,home,80,7.827957
2,1.0000,horse,80,7.920458
2,1.0000,hot,80,7.617387
2,1.0000,house,80,8.546719
2,1.0000,how,80,7.026394
2,1.0000,hurt,80,9.632541
2,1.0000,i,80,7.662204
2,1.0000,ice,80,8.269267
2,1.0000,if,80,7.173612
2,1.0000,inside,80,8.523232
2,1.0000,into,80,7.602050
2,1.0000,is,80,7.243534
2,1.0000,it,80,6.779590
2,1.0000,juice,80,9.453866
2,1.0000,jump,80,9.082943
2,1.0000,kitchen,80,8.611007
2,1.0000,knife,80,9.259573
2,1.0000,last,80,7.558438
2,1.0000,later,80,8.048122
2,1.0000,lawn,80,10.019455
2,1.0000,leg,80,8.178070
2,1.0000,light,80,7.477764
2,1.0000,like,80,7.260829
2,1.0000,listen,80,8.913196
2,1.0000,little,80,7.215524
2,1.0000,living,80,8.244478
2,1.0000,long,80,7.370666
2,1.0000,look,80,7.585033
2,1.0000,loud,80,9.401579
2,1.0000,love,80,7.869392
2,1.0000,make,80,7.178442
2,1.0000,man,80,7.681289
2,1.0000,me,80,7.956008
2,1.0000,meat,80,8.676178
2,1.0000,medicine,80,9.253815
2,1.0000,milk,80,8.588290
2,1.0000,mine,80,9.694553
2,1.0000,money,80,8.330720
2,1.0000,moon,80,8.262204
2,1.0000,more,80,7.155537
2,1.0000,morning,80,8.284902
2,1.0000,mouse,80,9.141409
2,1.0000,mouth,80,8.572107
2,1.0000,movie,80,8.671540
2,1.0000,much,80,7.273783
2,1.0000,my,80,7.109974
2,1.0000,myself,80,9.833959
2,1.0000,need,80,7.570904
2,1.0000,new,80,7.191727
2,1.0000,next,80,6.741875
2,1.0000,nice,80,8.131873
2,1.0000,night,80,7.859531
2,1.0000,no,80,7.095427
2,1.0000,none,80,9.656939
2,1.0000,nose,80,8.680785
2,1.0000,not,80,7.237792
2,1.0000,now,80,7.328263
2,1.0000,nuts,80,9.709472
2,1.0000,of,80,7.514356
2,1.0000,off,80,8.030326
2,1.0000,old,80,7.293005
2,1.0000,on,80,7.425128
2,1.0000,open,80,7.619157
2,1.0000,orange,80,9.345599
2,1.0000,other,80,7.077948
2,1.0000,our,80,7.052647
2,1.0000,out,80,7.619984
2,1.0000,outside,80,8.188271
2,1.0000,oven,80,10.116475
2,1.0000,over,80,7.646765
2,1.0000,paint,80,8.580071
2,1.0000,paper,80,8.524353
2,1.0000,park,80,9.307144
2,1.0000,party,80,9.114058
2,1.0000,pen,80,9.000486
2,1.0000,people,80,7.210182
2,1.0000,person,80,7.336335
2,1.0000,pick,80,8.815816
2,1.0000,picture,80,8.124582
2,1.0000,pig,80,9.532724
2,1.0000,plant,80,7.415468
2,1.0000,plate,80,9.117645
2,1.0000,play,80,7.585756
2,1.0000,please,80,7.746072
2,1.0000,pool,80,9.128918
2,1.0000,poor,80,8.357167
2,1.0000,present,80,7.661945
2,1.0000,pretty,80,8.150995
2,1.0000,pull,80,9.167090
2,1.0000,puppy,80,7.944978
2,1.0000,push,80,8.850935
2,1.0000,put,80,7.663337
2,1.0000,quiet,80,10.193354
2,1.0000,radio,80,9.142106
2,1.0000,rain,80,8.101141
2,1.0000,read,80,7.590763
2,1.0000,red,80,7.407852
2,1.0000,ride,80,8.967166
2,1.0000,rock,80,8.454032
2,1.0000,roof,80,9.098647
2,1.0000,room,80,8.199111
2,1.0000,run,80,8.290665
2,1.0000,salt,80,7.569745
2,1.0000,same,80,5.833365
2,1.0000,sauce,80,9.825349
2,1.0000,say,80,7.543562
2,1.0000,school,80,7.899264
2,1.0000,see,80,6.960561
2,1.0000,share,80,7.658116
2,1.0000,she,80,6.997607
2,1.0000,shopping,80,9.416812
2,1.0000,show,80,7.656047
2,1.0000,shower,80,9.874524
2,1.0000,sick,80,8.489734
2,1.0000,sing,80,9.590032
2,1.0000,sit,80,9.351579
2,1.0000,sky,80,8.248279
2,1.0000,sleep,80,8.215611
2,1.0000,slow,80,7.981027
2,1.0000,snow,80,8.586382
2,1.0000,so,80,6.974531
2,1.0000,soap,80,9.170024
2,1.0000,soda,80,7.964976
2,1.0000,soft,80,8.466241
2,1.0000,some,80,7.214159
2,1.0000,stand,80,8.683097
2,1.0000,star,80,9.540562
2,1.0000,stay,80,7.370760
2,1.0000,stick,80,8.971754
2,1.0000,stone,80,9.889596
2,1.0000,stop,80,7.633742
2,1.0000,store,80,8.535097
2,1.0000,story,80,7.954760
2,1.0000,street,80,8.747179
2,1.0000,stuck,80,9.536911
2,1.0000,sun,80,7.210838
2,1.0000,swim,80,9.235908
2,1.0000,table,80,8.812500
2,1.0000,take,80,7.174656
2,1.0000,talk,80,8.183852
2,1.0000,tape,80,9.530269
2,1.0000,taste,80,8.645738
2,1.0000,teacher,80,9.121651
2,1.0000,that,80,7.296744
2,1.0000,the,80,6.742829
2,1.0000,their,80,6.891981
2,1.0000,them,80,7.459191
2,1.0000,then,80,7.001028
2,1.0000,there,80,6.850852
2,1.0000,these,80,7.006374
2,1.0000,they,80,6.853540
2,1.0000,think,80,6.980135
2,1.0000,this,80,6.896346
2,1.0000,those,80,7.235194
2,1.0000,throw,80,9.903343
2,1.0000,time,80,7.231915
2,1.0000,tiny,80,8.777198
2,1.0000,tissue,80,9.367353
2,1.0000,to,80,7.410038
2,1.0000,today,80,8.219638
2,1.0000,too,80,7.373788
2,1.0000,tooth,80,8.943262
2,1.0000,touch,80,8.205415
2,1.0000,train,80,8.789495
2,1.0000,tree,80,8.361924
2,1.0000,truck,80,9.605339
2,1.0000,try,80,7.802365
2,1.0000,turn,80,7.579061
2,1.0000,under,80,7.569576
2,1.0000,up,80,7.730030
2,1.0000,us,80,7.525421
2,1.0000,vacuum,80,9.413315
2,1.0000,wait,80,8.369809
2,1.0000,walk,80,8.149892
2,1.0000,was,80,7.435004
2,1.0000,wash,80,9.344840
2,1.0000,washing,80,9.839695
2,1.0000,watch,80,8.178873
2,1.0000,water,80,7.029321
2,1.0000,we,80,6.815456
2,1.0000,were,80,7.656636
2,1.0000,wet,80,9.041434
2,1.0000,what,80,6.900574
2,1.0000,when,80,7.342877
2,1.0000,where,80,7.024763
2,1.0000,which,80,6.232399
2,1.0000,white,80,7.931307
2,1.0000,who,80,7.160887
2,1.0000,why,80,7.128733
2,1.0000,will,80,7.395642
2,1.0000,wind,80,8.487725
2,1.0000,window,80,8.385914
2,1.0000,wish,80,8.742808
2,1.0000,with,80,7.246953
2,1.0000,work,80,7.646800
2,1.0000,would,80,7.517019
2,1.0000,write,80,8.321002
2,1.0000,yard,80,9.251580
2,1.0000,yellow,80,8.781404
2,1.0000,yes,80,9.476739
2,1.0000,you,80,7.015875
2,1.0000,your,80,6.843642
2,1.0000,yourself,80,8.360005
3,1.0000,a,80,4.817063
3,1.0000,about,80,6.058276
3,1.0000,above,80,8.203546
3,1.0000,after,80,6.199732
3,1.0000,all,80,5.326571
3,1.0000,am,80,6.568981
3,1.0000,and,80,5.133474
3,1.0000,animal,80,7.988171
3,1.0000,another,80,6.856011
3,1.0000,any,80,5.233588
3,1.0000,are,80,5.582480
3,1.0000,arm,80,9.960315
3,1.0000,around,80,6.365243
3,1.0000,at,80,5.513189
3,1.0000,away,80,7.467912
3,1.0000,baby,80,7.762820
3,1.0000,back,80,6.323186
3,1.0000,bad,80,8.144464
3,1.0000,ball,80,9.540351
3,1.0000,bat,80,11.244612
3,1.0000,bath,80,9.397591
3,1.0000,be,80,4.916552
3,1.0000,beach,80,10.515646
3,1.0000,beans,80,9.741833
3,1.0000,bear,80,10.565502
3,1.0000,because,80,5.396664
3,1.0000,bed,80,9.200976
3,1.0000,bee,80,9.975528
3,1.0000,before,80,6.136106
3,1.0000,behind,80,9.359850
3,1.0000,belt,80,11.107941
3,1.0000,better,80,6.395463
3,1.0000,big,80,7.897781
3,1.0000,bird,80,10.286006
3,1.0000,bite,80,10.738815
3,1.0000,black,80,8.172090
3,1.0000,block,80,10.037285
3,1.0000,blow,80,10.626111
3,1.0000,blue,80,8.410981
3,1.0000,boat,80,10.681739
3,1.0000,book,80,7.127217
3,1.0000,bottle,80,11.473756
3,1.0000,bowl,80,10.503696
3,1.0000,box,80,9.376022
3,1.0000,bread,80,10.911420
3,1.0000,break,80,8.062788
3,1.0000,bring,80,7.274881
3,1.0000,broken,80,9.762819
3,1.0000,brown,80,9.127826
3,1.0000,brush,80,10.236803
3,1.0000,build,80,7.993761
3,1.0000,bus,80,10.856008
3,1.0000,but,80,4.692007
3,1.0000,butter,80,9.867581
3,1.0000,button,80,8.880756
3,1.0000,buy,80,8.112593
3,1.0000,by,80,5.637301
3,1.0000,cake,80,11.633338
3,1.0000,call,80,8.141691
3,1.0000,camera,80,8.206395
3,1.0000,can,80,5.523157
3,1.0000,car,80,5.558978
3,1.0000,careful,80,9.789770
3,1.0000,carry,80,8.318297
3,1.0000,cat,80,7.628103
3,1.0000,catch,80,9.370800
3,1.0000,chair,80,11.643530
3,1.0000,cheese,80,10.383323
3,1.0000,chicken,80,9.273768
3,1.0000,child,80,5.813202
3,1.0000,chocolate,80,10.557797
3,1.0000,clean,80,8.085953
3,1.0000,clock,80,10.392176
3,1.0000,close,80,8.698184
3,1.0000,cloud,80,11.048980
3,1.0000,coat,80,10.682844
3,1.0000,coffee,80,9.047959
3,1.0000,cold,80,8.489432
3,1.0000,comb,80,9.092683
3,1.0000,cook,80,8.676161
3,1.0000,corn,80,10.222171
3,1.0000,could,80,5.856021
3,1.0000,country,80,7.586553
3,1.0000,cover,80,8.585071
3,1.0000,cow,80,11.840758
3,1.0000,cry,80,11.116096
3,1.0000,cup,80,9.988683
3,1.0000,cut,80,8.403115
3,1.0000,dark,80,7.737688
3,1.0000,day,80,6.092548
3,1.0000,deer,80,11.395497
3,1.0000,did,80,6.901908
3,1.0000,dish,80,9.637321
3,1.0000,do,80,5.752184
3,1.0000,doctor,80,9.235550
3,1.0000,does,80,6.135898
3,1.0000,dog,80,6.292012
3,1.0000,doll,80,11.109798
3,1.0000,door,80,9.736974
3,1.0000,down,80,6.443881
3,1.0000,draw,80,9.751069
3,1.0000,dress,80,10.899634
3,1.0000,drink,80,9.954649
3,1.0000,drive,80,8.847485
3,1.0000,drop,80,9.903188
3,1.0000,dry,80,8.026680
3,1.0000,each,80,5.411192
3,1.0000,ear,80,8.837046
3,1.0000,eat,80,6.779250
3,1.0000,egg,80,9.720574
3,1.0000,empty,80,10.730647
3,1.0000,every,80,6.225401
3,1.0000,eye,80,8.016990
3,1.0000,face,80,8.767214
3,1.0000,fall,80,8.691594
3,1.0000,farm,80,9.831399
3,1.0000,fast,80,8.620521
3,1.0000,feed,80,8.895286
3,1.0000,find,80,5.519870
3,1.0000,fine,80,8.938036
3,1.0000,finger,80,10.772761
3,1.0000,finish,80,10.789258
3,1.0000,first,80,5.719893
3,1.0000,fish,80,7.649095
3,1.0000,fit,80,8.745700
3,1.0000,fix,80,9.976784
3,1.0000,flower,80,10.249267
3,1.0000,food,80,5.981073
3,1.0000,foot,80,9.455253
3,1.0000,for,80,5.434542
3,1.0000,friend,80,9.581248
3,1.0000,full,80,7.195203
3,1.0000,game,80,7.628876
3,1.0000,garden,80,7.993154
3,1.0000,gas,80,8.140158
3,1.0000,gentle,80,11.162228
3,1.0000,get,80,5.509939
3,1.0000,give,80,5.986780
3,1.0000,glass,80,9.367758
3,1.0000,glasses,80,11.381994
3,1.0000,go,80,5.980641
3,1.0000,good,80,5.974064
3,1.0000,grass,80,9.373434
3,1.0000,green,80,7.698884
3,1.0000,gum,80,11.607377
3,1.0000,hair,80,10.342756
3,1.0000,hand,80,6.863233
3,1.0000,happy,80,9.241266
3,1.0000,hard,80,7.332528
3,1.0000,have,80,5.861589
3,1.0000,he,80,5.482947
3,1.0000,head,80,7.986072
3,1.0000,hear,80,8.273055
3,1.0000,heavy,80,9.704314
3,1.0000,help,80,5.059834
3,1.0000,her,80,6.148636
3,1.0000,here,80,7.443020
3,1.0000,high,80,6.079353
3,1.0000,him,80,7.866293
3,1.0000,his,80,6.060124
3,1.0000,hit,80,9.990457
3,1.0000,hold,80,8.374472
3,1.0000,home,80,6.794820
3,1.0000,horse,80,7.968606
3,1.0000,hot,80,8.032880
3,1.0000,house,80,8.593000
3,1.0000,how,80,5.248225
3,1.0000,hurt,80,11.178813
3,1.0000,i,80,7.992407
3,1.0000,ice,80,9.196773
3,1.0000,if,80,5.305405
3,1.0000,inside,80,8.060684
3,1.0000,into,80,5.753741
3,1.0000,is,80,5.225741
3,1.0000,it,80,4.813012
3,1.0000,juice,80,10.823211
3,1.0000,jump,80,10.011262
3,1.0000,kitchen,80,9.584525
3,1.0000,knife,80,10.334957
3,1.0000,last,80,7.721512
3,1.0000,later,80,8.504908
3,1.0000,lawn,80,11.487327
3,1.0000,leg,80,8.790431
3,1.0000,light,80,6.115064
3,1.0000,like,80,5.208891
3,1.0000,listen,80,10.181890
3,1.0000,little,80,6.609372
3,1.0000,living,80,8.362226
3,1.0000,long,80,6.051930
3,1.0000,look,80,6.667917
3,1.0000,loud,80,10.908458
3,1.0000,love,80,8.179045
3,1.0000,make,80,5.849374
3,1.0000,man,80,7.364671
3,1.0000,me,80,6.970305
3,1.0000,meat,80,9.600617
3,1.0000,medicine,80,10.321200
3,1.0000,milk,80,8.598116
3,1.0000,mine,80,11.243468
3,1.0000,money,80,8.563877
3,1.0000,moon,80,9.375084
3,1.0000,more,80,5.369065
3,1.0000,morning,80,9.332518
3,1.0000,mouse,80,10.250825
3,1.0000,mouth,80,9.309936
3,1.0000,movie,80,9.889896
3,1.0000,much,80,5.838215
3,1.0000,my,80,5.410250
3,1.0000,myself,80,10.961729
3,1.0000,need,80,6.089290
3,1.0000,new,80,5.776483
3,1.0000,next,80,7.041980
3,1.0000,nice,80,9.215397
3,1.0000,night,80,8.354717
3,1.0000,no,80,5.608188
3,1.0000,none,80,11.175695
3,1.0000,nose,80,9.794160
3,1.0000,not,80,5.596344
3,1.0000,now,80,6.350668
3,1.0000,nuts,80,11.190042
3,1.0000,of,80,5.781123
3,1.0000,off,80,6.430831
3,1.0000,old,80,7.260777
3,1.0000,on,80,5.438375
3,1.0000,open,80,7.651991
3,1.0000,orange,80,10.500753
3,1.0000,other,80,5.669599
3,1.0000,our,80,5.159852
3,1.0000,out,80,5.906383
3,1.0000,outside,80,8.474517
3,1.0000,oven,80,11.035052
3,1.0000,over,80,5.759002
3,1.0000,paint,80,9.687736
3,1.0000,paper,80,8.569642
3,1.0000,park,80,10.743785
3,1.0000,party,80,10.176283
3,1.0000,pen,80,10.076797
3,1.0000,people,80,5.537318
3,1.0000,person,80,7.109537
3,1.0000,pick,80,9.306924
3,1.0000,picture,80,8.299298
3,1.0000,pig,80,10.226055
3,1.0000,plant,80,6.999850
3,1.0000,plate,80,10.299221
3,1.0000,play,80,7.481897
3,1.0000,please,80,8.867985
3,1.0000,pool,80,10.197295
3,1.0000,poor,80,9.270863
3,1.0000,present,80,7.606210
3,1.0000,pretty,80,8.670840
3,1.0000,pull,80,9.995720
3,1.0000,puppy,80,8.867543
3,1.0000,push,80,9.848877
3,1.0000,put,80,6.946098
3,1.0000,quiet,80,11.710022
3,1.0000,radio,80,10.256623
3,1.0000,rain,80,8.766894
3,1.0000,read,80,7.498253
3,1.0000,red,80,7.710816
3,1.0000,ride,80,10.162909
3,1.0000,rock,80,9.390844
3,1.0000,roof,80,8.657269
3,1.0000,room,80,8.807244
3,1.0000,run,80,8.119481
3,1.0000,salt,80,8.157130
3,1.0000,same,80,5.080243
3,1.0000,sauce,80,11.341922
3,1.0000,say,80,7.414709
3,1.0000,school,80,7.333697
3,1.0000,see,80,5.547350
3,1.0000,share,80,8.085628
3,1.0000,she,80,6.504598
3,1.0000,shopping,80,10.862419
3,1.0000,show,80,7.378600
3,1.0000,shower,80,11.433793
3,1.0000,sick,80,9.450903
3,1.0000,sing,80,11.161302
3,1.0000,sit,80,10.533108
3,1.0000,sky,80,9.670153
3,1.0000,sleep,80,8.853415
3,1.0000,slow,80,8.556660
3,1.0000,snow,80,9.625683
3,1.0000,so,80,5.123326
3,1.0000,soap,80,10.520442
3,1.0000,soda,80,8.684144
3,1.0000,soft,80,9.551992
3,1.0000,some,80,5.522272
3,1.0000,stand,80,9.549768
3,1.0000,star,80,11.005705
3,1.0000,stay,80,7.796550
3,1.0000,stick,80,10.028030
3,1.0000,stone,80,11.056312
3,1.0000,stop,80,7.677711
3,1.0000,store,80,9.169026
3,1.0000,story,80,8.510354
3,1.0000,street,80,10.222480
3,1.0000,stuck,80,11.050793
3,1.0000,sun,80,7.554370
3,1.0000,swim,80,10.588975
3,1.0000,table,80,9.320932
3,1.0000,take,80,5.718035
3,1.0000,talk,80,8.871191
3,1.0000,tape,80,10.866282
3,1.0000,taste,80,9.389646
3,1.0000,teacher,80,9.584559
3,1.0000,that,80,5.261817
3,1.0000,the,80,4.785362
3,1.0000,their,80,4.906480
3,1.0000,them,80,5.712039
3,1.0000,then,80,5.602956
3,1.0000,there,80,4.948609
3,1.0000,these,80,5.251346
3,1.0000,they,80,4.879899
3,1.0000,think,80,5.595617
3,1.0000,this,80,4.950557
3,1.0000,those,80,5.790539
3,1.0000,throw,80,10.664741
3,1.0000,time,80,5.539213
3,1.0000,tiny,80,9.687991
3,1.0000,tissue,80,10.289287
3,1.0000,to,80,5.501606
3,1.0000,today,80,7.704480
3,1.0000,too,80,6.283846
3,1.0000,tooth,80,10.187445
3,1.0000,touch,80,9.120863
3,1.0000,train,80,9.976190
3,1.0000,tree,80,9.111810
3,1.0000,truck,80,10.753261
3,1.0000,try,80,7.493964
3,1.0000,turn,80,7.607746
3,1.0000,under,80,6.412277
3,1.0000,up,80,6.079739
3,1.0000,us,80,6.058791
3,1.0000,vacuum,80,10.987305
3,1.0000,wait,80,9.475080
3,1.0000,walk,80,8.462760
3,1.0000,was,80,5.535565
3,1.0000,wash,80,10.766578
3,1.0000,washing,80,11.460632
3,1.0000,watch,80,9.216909
3,1.0000,water,80,5.492705
3,1.0000,we,80,4.928779
3,1.0000,were,80,5.979895
3,1.0000,wet,80,9.137760
3,1.0000,what,80,5.060621
3,1.0000,when,80,5.338733
3,1.0000,where,80,5.179315
3,1.0000,which,80,4.779625
3,1.0000,white,80,8.275209
3,1.0000,who,80,5.475505
3,1.0000,why,80,6.364989
3,1.0000,will,80,5.488020
3,1.0000,wind,80,8.877739
3,1.0000,window,80,9.092625
3,1.0000,wish,80,9.548175
3,1.0000,with,80,5.188913
3,1.0000,work,80,6.128832
3,1.0000,would,80,5.722564
3,1.0000,write,80,9.023927
3,1.0000,yard,80,10.564556
3,1.0000,yellow,80,9.587421
3,1.0000,yes,80,10.804393
3,1.0000,you,80,5.065453
3,1.0000,your,80,4.970141
3,1.0000,yourself,80,8.616983
4,1.0000,a,80,3.337634
4,1.0000,about,80,5.045714
4,1.0000,above,80,8.739445
4,1.0000,after,80,7.062918
4,1.0000,all,80,5.833421
4,1.0000,am,80,6.763220
4,1.0000,and,80,3.939627
4,1.0000,animal,80,8.679325
4,1.0000,another,80,7.605517
4,1.0000,any,80,5.924333
4,1.0000,are,80,4.127592
4,1.0000,arm,80,9.809754
4,1.0000,around,80,6.967378
4,1.0000,at,80,4.601712
4,1.0000,away,80,7.907613
4,1.0000,baby,80,7.889349
4,1.0000,back,80,7.430296
4,1.0000,bad,80,8.280091
4,1.0000,ball,80,9.122717
4,1.0000,bat,80,11.532032
4,1.0000,bath,80,9.927857
4,1.0000,be,80,3.427450
4,1.0000,beach,80,9.918283
4,1.0000,beans,80,9.820781
4,1.0000,bear,80,10.024813
4,1.0000,because,80,6.233764
4,1.0000,bed,80,10.250510
4,1.0000,bee,80,10.135443
4,1.0000,before,80,6.613910
4,1.0000,behind,80,8.839790
4,1.0000,belt,80,11.421391
4,1.0000,better,80,7.324897
4,1.0000,big,80,7.915672
4,1.0000,bird,80,9.670663
4,1.0000,bite,80,11.236415
4,1.0000,black,80,8.522984
4,1.0000,block,80,10.273118
4,1.0000,blow,80,10.352827
4,1.0000,blue,80,9.562583
4,1.0000,boat,80,9.777854
4,1.0000,book,80,7.004944
4,1.0000,bottle,80,11.265079
4,1.0000,bowl,80,10.636150
4,1.0000,box,80,9.779689
4,1.0000,bread,80,10.483517
4,1.0000,break,80,8.871925
4,1.0000,bring,80,7.397274
4,1.0000,broken,80,9.747999
4,1.0000,brown,80,9.042590
4,1.0000,brush,80,10.668795
4,1.0000,build,80,8.274076
4,1.0000,bus,80,10.821885
4,1.0000,but,80,4.250565
4,1.0000,butter,80,9.368783
4,1.0000,button,80,8.602296
4,1.0000,buy,80,7.368217
4,1.0000,by,80,4.146316
4,1.0000,cake,80,11.950754
4,1.0000,call,80,8.986973
4,1.0000,camera,80,8.388705
4,1.0000,can,80,4.296452
4,1.0000,car,80,6.326239
4,1.0000,careful,80,9.878500
4,1.0000,carry,80,7.903624
4,1.0000,cat,80,8.024153
4,1.0000,catch,80,9.685872
4,1.0000,chair,80,12.020242
4,1.0000,cheese,80,10.806863
4,1.0000,chicken,80,10.074389
4,1.0000,child,80,5.666660
4,1.0000,chocolate,80,10.540196
4,1.0000,clean,80,8.549056
4,1.0000,clock,80,10.723741
4,1.0000,close,80,8.457687
4,1.0000,cloud,80,11.251587
4,1.0000,coat,80,11.079069
4,1.0000,coffee,80,9.868786
4,1.0000,cold,80,9.230113
4,1.0000,comb,80,9.444957
4,1.0000,cook,80,8.820268
4,1.0000,corn,80,10.908949
4,1.0000,could,80,5.690653
4,1.0000,country,80,7.750801
4,1.0000,cover,80,8.946082
4,1.0000,cow,80,11.892835
4,1.0000,cry,80,11.599246
4,1.0000,cup,80,9.987785
4,1.0000,cut,80,9.208896
4,1.0000,dark,80,8.945317
4,1.0000,day,80,6.563365
4,1.0000,deer,80,11.880581
4,1.0000,did,80,7.163459
4,1.0000,dish,80,9.468102
4,1.0000,do,80,4.776493
4,1.0000,doctor,80,8.354821
4,1.0000,does,80,5.931750
4,1.0000,dog,80,6.200769
4,1.0000,doll,80,10.976623
4,1.0000,door,80,9.284266
4,1.0000,down,80,6.857898
4,1.0000,draw,80,9.835380
4,1.0000,dress,80,11.272947
4,1.0000,drink,80,10.169617
4,1.0000,drive,80,9.110077
4,1.0000,drop,80,10.351468
4,1.0000,dry,80,9.099468
4,1.0000,each,80,6.236232
4,1.0000,ear,80,9.472248
4,1.0000,eat,80,7.203183
4,1.0000,egg,80,10.314451
4,1.0000,empty,80,11.336616
4,1.0000,every,80,7.133356
4,1.0000,eye,80,8.426342
4,1.0000,face,80,8.494390
4,1.0000,fall,80,9.066246
4,1.0000,farm,80,9.831411
4,1.0000,fast,80,9.502253
4,1.0000,feed,80,8.703792
4,1.0000,find,80,5.109907
4,1.0000,fine,80,8.596333
4,1.0000,finger,80,11.164077
4,1.0000,finish,80,10.732256
4,1.0000,first,80,5.624517
4,1.0000,fish,80,8.767597
4,1.0000,fit,80,8.493965
4,1.0000,fix,80,10.259202
4,1.0000,flower,80,10.367172
4,1.0000,food,80,7.102831
4,1.0000,foot,80,9.262042
4,1.0000,for,80,3.865739
4,1.0000,friend,80,9.252075
4,1.0000,full,80,8.109164
4,1.0000,game,80,8.016361
4,1.0000,garden,80,8.158718
4,1.0000,gas,80,9.284316
4,1.0000,gentle,80,11.519938
4,1.0000,get,80,4.891089
4,1.0000,give,80,6.154997
4,1.0000,glass,80,10.107407
4,1.0000,glasses,80,11.240371
4,1.0000,go,80,6.504095
4,1.0000,good,80,5.467163
4,1.0000,grass,80,9.194447
4,1.0000,green,80,8.905143
4,1.0000,gum,80,11.635943
4,1.0000,hair,80,9.750986
4,1.0000,hand,80,7.442650
4,1.0000,happy,80,9.283734
4,1.0000,hard,80,8.046046
4,1.0000,have,80,4.729898
4,1.0000,he,80,6.456547
4,1.0000,head,80,7.804003
4,1.0000,hear,80,8.134886
4,1.0000,heavy,80,10.021767
4,1.0000,help,80,4.035782
4,1.0000,her,80,7.050122
4,1.0000,here,80,8.340490
4,1.0000,high,80,7.110726
4,1.0000,him,80,8.382819
4,1.0000,his,80,6.913424
4,1.0000,hit,80,10.481164
4,1.0000,hold,80,7.780881
4,1.0000,home,80,7.200025
4,1.0000,horse,80,8.684420
4,1.0000,hot,80,8.967437
4,1.0000,house,80,8.279554
4,1.0000,how,80,5.838205
4,1.0000,hurt,80,11.246178
4,1.0000,i,80,9.150395
4,1.0000,ice,80,9.057243
4,1.0000,if,80,5.879257
4,1.0000,inside,80,8.793166
4,1.0000,into,80,4.862383
4,1.0000,is,80,3.744751
4,1.0000,it,80,3.651783
4,1.0000,juice,80,11.182966
4,1.0000,jump,80,10.206071
4,1.0000,kitchen,80,9.815048
4,1.0000,knife,80,10.000990
4,1.0000,last,80,8.412196
4,1.0000,later,80,9.430988
4,1.0000,lawn,80,10.779057
4,1.0000,leg,80,9.624752
4,1.0000,light,80,7.181124
4,1.0000,like,80,5.822503
4,1.0000,listen,80,10.112061
4,1.0000,little,80,6.673130
4,1.0000,living,80,9.238197
4,1.0000,long,80,6.940019
4,1.0000,look,80,7.287348
4,1.0000,loud,80,11.728675
4,1.0000,love,80,8.824156
4,1.0000,make,80,5.439505
4,1.0000,man,80,8.399267
4,1.0000,me,80,7.760907
4,1.0000,meat,80,8.857992
4,1.0000,medicine,80,10.219443
4,1.0000,milk,80,9.494606
4,1.0000,mine,80,11.542019
4,1.0000,money,80,9.068119
4,1.0000,moon,80,9.630696
4,1.0000,more,80,5.086477
4,1.0000,morning,80,9.528639
4,1.0000,mouse,80,10.245392
4,1.0000,mouth,80,8.959997
4,1.0000,movie,80,10.418974
4,1.0000,much,80,5.781827
4,1.0000,my,80,6.316900
4,1.0000,myself,80,10.881139
4,1.0000,need,80,5.796544
4,1.0000,new,80,6.032476
4,1.0000,next,80,7.473544
4,1.0000,nice,80,9.005384
4,1.0000,night,80,8.927728
4,1.0000,no,80,6.199586
4,1.0000,none,80,11.827307
4,1.0000,nose,80,9.206392
4,1.0000,not,80,4.363113
4,1.0000,now,80,7.125920
4,1.0000,nuts,80,10.982789
4,1.0000,of,80,4.165940
4,1.0000,off,80,7.058224
4,1.0000,old,80,8.028210
4,1.0000,on,80,3.946705
4,1.0000,open,80,8.558088
4,1.0000,orange,80,11.093947
4,1.0000,other,80,5.702207
4,1.0000,our,80,5.644385
4,1.0000,out,80,5.669057
4,1.0000,outside,80,9.140206
4,1.0000,oven,80,10.609479
4,1.0000,over,80,6.449878
4,1.0000,paint,80,10.407195
4,1.0000,paper,80,8.520438
4,1.0000,park,80,11.183956
4,1.0000,party,80,10.806023
4,1.0000,pen,80,9.968882
4,1.0000,people,80,6.092443
4,1.0000,person,80,7.516538
4,1.0000,pick,80,9.381658
4,1.0000,picture,80,8.382230
4,1.0000,pig,80,9.865586
4,1.0000,plant,80,7.778403
4,1.0000,plate,80,10.752548
4,1.0000,play,80,8.483846
4,1.0000,please,80,9.267873
4,1.0000,pool,80,10.004804
4,1.0000,poor,80,9.537541
4,1.0000,present,80,8.643198
4,1.0000,pretty,80,8.220379
4,1.0000,pull,80,9.964996
4,1.0000,puppy,80,9.264595
4,1.0000,push,80,9.666015
4,1.0000,put,80,7.590481
4,1.0000,quiet,80,11.843400
4,1.0000,radio,80,10.178007
4,1.0000,rain,80,9.230560
4,1.0000,read,80,8.222969
4,1.0000,red,80,8.810345
4,1.0000,ride,80,10.072995
4,1.0000,rock,80,9.805859
4,1.0000,roof,80,8.189090
4,1.0000,room,80,8.715164
4,1.0000,run,80,8.664364
4,1.0000,salt,80,9.276915
4,1.0000,same,80,4.476043
4,1.0000,sauce,80,10.866949
4,1.0000,say,80,7.367266
4,1.0000,school,80,7.972262
4,1.0000,see,80,5.347341
4,1.0000,share,80,8.332753
4,1.0000,she,80,7.491215
4,1.0000,shopping,80,11.379467
4,1.0000,show,80,7.920021
4,1.0000,shower,80,11.997975
4,1.0000,sick,80,10.280796
4,1.0000,sing,80,11.879638
4,1.0000,sit,80,10.232108
4,1.0000,sky,80,9.979461
4,1.0000,sleep,80,9.581617
4,1.0000,slow,80,9.415484
4,1.0000,snow,80,9.741094
4,1.0000,so,80,5.916321
4,1.0000,soap,80,11.304152
4,1.0000,soda,80,8.924910
4,1.0000,soft,80,9.866407
4,1.0000,some,80,5.462496
4,1.0000,stand,80,9.831832
4,1.0000,star,80,11.081550
4,1.0000,stay,80,7.670887
4,1.0000,stick,80,9.903619
4,1.0000,stone,80,11.052045
4,1.0000,stop,80,8.187742
4,1.0000,store,80,9.171743
4,1.0000,story,80,8.090776
4,1.0000,street,80,10.711549
4,1.0000,stuck,80,11.329778
4,1.0000,sun,80,8.197167
4,1.0000,swim,80,10.824616
4,1.0000,table,80,9.238110
4,1.0000,take,80,5.617297
4,1.0000,talk,80,9.039221
4,1.0000,tape,80,11.539119
4,1.0000,taste,80,9.630271
4,1.0000,teacher,80,9.565982
4,1.0000,that,80,3.849629
4,1.0000,the,80,3.477884
4,1.0000,their,80,4.170408
4,1.0000,them,80,5.083870
4,1.0000,then,80,6.534125
4,1.0000,there,80,5.586508
4,1.0000,these,80,5.598514
4,1.0000,they,80,4.276418
4,1.0000,think,80,5.269252
4,1.0000,this,80,4.361272
4,1.0000,those,80,6.547969
4,1.0000,throw,80,10.291955
4,1.0000,time,80,5.867003
4,1.0000,tiny,80,9.237540
4,1.0000,tissue,80,9.879835
4,1.0000,to,80,4.115206
4,1.0000,today,80,8.417663
4,1.0000,too,80,7.069704
4,1.0000,tooth,80,9.702543
4,1.0000,touch,80,9.269098
4,1.0000,train,80,10.182090
4,1.0000,tree,80,8.568539
4,1.0000,truck,80,10.928646
4,1.0000,try,80,8.274632
4,1.0000,turn,80,8.077997
4,1.0000,under,80,7.423343
4,1.0000,up,80,5.614792
4,1.0000,us,80,6.582938
4,1.0000,vacuum,80,11.194151
4,1.0000,wait,80,9.656787
4,1.0000,walk,80,9.392661
4,1.0000,was,80,4.620107
4,1.0000,wash,80,10.950876
4,1.0000,washing,80,11.602967
4,1.0000,watch,80,9.901870
4,1.0000,water,80,6.528370
4,1.0000,we,80,5.108172
4,1.0000,were,80,5.706648
4,1.0000,wet,80,8.528862
4,1.0000,what,80,5.803121
4,1.0000,when,80,5.961292
4,1.0000,where,80,6.128923
4,1.0000,which,80,4.672641
4,1.0000,white,80,8.829758
4,1.0000,who,80,5.526449
4,1.0000,why,80,7.097705
4,1.0000,will,80,4.367198
4,1.0000,wind,80,9.190955
4,1.0000,window,80,10.012653
4,1.0000,wish,80,9.553202
4,1.0000,with,80,3.722745
4,1.0000,work,80,6.884670
4,1.0000,would,80,5.814308
4,1.0000,write,80,8.816481
4,1.0000,yard,80,10.495372
4,1.0000,yellow,80,9.547898
4,1.0000,yes,80,10.411795
4,1.0000,you,80,3.791893
4,1.0000,your,80,3.658250
4,1.0000,yourself,80,8.580255
5,1.0000,a,80,2.751249
5,1.0000,about,80,5.527961
5,1.0000,above,80,8.114835
5,1.0000,after,80,8.066416
5,1.0000,all,80,6.628886
5,1.0000,am,80,6.360940
5,1.0000,and,80,3.497822
5,1.0000,animal,80,8.315991
5,1.0000,another,80,7.800310
5,1.0000,any,80,6.681134
5,1.0000,are,80,3.662713
5,1.0000,arm,80,8.955766
5,1.0000,around,80,8.023556
5,1.0000,at,80,5.736165
5,1.0000,away,80,8.380659
5,1.0000,baby,80,7.812576
5,1.0000,back,80,8.040604
5,1.0000,bad,80,7.743240
5,1.0000,ball,80,8.319031
5,1.0000,bat,80,10.764486
5,1.0000,bath,80,9.167344
5,1.0000,be,80,2.612041
5,1.0000,beach,80,8.588119
5,1.0000,beans,80,9.448465
5,1.0000,bear,80,9.201128
5,1.0000,because,80,7.407530
5,1.0000,bed,80,9.521497
5,1.0000,bee,80,9.842795
5,1.0000,before,80,7.686916
5,1.0000,behind,80,8.279627
5,1.0000,belt,80,11.155733
5,1.0000,better,80,7.744203
5,1.0000,big,80,7.633672
5,1.0000,bird,80,8.309596
5,1.0000,bite,80,10.830942
5,1.0000,black,80,7.579664
5,1.0000,block,80,9.306317
5,1.0000,blow,80,9.357902
5,1.0000,blue,80,9.497574
5,1.0000,boat,80,8.870234
5,1.0000,book,80,7.259242
5,1.0000,bottle,80,10.474907
5,1.0000,bowl,80,9.642593
5,1.0000,box,80,9.434603
5,1.0000,bread,80,9.502324
5,1.0000,break,80,8.241419
5,1.0000,bring,80,7.435254
5,1.0000,broken,80,8.892459
5,1.0000,brown,80,8.785149
5,1.0000,brush,80,10.299892
5,1.0000,build,80,7.756901
5,1.0000,bus,80,10.112362
5,1.0000,but,80,4.604056
5,1.0000,butter,80,8.455663
5,1.0000,button,80,8.825752
5,1.0000,buy,80,7.110288
5,1.0000,by,80,4.255046
5,1.0000,cake,80,11.373939
5,1.0000,call,80,8.859461
5,1.0000,camera,80,8.111013
5,1.0000,can,80,4.114099
5,1.0000,car,80,7.135272
5,1.0000,careful,80,9.248525
5,1.0000,carry,80,7.631819
5,1.0000,cat,80,8.219017
5,1.0000,catch,80,8.862451
5,1.0000,chair,80,11.389334
5,1.0000,cheese,80,10.161232
5,1.0000,chicken,80,9.781475
5,1.0000,child,80,6.041290
5,1.0000,chocolate,80,9.630866
5,1.0000,clean,80,7.936401
5,1.0000,clock,80,10.034376
5,1.0000,close,80,7.770954
5,1.0000,cloud,80,10.312903
5,1.0000,coat,80,10.263529
5,1.0000,coffee,80,9.273305
5,1.0000,cold,80,8.229576
5,1.0000,comb,80,9.326328
5,1.0000,cook,80,8.931553
5,1.0000,corn,80,10.553510
5,1.0000,could,80,6.237710
5,1.0000,country,80,7.500938
5,1.0000,cover,80,8.799346
5,1.0000,cow,80,11.036127
5,1.0000,cry,80,11.051887
5,1.0000,cup,80,9.133957
5,1.0000,cut,80,8.645883
5,1.0000,dark,80,8.905957
5,1.0000,day,80,6.701585
5,1.0000,deer,80,10.814985
5,1.0000,did,80,7.539328
5,1.0000,dish,80,8.694964
5,1.0000,do,80,5.196227
5,1.0000,doctor,80,6.869909
5,1.0000,does,80,6.335733
5,1.0000,dog,80,6.475832
5,1.0000,doll,80,9.992466
5,1.0000,door,80,8.381060
5,1.0000,down,80,7.304737
5,1.0000,draw,80,8.768058
5,1.0000,dress,80,10.544616
5,1.0000,drink,80,9.218824
5,1.0000,drive,80,8.393267
5,1.0000,drop,80,9.881886
5,1.0000,dry,80,9.242528
5,1.0000,each,80,7.109891
5,1.0000,ear,80,8.835807
5,1.0000,eat,80,7.545470
5,1.0000,egg,80,9.642179
5,1.0000,empty,80,10.861153
5,1.0000,every,80,7.934439
5,1.0000,eye,80,7.623441
5,1.0000,face,80,7.961284
5,1.0000,fall,80,8.711105
5,1.0000,farm,80,8.807068
5,1.0000,fast,80,9.012283
5,1.0000,feed,80,8.599594
5,1.0000,find,80,5.567534
5,1.0000,fine,80,7.975025
5,1.0000,finger,80,10.609095
5,1.0000,finish,80,9.910825
5,1.0000,first,80,6.411166
5,1.0000,fish,80,8.975550
5,1.0000,fit,80,7.840604
5,1.0000,fix,80,9.364607
5,1.0000,flower,80,9.810618
5,1.0000,food,80,7.691406
5,1.0000,foot,80,8.276710
5,1.0000,for,80,3.867095
5,1.0000,friend,80,8.416424
5,1.0000,full,80,8.198585
5,1.0000,game,80,7.847964
5,1.0000,garden,80,7.715693
5,1.0000,gas,80,9.175508
5,1.0000,gentle,80,10.970868
5,1.0000,get,80,5.347519
5,1.0000,give,80,6.590138
5,1.0000,glass,80,9.475300
5,1.0000,glasses,80,10.453732
5,1.0000,go,80,6.969222
5,1.0000,good,80,6.044504
5,1.0000,grass,80,8.365790
5,1.0000,green,80,9.030170
5,1.0000,gum,80,10.665826
5,1.0000,hair,80,8.430345
5,1.0000,hand,80,7.180720
5,1.0000,happy,80,8.348769
5,1.0000,hard,80,7.718083
5,1.0000,have,80,4.569637
5,1.0000,he,80,7.068553
5,1.0000,head,80,7.719862
5,1.0000,hear,80,7.205266
5,1.0000,heavy,80,8.940905
5,1.0000,help,80,4.591320
5,1.0000,her,80,7.679018
5,1.0000,here,80,8.722817
5,1.0000,high,80,7.418042
5,1.0000,him,80,7.780988
5,1.0000,his,80,7.271790
5,1.0000,hit,80,9.813971
5,1.0000,hold,80,7.641948
5,1.0000,home,80,7.409518
5,1.0000,horse,80,8.516510
5,1.0000,hot,80,8.560616
5,1.0000,house,80,8.336523
5,1.0000,how,80,6.443401
5,1.0000,hurt,80,10.651006
5,1.0000,i,80,9.515294
5,1.0000,ice,80,8.212757
5,1.0000,if,80,6.510488
5,1.0000,inside,80,8.992004
5,1.0000,into,80,5.720375
5,1.0000,is,80,3.106548
5,1.0000,it,80,3.993745
5,1.0000,juice,80,10.649547
5,1.0000,jump,80,9.844065
5,1.0000,kitchen,80,8.502780
5,1.0000,knife,80,9.553750
5,1.0000,last,80,8.246851
5,1.0000,later,80,9.283763
5,1.0000,lawn,80,9.558269
5,1.0000,leg,80,8.914606
5,1.0000,light,80,7.762599
5,1.0000,like,80,6.816443
5,1.0000,listen,80,9.290423
5,1.0000,little,80,7.068122
5,1.0000,living,80,8.548172
5,1.0000,long,80,7.299947
5,1.0000,look,80,7.554068
5,1.0000,loud,80,11.504205
5,1.0000,love,80,8.206324
5,1.0000,make,80,5.946733
5,1.0000,man,80,8.291330
5,1.0000,me,80,8.349570
5,1.0000,meat,80,8.099792
5,1.0000,medicine,80,9.186725
5,1.0000,milk,80,9.371620
5,1.0000,mine,80,10.902611
5,1.0000,money,80,8.161625
5,1.0000,moon,80,8.893810
5,1.0000,more,80,5.349244
5,1.0000,morning,80,8.698287
5,1.0000,mouse,80,9.440743
5,1.0000,mouth,80,7.932660
5,1.0000,movie,80,9.715717
5,1.0000,much,80,5.659111
5,1.0000,my,80,7.140625
5,1.0000,myself,80,9.993317
5,1.0000,need,80,5.925924
5,1.0000,new,80,6.395542
5,1.0000,next,80,7.551260
5,1.0000,nice,80,8.274684
5,1.0000,night,80,8.071814
5,1.0000,no,80,6.764455
5,1.0000,none,80,11.365574
5,1.0000,nose,80,8.081767
5,1.0000,not,80,4.210630
5,1.0000,now,80,7.739718
5,1.0000,nuts,80,10.316573
5,1.0000,of,80,2.950750
5,1.0000,off,80,7.786084
5,1.0000,old,80,7.791794
5,1.0000,on,80,4.159640
5,1.0000,open,80,8.497903
5,1.0000,orange,80,10.433567
5,1.0000,other,80,5.515529
5,1.0000,our,80,6.322913
5,1.0000,out,80,6.172413
5,1.0000,outside,80,8.653469
5,1.0000,oven,80,9.647779
5,1.0000,over,80,7.377687
5,1.0000,paint,80,9.900148
5,1.0000,paper,80,7.651535
5,1.0000,park,80,10.453740
5,1.0000,party,80,10.284397
5,1.0000,pen,80,8.888990
5,1.0000,people,80,6.305997
5,1.0000,person,80,7.525140
5,1.0000,pick,80,8.836794
5,1.0000,picture,80,8.340815
5,1.0000,pig,80,8.837097
5,1.0000,plant,80,7.572315
5,1.0000,plate,80,10.239929
5,1.0000,play,80,8.449270
5,1.0000,please,80,8.818672
5,1.0000,pool,80,9.232790
5,1.0000,poor,80,8.510986
5,1.0000,present,80,8.492535
5,1.0000,pretty,80,7.299770
5,1.0000,pull,80,9.138668
5,1.0000,puppy,80,8.846298
5,1.0000,push,80,8.826903
5,1.0000,put,80,7.436233
5,1.0000,quiet,80,11.122830
5,1.0000,radio,80,9.057146
5,1.0000,rain,80,8.378981
5,1.0000,read,80,8.188087
5,1.0000,red,80,8.607695
5,1.0000,ride,80,9.327873
5,1.0000,rock,80,9.175658
5,1.0000,roof,80,8.348062
5,1.0000,room,80,7.699697
5,1.0000,run,80,8.728779
5,1.0000,salt,80,9.511153
5,1.0000,same,80,5.099207
5,1.0000,sauce,80,10.342746
5,1.0000,say,80,7.248695
5,1.0000,school,80,7.985915
5,1.0000,see,80,5.788475
5,1.0000,share,80,7.976764
5,1.0000,she,80,7.688250
5,1.0000,shopping,80,11.068593
5,1.0000,show,80,7.745079
5,1.0000,shower,80,11.658365
5,1.0000,sick,80,10.210013
5,1.0000,sing,80,11.148016
5,1.0000,sit,80,9.078992
5,1.0000,sky,80,9.238087
5,1.0000,sleep,80,8.777379
5,1.0000,slow,80,8.924956
5,1.0000,snow,80,8.705958
5,1.0000,so,80,6.856575
5,1.0000,soap,80,11.222773
5,1.0000,soda,80,8.523560
5,1.0000,soft,80,8.984556
5,1.0000,some,80,5.824448
5,1.0000,stand,80,9.007677
5,1.0000,star,80,10.081158
5,1.0000,stay,80,7.432237
5,1.0000,stick,80,8.937508
5,1.0000,stone,80,10.033073
5,1.0000,stop,80,8.111699
5,1.0000,store,80,8.455126
5,1.0000,story,80,7.366180
5,1.0000,street,80,9.724136
5,1.0000,stuck,80,10.637028
5,1.0000,sun,80,8.101131
5,1.0000,swim,80,10.403084
5,1.0000,table,80,8.751160
5,1.0000,take,80,6.072034
5,1.0000,talk,80,8.224659
5,1.0000,tape,80,10.766121
5,1.0000,taste,80,8.922140
5,1.0000,teacher,80,8.556034
5,1.0000,that,80,3.802979
5,1.0000,the,80,2.639997
5,1.0000,their,80,4.784930
5,1.0000,them,80,5.578786
5,1.0000,then,80,7.061960
5,1.0000,there,80,6.233507
5,1.0000,these,80,6.107834
5,1.0000,they,80,4.724350
5,1.0000,think,80,4.832581
5,1.0000,this,80,5.074947
5,1.0000,those,80,7.122744
5,1.0000,throw,80,9.316386
5,1.0000,time,80,5.953396
5,1.0000,tiny,80,8.113838
5,1.0000,tissue,80,8.726311
5,1.0000,to,80,3.191672
5,1.0000,today,80,9.004975
5,1.0000,too,80,7.778735
5,1.0000,tooth,80,8.646725
5,1.0000,touch,80,8.351935
5,1.0000,train,80,9.801833
5,1.0000,tree,80,7.570326
5,1.0000,truck,80,9.888424
5,1.0000,try,80,8.579539
5,1.0000,turn,80,7.580800
5,1.0000,under,80,8.351505
5,1.0000,up,80,6.451617
5,1.0000,us,80,7.081996
5,1.0000,vacuum,80,9.873558
5,1.0000,wait,80,8.643727
5,1.0000,walk,80,9.544065
5,1.0000,was,80,5.364622
5,1.0000,wash,80,10.227371
5,1.0000,washing,80,11.091241
5,1.0000,watch,80,9.238188
5,1.0000,water,80,7.025560
5,1.0000,we,80,5.514937
5,1.0000,were,80,6.396459
5,1.0000,wet,80,8.406036
5,1.0000,what,80,6.537069
5,1.0000,when,80,7.016103
5,1.0000,where,80,7.375020
5,1.0000,which,80,5.021944
5,1.0000,white,80,7.966778
5,1.0000,who,80,6.000055
5,1.0000,why,80,7.422578
5,1.0000,will,80,5.074750
5,1.0000,wind,80,8.035463
5,1.0000,window,80,9.183839
5,1.0000,wish,80,8.570928
5,1.0000,with,80,4.184677
5,1.0000,work,80,7.419553
5,1.0000,would,80,6.216479
5,1.0000,write,80,7.862332
5,1.0000,yard,80,9.477376
5,1.0000,yellow,80,8.349787
5,1.0000,yes,80,9.415904
5,1.0000,you,80,3.526065
5,1.0000,your,80,4.086732
5,1.0000,yourself,80,7.812671
6,1.0000,a,80,3.058946
6,1.0000,about,80,5.798489
6,1.0000,above,80,7.897697
6,1.0000,after,80,8.440484
6,1.0000,all,80,6.991415
6,1.0000,am,80,6.255592
6,1.0000,and,80,3.460602
6,1.0000,animal,80,7.834899
6,1.0000,another,80,7.761304
6,1.0000,any,80,7.107504
6,1.0000,are,80,3.591911
6,1.0000,arm,80,8.481009
6,1.0000,around,80,8.409033
6,1.0000,at,80,6.447490
6,1.0000,away,80,7.951546
6,1.0000,baby,80,8.347784
6,1.0000,back,80,8.075006
6,1.0000,bad,80,8.039734
6,1.0000,ball,80,8.761581
6,1.0000,bat,80,9.990237
6,1.0000,bath,80,9.064719
6,1.0000,be,80,2.575796
6,1.0000,beach,80,8.262117
6,1.0000,beans,80,9.359448
6,1.0000,bear,80,8.793844
6,1.0000,because,80,8.042730
6,1.0000,bed,80,8.687801
6,1.0000,bee,80,9.940507
6,1.0000,before,80,8.255145
6,1.0000,behind,80,8.177748
6,1.0000,belt,80,10.825127
6,1.0000,better,80,7.675787
6,1.0000,big,80,8.030347
6,1.0000,bird,80,8.097236
6,1.0000,bite,80,10.568813
6,1.0000,black,80,7.786132
6,1.0000,block,80,8.759319
6,1.0000,blow,80,9.240943
6,1.0000,blue,80,9.569767
6,1.0000,boat,80,8.660205
6,1.0000,book,80,8.015651
6,1.0000,bottle,80,10.151662
6,1.0000,bowl,80,9.185467
6,1.0000,box,80,9.127029
6,1.0000,bread,80,9.043777
6,1.0000,break,80,7.830900
6,1.0000,bring,80,7.804018
6,1.0000,broken,80,8.769474
6,1.0000,brown,80,9.049831
6,1.0000,brush,80,10.153242
6,1.0000,build,80,8.046542
6,1.0000,bus,80,9.310626
6,1.0000,but,80,5.119870
6,1.0000,butter,80,8.267617
6,1.0000,button,80,9.245236
6,1.0000,buy,80,8.033294
6,1.0000,by,80,4.463769
6,1.0000,cake,80,10.779947
6,1.0000,call,80,8.819281
6,1.0000,camera,80,8.337335
6,1.0000,can,80,4.347942
6,1.0000,car,80,7.506495
6,1.0000,careful,80,8.902565
6,1.0000,carry,80,8.339187
6,1.0000,cat,80,7.942881
6,1.0000,catch,80,8.433356
6,1.0000,chair,80,10.876170
6,1.0000,cheese,80,9.564818
6,1.0000,chicken,80,9.280546
6,1.0000,child,80,6.646140
6,1.0000,chocolate,80,9.609821
6,1.0000,clean,80,7.666295
6,1.0000,clock,80,9.718454
6,1.0000,close,80,7.930235
6,1.0000,cloud,80,9.760909
6,1.0000,coat,80,9.800843
6,1.0000,coffee,80,9.019254
6,1.0000,cold,80,7.665197
6,1.0000,comb,80,9.244698
6,1.0000,cook,80,8.789068
6,1.0000,corn,80,10.475584
6,1.0000,could,80,6.407008
6,1.0000,country,80,7.362281
6,1.0000,cover,80,8.875199
6,1.0000,cow,80,10.142233
6,1.0000,cry,80,10.393042
6,1.0000,cup,80,8.817708
6,1.0000,cut,80,7.980015
6,1.0000,dark,80,8.671048
6,1.0000,day,80,6.764134
6,1.0000,deer,80,9.785520
6,1.0000,did,80,7.430880
6,1.0000,dish,80,8.597764
6,1.0000,do,80,5.673489
6,1.0000,doctor,80,6.966860
6,1.0000,does,80,6.501453
6,1.0000,dog,80,7.125273
6,1.0000,doll,80,9.857019
6,1.0000,door,80,8.445501
6,1.0000,down,80,7.212719
6,1.0000,draw,80,8.035453
6,1.0000,dress,80,10.212996
6,1.0000,drink,80,8.909450
6,1.0000,drive,80,8.239245
6,1.0000,drop,80,9.549772
6,1.0000,dry,80,9.051063
6,1.0000,each,80,7.666880
6,1.0000,ear,80,8.373670
6,1.0000,eat,80,8.017186
6,1.0000,egg,80,9.341541
6,1.0000,empty,80,10.452317
6,1.0000,every,80,8.213217
6,1.0000,eye,80,7.274145
6,1.0000,face,80,7.979457
6,1.0000,fall,80,8.497910
6,1.0000,farm,80,8.693046
6,1.0000,fast,80,8.564045
6,1.0000,feed,80,8.858822
6,1.0000,find,80,6.355120
6,1.0000,fine,80,8.272523
6,1.0000,finger,80,10.126348
6,1.0000,finish,80,9.377758
6,1.0000,first,80,6.808207
6,1.0000,fish,80,8.620039
6,1.0000,fit,80,8.285183
6,1.0000,fix,80,8.844692
6,1.0000,flower,80,9.639553
6,1.0000,food,80,7.835846
6,1.0000,foot,80,8.134191
6,1.0000,for,80,4.373350
6,1.0000,friend,80,8.196112
6,1.0000,full,80,7.958814
6,1.0000,game,80,7.796426
6,1.0000,garden,80,7.458755
6,1.0000,gas,80,9.333115
6,1.0000,gentle,80,10.382114
6,1.0000,get,80,5.930614
6,1.0000,give,80,7.162269
6,1.0000,glass,80,9.372789
6,1.0000,glasses,80,10.066415
6,1.0000,go,80,7.379841
6,1.0000,good,80,6.348405
6,1.0000,grass,80,8.459026
6,1.0000,green,80,8.643735
6,1.0000,gum,80,9.924029
6,1.0000,hair,80,7.940066
6,1.0000,hand,80,6.896134
6,1.0000,happy,80,8.164580
6,1.0000,hard,80,7.302765
6,1.0000,have,80,4.788132
6,1.0000,he,80,7.216891
6,1.0000,head,80,8.082963
6,1.0000,hear,80,7.678102
6,1.0000,heavy,80,8.342271
6,1.0000,help,80,5.432223
6,1.0000,her,80,7.867592
6,1.0000,here,80,8.504651
6,1.0000,high,80,7.266814
6,1.0000,him,80,7.404033
6,1.0000,his,80,7.421311
6,1.0000,hit,80,9.230026
6,1.0000,hold,80,8.171035
6,1.0000,home,80,7.260871
6,1.0000,horse,80,8.429961
6,1.0000,hot,80,8.015981
6,1.0000,house,80,8.771754
6,1.0000,how,80,6.632457
6,1.0000,hurt,80,10.117668
6,1.0000,i,80,9.263861
6,1.0000,ice,80,7.740975
6,1.0000,if,80,6.588371
6,1.0000,inside,80,8.816805
6,1.0000,into,80,6.146124
6,1.0000,is,80,3.089036
6,1.0000,it,80,4.383865
6,1.0000,juice,80,9.987990
6,1.0000,jump,80,9.394525
6,1.0000,kitchen,80,8.287599
6,1.0000,knife,80,9.514063
6,1.0000,last,80,8.145316
6,1.0000,later,80,8.834458
6,1.0000,lawn,80,8.772867
6,1.0000,leg,80,8.311264
6,1.0000,light,80,7.973732
6,1.0000,like,80,7.042090
6,1.0000,listen,80,8.696446
6,1.0000,little,80,7.365248
6,1.0000,living,80,8.238296
6,1.0000,long,80,7.135170
6,1.0000,look,80,7.774216
6,1.0000,loud,80,11.354028
6,1.0000,love,80,7.701839
6,1.0000,make,80,6.584179
6,1.0000,man,80,8.005999
6,1.0000,me,80,8.379310
6,1.0000,meat,80,7.765635
6,1.0000,medicine,80,8.676305
6,1.0000,milk,80,9.000777
6,1.0000,mine,80,10.379646
6,1.0000,money,80,8.244753
6,1.0000,moon,80,8.995997
6,1.0000,more,80,5.444602
6,1.0000,morning,80,8.791931
6,1.0000,mouse,80,9.454310
6,1.0000,mouth,80,8.034672
6,1.0000,movie,80,9.399070
6,1.0000,much,80,5.272699
6,1.0000,my,80,7.565732
6,1.0000,myself,80,9.084001
6,1.0000,need,80,5.927195
6,1.0000,new,80,6.434882
6,1.0000,next,80,7.578749
6,1.0000,nice,80,7.996311
6,1.0000,night,80,7.271650
6,1.0000,no,80,7.050163
6,1.0000,none,80,10.809197
6,1.0000,nose,80,7.888479
6,1.0000,not,80,4.331889
6,1.0000,now,80,7.956401
6,1.0000,nuts,80,9.989884
6,1.0000,of,80,2.277793
6,1.0000,off,80,7.965080
6,1.0000,old,80,7.394315
6,1.0000,on,80,4.474008
6,1.0000,open,80,8.195575
6,1.0000,orange,80,9.871857
6,1.0000,other,80,5.393663
6,1.0000,our,80,6.861624
6,1.0000,out,80,6.122341
6,1.0000,outside,80,8.266383
6,1.0000,oven,80,9.076278
6,1.0000,over,80,7.738101
6,1.0000,paint,80,9.528313
6,1.0000,paper,80,8.046512
6,1.0000,park,80,10.124927
6,1.0000,party,80,9.999229
6,1.0000,pen,80,8.524892
6,1.0000,people,80,6.236039
6,1.0000,person,80,7.640466
6,1.0000,pick,80,8.937483
6,1.0000,picture,80,8.912129
6,1.0000,pig,80,8.767910
6,1.0000,plant,80,7.279652
6,1.0000,plate,80,9.967857
6,1.0000,play,80,8.071782
6,1.0000,please,80,7.996097
6,1.0000,pool,80,8.458564
6,1.0000,poor,80,8.002894
6,1.0000,present,80,8.344513
6,1.0000,pretty,80,7.706889
6,1.0000,pull,80,8.474335
6,1.0000,puppy,80,8.994355
6,1.0000,push,80,8.635730
6,1.0000,put,80,7.241355
6,1.0000,quiet,80,10.395400
6,1.0000,radio,80,8.426055
6,1.0000,rain,80,8.126048
6,1.0000,read,80,8.266964
6,1.0000,red,80,8.209102
6,1.0000,ride,80,9.130979
6,1.0000,rock,80,8.752870
6,1.0000,roof,80,8.699910
6,1.0000,room,80,7.808910
6,1.0000,run,80,8.519648
6,1.0000,salt,80,9.585548
6,1.0000,same,80,5.405969
6,1.0000,sauce,80,9.915986
6,1.0000,say,80,7.925272
6,1.0000,school,80,7.661310
6,1.0000,see,80,6.356730
6,1.0000,share,80,8.209269
6,1.0000,she,80,7.368108
6,1.0000,shopping,80,10.892119
6,1.0000,show,80,8.002443
6,1.0000,shower,80,11.506997
6,1.0000,sick,80,10.262053
6,1.0000,sing,80,10.562843
6,1.0000,sit,80,8.389631
6,1.0000,sky,80,9.304908
6,1.0000,sleep,80,8.487818
6,1.0000,slow,80,8.369360
6,1.0000,snow,80,8.228741
6,1.0000,so,80,7.209161
6,1.0000,soap,80,11.241867
6,1.0000,soda,80,8.082769
6,1.0000,soft,80,8.357903
6,1.0000,some,80,6.038818
6,1.0000,stand,80,8.616884
6,1.0000,star,80,9.257300
6,1.0000,stay,80,7.832399
6,1.0000,stick,80,8.582479
6,1.0000,stone,80,9.316680
6,1.0000,stop,80,8.104527
6,1.0000,store,80,8.487650
6,1.0000,story,80,7.650141
6,1.0000,street,80,9.363928
6,1.0000,stuck,80,10.194854
6,1.0000,sun,80,7.996944
6,1.0000,swim,80,9.982607
6,1.0000,table,80,9.028055
6,1.0000,take,80,6.483900
6,1.0000,talk,80,8.052830
6,1.0000,tape,80,10.175152
6,1.0000,taste,80,8.826957
6,1.0000,teacher,80,8.594180
6,1.0000,that,80,4.214835
6,1.0000,the,80,2.410594
6,1.0000,their,80,5.560233
6,1.0000,them,80,5.844471
6,1.0000,then,80,7.132876
6,1.0000,there,80,6.391870
6,1.0000,these,80,6.383029
6,1.0000,they,80,4.911539
6,1.0000,think,80,5.032829
6,1.0000,this,80,5.677544
6,1.0000,those,80,7.320218
6,1.0000,throw,80,9.002922
6,1.0000,time,80,5.789596
6,1.0000,tiny,80,8.086784
6,1.0000,tissue,80,8.223223
6,1.0000,to,80,2.734838
6,1.0000,today,80,9.010352
6,1.0000,too,80,7.927557
6,1.0000,tooth,80,8.435125
6,1.0000,touch,80,7.786368
6,1.0000,train,80,9.371562
6,1.0000,tree,80,7.535011
6,1.0000,truck,80,9.577703
6,1.0000,try,80,8.725144
6,1.0000,turn,80,7.828094
6,1.0000,under,80,8.666384
6,1.0000,up,80,6.679702
6,1.0000,us,80,7.187555
6,1.0000,vacuum,80,8.986766
6,1.0000,wait,80,7.768576
6,1.0000,walk,80,9.601819
6,1.0000,was,80,5.860351
6,1.0000,wash,80,9.770104
6,1.0000,washing,80,10.618010
6,1.0000,watch,80,8.856606
6,1.0000,water,80,6.985225
6,1.0000,we,80,5.700684
6,1.0000,were,80,6.581661
6,1.0000,wet,80,8.803108
6,1.0000,what,80,6.737757
6,1.0000,when,80,7.414866
6,1.0000,where,80,8.097290
6,1.0000,which,80,5.365085
6,1.0000,white,80,7.697706
6,1.0000,who,80,6.067102
6,1.0000,why,80,7.393452
6,1.0000,will,80,5.508160
6,1.0000,wind,80,7.488969
6,1.0000,window,80,8.792004
6,1.0000,wish,80,7.931225
6,1.0000,with,80,4.644458
6,1.0000,work,80,7.449810
6,1.0000,would,80,6.181458
6,1.0000,write,80,8.199745
6,1.0000,yard,80,9.025948
6,1.0000,yellow,80,8.375051
6,1.0000,yes,80,9.025120
6,1.0000,you,80,3.628870
6,1.0000,your,80,4.779936
6,1.0000,yourself,80,7.918169
8,1.0000,a,80,3.117023
8,1.0000,about,80,5.077448
8,1.0000,above,80,8.194444
8,1.0000,after,80,7.868061
8,1.0000,all,80,6.313108
8,1.0000,am,80,6.391604
8,1.0000,and,80,3.344207
8,1.0000,animal,80,7.818011
8,1.0000,another,80,7.259456
8,1.0000,any,80,6.665086
8,1.0000,are,80,3.555139
8,1.0000,arm,80,9.082635
8,1.0000,around,80,7.446626
8,1.0000,at,80,6.066640
8,1.0000,away,80,6.444935
8,1.0000,baby,80,8.481378
8,1.0000,back,80,7.192108
8,1.0000,bad,80,8.779687
8,1.0000,ball,80,8.635260
8,1.0000,bat,80,10.077518
8,1.0000,bath,80,9.308256
8,1.0000,be,80,2.842302
8,1.0000,beach,80,9.597861
8,1.0000,beans,80,9.642135
8,1.0000,bear,80,8.707483
8,1.0000,because,80,7.764042
8,1.0000,bed,80,7.724183
8,1.0000,bee,80,10.430189
8,1.0000,before,80,7.579366
8,1.0000,behind,80,8.285669
8,1.0000,belt,80,11.034914
8,1.0000,better,80,6.618029
8,1.0000,big,80,8.100228
8,1.0000,bird,80,9.204101
8,1.0000,bite,80,10.520959
8,1.0000,black,80,8.619431
8,1.0000,block,80,9.131765
8,1.0000,blow,80,9.948316
8,1.0000,blue,80,9.783140
8,1.0000,boat,80,9.322894
8,1.0000,book,80,7.619291
8,1.0000,bottle,80,10.042592
8,1.0000,bowl,80,9.298870
8,1.0000,box,80,8.021623
8,1.0000,bread,80,9.689015
8,1.0000,break,80,8.406553
8,1.0000,bring,80,7.238124
8,1.0000,broken,80,9.770184
8,1.0000,brown,80,9.934719
8,1.0000,brush,80,9.823948
8,1.0000,build,80,7.816095
8,1.0000,bus,80,8.277994
8,1.0000,but,80,5.127071
8,1.0000,butter,80,9.172849
8,1.0000,button,80,9.989126
8,1.0000,buy,80,7.813711
8,1.0000,by,80,3.967045
8,1.0000,cake,80,10.041788
8,1.0000,call,80,8.129524
8,1.0000,camera,80,8.123636
8,1.0000,can,80,4.471516
8,1.0000,car,80,6.942356
8,1.0000,careful,80,8.209615
8,1.0000,carry,80,8.507523
8,1.0000,cat,80,7.166690
8,1.0000,catch,80,8.843599
8,1.0000,chair,80,10.358736
8,1.0000,cheese,80,8.851574
8,1.0000,chicken,80,8.404761
8,1.0000,child,80,6.405029
8,1.0000,chocolate,80,10.173110
8,1.0000,clean,80,7.649606
8,1.0000,clock,80,10.063830
8,1.0000,close,80,8.304316
8,1.0000,cloud,80,9.164418
8,1.0000,coat,80,9.330412
8,1.0000,coffee,80,9.021772
8,1.0000,cold,80,8.523112
8,1.0000,comb,80,8.924566
8,1.0000,cook,80,9.333873
8,1.0000,corn,80,10.972205
8,1.0000,could,80,6.119045
8,1.0000,country,80,6.969541
8,1.0000,cover,80,7.910072
8,1.0000,cow,80,9.185133
8,1.0000,cry,80,9.328121
8,1.0000,cup,80,8.890632
8,1.0000,cut,80,7.872947
8,1.0000,dark,80,8.384726
8,1.0000,day,80,6.035175
8,1.0000,deer,80,8.669919
8,1.0000,did,80,7.080996
8,1.0000,dish,80,8.600794
8,1.0000,do,80,5.178661
8,1.0000,doctor,80,7.828419
8,1.0000,does,80,5.979867
8,1.0000,dog,80,6.532653
8,1.0000,doll,80,10.027806
8,1.0000,door,80,9.126212
8,1.0000,down,80,6.142615
8,1.0000,draw,80,8.135008
8,1.0000,dress,80,10.267061
8,1.0000,drink,80,9.145779
8,1.0000,drive,80,8.240282
8,1.0000,drop,80,9.526399
8,1.0000,dry,80,8.019478
8,1.0000,each,80,7.310521
8,1.0000,ear,80,8.126352
8,1.0000,eat,80,7.348390
8,1.0000,egg,80,8.931338
8,1.0000,empty,80,10.149907
8,1.0000,every,80,7.452627
8,1.0000,eye,80,7.540453
8,1.0000,face,80,8.596476
8,1.0000,fall,80,8.540024
8,1.0000,farm,80,9.232222
8,1.0000,fast,80,8.819699
8,1.0000,feed,80,9.428789
8,1.0000,find,80,5.712683
8,1.0000,fine,80,8.935582
8,1.0000,finger,80,9.423945
8,1.0000,finish,80,8.912786
8,1.0000,first,80,6.197131
8,1.0000,fish,80,7.716569
8,1.0000,fit,80,8.678764
8,1.0000,fix,80,9.513440
8,1.0000,flower,80,9.313359
8,1.0000,food,80,7.392598
8,1.0000,foot,80,9.184950
8,1.0000,for,80,4.181726
8,1.0000,friend,80,8.368479
8,1.0000,full,80,7.469578
8,1.0000,game,80,6.967225
8,1.0000,garden,80,7.469868
8,1.0000,gas,80,9.371861
8,1.0000,gentle,80,9.644251
8,1.0000,get,80,5.074715
8,1.0000,give,80,6.234876
8,1.0000,glass,80,9.000903
8,1.0000,glasses,80,10.289357
8,1.0000,go,80,6.657075
8,1.0000,good,80,5.556377
8,1.0000,grass,80,9.449597
8,1.0000,green,80,8.073578
8,1.0000,gum,80,9.960206
8,1.0000,hair,80,8.994352
8,1.0000,hand,80,6.730385
8,1.0000,happy,80,8.813271
8,1.0000,hard,80,7.155298
8,1.0000,have,80,4.714708
8,1.0000,he,80,6.752409
8,1.0000,head,80,8.202944
8,1.0000,hear,80,7.537022
8,1.0000,heavy,80,8.949810
8,1.0000,help,80,5.251904
8,1.0000,her,80,7.462184
8,1.0000,here,80,7.389805
8,1.0000,high,80,6.726963
8,1.0000,him,80,7.417028
8,1.0000,his,80,7.159396
8,1.0000,hit,80,8.776669
8,1.0000,hold,80,8.126514
8,1.0000,home,80,6.791631
8,1.0000,horse,80,8.047077
8,1.0000,hot,80,7.593886
8,1.0000,house,80,8.958361
8,1.0000,how,80,5.620476
8,1.0000,hurt,80,9.319527
8,1.0000,i,80,8.680740
8,1.0000,ice,80,7.629807
8,1.0000,if,80,5.585111
8,1.0000,inside,80,7.620727
8,1.0000,into,80,5.330274
8,1.0000,is,80,3.193311
8,1.0000,it,80,4.111727
8,1.0000,juice,80,9.546529
8,1.0000,jump,80,9.447602
8,1.0000,kitchen,80,9.057951
8,1.0000,knife,80,8.874006
8,1.0000,last,80,7.943138
8,1.0000,later,80,8.260533
8,1.0000,lawn,80,7.876319
8,1.0000,leg,80,8.106767
8,1.0000,light,80,7.483009
8,1.0000,like,80,5.813458
8,1.0000,listen,80,8.414819
8,1.0000,little,80,6.649819
8,1.0000,living,80,8.354021
8,1.0000,long,80,6.152586
8,1.0000,look,80,6.925680
8,1.0000,loud,80,10.986285
8,1.0000,love,80,7.444815
8,1.0000,make,80,5.827129
8,1.0000,man,80,7.707190
8,1.0000,me,80,7.673820
8,1.0000,meat,80,8.097556
8,1.0000,medicine,80,9.624033
8,1.0000,milk,80,8.415439
8,1.0000,mine,80,10.390948
8,1.0000,money,80,8.237268
8,1.0000,moon,80,10.212200
8,1.0000,more,80,4.780550
8,1.0000,morning,80,9.068077
8,1.0000,mouse,80,10.639946
8,1.0000,mouth,80,9.033946
8,1.0000,movie,80,9.486452
8,1.0000,much,80,4.590416
8,1.0000,my,80,7.421056
8,1.0000,myself,80,9.024844
8,1.0000,need,80,5.341928
8,1.0000,new,80,5.751689
8,1.0000,next,80,7.378501
8,1.0000,nice,80,7.845850
8,1.0000,night,80,7.151417
8,1.0000,no,80,6.566520
8,1.0000,none,80,9.945950
8,1.0000,nose,80,8.642642
8,1.0000,not,80,4.001515
8,1.0000,now,80,7.374487
8,1.0000,nuts,80,9.690530
8,1.0000,of,80,2.625649
8,1.0000,off,80,7.172919
8,1.0000,old,80,6.200656
8,1.0000,on,80,3.976667
8,1.0000,open,80,7.428916
8,1.0000,orange,80,10.122464
8,1.0000,other,80,5.770575
8,1.0000,our,80,6.685558
8,1.0000,out,80,5.031096
8,1.0000,outside,80,8.198087
8,1.0000,oven,80,9.576857
8,1.0000,over,80,7.134925
8,1.0000,paint,80,8.819924
8,1.0000,paper,80,8.404099
8,1.0000,park,80,9.745334
8,1.0000,party,80,9.804174
8,1.0000,pen,80,9.029638
8,1.0000,people,80,5.405823
8,1.0000,person,80,7.038925
8,1.0000,pick,80,9.295464
8,1.0000,picture,80,8.801661
8,1.0000,pig,80,8.719644
8,1.0000,plant,80,6.868160
8,1.0000,plate,80,9.268414
8,1.0000,play,80,7.327360
8,1.0000,please,80,8.350418
8,1.0000,pool,80,8.353614
8,1.0000,poor,80,8.882807
8,1.0000,present,80,7.888979
8,1.0000,pretty,80,8.248856
8,1.0000,pull,80,9.509849
8,1.0000,puppy,80,9.596616
8,1.0000,push,80,9.627707
8,1.0000,put,80,7.084851
8,1.0000,quiet,80,9.668605
8,1.0000,radio,80,9.600022
8,1.0000,rain,80,8.231498
8,1.0000,read,80,7.581029
8,1.0000,red,80,8.261978
8,1.0000,ride,80,9.071453
8,1.0000,rock,80,9.140204
8,1.0000,roof,80,9.017707
8,1.0000,room,80,7.939924
8,1.0000,run,80,8.311732
8,1.0000,salt,80,9.811339
8,1.0000,same,80,4.681328
8,1.0000,sauce,80,9.098022
8,1.0000,say,80,7.439039
8,1.0000,school,80,6.752930
8,1.0000,see,80,5.574207
8,1.0000,share,80,7.864267
8,1.0000,she,80,6.556884
8,1.0000,shopping,80,10.730094
8,1.0000,show,80,7.393510
8,1.0000,shower,80,10.861285
8,1.0000,sick,80,10.608236
8,1.0000,sing,80,10.695269
8,1.0000,sit,80,8.316752
8,1.0000,sky,80,10.058299
8,1.0000,sleep,80,8.911645
8,1.0000,slow,80,8.598118
8,1.0000,snow,80,9.332385
8,1.0000,so,80,6.553795
8,1.0000,soap,80,11.089379
8,1.0000,soda,80,7.657321
8,1.0000,soft,80,8.641856
8,1.0000,some,80,5.521657
8,1.0000,stand,80,8.435250
8,1.0000,star,80,8.685364
8,1.0000,stay,80,7.373925
8,1.0000,stick,80,9.176410
8,1.0000,stone,80,9.531173
8,1.0000,stop,80,7.403862
8,1.0000,store,80,8.436379
8,1.0000,story,80,8.342052
8,1.0000,street,80,9.789484
8,1.0000,stuck,80,9.143402
8,1.0000,sun,80,7.894525
8,1.0000,swim,80,9.368449
8,1.0000,table,80,9.162789
8,1.0000,take,80,5.710522
8,1.0000,talk,80,8.440664
8,1.0000,tape,80,9.543724
8,1.0000,taste,80,9.536292
8,1.0000,teacher,80,9.363300
8,1.0000,that,80,4.046458
8,1.0000,the,80,2.570476
8,1.0000,their,80,5.325822
8,1.0000,them,80,4.885304
8,1.0000,then,80,6.712553
8,1.0000,there,80,5.799483
8,1.0000,these,80,5.875755
8,1.0000,they,80,4.267449
8,1.0000,think,80,4.871354
8,1.0000,this,80,5.461295
8,1.0000,those,80,6.783373
8,1.0000,throw,80,9.288870
8,1.0000,time,80,5.156968
8,1.0000,tiny,80,9.018347
8,1.0000,tissue,80,8.067846
8,1.0000,to,80,3.004353
8,1.0000,today,80,8.186105
8,1.0000,too,80,7.140427
8,1.0000,tooth,80,8.870681
8,1.0000,touch,80,8.830861
8,1.0000,train,80,8.438765
8,1.0000,tree,80,8.519272
8,1.0000,truck,80,10.264227
8,1.0000,try,80,8.413068
8,1.0000,turn,80,8.139849
8,1.0000,under,80,8.012602
8,1.0000,up,80,5.545933
8,1.0000,us,80,6.072167
8,1.0000,vacuum,80,9.388813
8,1.0000,wait,80,8.113290
8,1.0000,walk,80,9.138759
8,1.0000,was,80,5.826435
8,1.0000,wash,80,9.044221
8,1.0000,washing,80,10.413063
8,1.0000,watch,80,9.185906
8,1.0000,water,80,6.231430
8,1.0000,we,80,5.255755
8,1.0000,were,80,5.852203
8,1.0000,wet,80,9.274985
8,1.0000,what,80,5.990952
8,1.0000,when,80,6.647156
8,1.0000,where,80,7.752566
8,1.0000,which,80,5.338341
8,1.0000,white,80,8.536324
8,1.0000,who,80,4.872585
8,1.0000,why,80,6.203846
8,1.0000,will,80,5.003231
8,1.0000,wind,80,8.478231
8,1.0000,window,80,9.503696
8,1.0000,wish,80,7.602727
8,1.0000,with,80,4.121559
8,1.0000,work,80,6.385656
8,1.0000,would,80,5.777202
8,1.0000,write,80,8.775634
8,1.0000,yard,80,8.749377
8,1.0000,yellow,80,9.685026
8,1.0000,yes,80,9.559910
8,1.0000,you,80,3.306526
8,1.0000,your,80,4.397087
8,1.0000,yourself,80,8.202354
10,1.0000,a,80,3.066284
10,1.0000,about,80,4.983997
10,1.0000,above,80,8.331538
10,1.0000,after,80,7.420122
10,1.0000,all,80,5.740929
10,1.0000,am,80,5.949864
10,1.0000,and,80,3.332312
10,1.0000,animal,80,8.458549
10,1.0000,another,80,7.446417
10,1.0000,any,80,5.899315
10,1.0000,are,80,3.513014
10,1.0000,arm,80,9.601819
10,1.0000,around,80,6.789342
10,1.0000,at,80,5.288923
10,1.0000,away,80,7.181312
10,1.0000,baby,80,7.979894
10,1.0000,back,80,6.915761
10,1.0000,bad,80,7.972978
10,1.0000,ball,80,8.396126
10,1.0000,bat,80,10.086410
10,1.0000,bath,80,8.401438
10,1.0000,be,80,2.942806
10,1.0000,beach,80,10.278259
10,1.0000,beans,80,8.957285
10,1.0000,bear,80,8.915221
10,1.0000,because,80,6.995253
10,1.0000,bed,80,8.026916
10,1.0000,bee,80,10.373837
10,1.0000,before,80,6.711147
10,1.0000,behind,80,8.469308
10,1.0000,belt,80,11.298418
10,1.0000,better,80,6.714745
10,1.0000,big,80,7.762796
10,1.0000,bird,80,9.960281
10,1.0000,bite,80,9.697604
10,1.0000,black,80,8.874440
10,1.0000,block,80,9.370068
10,1.0000,blow,80,10.476147
10,1.0000,blue,80,9.469609
10,1.0000,boat,80,9.777897
10,1.0000,book,80,6.801427
10,1.0000,bottle,80,9.675947
10,1.0000,bowl,80,9.405262
10,1.0000,box,80,8.533731
10,1.0000,bread,80,10.094425
10,1.0000,break,80,8.927281
10,1.0000,bring,80,7.125171
10,1.0000,broken,80,9.007378
10,1.0000,brown,80,9.557139
10,1.0000,brush,80,9.009671
10,1.0000,build,80,7.512774
10,1.0000,bus,80,8.770776
10,1.0000,but,80,4.906169
10,1.0000,butter,80,9.904918
10,1.0000,button,80,10.021627
10,1.0000,buy,80,6.859343
10,1.0000,by,80,4.231979
10,1.0000,cake,80,9.828803
10,1.0000,call,80,8.479414
10,1.0000,camera,80,7.382070
10,1.0000,can,80,4.285535
10,1.0000,car,80,6.610532
10,1.0000,careful,80,7.298648
10,1.0000,carry,80,8.231173
10,1.0000,cat,80,7.542506
10,1.0000,catch,80,8.709675
10,1.0000,chair,80,10.326117
10,1.0000,cheese,80,8.609074
10,1.0000,chicken,80,8.602207
10,1.0000,child,80,5.482817
10,1.0000,chocolate,80,9.577856
10,1.0000,clean,80,7.357015
10,1.0000,clock,80,10.408751
10,1.0000,close,80,7.703954
10,1.0000,cloud,80,10.080934
10,1.0000,coat,80,9.024274
10,1.0000,coffee,80,8.779945
10,1.0000,cold,80,8.843891
10,1.0000,comb,80,9.306140
10,1.0000,cook,80,9.196029
10,1.0000,corn,80,10.800498
10,1.0000,could,80,6.215947
10,1.0000,country,80,7.282763
10,1.0000,cover,80,8.201000
10,1.0000,cow,80,9.375275
10,1.0000,cry,80,8.897264
10,1.0000,cup,80,8.874930
10,1.0000,cut,80,8.621365
10,1.0000,dark,80,8.126510
10,1.0000,day,80,5.595479
10,1.0000,deer,80,9.525114
10,1.0000,did,80,7.321848
10,1.0000,dish,80,7.583930
10,1.0000,do,80,5.046261
10,1.0000,doctor,80,7.610041
10,1.0000,does,80,5.844458
10,1.0000,dog,80,5.568219
10,1.0000,doll,80,10.525281
10,1.0000,door,80,9.558254
10,1.0000,down,80,6.140557
10,1.0000,draw,80,8.075546
10,1.0000,dress,80,9.650108
10,1.0000,drink,80,9.464917
10,1.0000,drive,80,8.233579
10,1.0000,drop,80,9.592380
10,1.0000,dry,80,7.726639
10,1.0000,each,80,6.353982
10,1.0000,ear,80,8.101188
10,1.0000,eat,80,6.753286
10,1.0000,egg,80,8.506559
10,1.0000,empty,80,10.028736
10,1.0000,every,80,6.614982
10,1.0000,eye,80,7.670872
10,1.0000,face,80,8.723744
10,1.0000,fall,80,9.221291
10,1.0000,farm,80,9.164500
10,1.0000,fast,80,8.811783
10,1.0000,feed,80,8.715685
10,1.0000,find,80,5.227909
10,1.0000,fine,80,8.445258
10,1.0000,finger,80,9.562742
10,1.0000,finish,80,9.359433
10,1.0000,first,80,5.918188
10,1.0000,fish,80,7.792475
10,1.0000,fit,80,8.159220
10,1.0000,fix,80,9.851400
10,1.0000,flower,80,9.121309
10,1.0000,food,80,6.742133
10,1.0000,foot,80,8.830688
10,1.0000,for,80,3.917248
10,1.0000,friend,80,8.442705
10,1.0000,full,80,7.530145
10,1.0000,game,80,6.957412
10,1.0000,garden,80,7.697684
10,1.0000,gas,80,8.898396
10,1.0000,gentle,80,9.392173
10,1.0000,get,80,4.856018
10,1.0000,give,80,5.911475
10,1.0000,glass,80,8.567558
10,1.0000,glasses,80,10.122967
10,1.0000,go,80,6.440995
10,1.0000,good,80,5.740240
10,1.0000,grass,80,9.696628
10,1.0000,green,80,8.086941
10,1.0000,gum,80,10.822109
10,1.0000,hair,80,9.063108
10,1.0000,hand,80,7.206214
10,1.0000,happy,80,8.829814
10,1.0000,hard,80,7.843094
10,1.0000,have,80,4.607271
10,1.0000,he,80,6.359069
10,1.0000,head,80,7.681206
10,1.0000,hear,80,7.647183
10,1.0000,heavy,80,9.313847
10,1.0000,help,80,4.276416
10,1.0000,her,80,7.070716
10,1.0000,here,80,7.647853
10,1.0000,high,80,6.731062
10,1.0000,him,80,7.654696
10,1.0000,his,80,6.800231
10,1.0000,hit,80,9.502599
10,1.0000,hold,80,7.674536
10,1.0000,home,80,7.203470
10,1.0000,horse,80,7.829567
10,1.0000,hot,80,8.171603
10,1.0000,house,80,8.270315
10,1.0000,how,80,5.040326
10,1.0000,hurt,80,9.352722
10,1.0000,i,80,8.582737
10,1.0000,ice,80,8.238857
10,1.0000,if,80,5.353447
10,1.0000,inside,80,8.537840
10,1.0000,into,80,4.738976
10,1.0000,is,80,3.070433
10,1.0000,it,80,3.961986
10,1.0000,juice,80,9.551415
10,1.0000,jump,80,9.683563
10,1.0000,kitchen,80,8.688073
10,1.0000,knife,80,9.080097
10,1.0000,last,80,8.186986
10,1.0000,later,80,8.807477
10,1.0000,lawn,80,8.495090
10,1.0000,leg,80,8.995177
10,1.0000,light,80,7.050451
10,1.0000,like,80,4.865696
10,1.0000,listen,80,8.849056
10,1.0000,little,80,6.420463
10,1.0000,living,80,8.706754
10,1.0000,long,80,6.204803
10,1.0000,look,80,6.690263
10,1.0000,loud,80,10.507200
10,1.0000,love,80,7.786512
10,1.0000,make,80,5.566058
10,1.0000,man,80,8.108277
10,1.0000,me,80,7.985945
10,1.0000,meat,80,8.685624
10,1.0000,medicine,80,10.401755
10,1.0000,milk,80,8.991293
10,1.0000,mine,80,10.694267
10,1.0000,money,80,8.321348
10,1.0000,moon,80,9.677676
10,1.0000,more,80,5.074981
10,1.0000,morning,80,8.734051
10,1.0000,mouse,80,11.501691
10,1.0000,mouth,80,8.866661
10,1.0000,movie,80,9.806843
10,1.0000,much,80,5.072483
10,1.0000,my,80,6.761284
10,1.0000,myself,80,8.793491
10,1.0000,need,80,5.226690
10,1.0000,new,80,6.418214
10,1.0000,next,80,7.576181
10,1.0000,nice,80,8.469417
10,1.0000,night,80,7.438025
10,1.0000,no,80,6.167901
10,1.0000,none,80,9.325139
10,1.0000,nose,80,9.546046
10,1.0000,not,80,4.082978
10,1.0000,now,80,7.006781
10,1.0000,nuts,80,9.046382
10,1.0000,of,80,2.678164
10,1.0000,off,80,6.880980
10,1.0000,old,80,6.515412
10,1.0000,on,80,3.959018
10,1.0000,open,80,8.148589
10,1.0000,orange,80,10.084789
10,1.0000,other,80,5.898741
10,1.0000,our,80,5.848807
10,1.0000,out,80,5.527004
10,1.0000,outside,80,8.610652
10,1.0000,oven,80,9.941247
10,1.0000,over,80,6.573203
10,1.0000,paint,80,8.727078
10,1.0000,paper,80,7.705516
10,1.0000,park,80,9.758697
10,1.0000,party,80,10.098784
10,1.0000,pen,80,9.689432
10,1.0000,people,80,5.415285
10,1.0000,person,80,7.180516
10,1.0000,pick,80,9.047867
10,1.0000,picture,80,8.384269
10,1.0000,pig,80,9.102604
10,1.0000,plant,80,7.359479
10,1.0000,plate,80,8.963530
10,1.0000,play,80,7.749818
10,1.0000,please,80,8.854814
10,1.0000,pool,80,9.143524
10,1.0000,poor,80,8.975949
10,1.0000,present,80,7.982210
10,1.0000,pretty,80,7.671090
10,1.0000,pull,80,9.304682
10,1.0000,puppy,80,9.425848
10,1.0000,push,80,9.885365
10,1.0000,put,80,7.546332
10,1.0000,quiet,80,9.260722
10,1.0000,radio,80,10.397343
10,1.0000,rain,80,9.208899
10,1.0000,read,80,7.878097
10,1.0000,red,80,8.129446
10,1.0000,ride,80,9.113245
10,1.0000,rock,80,9.450193
10,1.0000,roof,80,8.162390
10,1.0000,room,80,7.691844
10,1.0000,run,80,8.212778
10,1.0000,salt,80,9.484158
10,1.0000,same,80,5.091655
10,1.0000,sauce,80,8.643327
10,1.0000,say,80,7.094540
10,1.0000,school,80,6.850745
10,1.0000,see,80,5.381246
10,1.0000,share,80,7.578819
10,1.0000,she,80,6.378562
10,1.0000,shopping,80,9.838454
10,1.0000,show,80,7.372246
10,1.0000,shower,80,10.226125
10,1.0000,sick,80,9.945747
10,1.0000,sing,80,11.269327
10,1.0000,sit,80,9.315004
10,1.0000,sky,80,9.805465
10,1.0000,sleep,80,8.704944
10,1.0000,slow,80,8.682884
10,1.0000,snow,80,9.598992
10,1.0000,so,80,5.954112
10,1.0000,soap,80,10.986474
10,1.0000,soda,80,7.388880
10,1.0000,soft,80,8.755248
10,1.0000,some,80,5.491345
10,1.0000,stand,80,8.368594
10,1.0000,star,80,9.436431
10,1.0000,stay,80,7.273036
10,1.0000,stick,80,9.714217
10,1.0000,stone,80,9.819457
10,1.0000,stop,80,7.569093
10,1.0000,store,80,8.021461
10,1.0000,story,80,7.915024
10,1.0000,street,80,9.774401
10,1.0000,stuck,80,8.609603
10,1.0000,sun,80,7.784570
10,1.0000,swim,80,9.703509
10,1.0000,table,80,8.787551
10,1.0000,take,80,5.749364
10,1.0000,talk,80,8.483577
10,1.0000,tape,80,8.859799
10,1.0000,taste,80,9.537100
10,1.0000,teacher,80,8.465376
10,1.0000,that,80,3.732470
10,1.0000,the,80,2.710456
10,1.0000,their,80,4.469896
10,1.0000,them,80,4.737647
10,1.0000,then,80,6.408865
10,1.0000,there,80,5.334803
10,1.0000,these,80,5.641312
10,1.0000,they,80,4.336348
10,1.0000,think,80,4.697545
10,1.0000,this,80,4.672621
10,1.0000,those,80,6.546340
10,1.0000,throw,80,9.504384
10,1.0000,time,80,5.511536
10,1.0000,tiny,80,9.176555
10,1.0000,tissue,80,8.927723
10,1.0000,to,80,3.204292
10,1.0000,today,80,8.167847
10,1.0000,too,80,6.996531
10,1.0000,tooth,80,9.433715
10,1.0000,touch,80,9.168987
10,1.0000,train,80,8.823414
10,1.0000,tree,80,8.823964
10,1.0000,truck,80,11.150110
10,1.0000,try,80,8.751643
10,1.0000,turn,80,7.742813
10,1.0000,under,80,7.489937
10,1.0000,up,80,5.424061
10,1.0000,us,80,5.405912
10,1.0000,vacuum,80,9.852166
10,1.0000,wait,80,8.637558
10,1.0000,walk,80,8.350482
10,1.0000,was,80,5.242773
10,1.0000,wash,80,8.277829
10,1.0000,washing,80,9.487703
10,1.0000,watch,80,9.028395
10,1.0000,water,80,5.994992
10,1.0000,we,80,4.961981
10,1.0000,were,80,6.158559
10,1.0000,wet,80,9.548085
10,1.0000,what,80,5.351457
10,1.0000,when,80,6.003186
10,1.0000,where,80,6.753987
10,1.0000,which,80,4.935589
10,1.0000,white,80,7.844154
10,1.0000,who,80,4.812698
10,1.0000,why,80,5.746412
10,1.0000,will,80,4.714569
10,1.0000,wind,80,8.787788
10,1.0000,window,80,9.770445
10,1.0000,wish,80,7.579111
10,1.0000,with,80,3.783413
10,1.0000,work,80,6.237613
10,1.0000,would,80,6.156167
10,1.0000,write,80,7.735021
10,1.0000,yard,80,8.581406
10,1.0000,yellow,80,9.762059
10,1.0000,yes,80,9.287124
10,1.0000,you,80,3.083136
10,1.0000,your,80,3.913569
10,1.0000,yourself,80,7.015665
12,1.0000,a,80,3.254452
12,1.0000,about,80,5.355515
12,1.0000,above,80,7.631996
12,1.0000,after,80,7.339562
12,1.0000,all,80,6.011704
12,1.0000,am,80,6.209901
12,1.0000,and,80,3.430167
12,1.0000,animal,80,7.883102
12,1.0000,another,80,7.467699
12,1.0000,any,80,5.796490
12,1.0000,are,80,3.365773
12,1.0000,arm,80,9.228437
12,1.0000,around,80,7.116953
12,1.0000,at,80,5.303066
12,1.0000,away,80,7.066350
12,1.0000,baby,80,7.051783
12,1.0000,back,80,6.997587
12,1.0000,bad,80,7.694884
12,1.0000,ball,80,8.687698
12,1.0000,bat,80,9.764706
12,1.0000,bath,80,8.439366
12,1.0000,be,80,2.938314
12,1.0000,beach,80,9.781096
12,1.0000,beans,80,8.431626
12,1.0000,bear,80,9.276437
12,1.0000,because,80,6.400633
12,1.0000,bed,80,8.556360
12,1.0000,bee,80,10.186969
12,1.0000,before,80,6.617001
12,1.0000,behind,80,7.442337
12,1.0000,belt,80,11.038102
12,1.0000,better,80,6.789104
12,1.0000,big,80,7.394775
12,1.0000,bird,80,9.738437
12,1.0000,bite,80,9.169305
12,1.0000,black,80,8.218752
12,1.0000,block,80,8.691518
12,1.0000,blow,80,10.365442
12,1.0000,blue,80,8.696358
12,1.0000,boat,80,9.765483
12,1.0000,book,80,7.392314
12,1.0000,bottle,80,9.629448
12,1.0000,bowl,80,8.805428
12,1.0000,box,80,9.346154
12,1.0000,bread,80,9.812674
12,1.0000,break,80,8.281067
12,1.0000,bring,80,7.277655
12,1.0000,broken,80,8.356147
12,1.0000,brown,80,8.527322
12,1.0000,brush,80,9.259527
12,1.0000,build,80,7.710880
12,1.0000,bus,80,9.396730
12,1.0000,but,80,4.773842
12,1.0000,butter,80,9.772839
12,1.0000,button,80,9.711891
12,1.0000,buy,80,7.139137
12,1.0000,by,80,4.306041
12,1.0000,cake,80,8.751488
12,1.0000,call,80,8.468556
12,1.0000,camera,80,7.696571
12,1.0000,can,80,4.306898
12,1.0000,car,80,6.509791
12,1.0000,careful,80,7.644307
12,1.0000,carry,80,7.701581
12,1.0000,cat,80,7.404752
12,1.0000,catch,80,8.187060
12,1.0000,chair,80,10.509120
12,1.0000,cheese,80,8.428057
12,1.0000,chicken,80,9.160336
12,1.0000,child,80,5.311733
12,1.0000,chocolate,80,8.922394
12,1.0000,clean,80,7.547793
12,1.0000,clock,80,9.933976
12,1.0000,close,80,7.442886
12,1.0000,cloud,80,10.242022
12,1.0000,coat,80,8.331039
12,1.0000,coffee,80,9.275914
12,1.0000,cold,80,8.099026
12,1.0000,comb,80,9.004693
12,1.0000,cook,80,8.871234
12,1.0000,corn,80,9.946790
12,1.0000,could,80,5.982256
12,1.0000,country,80,7.514064
12,1.0000,cover,80,7.925193
12,1.0000,cow,80,9.770153
12,1.0000,cry,80,9.653059
12,1.0000,cup,80,8.331935
12,1.0000,cut,80,8.224231
12,1.0000,dark,80,8.450482
12,1.0000,day,80,5.920007
12,1.0000,deer,80,10.138352
12,1.0000,did,80,6.968783
12,1.0000,dish,80,7.854466
12,1.0000,do,80,5.060339
12,1.0000,doctor,80,7.164002
12,1.0000,does,80,5.718406
12,1.0000,dog,80,5.694201
12,1.0000,doll,80,10.451186
12,1.0000,door,80,8.735547
12,1.0000,down,80,6.202700
12,1.0000,draw,80,8.074996
12,1.0000,dress,80,9.518407
12,1.0000,drink,80,8.954671
12,1.0000,drive,80,8.017236
12,1.0000,drop,80,9.073781
12,1.0000,dry,80,7.945570
12,1.0000,each,80,6.295754
12,1.0000,ear,80,7.484701
12,1.0000,eat,80,6.775626
12,1.0000,egg,80,9.110470
12,1.0000,empty,80,9.594720
12,1.0000,every,80,6.987945
12,1.0000,eye,80,7.229231
12,1.0000,face,80,8.555517
12,1.0000,fall,80,8.767489
12,1.0000,farm,80,9.018740
12,1.0000,fast,80,8.408369
12,1.0000,feed,80,7.739531
12,1.0000,find,80,5.571668
12,1.0000,fine,80,7.939373
12,1.0000,finger,80,9.769695
12,1.0000,finish,80,9.797747
12,1.0000,first,80,5.940007
12,1.0000,fish,80,8.097228
12,1.0000,fit,80,7.532255
12,1.0000,fix,80,9.336142
12,1.0000,flower,80,8.948840
12,1.0000,food,80,6.546154
12,1.0000,foot,80,7.915611
12,1.0000,for,80,4.081481
12,1.0000,friend,80,8.072488
12,1.0000,full,80,7.575902
12,1.0000,game,80,8.247938
12,1.0000,garden,80,7.254862
12,1.0000,gas,80,7.769971
12,1.0000,gentle,80,9.848844
12,1.0000,get,80,5.109491
12,1.0000,give,80,6.270287
12,1.0000,glass,80,8.929398
12,1.0000,glasses,80,9.724723
12,1.0000,go,80,6.526735
12,1.0000,good,80,6.073638
12,1.0000,grass,80,8.591696
12,1.0000,green,80,7.885030
12,1.0000,gum,80,10.762588
12,1.0000,hair,80,8.236745
12,1.0000,hand,80,7.229569
12,1.0000,happy,80,8.205698
12,1.0000,hard,80,7.417902
12,1.0000,have,80,4.505678
12,1.0000,he,80,6.342082
12,1.0000,head,80,8.014241
12,1.0000,hear,80,7.336790
12,1.0000,heavy,80,8.560038
12,1.0000,help,80,4.404756
12,1.0000,her,80,6.900546
12,1.0000,here,80,7.780799
12,1.0000,high,80,6.824526
12,1.0000,him,80,7.091285
12,1.0000,his,80,6.935981
12,1.0000,hit,80,9.498055
12,1.0000,hold,80,8.047146
12,1.0000,home,80,7.152572
12,1.0000,horse,80,8.448657
12,1.0000,hot,80,7.989545
12,1.0000,house,80,8.093814
12,1.0000,how,80,5.521883
12,1.0000,hurt,80,8.811631
12,1.0000,i,80,8.450310
12,1.0000,ice,80,7.974955
12,1.0000,if,80,5.524338
12,1.0000,inside,80,8.899890
12,1.0000,into,80,4.868417
12,1.0000,is,80,3.297574
12,1.0000,it,80,4.039256
12,1.0000,juice,80,8.343411
12,1.0000,jump,80,9.147877
12,1.0000,kitchen,80,7.910881
12,1.0000,knife,80,9.914138
12,1.0000,last,80,7.931025
12,1.0000,later,80,8.584370
12,1.0000,lawn,80,9.322681
12,1.0000,leg,80,9.157240
12,1.0000,light,80,7.207039
12,1.0000,like,80,4.998722
12,1.0000,listen,80,8.791126
12,1.0000,little,80,6.261170
12,1.0000,living,80,8.150358
12,1.0000,long,80,6.534772
12,1.0000,look,80,7.051182
12,1.0000,loud,80,9.783580
12,1.0000,love,80,7.166223
12,1.0000,make,80,5.823026
12,1.0000,man,80,8.006717
12,1.0000,me,80,8.153438
12,1.0000,meat,80,8.664396
12,1.0000,medicine,80,10.086301
12,1.0000,milk,80,8.992079
12,1.0000,mine,80,10.196191
12,1.0000,money,80,7.293189
12,1.0000,moon,80,8.881912
12,1.0000,more,80,5.116976
12,1.0000,morning,80,8.099043
12,1.0000,mouse,80,11.482851
12,1.0000,mouth,80,7.924590
12,1.0000,movie,80,9.341724
12,1.0000,much,80,4.927884
12,1.0000,my,80,6.719083
12,1.0000,myself,80,8.643625
12,1.0000,need,80,5.291569
12,1.0000,new,80,6.289975
12,1.0000,next,80,7.375356
12,1.0000,nice,80,8.359422
12,1.0000,night,80,7.049682
12,1.0000,no,80,6.196198
12,1.0000,none,80,9.058950
12,1.0000,nose,80,9.535349
12,1.0000,not,80,4.062453
12,1.0000,now,80,7.108370
12,1.0000,nuts,80,9.480058
12,1.0000,of,80,2.442668
12,1.0000,off,80,6.835173
12,1.0000,old,80,6.648730
12,1.0000,on,80,4.057514
12,1.0000,open,80,8.180544
12,1.0000,orange,80,9.312910
12,1.0000,other,80,5.419994
12,1.0000,our,80,5.796667
12,1.0000,out,80,5.322473
12,1.0000,outside,80,8.426797
12,1.0000,oven,80,9.625432
12,1.0000,over,80,6.538709
12,1.0000,paint,80,9.240884
12,1.0000,paper,80,7.833705
12,1.0000,park,80,9.427309
12,1.0000,party,80,9.495113
12,1.0000,pen,80,9.939482
12,1.0000,people,80,5.737565
12,1.0000,person,80,6.917150
12,1.0000,pick,80,8.615688
12,1.0000,picture,80,8.128130
12,1.0000,pig,80,8.371834
12,1.0000,plant,80,6.840222
12,1.0000,plate,80,8.938455
12,1.0000,play,80,8.059714
12,1.0000,please,80,8.070573
12,1.0000,pool,80,9.014751
12,1.0000,poor,80,8.623216
12,1.0000,present,80,8.045988
12,1.0000,pretty,80,7.490539
12,1.0000,pull,80,8.330353
12,1.0000,puppy,80,9.229294
12,1.0000,push,80,8.981365
12,1.0000,put,80,7.034561
12,1.0000,quiet,80,8.976111
12,1.0000,radio,80,10.466693
12,1.0000,rain,80,8.965372
12,1.0000,read,80,7.722221
12,1.0000,red,80,7.815034
12,1.0000,ride,80,9.744905
12,1.0000,rock,80,9.425751
12,1.0000,roof,80,7.518430
12,1.0000,room,80,8.180003
12,1.0000,run,80,8.187933
12,1.0000,salt,80,8.506178
12,1.0000,same,80,5.239900
12,1.0000,sauce,80,8.944886
12,1.0000,say,80,7.031138
12,1.0000,school,80,7.118476
12,1.0000,see,80,5.548101
12,1.0000,share,80,8.028906
12,1.0000,she,80,6.110006
12,1.0000,shopping,80,9.786552
12,1.0000,show,80,7.330329
12,1.0000,shower,80,9.506922
12,1.0000,sick,80,8.934074
12,1.0000,sing,80,11.258757
12,1.0000,sit,80,8.628793
12,1.0000,sky,80,9.029483
12,1.0000,sleep,80,7.455609
12,1.0000,slow,80,8.383650
12,1.0000,snow,80,9.023167
12,1.0000,so,80,5.840007
12,1.0000,soap,80,10.427498
12,1.0000,soda,80,6.368720
12,1.0000,soft,80,8.223326
12,1.0000,some,80,5.600522
12,1.0000,stand,80,8.571563
12,1.0000,star,80,9.445940
12,1.0000,stay,80,7.337451
12,1.0000,stick,80,9.220624
12,1.0000,stone,80,9.277940
12,1.0000,stop,80,7.582532
12,1.0000,store,80,8.594006
12,1.0000,story,80,7.904667
12,1.0000,street,80,9.449642
12,1.0000,stuck,80,8.467850
12,1.0000,sun,80,7.713948
12,1.0000,swim,80,9.771718
12,1.0000,table,80,8.576108
12,1.0000,take,80,5.882866
12,1.0000,talk,80,7.412236
12,1.0000,tape,80,9.256409
12,1.0000,taste,80,8.904342
12,1.0000,teacher,80,8.190338
12,1.0000,that,80,3.958816
12,1.0000,the,80,2.638921
12,1.0000,their,80,4.482116
12,1.0000,them,80,5.030910
12,1.0000,then,80,6.418917
12,1.0000,there,80,5.344569
12,1.0000,these,80,5.826070
12,1.0000,they,80,4.323245
12,1.0000,think,80,4.733635
12,1.0000,this,80,4.900420
12,1.0000,those,80,6.613995
12,1.0000,throw,80,9.391060
12,1.0000,time,80,5.363447
12,1.0000,tiny,80,8.563973
12,1.0000,tissue,80,8.345251
12,1.0000,to,80,3.040202
12,1.0000,today,80,8.543716
12,1.0000,too,80,7.106168
12,1.0000,tooth,80,9.260229
12,1.0000,touch,80,8.880394
12,1.0000,train,80,9.193782
12,1.0000,tree,80,8.324231
12,1.0000,truck,80,10.619122
12,1.0000,try,80,8.514211
12,1.0000,turn,80,7.192696
12,1.0000,under,80,7.342855
12,1.0000,up,80,5.639047
12,1.0000,us,80,5.604409
12,1.0000,vacuum,80,9.947595
12,1.0000,wait,80,7.725377
12,1.0000,walk,80,8.186112
12,1.0000,was,80,5.193396
12,1.0000,wash,80,9.148344
12,1.0000,washing,80,9.281968
12,1.0000,watch,80,8.673059
12,1.0000,water,80,6.251202
12,1.0000,we,80,5.068008
12,1.0000,were,80,6.044236
12,1.0000,wet,80,9.298176
12,1.0000,what,80,5.501802
12,1.0000,when,80,6.303699
12,1.0000,where,80,6.113733
12,1.0000,which,80,4.954112
12,1.0000,white,80,8.016191
12,1.0000,who,80,4.817279
12,1.0000,why,80,5.915210
12,1.0000,will,80,4.966814
12,1.0000,wind,80,8.201995
12,1.0000,window,80,9.539453
12,1.0000,wish,80,7.162735
12,1.0000,with,80,4.047661
12,1.0000,work,80,6.595066
12,1.0000,would,80,5.943793
12,1.0000,write,80,7.682145
12,1.0000,yard,80,8.940954
12,1.0000,yellow,80,8.825572
12,1.0000,yes,80,8.263204
12,1.0000,you,80,3.178461
12,1.0000,your,80,4.205402
12,1.0000,yourself,80,7.302900
15,1.0000,a,80,2.830919
15,1.0000,about,80,4.941229
15,1.0000,above,80,7.953835
15,1.0000,after,80,7.622011
15,1.0000,all,80,5.969355
15,1.0000,am,80,6.651576
15,1.0000,and,80,3.066015
15,1.0000,animal,80,8.102827
15,1.0000,another,80,7.328379
15,1.0000,any,80,5.634569
15,1.0000,are,80,3.488350
15,1.0000,arm,80,8.730491
15,1.0000,around,80,7.223618
15,1.0000,at,80,5.576096
15,1.0000,away,80,6.415945
15,1.0000,baby,80,8.334609
15,1.0000,back,80,6.687172
15,1.0000,bad,80,8.188607
15,1.0000,ball,80,8.466394
15,1.0000,bat,80,10.330965
15,1.0000,bath,80,9.395564
15,1.0000,be,80,2.798997
15,1.0000,beach,80,9.608504
15,1.0000,beans,80,8.645151
15,1.0000,bear,80,9.136178
15,1.0000,because,80,6.504496
15,1.0000,bed,80,8.882101
15,1.0000,bee,80,10.856011
15,1.0000,before,80,6.946831
15,1.0000,behind,80,8.396570
15,1.0000,belt,80,10.837136
15,1.0000,better,80,6.510341
15,1.0000,big,80,7.572930
15,1.0000,bird,80,8.742552
15,1.0000,bite,80,9.745364
15,1.0000,black,80,8.147265
15,1.0000,block,80,8.264851
15,1.0000,blow,80,9.922065
15,1.0000,blue,80,8.708552
15,1.0000,boat,80,9.012073
15,1.0000,book,80,7.807963
15,1.0000,bottle,80,9.027613
15,1.0000,bowl,80,8.309802
15,1.0000,box,80,9.159994
15,1.0000,bread,80,9.831007
15,1.0000,break,80,7.826520
15,1.0000,bring,80,7.441757
15,1.0000,broken,80,9.438302
15,1.0000,brown,80,7.910543
15,1.0000,brush,80,10.249423
15,1.0000,build,80,7.744253
15,1.0000,bus,80,9.973922
15,1.0000,but,80,4.767692
15,1.0000,butter,80,8.778323
15,1.0000,button,80,9.387715
15,1.0000,buy,80,7.693644
15,1.0000,by,80,3.920539
15,1.0000,cake,80,9.736019
15,1.0000,call,80,8.185430
15,1.0000,camera,80,8.201902
15,1.0000,can,80,4.139595
15,1.0000,car,80,6.314786
15,1.0000,careful,80,8.201742
15,1.0000,carry,80,8.310840
15,1.0000,cat,80,7.782274
15,1.0000,catch,80,9.155244
15,1.0000,chair,80,10.542699
15,1.0000,cheese,80,9.190099
15,1.0000,chicken,80,8.925967
15,1.0000,child,80,6.213966
15,1.0000,chocolate,80,8.992678
15,1.0000,clean,80,7.594096
15,1.0000,clock,80,10.003986
15,1.0000,close,80,8.410508
15,1.0000,cloud,80,9.605584
15,1.0000,coat,80,9.523617
15,1.0000,coffee,80,10.398536
15,1.0000,cold,80,7.892796
15,1.0000,comb,80,8.611755
15,1.0000,cook,80,9.574115
15,1.0000,corn,80,10.334798
15,1.0000,could,80,6.193320
15,1.0000,country,80,7.402347
15,1.0000,cover,80,8.555438
15,1.0000,cow,80,9.738493
15,1.0000,cry,80,10.502166
15,1.0000,cup,80,8.031390
15,1.0000,cut,80,7.912141
15,1.0000,dark,80,8.437594
15,1.0000,day,80,5.900693
15,1.0000,deer,80,11.025862
15,1.0000,did,80,7.164546
15,1.0000,dish,80,9.188781
15,1.0000,do,80,4.865804
15,1.0000,doctor,80,7.679418
15,1.0000,does,80,5.590419
15,1.0000,dog,80,5.727694
15,1.0000,doll,80,10.411211
15,1.0000,door,80,8.233340
15,1.0000,down,80,5.747526
15,1.0000,draw,80,8.720958
15,1.0000,dress,80,10.185824
15,1.0000,drink,80,8.915698
15,1.0000,drive,80,8.395867
15,1.0000,drop,80,9.439423
15,1.0000,dry,80,8.252439
15,1.0000,each,80,6.730515
15,1.0000,ear,80,8.097472
15,1.0000,eat,80,7.146995
15,1.0000,egg,80,9.830123
15,1.0000,empty,80,9.626879
15,1.0000,every,80,7.525998
15,1.0000,eye,80,7.485238
15,1.0000,face,80,8.323181
15,1.0000,fall,80,8.466807
15,1.0000,farm,80,9.534103
15,1.0000,fast,80,8.079336
15,1.0000,feed,80,8.702014
15,1.0000,find,80,5.683823
15,1.0000,fine,80,8.492790
15,1.0000,finger,80,9.442073
15,1.0000,finish,80,9.872918
15,1.0000,first,80,5.729792
15,1.0000,fish,80,7.926671
15,1.0000,fit,80,8.693761
15,1.0000,fix,80,9.232903
15,1.0000,flower,80,8.481382
15,1.0000,food,80,7.233004
15,1.0000,foot,80,8.220372
15,1.0000,for,80,3.861985
15,1.0000,friend,80,7.538678
15,1.0000,full,80,7.212429
15,1.0000,game,80,8.837602
15,1.0000,garden,80,7.182011
15,1.0000,gas,80,8.417408
15,1.0000,gentle,80,10.693577
15,1.0000,get,80,5.061857
15,1.0000,give,80,6.199546
15,1.0000,glass,80,8.740580
15,1.0000,glasses,80,10.163844
15,1.0000,go,80,6.618965
15,1.0000,good,80,5.718200
15,1.0000,grass,80,8.417294
15,1.0000,green,80,8.229371
15,1.0000,gum,80,11.115388
15,1.0000,hair,80,8.137244
15,1.0000,hand,80,6.545083
15,1.0000,happy,80,8.640265
15,1.0000,hard,80,6.758408
15,1.0000,have,80,4.714282
15,1.0000,he,80,6.491177
15,1.0000,head,80,7.851029
15,1.0000,hear,80,7.998923
15,1.0000,heavy,80,8.654359
15,1.0000,help,80,4.930428
15,1.0000,her,80,6.796592
15,1.0000,here,80,7.461283
15,1.0000,high,80,6.545515
15,1.0000,him,80,7.576065
15,1.0000,his,80,6.723157
15,1.0000,hit,80,9.277318
15,1.0000,hold,80,8.191661
15,1.0000,home,80,6.690818
15,1.0000,horse,80,8.853568
15,1.0000,hot,80,7.429046
15,1.0000,house,80,8.812421
15,1.0000,how,80,5.322793
15,1.0000,hurt,80,9.326174
15,1.0000,i,80,8.002789
15,1.0000,ice,80,8.043812
15,1.0000,if,80,5.406964
15,1.0000,inside,80,8.242006
15,1.0000,into,80,4.842657
15,1.0000,is,80,2.978495
15,1.0000,it,80,3.799322
15,1.0000,juice,80,7.402629
15,1.0000,jump,80,9.862573
15,1.0000,kitchen,80,8.646044
15,1.0000,knife,80,10.937419
15,1.0000,last,80,8.153130
15,1.0000,later,80,8.225180
15,1.0000,lawn,80,10.030395
15,1.0000,leg,80,8.555254
15,1.0000,light,80,7.154100
15,1.0000,like,80,5.276075
15,1.0000,listen,80,9.133594
15,1.0000,little,80,6.582235
15,1.0000,living,80,8.291077
15,1.0000,long,80,6.212743
15,1.0000,look,80,6.864575
15,1.0000,loud,80,10.039329
15,1.0000,love,80,7.585441
15,1.0000,make,80,5.701178
15,1.0000,man,80,7.804283
15,1.0000,me,80,7.405548
15,1.0000,meat,80,8.327763
15,1.0000,medicine,80,9.239658
15,1.0000,milk,80,9.097945
15,1.0000,mine,80,10.004686
15,1.0000,money,80,7.317324
15,1.0000,moon,80,8.583084
15,1.0000,more,80,4.743356
15,1.0000,morning,80,8.578427
15,1.0000,mouse,80,11.089182
15,1.0000,mouth,80,7.338484
15,1.0000,movie,80,10.044051
15,1.0000,much,80,4.952531
15,1.0000,my,80,7.002325
15,1.0000,myself,80,9.006487
15,1.0000,need,80,5.458775
15,1.0000,new,80,5.926424
15,1.0000,next,80,7.189497
15,1.0000,nice,80,8.074781
15,1.0000,night,80,7.218066
15,1.0000,no,80,6.287147
15,1.0000,none,80,9.850383
15,1.0000,nose,80,8.670124
15,1.0000,not,80,4.047506
15,1.0000,now,80,7.006878
15,1.0000,nuts,80,10.379444
15,1.0000,of,80,2.358099
15,1.0000,off,80,6.646990
15,1.0000,old,80,6.518476
15,1.0000,on,80,3.839532
15,1.0000,open,80,7.980910
15,1.0000,orange,80,9.378589
15,1.0000,other,80,5.629367
15,1.0000,our,80,6.032308
15,1.0000,out,80,5.035111
15,1.0000,outside,80,8.351955
15,1.0000,oven,80,9.147851
15,1.0000,over,80,6.847781
15,1.0000,paint,80,9.935575
15,1.0000,paper,80,8.507959
15,1.0000,park,80,10.285167
15,1.0000,party,80,9.601647
15,1.0000,pen,80,9.385832
15,1.0000,people,80,5.407270
15,1.0000,person,80,7.540900
15,1.0000,pick,80,9.087311
15,1.0000,picture,80,8.533718
15,1.0000,pig,80,7.816809
15,1.0000,plant,80,7.052859
15,1.0000,plate,80,9.523637
15,1.0000,play,80,7.547671
15,1.0000,please,80,8.153587
15,1.0000,pool,80,9.130112
15,1.0000,poor,80,8.480716
15,1.0000,present,80,7.652088
15,1.0000,pretty,80,7.919639
15,1.0000,pull,80,8.685162
15,1.0000,puppy,80,9.505751
15,1.0000,push,80,8.936364
15,1.0000,put,80,6.862867
15,1.0000,quiet,80,9.812447
15,1.0000,radio,80,9.790739
15,1.0000,rain,80,7.347420
15,1.0000,read,80,7.565079
15,1.0000,red,80,7.564778
15,1.0000,ride,80,10.319501
15,1.0000,rock,80,8.691554
15,1.0000,roof,80,8.440281
15,1.0000,room,80,8.231510
15,1.0000,run,80,8.434537
15,1.0000,salt,80,8.425662
15,1.0000,same,80,5.180776
15,1.0000,sauce,80,9.853793
15,1.0000,say,80,6.937324
15,1.0000,school,80,7.262304
15,1.0000,see,80,5.529334
15,1.0000,share,80,7.889792
15,1.0000,she,80,6.508540
15,1.0000,shopping,80,10.864171
15,1.0000,show,80,7.708740
15,1.0000,shower,80,9.896942
15,1.0000,sick,80,9.345900
15,1.0000,sing,80,10.537608
15,1.0000,sit,80,8.242614
15,1.0000,sky,80,8.488843
15,1.0000,sleep,80,7.760310
15,1.0000,slow,80,8.206000
15,1.0000,snow,80,9.081269
15,1.0000,so,80,5.918339
15,1.0000,soap,80,10.004702
15,1.0000,soda,80,5.541413
15,1.0000,soft,80,8.746906
15,1.0000,some,80,5.295028
15,1.0000,stand,80,8.833255
15,1.0000,star,80,8.942622
15,1.0000,stay,80,7.394058
15,1.0000,stick,80,9.024055
15,1.0000,stone,80,9.115668
15,1.0000,stop,80,7.576753
15,1.0000,store,80,8.493622
15,1.0000,story,80,8.120853
15,1.0000,street,80,10.232685
15,1.0000,stuck,80,9.154564
15,1.0000,sun,80,7.109455
15,1.0000,swim,80,9.897305
15,1.0000,table,80,8.029006
15,1.0000,take,80,5.625584
15,1.0000,talk,80,8.584661
15,1.0000,tape,80,10.502976
15,1.0000,taste,80,8.720198
15,1.0000,teacher,80,8.659560
15,1.0000,that,80,3.702388
15,1.0000,the,80,2.310565
15,1.0000,their,80,4.586255
15,1.0000,them,80,4.691917
15,1.0000,then,80,6.635648
15,1.0000,there,80,5.692019
15,1.0000,these,80,5.528750
15,1.0000,they,80,4.393329
15,1.0000,think,80,5.127773
15,1.0000,this,80,4.894469
15,1.0000,those,80,6.525061
15,1.0000,throw,80,10.191227
15,1.0000,time,80,5.146860
15,1.0000,tiny,80,8.694067
15,1.0000,tissue,80,7.653880
15,1.0000,to,80,2.741420
15,1.0000,today,80,8.307426
15,1.0000,too,80,6.782868
15,1.0000,tooth,80,8.991747
15,1.0000,touch,80,8.154956
15,1.0000,train,80,9.417059
15,1.0000,tree,80,7.361487
15,1.0000,truck,80,10.262883
15,1.0000,try,80,8.709196
15,1.0000,turn,80,7.922449
15,1.0000,under,80,7.431547
15,1.0000,up,80,5.383498
15,1.0000,us,80,5.541216
15,1.0000,vacuum,80,9.196196
15,1.0000,wait,80,7.694903
15,1.0000,walk,80,9.237373
15,1.0000,was,80,5.301185
15,1.0000,wash,80,10.520370
15,1.0000,washing,80,10.010274
15,1.0000,watch,80,8.872663
15,1.0000,water,80,6.581667
15,1.0000,we,80,5.261338
15,1.0000,were,80,6.064588
15,1.0000,wet,80,9.048651
15,1.0000,what,80,5.606356
15,1.0000,when,80,6.416048
15,1.0000,where,80,6.367106
15,1.0000,which,80,4.958067
15,1.0000,white,80,8.716249
15,1.0000,who,80,4.693440
15,1.0000,why,80,5.914806
15,1.0000,will,80,4.684673
15,1.0000,wind,80,8.690646
15,1.0000,window,80,9.297177
15,1.0000,wish,80,8.222184
15,1.0000,with,80,3.865108
15,1.0000,work,80,6.551589
15,1.0000,would,80,5.838280
15,1.0000,write,80,8.612802
15,1.0000,yard,80,8.894499
15,1.0000,yellow,80,8.276570
15,1.0000,yes,80,9.228941
15,1.0000,you,80,3.028983
15,1.0000,your,80,3.785612
15,1.0000,yourself,80,7.602297
19,1.0000,a,80,2.826486
19,1.0000,about,80,5.039586
19,1.0000,above,80,7.859388
19,1.0000,after,80,7.175366
19,1.0000,all,80,5.739020
19,1.0000,am,80,6.675166
19,1.0000,and,80,3.112341
19,1.0000,animal,80,8.024914
19,1.0000,another,80,7.167648
19,1.0000,any,80,5.333205
19,1.0000,are,80,3.341827
19,1.0000,arm,80,8.179967
19,1.0000,around,80,6.735616
19,1.0000,at,80,5.211940
19,1.0000,away,80,6.700933
19,1.0000,baby,80,8.769825
19,1.0000,back,80,6.748769
19,1.0000,bad,80,7.643710
19,1.0000,ball,80,8.344663
19,1.0000,bat,80,11.265861
19,1.0000,bath,80,9.062402
19,1.0000,be,80,2.760251
19,1.0000,beach,80,9.695185
19,1.0000,beans,80,8.650658
19,1.0000,bear,80,9.200577
19,1.0000,because,80,6.653866
19,1.0000,bed,80,8.272182
19,1.0000,bee,80,10.657901
19,1.0000,before,80,6.798224
19,1.0000,behind,80,7.387341
19,1.0000,belt,80,11.076221
19,1.0000,better,80,6.510957
19,1.0000,big,80,7.429777
19,1.0000,bird,80,8.259489
19,1.0000,bite,80,9.359848
19,1.0000,black,80,8.385005
19,1.0000,block,80,9.357572
19,1.0000,blow,80,9.478048
19,1.0000,blue,80,8.886300
19,1.0000,boat,80,8.637016
19,1.0000,book,80,7.044491
19,1.0000,bottle,80,8.980397
19,1.0000,bowl,80,10.184325
19,1.0000,box,80,8.302218
19,1.0000,bread,80,9.407254
19,1.0000,break,80,8.314388
19,1.0000,bring,80,6.951853
19,1.0000,broken,80,9.236833
19,1.0000,brown,80,8.831890
19,1.0000,brush,80,9.119569
19,1.0000,build,80,7.821190
19,1.0000,bus,80,10.175140
19,1.0000,but,80,4.670778
19,1.0000,butter,80,8.162253
19,1.0000,button,80,8.823951
19,1.0000,buy,80,7.195330
19,1.0000,by,80,4.097383
19,1.0000,cake,80,11.026507
19,1.0000,call,80,8.050951
19,1.0000,camera,80,8.619316
19,1.0000,can,80,3.982993
19,1.0000,car,80,6.798266
19,1.0000,careful,80,6.855686
19,1.0000,carry,80,7.951137
19,1.0000,cat,80,7.224668
19,1.0000,catch,80,7.950834
19,1.0000,chair,80,9.691926
19,1.0000,cheese,80,9.275466
19,1.0000,chicken,80,8.503716
19,1.0000,child,80,5.425187
19,1.0000,chocolate,80,8.543634
19,1.0000,clean,80,7.364722
19,1.0000,clock,80,10.675006
19,1.0000,close,80,7.509267
19,1.0000,cloud,80,8.416237
19,1.0000,coat,80,8.928406
19,1.0000,coffee,80,10.121371
19,1.0000,cold,80,8.488938
19,1.0000,comb,80,8.926478
19,1.0000,cook,80,9.152645
19,1.0000,corn,80,10.480828
19,1.0000,could,80,6.020628
19,1.0000,country,80,7.370132
19,1.0000,cover,80,7.946816
19,1.0000,cow,80,10.001223
19,1.0000,cry,80,9.638329
19,1.0000,cup,80,8.207339
19,1.0000,cut,80,8.392895
19,1.0000,dark,80,8.221194
19,1.0000,day,80,5.664644
19,1.0000,deer,80,10.534730
19,1.0000,did,80,6.794621
19,1.0000,dish,80,9.325745
19,1.0000,do,80,4.735966
19,1.0000,doctor,80,7.100864
19,1.0000,does,80,5.813831
19,1.0000,dog,80,5.237750
19,1.0000,doll,80,10.643124
19,1.0000,door,80,9.480575
19,1.0000,down,80,5.857071
19,1.0000,draw,80,8.044081
19,1.0000,dress,80,8.996708
19,1.0000,drink,80,9.058719
19,1.0000,drive,80,7.877697
19,1.0000,drop,80,9.552338
19,1.0000,dry,80,7.913061
19,1.0000,each,80,6.694278
19,1.0000,ear,80,7.298956
19,1.0000,eat,80,6.588419
19,1.0000,egg,80,9.228449
19,1.0000,empty,80,9.971432
19,1.0000,every,80,6.623475
19,1.0000,eye,80,8.211616
19,1.0000,face,80,8.629579
19,1.0000,fall,80,8.736203
19,1.0000,farm,80,9.361266
19,1.0000,fast,80,8.926936
19,1.0000,feed,80,8.725288
19,1.0000,find,80,5.609842
19,1.0000,fine,80,8.419621
19,1.0000,finger,80,8.302481
19,1.0000,finish,80,8.718008
19,1.0000,first,80,5.656927
19,1.0000,fish,80,7.590779
19,1.0000,fit,80,8.003990
19,1.0000,fix,80,8.597554
19,1.0000,flower,80,9.651699
19,1.0000,food,80,6.577992
19,1.0000,foot,80,8.064883
19,1.0000,for,80,3.921777
19,1.0000,friend,80,7.244235
19,1.0000,full,80,7.566533
19,1.0000,game,80,6.854159
19,1.0000,garden,80,7.576852
19,1.0000,gas,80,9.322268
19,1.0000,gentle,80,9.184636
19,1.0000,get,80,4.811385
19,1.0000,give,80,6.187035
19,1.0000,glass,80,8.522710
19,1.0000,glasses,80,11.049127
19,1.0000,go,80,6.552808
19,1.0000,good,80,5.565403
19,1.0000,grass,80,8.264496
19,1.0000,green,80,8.219965
19,1.0000,gum,80,10.024823
19,1.0000,hair,80,8.011667
19,1.0000,hand,80,6.559215
19,1.0000,happy,80,7.581028
19,1.0000,hard,80,7.293450
19,1.0000,have,80,4.566720
19,1.0000,he,80,6.222165
19,1.0000,head,80,8.041960
19,1.0000,hear,80,7.116197
19,1.0000,heavy,80,8.789914
19,1.0000,help,80,4.236151
19,1.0000,her,80,7.155335
19,1.0000,here,80,7.558973
19,1.0000,high,80,6.810424
19,1.0000,him,80,7.359189
19,1.0000,his,80,7.084502
19,1.0000,hit,80,8.984008
19,1.0000,hold,80,7.588912
19,1.0000,home,80,6.567093
19,1.0000,horse,80,7.634704
19,1.0000,hot,80,7.579165
19,1.0000,house,80,7.992653
19,1.0000,how,80,4.835747
19,1.0000,hurt,80,9.282920
19,1.0000,i,80,7.595529
19,1.0000,ice,80,8.122119
19,1.0000,if,80,5.335704
19,1.0000,inside,80,7.471452
19,1.0000,into,80,4.736746
19,1.0000,is,80,2.974849
19,1.0000,it,80,3.824762
19,1.0000,juice,80,7.810892
19,1.0000,jump,80,9.822936
19,1.0000,kitchen,80,8.872511
19,1.0000,knife,80,10.249849
19,1.0000,last,80,7.735258
19,1.0000,later,80,8.300850
19,1.0000,lawn,80,9.245274
19,1.0000,leg,80,8.335184
19,1.0000,light,80,6.767787
19,1.0000,like,80,4.924289
19,1.0000,listen,80,8.923184
19,1.0000,little,80,6.209624
19,1.0000,living,80,7.827709
19,1.0000,long,80,6.158844
19,1.0000,look,80,6.438986
19,1.0000,loud,80,9.842518
19,1.0000,love,80,7.268898
19,1.0000,make,80,5.648399
19,1.0000,man,80,7.630428
19,1.0000,me,80,7.377571
19,1.0000,meat,80,8.042870
19,1.0000,medicine,80,9.172487
19,1.0000,milk,80,8.779376
19,1.0000,mine,80,9.589021
19,1.0000,money,80,7.939035
19,1.0000,moon,80,10.161392
19,1.0000,more,80,4.927372
19,1.0000,morning,80,8.455296
19,1.0000,mouse,80,10.224414
19,1.0000,mouth,80,8.254219
19,1.0000,movie,80,9.794487
19,1.0000,much,80,4.897006
19,1.0000,my,80,6.251480
19,1.0000,myself,80,8.208965
19,1.0000,need,80,5.426430
19,1.0000,new,80,6.039474
19,1.0000,next,80,7.054629
19,1.0000,nice,80,8.243706
19,1.0000,night,80,7.413700
19,1.0000,no,80,6.280159
19,1.0000,none,80,9.738224
19,1.0000,nose,80,9.103738
19,1.0000,not,80,4.015376
19,1.0000,now,80,6.659639
19,1.0000,nuts,80,10.277206
19,1.0000,of,80,2.399070
19,1.0000,off,80,6.612998
19,1.0000,old,80,6.469357
19,1.0000,on,80,3.837056
19,1.0000,open,80,7.980285
19,1.0000,orange,80,10.021223
19,1.0000,other,80,5.380537
19,1.0000,our,80,5.827598
19,1.0000,out,80,4.986672
19,1.0000,outside,80,8.084977
19,1.0000,oven,80,9.719620
19,1.0000,over,80,6.581977
19,1.0000,paint,80,7.950489
19,1.0000,paper,80,7.949800
19,1.0000,park,80,9.977955
19,1.0000,party,80,10.234945
19,1.0000,pen,80,9.364920
19,1.0000,people,80,5.395988
19,1.0000,person,80,6.734903
19,1.0000,pick,80,8.770455
19,1.0000,picture,80,8.742830
19,1.0000,pig,80,8.067842
19,1.0000,plant,80,7.275938
19,1.0000,plate,80,10.191106
19,1.0000,play,80,7.803120
19,1.0000,please,80,7.634091
19,1.0000,pool,80,8.348970
19,1.0000,poor,80,8.861150
19,1.0000,present,80,8.219710
19,1.0000,pretty,80,7.250181
19,1.0000,pull,80,9.016787
19,1.0000,puppy,80,9.337625
19,1.0000,push,80,8.828600
19,1.0000,put,80,7.069588
19,1.0000,quiet,80,9.124135
19,1.0000,radio,80,8.237758
19,1.0000,rain,80,7.091618
19,1.0000,read,80,7.989768
19,1.0000,red,80,8.028701
19,1.0000,ride,80,8.291329
19,1.0000,rock,80,9.137008
19,1.0000,roof,80,9.976754
19,1.0000,room,80,7.807590
19,1.0000,run,80,7.993984
19,1.0000,salt,80,9.887564
19,1.0000,same,80,5.096419
19,1.0000,sauce,80,9.907031
19,1.0000,say,80,6.819386
19,1.0000,school,80,6.498249
19,1.0000,see,80,5.538236
19,1.0000,share,80,8.062165
19,1.0000,she,80,6.010137
19,1.0000,shopping,80,10.460728
19,1.0000,show,80,7.544115
19,1.0000,shower,80,9.321971
19,1.0000,sick,80,9.498276
19,1.0000,sing,80,10.450897
19,1.0000,sit,80,8.424665
19,1.0000,sky,80,9.535971
19,1.0000,sleep,80,8.150290
19,1.0000,slow,80,8.650446
19,1.0000,snow,80,8.710220
19,1.0000,so,80,5.726419
19,1.0000,soap,80,9.361733
19,1.0000,soda,80,6.179699
19,1.0000,soft,80,8.480188
19,1.0000,some,80,5.294580
19,1.0000,stand,80,8.501900
19,1.0000,star,80,9.098104
19,1.0000,stay,80,7.438192
19,1.0000,stick,80,8.291332
19,1.0000,stone,80,8.195645
19,1.0000,stop,80,7.721278
19,1.0000,store,80,8.105358
19,1.0000,story,80,7.791398
19,1.0000,street,80,10.323380
19,1.0000,stuck,80,8.047153
19,1.0000,sun,80,8.362335
19,1.0000,swim,80,9.744910
19,1.0000,table,80,9.185563
19,1.0000,take,80,5.773982
19,1.0000,talk,80,8.056982
19,1.0000,tape,80,10.332006
19,1.0000,taste,80,8.738738
19,1.0000,teacher,80,8.102173
19,1.0000,that,80,3.666067
19,1.0000,the,80,2.319303
19,1.0000,their,80,4.371115
19,1.0000,them,80,4.786610
19,1.0000,then,80,6.244185
19,1.0000,there,80,5.222734
19,1.0000,these,80,5.596911
19,1.0000,they,80,4.020248
19,1.0000,think,80,4.874903
19,1.0000,this,80,4.583869
19,1.0000,those,80,6.374067
19,1.0000,throw,80,9.825141
19,1.0000,time,80,5.153851
19,1.0000,tiny,80,8.486631
19,1.0000,tissue,80,8.462734
19,1.0000,to,80,2.805830
19,1.0000,today,80,7.883728
19,1.0000,too,80,6.793920
19,1.0000,tooth,80,9.106552
19,1.0000,touch,80,8.127899
19,1.0000,train,80,8.878304
19,1.0000,tree,80,7.174620
19,1.0000,truck,80,9.492578
19,1.0000,try,80,9.143920
19,1.0000,turn,80,7.427940
19,1.0000,under,80,7.625550
19,1.0000,up,80,5.032859
19,1.0000,us,80,5.369878
19,1.0000,vacuum,80,8.888060
19,1.0000,wait,80,8.212954
19,1.0000,walk,80,8.380236
19,1.0000,was,80,4.995592
19,1.0000,wash,80,9.693982
19,1.0000,washing,80,9.310124
19,1.0000,watch,80,8.828110
19,1.0000,water,80,5.743622
19,1.0000,we,80,5.113996
19,1.0000,were,80,5.835580
19,1.0000,wet,80,9.182123
19,1.0000,what,80,5.252802
19,1.0000,when,80,5.890360
19,1.0000,where,80,6.466151
19,1.0000,which,80,4.860681
19,1.0000,white,80,7.678776
19,1.0000,who,80,4.801522
19,1.0000,why,80,5.686730
19,1.0000,will,80,4.896233
19,1.0000,wind,80,8.673364
19,1.0000,window,80,9.036589
19,1.0000,wish,80,6.771414
19,1.0000,with,80,3.822389
19,1.0000,work,80,6.397280
19,1.0000,would,80,5.671053
19,1.0000,write,80,7.684918
19,1.0000,yard,80,9.073283
19,1.0000,yellow,80,9.031591
19,1.0000,yes,80,8.529135
19,1.0000,you,80,2.866267
19,1.0000,your,80,3.385920
19,1.0000,yourself,80,6.088457
24,1.0000,a,80,2.781961
24,1.0000,about,80,4.859647
24,1.0000,above,80,7.775122
24,1.0000,after,80,7.398661
24,1.0000,all,80,5.878898
24,1.0000,am,80,6.116912
24,1.0000,and,80,3.311608
24,1.0000,animal,80,7.513747
24,1.0000,another,80,6.851598
24,1.0000,any,80,5.548101
24,1.0000,are,80,3.227651
24,1.0000,arm,80,9.575701
24,1.0000,around,80,6.969387
24,1.0000,at,80,5.429319
24,1.0000,away,80,6.714364
24,1.0000,baby,80,7.851004
24,1.0000,back,80,6.703232
24,1.0000,bad,80,7.690823
24,1.0000,ball,80,9.124432
24,1.0000,bat,80,10.588417
24,1.0000,bath,80,8.374188
24,1.0000,be,80,2.746336
24,1.0000,beach,80,9.601040
24,1.0000,beans,80,8.036918
24,1.0000,bear,80,8.892362
24,1.0000,because,80,6.489043
24,1.0000,bed,80,8.875792
24,1.0000,bee,80,9.157212
24,1.0000,before,80,6.863868
24,1.0000,behind,80,8.374614
24,1.0000,belt,80,10.978297
24,1.0000,better,80,6.873296
24,1.0000,big,80,7.628055
24,1.0000,bird,80,8.662927
24,1.0000,bite,80,9.255879
24,1.0000,black,80,7.725957
24,1.0000,block,80,8.525977
24,1.0000,blow,80,9.656940
24,1.0000,blue,80,8.766032
24,1.0000,boat,80,9.199522
24,1.0000,book,80,6.716071
24,1.0000,bottle,80,8.814565
24,1.0000,bowl,80,9.097790
24,1.0000,box,80,8.382778
24,1.0000,bread,80,9.324609
24,1.0000,break,80,8.087038
24,1.0000,bring,80,7.706595
24,1.0000,broken,80,8.992630
24,1.0000,brown,80,7.307007
24,1.0000,brush,80,8.574477
24,1.0000,build,80,7.716514
24,1.0000,bus,80,9.153541
24,1.0000,but,80,4.710749
24,1.0000,butter,80,7.301624
24,1.0000,button,80,8.264869
24,1.0000,buy,80,7.022712
24,1.0000,by,80,4.011648
24,1.0000,cake,80,9.924166
24,1.0000,call,80,7.856719
24,1.0000,camera,80,7.225676
24,1.0000,can,80,4.051565
24,1.0000,car,80,6.448451
24,1.0000,careful,80,8.173071
24,1.0000,carry,80,8.602298
24,1.0000,cat,80,7.121099
24,1.0000,catch,80,9.376242
24,1.0000,chair,80,10.200461
24,1.0000,cheese,80,7.098345
24,1.0000,chicken,80,8.081279
24,1.0000,child,80,6.203222
24,1.0000,chocolate,80,9.458789
24,1.0000,clean,80,6.784711
24,1.0000,clock,80,10.088023
24,1.0000,close,80,8.074279
24,1.0000,cloud,80,10.186317
24,1.0000,coat,80,8.678165
24,1.0000,coffee,80,9.639593
24,1.0000,cold,80,8.039208
24,1.0000,comb,80,8.664711
24,1.0000,cook,80,8.581551
24,1.0000,corn,80,10.025350
24,1.0000,could,80,6.284739
24,1.0000,country,80,7.403653
24,1.0000,cover,80,8.430206
24,1.0000,cow,80,9.103900
24,1.0000,cry,80,10.769001
24,1.0000,cup,80,8.102231
24,1.0000,cut,80,7.896069
24,1.0000,dark,80,8.826401
24,1.0000,day,80,5.786009
24,1.0000,deer,80,9.798952
24,1.0000,did,80,6.381390
24,1.0000,dish,80,7.255970
24,1.0000,do,80,4.675200
24,1.0000,doctor,80,7.013885
24,1.0000,does,80,5.600311
24,1.0000,dog,80,5.322195
24,1.0000,doll,80,10.338194
24,1.0000,door,80,8.338019
24,1.0000,down,80,5.720142
24,1.0000,draw,80,8.017402
24,1.0000,dress,80,10.154382
24,1.0000,drink,80,8.855564
24,1.0000,drive,80,8.991549
24,1.0000,drop,80,8.838908
24,1.0000,dry,80,7.546765
24,1.0000,each,80,6.475609
24,1.0000,ear,80,7.383535
24,1.0000,eat,80,6.631943
24,1.0000,egg,80,9.188185
24,1.0000,empty,80,9.634683
24,1.0000,every,80,7.283790
24,1.0000,eye,80,7.506463
24,1.0000,face,80,8.377440
24,1.0000,fall,80,8.426168
24,1.0000,farm,80,9.501208
24,1.0000,fast,80,8.167760
24,1.0000,feed,80,8.076306
24,1.0000,find,80,5.470312
24,1.0000,fine,80,7.996436
24,1.0000,finger,80,10.503711
24,1.0000,finish,80,9.050576
24,1.0000,first,80,5.422804
24,1.0000,fish,80,6.860756
24,1.0000,fit,80,7.917589
24,1.0000,fix,80,9.766359
24,1.0000,flower,80,9.412378
24,1.0000,food,80,6.320968
24,1.0000,foot,80,8.898607
24,1.0000,for,80,3.942496
24,1.0000,friend,80,7.549792
24,1.0000,full,80,7.377358
24,1.0000,game,80,7.878015
24,1.0000,garden,80,6.936937
24,1.0000,gas,80,7.440245
24,1.0000,gentle,80,9.984000
24,1.0000,get,80,4.927325
24,1.0000,give,80,6.016258
24,1.0000,glass,80,9.212820
24,1.0000,glasses,80,10.156858
24,1.0000,go,80,6.471727
24,1.0000,good,80,5.770837
24,1.0000,grass,80,8.922725
24,1.0000,green,80,7.832036
24,1.0000,gum,80,9.644471
24,1.0000,hair,80,8.069537
24,1.0000,hand,80,6.710259
24,1.0000,happy,80,8.137901
24,1.0000,hard,80,6.943595
24,1.0000,have,80,4.581042
24,1.0000,he,80,5.915131
24,1.0000,head,80,8.413782
24,1.0000,hear,80,7.139439
24,1.0000,heavy,80,8.398818
24,1.0000,help,80,4.534333
24,1.0000,her,80,6.799232
24,1.0000,here,80,6.782325
24,1.0000,high,80,6.686533
24,1.0000,him,80,7.234870
24,1.0000,his,80,6.108156
24,1.0000,hit,80,8.632140
24,1.0000,hold,80,8.076011
24,1.0000,home,80,6.750952
24,1.0000,horse,80,8.850796
24,1.0000,hot,80,7.976357
24,1.0000,house,80,9.128920
24,1.0000,how,80,5.182255
24,1.0000,hurt,80,8.895964
24,1.0000,i,80,7.605594
24,1.0000,ice,80,8.275444
24,1.0000,if,80,5.353061
24,1.0000,inside,80,7.948652
24,1.0000,into,80,4.769408
24,1.0000,is,80,2.969207
24,1.0000,it,80,3.868375
24,1.0000,juice,80,6.863375
24,1.0000,jump,80,9.497888
24,1.0000,kitchen,80,8.651898
24,1.0000,knife,80,8.026445
24,1.0000,last,80,7.599894
24,1.0000,later,80,7.933720
24,1.0000,lawn,80,9.355599
24,1.0000,leg,80,9.143304
24,1.0000,light,80,7.128228
24,1.0000,like,80,4.913712
24,1.0000,listen,80,8.284063
24,1.0000,little,80,6.378217
24,1.0000,living,80,8.263094
24,1.0000,long,80,6.393938
24,1.0000,look,80,6.603412
24,1.0000,loud,80,10.261904
24,1.0000,love,80,7.355272
24,1.0000,make,80,5.705669
24,1.0000,man,80,8.082475
24,1.0000,me,80,6.751583
24,1.0000,meat,80,7.853216
24,1.0000,medicine,80,9.610148
24,1.0000,milk,80,7.755397
24,1.0000,mine,80,10.506222
24,1.0000,money,80,7.246720
24,1.0000,moon,80,9.241387
24,1.0000,more,80,4.982597
24,1.0000,morning,80,7.805750
24,1.0000,mouse,80,9.730067
24,1.0000,mouth,80,7.785715
24,1.0000,movie,80,8.680948
24,1.0000,much,80,4.841774
24,1.0000,my,80,6.179208
24,1.0000,myself,80,7.957957
24,1.0000,need,80,5.445789
24,1.0000,new,80,6.305237
24,1.0000,next,80,6.929784
24,1.0000,nice,80,7.704593
24,1.0000,night,80,6.910385
24,1.0000,no,80,6.344500
24,1.0000,none,80,9.059414
24,1.0000,nose,80,9.513692
24,1.0000,not,80,3.961122
24,1.0000,now,80,6.287625
24,1.0000,nuts,80,8.610094
24,1.0000,of,80,2.205089
24,1.0000,off,80,6.779160
24,1.0000,old,80,6.120763
24,1.0000,on,80,3.948833
24,1.0000,open,80,7.756222
24,1.0000,orange,80,9.642452
24,1.0000,other,80,5.601385
24,1.0000,our,80,5.459000
24,1.0000,out,80,5.218190
24,1.0000,outside,80,8.373876
24,1.0000,oven,80,9.043075
24,1.0000,over,80,6.677420
24,1.0000,paint,80,9.136368
24,1.0000,paper,80,7.997299
24,1.0000,park,80,9.338992
24,1.0000,party,80,9.802706
24,1.0000,pen,80,9.217585
24,1.0000,people,80,5.070051
24,1.0000,person,80,6.984870
24,1.0000,pick,80,8.904254
24,1.0000,picture,80,8.136317
24,1.0000,pig,80,7.804190
24,1.0000,plant,80,6.875320
24,1.0000,plate,80,9.153598
24,1.0000,play,80,7.738797
24,1.0000,please,80,7.837012
24,1.0000,pool,80,8.548779
24,1.0000,poor,80,7.983038
24,1.0000,present,80,7.598645
24,1.0000,pretty,80,7.836703
24,1.0000,pull,80,8.437874
24,1.0000,puppy,80,7.660933
24,1.0000,push,80,9.244052
24,1.0000,put,80,7.106386
24,1.0000,quiet,80,10.469462
24,1.0000,radio,80,9.267676
24,1.0000,rain,80,8.228547
24,1.0000,read,80,7.661799
24,1.0000,red,80,7.596225
24,1.0000,ride,80,9.684346
24,1.0000,rock,80,9.021975
24,1.0000,roof,80,9.013910
24,1.0000,room,80,7.609163
24,1.0000,run,80,8.521142
24,1.0000,salt,80,8.872339
24,1.0000,same,80,5.125802
24,1.0000,sauce,80,8.121345
24,1.0000,say,80,6.342724
24,1.0000,school,80,6.360101
24,1.0000,see,80,5.319433
24,1.0000,share,80,7.281023
24,1.0000,she,80,6.084395
24,1.0000,shopping,80,9.835467
24,1.0000,show,80,7.084577
24,1.0000,shower,80,10.663644
24,1.0000,sick,80,9.808613
24,1.0000,sing,80,10.730732
24,1.0000,sit,80,8.641054
24,1.0000,sky,80,9.220000
24,1.0000,sleep,80,8.350409
24,1.0000,slow,80,8.642459
24,1.0000,snow,80,9.468713
24,1.0000,so,80,5.950282
24,1.0000,soap,80,10.196924
24,1.0000,soda,80,5.599677
24,1.0000,soft,80,8.779450
24,1.0000,some,80,5.259924
24,1.0000,stand,80,8.629548
24,1.0000,star,80,8.930830
24,1.0000,stay,80,7.217504
24,1.0000,stick,80,9.146295
24,1.0000,stone,80,9.026598
24,1.0000,stop,80,7.595850
24,1.0000,store,80,8.577340
24,1.0000,story,80,7.300419
24,1.0000,street,80,9.851411
24,1.0000,stuck,80,9.168332
24,1.0000,sun,80,7.555925
24,1.0000,swim,80,8.945008
24,1.0000,table,80,8.834745
24,1.0000,take,80,5.811044
24,1.0000,talk,80,7.880546
24,1.0000,tape,80,9.609209
24,1.0000,taste,80,8.489458
24,1.0000,teacher,80,8.636196
24,1.0000,that,80,3.901804
24,1.0000,the,80,2.471202
24,1.0000,their,80,4.457634
24,1.0000,them,80,4.838484
24,1.0000,then,80,6.304204
24,1.0000,there,80,5.365715
24,1.0000,these,80,5.797069
24,1.0000,they,80,4.300363
24,1.0000,think,80,4.677993
24,1.0000,this,80,4.791681
24,1.0000,those,80,6.550731
24,1.0000,throw,80,9.055075
24,1.0000,time,80,5.076053
24,1.0000,tiny,80,8.545310
24,1.0000,tissue,80,7.205430
24,1.0000,to,80,2.993334
24,1.0000,today,80,8.033031
24,1.0000,too,80,6.855944
24,1.0000,tooth,80,8.874837
24,1.0000,touch,80,8.536676
24,1.0000,train,80,9.473772
24,1.0000,tree,80,7.380179
24,1.0000,truck,80,10.340244
24,1.0000,try,80,9.296583
24,1.0000,turn,80,7.656219
24,1.0000,under,80,7.280437
24,1.0000,up,80,5.088315
24,1.0000,us,80,5.358991
24,1.0000,vacuum,80,9.920380
24,1.0000,wait,80,7.326450
24,1.0000,walk,80,8.525627
24,1.0000,was,80,4.651830
24,1.0000,wash,80,9.266888
24,1.0000,washing,80,8.721483
24,1.0000,watch,80,8.956657
24,1.0000,water,80,6.014243
24,1.0000,we,80,5.108619
24,1.0000,were,80,5.195917
24,1.0000,wet,80,8.887736
24,1.0000,what,80,5.382594
24,1.0000,when,80,6.260677
24,1.0000,where,80,6.399302
24,1.0000,which,80,4.964295
24,1.0000,white,80,8.011875
24,1.0000,who,80,4.502735
24,1.0000,why,80,5.691700
24,1.0000,will,80,4.789534
24,1.0000,wind,80,7.560295
24,1.0000,window,80,8.883837
24,1.0000,wish,80,8.031503
24,1.0000,with,80,3.888151
24,1.0000,work,80,6.408727
24,1.0000,would,80,5.711111
24,1.0000,write,80,8.423494
24,1.0000,yard,80,8.456258
24,1.0000,yellow,80,7.771130
24,1.0000,yes,80,8.985608
24,1.0000,you,80,3.071785
24,1.0000,your,80,3.847281
24,1.0000,yourself,80,6.533240
30,1.0000,a,80,2.691165
30,1.0000,about,80,4.935581
30,1.0000,above,80,7.211536
30,1.0000,after,80,7.537683
30,1.0000,all,80,5.733103
30,1.0000,am,80,6.186703
30,1.0000,and,80,3.124190
30,1.0000,animal,80,7.177024
30,1.0000,another,80,6.760732
30,1.0000,any,80,5.313087
30,1.0000,are,80,3.096289
30,1.0000,arm,80,7.562814
30,1.0000,around,80,6.627926
30,1.0000,at,80,5.228840
30,1.0000,away,80,6.376142
30,1.0000,baby,80,7.267120
30,1.0000,back,80,6.379466
30,1.0000,bad,80,7.895865
30,1.0000,ball,80,8.135574
30,1.0000,bat,80,9.683928
30,1.0000,bath,80,8.125359
30,1.0000,be,80,2.612167
30,1.0000,beach,80,9.059440
30,1.0000,beans,80,7.120071
30,1.0000,bear,80,8.179362
30,1.0000,because,80,6.485075
30,1.0000,bed,80,7.344043
30,1.0000,bee,80,9.383363
30,1.0000,before,80,6.892548
30,1.0000,behind,80,7.288743
30,1.0000,belt,80,9.786302
30,1.0000,better,80,6.578430
30,1.0000,big,80,7.717608
30,1.0000,bird,80,7.977273
30,1.0000,bite,80,8.805382
30,1.0000,black,80,8.209011
30,1.0000,block,80,8.365786
30,1.0000,blow,80,9.542632
30,1.0000,blue,80,8.775588
30,1.0000,boat,80,9.686544
30,1.0000,book,80,6.878961
30,1.0000,bottle,80,9.835447
30,1.0000,bowl,80,7.683186
30,1.0000,box,80,8.676785
30,1.0000,bread,80,8.936264
30,1.0000,break,80,8.195099
30,1.0000,bring,80,7.312738
30,1.0000,broken,80,8.770469
30,1.0000,brown,80,7.148317
30,1.0000,brush,80,8.056862
30,1.0000,build,80,7.818211
30,1.0000,bus,80,8.700800
30,1.0000,but,80,4.546752
30,1.0000,butter,80,7.413087
30,1.0000,button,80,8.405574
30,1.0000,buy,80,7.331216
30,1.0000,by,80,3.925885
30,1.0000,cake,80,8.254145
30,1.0000,call,80,8.233600
30,1.0000,camera,80,7.256179
30,1.0000,can,80,3.783085
30,1.0000,car,80,6.492228
30,1.0000,careful,80,7.367416
30,1.0000,carry,80,7.627980
30,1.0000,cat,80,6.746416
30,1.0000,catch,80,8.115940
30,1.0000,chair,80,9.637859
30,1.0000,cheese,80,7.586004
30,1.0000,chicken,80,7.246030
30,1.0000,child,80,4.994486
30,1.0000,chocolate,80,7.882304
30,1.0000,clean,80,6.921139
30,1.0000,clock,80,9.288697
30,1.0000,close,80,8.076308
30,1.0000,cloud,80,9.849324
30,1.0000,coat,80,8.178889
30,1.0000,coffee,80,9.182988
30,1.0000,cold,80,7.355467
30,1.0000,comb,80,8.348386
30,1.0000,cook,80,8.681987
30,1.0000,corn,80,9.992068
30,1.0000,could,80,6.019381
30,1.0000,country,80,7.297416
30,1.0000,cover,80,8.105867
30,1.0000,cow,80,10.261557
30,1.0000,cry,80,11.159304
30,1.0000,cup,80,6.639260
30,1.0000,cut,80,7.755662
30,1.0000,dark,80,7.601956
30,1.0000,day,80,5.789464
30,1.0000,deer,80,9.824401
30,1.0000,did,80,6.890750
30,1.0000,dish,80,7.746867
30,1.0000,do,80,4.834023
30,1.0000,doctor,80,7.546537
30,1.0000,does,80,5.266484
30,1.0000,dog,80,5.663781
30,1.0000,doll,80,9.734395
30,1.0000,door,80,7.810680
30,1.0000,down,80,5.664589
30,1.0000,draw,80,8.787366
30,1.0000,dress,80,8.140830
30,1.0000,drink,80,8.558749
30,1.0000,drive,80,7.659439
30,1.0000,drop,80,9.056896
30,1.0000,dry,80,7.551601
30,1.0000,each,80,6.414020
30,1.0000,ear,80,6.182486
30,1.0000,eat,80,6.893077
30,1.0000,egg,80,7.755902
30,1.0000,empty,80,8.948877
30,1.0000,every,80,6.998402
30,1.0000,eye,80,7.338194
30,1.0000,face,80,8.205692
30,1.0000,fall,80,8.016693
30,1.0000,farm,80,8.927275
30,1.0000,fast,80,8.556520
30,1.0000,feed,80,7.850034
30,1.0000,find,80,5.486790
30,1.0000,fine,80,8.047397
30,1.0000,finger,80,9.970984
30,1.0000,finish,80,8.641089
30,1.0000,first,80,5.754527
30,1.0000,fish,80,6.791839
30,1.0000,fit,80,8.448975
30,1.0000,fix,80,8.958538
30,1.0000,flower,80,8.411536
30,1.0000,food,80,6.167371
30,1.0000,foot,80,7.568346
30,1.0000,for,80,3.795040
30,1.0000,friend,80,7.918744
30,1.0000,full,80,7.989475
30,1.0000,game,80,6.729005
30,1.0000,garden,80,6.624449
30,1.0000,gas,80,6.509079
30,1.0000,gentle,80,9.511438
30,1.0000,get,80,4.976522
30,1.0000,give,80,6.297363
30,1.0000,glass,80,7.561308
30,1.0000,glasses,80,9.161635
30,1.0000,go,80,6.251160
30,1.0000,good,80,5.861909
30,1.0000,grass,80,8.317943
30,1.0000,green,80,8.372905
30,1.0000,gum,80,9.191550
30,1.0000,hair,80,7.234328
30,1.0000,hand,80,6.647356
30,1.0000,happy,80,6.738645
30,1.0000,hard,80,6.861007
30,1.0000,have,80,4.421626
30,1.0000,he,80,5.998747
30,1.0000,head,80,7.308722
30,1.0000,hear,80,7.505127
30,1.0000,heavy,80,8.515605
30,1.0000,help,80,4.502164
30,1.0000,her,80,6.107607
30,1.0000,here,80,7.404149
30,1.0000,high,80,6.529864
30,1.0000,him,80,6.851721
30,1.0000,his,80,5.991037
30,1.0000,hit,80,9.295336
30,1.0000,hold,80,7.992642
30,1.0000,home,80,6.341653
30,1.0000,horse,80,8.386314
30,1.0000,hot,80,7.041051
30,1.0000,house,80,8.658958
30,1.0000,how,80,4.883883
30,1.0000,hurt,80,9.097959
30,1.0000,i,80,7.852010
30,1.0000,ice,80,7.572539
30,1.0000,if,80,5.303118
30,1.0000,inside,80,7.902129
30,1.0000,into,80,4.509143
30,1.0000,is,80,2.841670
30,1.0000,it,80,3.681008
30,1.0000,juice,80,7.194814
30,1.0000,jump,80,8.908350
30,1.0000,kitchen,80,8.070459
30,1.0000,knife,80,8.724585
30,1.0000,last,80,7.835121
30,1.0000,later,80,8.232987
30,1.0000,lawn,80,10.172645
30,1.0000,leg,80,8.181326
30,1.0000,light,80,6.157563
30,1.0000,like,80,4.820706
30,1.0000,listen,80,10.037841
30,1.0000,little,80,6.396123
30,1.0000,living,80,8.223291
30,1.0000,long,80,6.034388
30,1.0000,look,80,6.942750
30,1.0000,loud,80,9.890074
30,1.0000,love,80,6.952820
30,1.0000,make,80,5.759576
30,1.0000,man,80,7.874190
30,1.0000,me,80,7.490676
30,1.0000,meat,80,7.393131
30,1.0000,medicine,80,8.731915
30,1.0000,milk,80,8.131316
30,1.0000,mine,80,9.855377
30,1.0000,money,80,7.097261
30,1.0000,moon,80,8.629567
30,1.0000,more,80,4.732390
30,1.0000,morning,80,7.623520
30,1.0000,mouse,80,10.568684
30,1.0000,mouth,80,7.676225
30,1.0000,movie,80,9.475565
30,1.0000,much,80,5.240640
30,1.0000,my,80,6.521324
30,1.0000,myself,80,7.577709
30,1.0000,need,80,5.264789
30,1.0000,new,80,5.913332
30,1.0000,next,80,7.238070
30,1.0000,nice,80,7.540755
30,1.0000,night,80,6.463994
30,1.0000,no,80,6.044283
30,1.0000,none,80,9.365736
30,1.0000,nose,80,7.488154
30,1.0000,not,80,3.788194
30,1.0000,now,80,6.550387
30,1.0000,nuts,80,9.060314
30,1.0000,of,80,2.041583
30,1.0000,off,80,6.603927
30,1.0000,old,80,6.804787
30,1.0000,on,80,3.752132
30,1.0000,open,80,7.936911
30,1.0000,orange,80,8.472088
30,1.0000,other,80,5.487743
30,1.0000,our,80,5.253536
30,1.0000,out,80,4.958979
30,1.0000,outside,80,8.661217
30,1.0000,oven,80,7.739927
30,1.0000,over,80,6.769784
30,1.0000,paint,80,7.836761
30,1.0000,paper,80,7.671332
30,1.0000,park,80,9.469321
30,1.0000,party,80,9.209310
30,1.0000,pen,80,9.126228
30,1.0000,people,80,5.488846
30,1.0000,person,80,7.102370
30,1.0000,pick,80,8.440633
30,1.0000,picture,80,8.979285
30,1.0000,pig,80,7.093956
30,1.0000,plant,80,6.872550
30,1.0000,plate,80,9.191137
30,1.0000,play,80,7.939214
30,1.0000,please,80,7.338543
30,1.0000,pool,80,8.039550
30,1.0000,poor,80,8.751153
30,1.0000,present,80,7.836678
30,1.0000,pretty,80,7.239361
30,1.0000,pull,80,8.724430
30,1.0000,puppy,80,8.099820
30,1.0000,push,80,8.894157
30,1.0000,put,80,7.044606
30,1.0000,quiet,80,9.674821
30,1.0000,radio,80,9.424294
30,1.0000,rain,80,7.223766
30,1.0000,read,80,7.986648
30,1.0000,red,80,7.531138
30,1.0000,ride,80,9.544549
30,1.0000,rock,80,8.405199
30,1.0000,roof,80,8.654754
30,1.0000,room,80,7.382534
30,1.0000,run,80,8.192388
30,1.0000,salt,80,7.854395
30,1.0000,same,80,5.301236
30,1.0000,sauce,80,6.160435
30,1.0000,say,80,6.781929
30,1.0000,school,80,6.067501
30,1.0000,see,80,5.307503
30,1.0000,share,80,8.032268
30,1.0000,she,80,5.827915
30,1.0000,shopping,80,9.333763
30,1.0000,show,80,7.382516
30,1.0000,shower,80,10.124964
30,1.0000,sick,80,9.000492
30,1.0000,sing,80,10.321938
30,1.0000,sit,80,8.482984
30,1.0000,sky,80,8.882670
30,1.0000,sleep,80,7.343758
30,1.0000,slow,80,8.002470
30,1.0000,snow,80,8.415928
30,1.0000,so,80,5.781634
30,1.0000,soap,80,7.900513
30,1.0000,soda,80,5.800448
30,1.0000,soft,80,8.438209
30,1.0000,some,80,5.281082
30,1.0000,stand,80,8.463754
30,1.0000,star,80,9.836661
30,1.0000,stay,80,7.203417
30,1.0000,stick,80,8.511033
30,1.0000,stone,80,8.644955
30,1.0000,stop,80,7.909527
30,1.0000,store,80,8.132989
30,1.0000,story,80,7.605882
30,1.0000,street,80,10.023644
30,1.0000,stuck,80,8.259683
30,1.0000,sun,80,7.395988
30,1.0000,swim,80,9.402449
30,1.0000,table,80,8.473024
30,1.0000,take,80,5.745122
30,1.0000,talk,80,7.761998
30,1.0000,tape,80,9.228850
30,1.0000,taste,80,7.683055
30,1.0000,teacher,80,7.648078
30,1.0000,that,80,3.742654
30,1.0000,the,80,2.391857
30,1.0000,their,80,4.214059
30,1.0000,them,80,4.641481
30,1.0000,then,80,5.988245
30,1.0000,there,80,5.514728
30,1.0000,these,80,5.708416
30,1.0000,they,80,4.287416
30,1.0000,think,80,4.836919
30,1.0000,this,80,4.747747
30,1.0000,those,80,6.553821
30,1.0000,throw,80,9.103404
30,1.0000,time,80,5.048649
30,1.0000,tiny,80,8.570908
30,1.0000,tissue,80,7.054673
30,1.0000,to,80,2.705384
30,1.0000,today,80,8.297433
30,1.0000,too,80,6.825464
30,1.0000,tooth,80,8.325382
30,1.0000,touch,80,8.001893
30,1.0000,train,80,9.130874
30,1.0000,tree,80,6.885642
30,1.0000,truck,80,8.199273
30,1.0000,try,80,9.291294
30,1.0000,turn,80,7.418000
30,1.0000,under,80,7.349864
30,1.0000,up,80,4.924155
30,1.0000,us,80,5.218803
30,1.0000,vacuum,80,8.340877
30,1.0000,wait,80,8.063480
30,1.0000,walk,80,8.531104
30,1.0000,was,80,4.770860
30,1.0000,wash,80,8.489251
30,1.0000,washing,80,9.434257
30,1.0000,watch,80,9.355752
30,1.0000,water,80,5.086668
30,1.0000,we,80,4.938659
30,1.0000,were,80,5.455313
30,1.0000,wet,80,9.197300
30,1.0000,what,80,5.290722
30,1.0000,when,80,5.893567
30,1.0000,where,80,6.539118
30,1.0000,which,80,4.726342
30,1.0000,white,80,7.778115
30,1.0000,who,80,4.930072
30,1.0000,why,80,5.588980
30,1.0000,will,80,4.477908
30,1.0000,wind,80,8.034548
30,1.0000,window,80,8.276099
30,1.0000,wish,80,7.938934
30,1.0000,with,80,3.733250
30,1.0000,work,80,6.352381
30,1.0000,would,80,5.314601
30,1.0000,write,80,8.221795
30,1.0000,yard,80,8.373295
30,1.0000,yellow,80,7.714955
30,1.0000,yes,80,8.780698
30,1.0000,you,80,3.001578
30,1.0000,your,80,3.569765
30,1.0000,yourself,80,6.955368
37,1.0000,a,80,2.824404
37,1.0000,about,80,4.608035
37,1.0000,above,80,7.436027
37,1.0000,after,80,7.713994
37,1.0000,all,80,5.799353
37,1.0000,am,80,5.852397
37,1.0000,and,80,3.285541
37,1.0000,animal,80,6.287202
37,1.0000,another,80,6.567127
37,1.0000,any,80,5.375709
37,1.0000,are,80,2.950124
37,1.0000,arm,80,8.399173
37,1.0000,around,80,6.731915
37,1.0000,at,80,5.383461
37,1.0000,away,80,6.414798
37,1.0000,baby,80,6.855910
37,1.0000,back,80,6.462455
37,1.0000,bad,80,7.454469
37,1.0000,ball,80,7.797113
37,1.0000,bat,80,9.252350
37,1.0000,bath,80,7.798137
37,1.0000,be,80,2.628165
37,1.0000,beach,80,7.934793
37,1.0000,beans,80,7.816103
37,1.0000,bear,80,8.001759
37,1.0000,because,80,6.299457
37,1.0000,bed,80,7.776049
37,1.0000,bee,80,8.699605
37,1.0000,before,80,6.981995
37,1.0000,behind,80,7.195444
37,1.0000,belt,80,9.410598
37,1.0000,better,80,6.744243
37,1.0000,big,80,7.291422
37,1.0000,bird,80,7.553912
37,1.0000,bite,80,7.790453
37,1.0000,black,80,7.426734
37,1.0000,block,80,8.918943
37,1.0000,blow,80,9.583666
37,1.0000,blue,80,7.609000
37,1.0000,boat,80,8.778336
37,1.0000,book,80,6.154621
37,1.0000,bottle,80,8.132722
37,1.0000,bowl,80,7.619902
37,1.0000,box,80,8.208693
37,1.0000,bread,80,8.254939
37,1.0000,break,80,7.765824
37,1.0000,bring,80,6.952016
37,1.0000,broken,80,8.459700
37,1.0000,brown,80,6.592951
37,1.0000,brush,80,7.342403
37,1.0000,build,80,7.472802
37,1.0000,bus,80,9.384804
37,1.0000,but,80,4.564215
37,1.0000,butter,80,6.821605
37,1.0000,button,80,7.303134
37,1.0000,buy,80,6.778154
37,1.0000,by,80,4.107913
37,1.0000,cake,80,8.720347
37,1.0000,call,80,7.902349
37,1.0000,camera,80,5.610145
37,1.0000,can,80,3.822528
37,1.0000,car,80,5.437518
37,1.0000,careful,80,7.062275
37,1.0000,carry,80,7.506558
37,1.0000,cat,80,7.088376
37,1.0000,catch,80,7.819651
37,1.0000,chair,80,9.284274
37,1.0000,cheese,80,7.390618
37,1.0000,chicken,80,7.248174
37,1.0000,child,80,5.498437
37,1.0000,chocolate,80,8.283421
37,1.0000,clean,80,6.444640
37,1.0000,clock,80,10.278263
37,1.0000,close,80,7.569928
37,1.0000,cloud,80,9.204563
37,1.0000,coat,80,8.322832
37,1.0000,coffee,80,7.657584
37,1.0000,cold,80,6.867812
37,1.0000,comb,80,8.529687
37,1.0000,cook,80,8.002674
37,1.0000,corn,80,8.643172
37,1.0000,could,80,5.918488
37,1.0000,country,80,6.600480
37,1.0000,cover,80,7.955163
37,1.0000,cow,80,9.208743
37,1.0000,cry,80,9.788765
37,1.0000,cup,80,6.355354
37,1.0000,cut,80,7.420860
37,1.0000,dark,80,7.851422
37,1.0000,day,80,5.266382
37,1.0000,deer,80,9.933699
37,1.0000,did,80,6.232537
37,1.0000,dish,80,7.016122
37,1.0000,do,80,4.519871
37,1.0000,doctor,80,6.070890
37,1.0000,does,80,4.686594
37,1.0000,dog,80,4.872472
37,1.0000,doll,80,8.958038
37,1.0000,door,80,8.125327
37,1.0000,down,80,5.457490
37,1.0000,draw,80,7.513335
37,1.0000,dress,80,8.661342
37,1.0000,drink,80,7.525946
37,1.0000,drive,80,8.311982
37,1.0000,drop,80,9.180651
37,1.0000,dry,80,7.104153
37,1.0000,each,80,6.370235
37,1.0000,ear,80,7.006123
37,1.0000,eat,80,5.491479
37,1.0000,egg,80,6.972025
37,1.0000,empty,80,8.863712
37,1.0000,every,80,6.948140
37,1.0000,eye,80,6.380958
37,1.0000,face,80,7.740399
37,1.0000,fall,80,7.866447
37,1.0000,farm,80,8.049721
37,1.0000,fast,80,8.515017
37,1.0000,feed,80,7.824362
37,1.0000,find,80,5.236607
37,1.0000,fine,80,7.974392
37,1.0000,finger,80,9.017275
37,1.0000,finish,80,8.237579
37,1.0000,first,80,5.795146
37,1.0000,fish,80,6.454040
37,1.0000,fit,80,7.813260
37,1.0000,fix,80,8.709060
37,1.0000,flower,80,8.935593
37,1.0000,food,80,5.364799
37,1.0000,foot,80,7.614273
37,1.0000,for,80,4.099486
37,1.0000,friend,80,5.915408
37,1.0000,full,80,7.553966
37,1.0000,game,80,6.908228
37,1.0000,garden,80,5.343261
37,1.0000,gas,80,5.822288
37,1.0000,gentle,80,9.535029
37,1.0000,get,80,4.657177
37,1.0000,give,80,6.341577
37,1.0000,glass,80,7.693200
37,1.0000,glasses,80,9.060697
37,1.0000,go,80,5.980769
37,1.0000,good,80,5.708997
37,1.0000,grass,80,7.403296
37,1.0000,green,80,7.598406
37,1.0000,gum,80,9.757986
37,1.0000,hair,80,7.869452
37,1.0000,hand,80,6.217261
37,1.0000,happy,80,7.716494
37,1.0000,hard,80,7.197096
37,1.0000,have,80,4.133943
37,1.0000,he,80,5.601223
37,1.0000,head,80,7.429054
37,1.0000,hear,80,7.206164
37,1.0000,heavy,80,8.537059
37,1.0000,help,80,4.169142
37,1.0000,her,80,4.901436
37,1.0000,here,80,7.183328
37,1.0000,high,80,6.494668
37,1.0000,him,80,5.922754
37,1.0000,his,80,5.331794
37,1.0000,hit,80,7.914303
37,1.0000,hold,80,7.402863
37,1.0000,home,80,6.452557
37,1.0000,horse,80,6.886751
37,1.0000,hot,80,6.763156
37,1.0000,house,80,8.134056
37,1.0000,how,80,4.190114
37,1.0000,hurt,80,8.373231
37,1.0000,i,80,7.698636
37,1.0000,ice,80,6.861054
37,1.0000,if,80,5.150584
37,1.0000,inside,80,7.505226
37,1.0000,into,80,4.563302
37,1.0000,is,80,2.902092
37,1.0000,it,80,3.515570
37,1.0000,juice,80,5.496225
37,1.0000,jump,80,9.652285
37,1.0000,kitchen,80,7.600578
37,1.0000,knife,80,7.152631
37,1.0000,last,80,7.598553
37,1.0000,later,80,8.322276
37,1.0000,lawn,80,8.342246
37,1.0000,leg,80,8.473139
37,1.0000,light,80,6.417916
37,1.0000,like,80,4.804250
37,1.0000,listen,80,7.941470
37,1.0000,little,80,6.227128
37,1.0000,living,80,7.471696
37,1.0000,long,80,6.307143
37,1.0000,look,80,6.352550
37,1.0000,loud,80,9.441962
37,1.0000,love,80,6.080931
37,1.0000,make,80,5.364596
37,1.0000,man,80,7.705402
37,1.0000,me,80,7.200628
37,1.0000,meat,80,6.732910
37,1.0000,medicine,80,8.293221
37,1.0000,milk,80,5.333796
37,1.0000,mine,80,9.003055
37,1.0000,money,80,6.175388
37,1.0000,moon,80,8.682738
37,1.0000,more,80,5.080203
37,1.0000,morning,80,6.991946
37,1.0000,mouse,80,9.790829
37,1.0000,mouth,80,6.493008
37,1.0000,movie,80,8.429460
37,1.0000,much,80,4.882424
37,1.0000,my,80,5.761958
37,1.0000,myself,80,7.203648
37,1.0000,need,80,5.171929
37,1.0000,new,80,6.160793
37,1.0000,next,80,7.243837
37,1.0000,nice,80,6.822728
37,1.0000,night,80,6.037959
37,1.0000,no,80,5.451449
37,1.0000,none,80,8.617237
37,1.0000,nose,80,7.922987
37,1.0000,not,80,3.908964
37,1.0000,now,80,6.416831
37,1.0000,nuts,80,8.632547
37,1.0000,of,80,2.179523
37,1.0000,off,80,6.458663
37,1.0000,old,80,6.581957
37,1.0000,on,80,4.012660
37,1.0000,open,80,8.080521
37,1.0000,orange,80,7.678649
37,1.0000,other,80,5.364834
37,1.0000,our,80,5.270571
37,1.0000,out,80,4.940980
37,1.0000,outside,80,8.564820
37,1.0000,oven,80,8.558327
37,1.0000,over,80,6.897731
37,1.0000,paint,80,7.824616
37,1.0000,paper,80,6.535663
37,1.0000,park,80,8.932292
37,1.0000,party,80,9.234124
37,1.0000,pen,80,9.176001
37,1.0000,people,80,4.764323
37,1.0000,person,80,6.494165
37,1.0000,pick,80,8.689303
37,1.0000,picture,80,7.768844
37,1.0000,pig,80,7.005983
37,1.0000,plant,80,5.979783
37,1.0000,plate,80,9.256218
37,1.0000,play,80,7.268769
37,1.0000,please,80,6.979177
37,1.0000,pool,80,7.334332
37,1.0000,poor,80,8.304068
37,1.0000,present,80,7.540318
37,1.0000,pretty,80,7.137842
37,1.0000,pull,80,8.058859
37,1.0000,puppy,80,6.768815
37,1.0000,push,80,8.833701
37,1.0000,put,80,6.743347
37,1.0000,quiet,80,9.352080
37,1.0000,radio,80,9.136413
37,1.0000,rain,80,6.911636
37,1.0000,read,80,7.794955
37,1.0000,red,80,6.572736
37,1.0000,ride,80,8.106000
37,1.0000,rock,80,7.881696
37,1.0000,roof,80,6.268819
37,1.0000,room,80,7.684345
37,1.0000,run,80,8.070131
37,1.0000,salt,80,7.428326
37,1.0000,same,80,5.237109
37,1.0000,sauce,80,7.101176
37,1.0000,say,80,5.725152
37,1.0000,school,80,5.385610
37,1.0000,see,80,5.005430
37,1.0000,share,80,7.424816
37,1.0000,she,80,4.848319
37,1.0000,shopping,80,8.786664
37,1.0000,show,80,7.015470
37,1.0000,shower,80,8.750630
37,1.0000,sick,80,7.536813
37,1.0000,sing,80,9.883689
37,1.0000,sit,80,8.316877
37,1.0000,sky,80,8.524536
37,1.0000,sleep,80,7.234352
37,1.0000,slow,80,8.605605
37,1.0000,snow,80,8.346526
37,1.0000,so,80,5.955464
37,1.0000,soap,80,8.238282
37,1.0000,soda,80,5.606597
37,1.0000,soft,80,8.336687
37,1.0000,some,80,5.012871
37,1.0000,stand,80,8.306716
37,1.0000,star,80,8.408208
37,1.0000,stay,80,6.977926
37,1.0000,stick,80,8.111487
37,1.0000,stone,80,8.271491
37,1.0000,stop,80,7.219800
37,1.0000,store,80,7.704300
37,1.0000,story,80,6.888012
37,1.0000,street,80,9.267558
37,1.0000,stuck,80,7.705020
37,1.0000,sun,80,6.726364
37,1.0000,swim,80,9.472502
37,1.0000,table,80,8.477655
37,1.0000,take,80,5.614518
37,1.0000,talk,80,7.427774
37,1.0000,tape,80,8.357142
37,1.0000,taste,80,7.625622
37,1.0000,teacher,80,6.889011
37,1.0000,that,80,3.681668
37,1.0000,the,80,2.619231
37,1.0000,their,80,4.237587
37,1.0000,them,80,4.749006
37,1.0000,then,80,5.928398
37,1.0000,there,80,5.255707
37,1.0000,these,80,5.382795
37,1.0000,they,80,4.134118
37,1.0000,think,80,4.403078
37,1.0000,this,80,4.651807
37,1.0000,those,80,6.426247
37,1.0000,throw,80,8.943127
37,1.0000,time,80,4.892028
37,1.0000,tiny,80,6.939665
37,1.0000,tissue,80,5.982975
37,1.0000,to,80,2.966738
37,1.0000,today,80,7.423680
37,1.0000,too,80,6.709861
37,1.0000,tooth,80,7.459623
37,1.0000,touch,80,7.853539
37,1.0000,train,80,9.048834
37,1.0000,tree,80,5.776982
37,1.0000,truck,80,8.393945
37,1.0000,try,80,9.049371
37,1.0000,turn,80,7.301080
37,1.0000,under,80,7.330390
37,1.0000,up,80,5.051292
37,1.0000,us,80,4.824423
37,1.0000,vacuum,80,9.424099
37,1.0000,wait,80,7.072135
37,1.0000,walk,80,8.553318
37,1.0000,was,80,4.335627
37,1.0000,wash,80,8.468716
37,1.0000,washing,80,8.847278
37,1.0000,watch,80,8.719582
37,1.0000,water,80,5.339062
37,1.0000,we,80,4.518537
37,1.0000,were,80,4.878674
37,1.0000,wet,80,8.131421
37,1.0000,what,80,4.910172
37,1.0000,when,80,6.173052
37,1.0000,where,80,6.318442
37,1.0000,which,80,4.964698
37,1.0000,white,80,6.895851
37,1.0000,who,80,4.628846
37,1.0000,why,80,4.680989
37,1.0000,will,80,4.454243
37,1.0000,wind,80,7.092732
37,1.0000,window,80,8.892066
37,1.0000,wish,80,7.108314
37,1.0000,with,80,3.830072
37,1.0000,work,80,6.192032
37,1.0000,would,80,4.936791
37,1.0000,write,80,7.139853
37,1.0000,yard,80,8.013195
37,1.0000,yellow,80,6.812049
37,1.0000,yes,80,7.285690
37,1.0000,you,80,2.937577
37,1.0000,your,80,3.684603
37,1.0000,yourself,80,5.895328
47,1.0000,a,80,2.585519
47,1.0000,about,80,4.112770
47,1.0000,above,80,7.235239
47,1.0000,after,80,7.342414
47,1.0000,all,80,5.712675
47,1.0000,am,80,6.219967
47,1.0000,and,80,2.667421
47,1.0000,animal,80,6.778447
47,1.0000,another,80,6.101777
47,1.0000,any,80,4.965262
47,1.0000,are,80,2.931700
47,1.0000,arm,80,8.144223
47,1.0000,around,80,6.351938
47,1.0000,at,80,4.865149
47,1.0000,away,80,5.815669
47,1.0000,baby,80,6.257112
47,1.0000,back,80,6.139452
47,1.0000,bad,80,7.538721
47,1.0000,ball,80,7.274284
47,1.0000,bat,80,10.506127
47,1.0000,bath,80,7.538815
47,1.0000,be,80,2.435371
47,1.0000,beach,80,7.595079
47,1.0000,beans,80,6.685366
47,1.0000,bear,80,9.060643
47,1.0000,because,80,6.041141
47,1.0000,bed,80,6.765527
47,1.0000,bee,80,9.062477
47,1.0000,before,80,6.483648
47,1.0000,behind,80,6.745527
47,1.0000,belt,80,8.235977
47,1.0000,better,80,5.806913
47,1.0000,big,80,7.460028
47,1.0000,bird,80,7.980803
47,1.0000,bite,80,8.275084
47,1.0000,black,80,6.936832
47,1.0000,block,80,8.805185
47,1.0000,blow,80,9.881139
47,1.0000,blue,80,7.594836
47,1.0000,boat,80,8.205734
47,1.0000,book,80,6.078842
47,1.0000,bottle,80,8.521211
47,1.0000,bowl,80,7.371664
47,1.0000,box,80,8.381912
47,1.0000,bread,80,9.350291
47,1.0000,break,80,7.868621
47,1.0000,bring,80,7.219258
47,1.0000,broken,80,8.690211
47,1.0000,brown,80,6.636838
47,1.0000,brush,80,8.037227
47,1.0000,build,80,7.678405
47,1.0000,bus,80,9.073042
47,1.0000,but,80,3.643913
47,1.0000,butter,80,7.156225
47,1.0000,button,80,7.788846
47,1.0000,buy,80,5.849257
47,1.0000,by,80,3.814321
47,1.0000,cake,80,7.279716
47,1.0000,call,80,8.281858
47,1.0000,camera,80,5.682069
47,1.0000,can,80,3.405393
47,1.0000,car,80,5.060709
47,1.0000,careful,80,6.705582
47,1.0000,carry,80,7.622263
47,1.0000,cat,80,6.989673
47,1.0000,catch,80,8.607994
47,1.0000,chair,80,8.664742
47,1.0000,cheese,80,7.620779
47,1.0000,chicken,80,7.694031
47,1.0000,child,80,5.585599
47,1.0000,chocolate,80,6.647945
47,1.0000,clean,80,5.947309
47,1.0000,clock,80,9.735765
47,1.0000,close,80,7.367699
47,1.0000,cloud,80,8.949929
47,1.0000,coat,80,7.310276
47,1.0000,coffee,80,8.246213
47,1.0000,cold,80,6.416709
47,1.0000,comb,80,8.423100
47,1.0000,cook,80,7.464424
47,1.0000,corn,80,9.256706
47,1.0000,could,80,5.766736
47,1.0000,country,80,6.004042
47,1.0000,cover,80,7.826848
47,1.0000,cow,80,10.005045
47,1.0000,cry,80,9.833493
47,1.0000,cup,80,6.472545
47,1.0000,cut,80,7.718154
47,1.0000,dark,80,7.464893
47,1.0000,day,80,4.849214
47,1.0000,deer,80,7.842405
47,1.0000,did,80,6.375069
47,1.0000,dish,80,6.999700
47,1.0000,do,80,4.743187
47,1.0000,doctor,80,6.322534
47,1.0000,does,80,4.644265
47,1.0000,dog,80,5.471485
47,1.0000,doll,80,10.107701
47,1.0000,door,80,7.869921
47,1.0000,down,80,5.052313
47,1.0000,draw,80,7.115080
47,1.0000,dress,80,9.107748
47,1.0000,drink,80,7.878459
47,1.0000,drive,80,8.139076
47,1.0000,drop,80,9.073719
47,1.0000,dry,80,6.890076
47,1.0000,each,80,5.897914
47,1.0000,ear,80,7.001223
47,1.0000,eat,80,5.677894
47,1.0000,egg,80,7.215905
47,1.0000,empty,80,8.728544
47,1.0000,every,80,6.456114
47,1.0000,eye,80,6.171010
47,1.0000,face,80,7.914603
47,1.0000,fall,80,7.769558
47,1.0000,farm,80,8.322682
47,1.0000,fast,80,7.821904
47,1.0000,feed,80,7.259161
47,1.0000,find,80,4.900851
47,1.0000,fine,80,7.960496
47,1.0000,finger,80,9.612858
47,1.0000,finish,80,8.706280
47,1.0000,first,80,5.107314
47,1.0000,fish,80,6.310544
47,1.0000,fit,80,7.876744
47,1.0000,fix,80,8.787174
47,1.0000,flower,80,8.426480
47,1.0000,food,80,5.335733
47,1.0000,foot,80,7.581410
47,1.0000,for,80,3.340192
47,1.0000,friend,80,6.702556
47,1.0000,full,80,6.978496
47,1.0000,game,80,6.777504
47,1.0000,garden,80,6.364619
47,1.0000,gas,80,6.857097
47,1.0000,gentle,80,9.347824
47,1.0000,get,80,4.747975
47,1.0000,give,80,5.976537
47,1.0000,glass,80,7.496996
47,1.0000,glasses,80,8.243568
47,1.0000,go,80,6.202518
47,1.0000,good,80,5.090851
47,1.0000,grass,80,7.262681
47,1.0000,green,80,7.123057
47,1.0000,gum,80,8.150869
47,1.0000,hair,80,7.739592
47,1.0000,hand,80,6.277106
47,1.0000,happy,80,6.729197
47,1.0000,hard,80,6.539665
47,1.0000,have,80,4.422635
47,1.0000,he,80,5.759237
47,1.0000,head,80,7.208837
47,1.0000,hear,80,7.475007
47,1.0000,heavy,80,8.137177
47,1.0000,help,80,3.788844
47,1.0000,her,80,5.816251
47,1.0000,here,80,6.573896
47,1.0000,high,80,6.139203
47,1.0000,him,80,5.983301
47,1.0000,his,80,5.801240
47,1.0000,hit,80,7.875714
47,1.0000,hold,80,7.496694
47,1.0000,home,80,6.333366
47,1.0000,horse,80,8.136674
47,1.0000,hot,80,6.502045
47,1.0000,house,80,7.497606
47,1.0000,how,80,4.045020
47,1.0000,hurt,80,8.840509
47,1.0000,i,80,7.869042
47,1.0000,ice,80,6.616380
47,1.0000,if,80,4.937424
47,1.0000,inside,80,7.205231
47,1.0000,into,80,4.258904
47,1.0000,is,80,2.743383
47,1.0000,it,80,3.229875
47,1.0000,juice,80,5.211870
47,1.0000,jump,80,9.223201
47,1.0000,kitchen,80,6.684745
47,1.0000,knife,80,8.866418
47,1.0000,last,80,7.302623
47,1.0000,later,80,7.598380
47,1.0000,lawn,80,7.943159
47,1.0000,leg,80,8.656443
47,1.0000,light,80,5.456438
47,1.0000,like,80,4.768815
47,1.0000,listen,80,8.302727
47,1.0000,little,80,5.878055
47,1.0000,living,80,7.354291
47,1.0000,long,80,5.779137
47,1.0000,look,80,6.197006
47,1.0000,loud,80,9.243080
47,1.0000,love,80,6.470459
47,1.0000,make,80,5.526198
47,1.0000,man,80,7.710154
47,1.0000,me,80,7.071865
47,1.0000,meat,80,7.019438
47,1.0000,medicine,80,8.122503
47,1.0000,milk,80,6.123552
47,1.0000,mine,80,9.210787
47,1.0000,money,80,6.323688
47,1.0000,moon,80,6.510952
47,1.0000,more,80,4.361193
47,1.0000,morning,80,6.767835
47,1.0000,mouse,80,8.187764
47,1.0000,mouth,80,6.536548
47,1.0000,movie,80,9.374431
47,1.0000,much,80,4.540183
47,1.0000,my,80,5.644293
47,1.0000,myself,80,6.424074
47,1.0000,need,80,4.885063
47,1.0000,new,80,6.003974
47,1.0000,next,80,6.529297
47,1.0000,nice,80,6.843479
47,1.0000,night,80,6.056410
47,1.0000,no,80,5.545277
47,1.0000,none,80,8.844452
47,1.0000,nose,80,7.630966
47,1.0000,not,80,4.089307
47,1.0000,now,80,6.495813
47,1.0000,nuts,80,8.203038
47,1.0000,of,80,1.656624
47,1.0000,off,80,5.837473
47,1.0000,old,80,6.341923
47,1.0000,on,80,3.722882
47,1.0000,open,80,8.207217
47,1.0000,orange,80,7.274853
47,1.0000,other,80,4.896906
47,1.0000,our,80,4.680301
47,1.0000,out,80,4.527911
47,1.0000,outside,80,8.094030
47,1.0000,oven,80,6.798003
47,1.0000,over,80,6.593339
47,1.0000,paint,80,7.646451
47,1.0000,paper,80,6.191507
47,1.0000,park,80,9.322257
47,1.0000,party,80,8.302279
47,1.0000,pen,80,8.860637
47,1.0000,people,80,4.616780
47,1.0000,person,80,6.779231
47,1.0000,pick,80,8.568311
47,1.0000,picture,80,8.014265
47,1.0000,pig,80,8.209126
47,1.0000,plant,80,6.029092
47,1.0000,plate,80,8.948318
47,1.0000,play,80,7.546270
47,1.0000,please,80,6.900810
47,1.0000,pool,80,7.021166
47,1.0000,poor,80,7.829961
47,1.0000,present,80,8.048697
47,1.0000,pretty,80,6.372365
47,1.0000,pull,80,8.759239
47,1.0000,puppy,80,6.770958
47,1.0000,push,80,9.111306
47,1.0000,put,80,7.110810
47,1.0000,quiet,80,9.382007
47,1.0000,radio,80,8.453134
47,1.0000,rain,80,7.123812
47,1.0000,read,80,7.698942
47,1.0000,red,80,6.805821
47,1.0000,ride,80,8.804902
47,1.0000,rock,80,7.750105
47,1.0000,roof,80,6.145529
47,1.0000,room,80,6.396029
47,1.0000,run,80,8.119236
47,1.0000,salt,80,6.765516
47,1.0000,same,80,4.275593
47,1.0000,sauce,80,5.187574
47,1.0000,say,80,6.016351
47,1.0000,school,80,5.823586
47,1.0000,see,80,5.340418
47,1.0000,share,80,7.772667
47,1.0000,she,80,5.305594
47,1.0000,shopping,80,8.288156
47,1.0000,show,80,7.385736
47,1.0000,shower,80,9.110816
47,1.0000,sick,80,7.904279
47,1.0000,sing,80,9.561819
47,1.0000,sit,80,7.934935
47,1.0000,sky,80,7.594620
47,1.0000,sleep,80,6.073806
47,1.0000,slow,80,8.135108
47,1.0000,snow,80,7.992343
47,1.0000,so,80,5.632954
47,1.0000,soap,80,6.056271
47,1.0000,soda,80,5.200284
47,1.0000,soft,80,7.589846
47,1.0000,some,80,4.580100
47,1.0000,stand,80,8.573788
47,1.0000,star,80,9.312617
47,1.0000,stay,80,6.854133
47,1.0000,stick,80,8.388315
47,1.0000,stone,80,8.482750
47,1.0000,stop,80,7.687911
47,1.0000,store,80,7.505476
47,1.0000,story,80,6.730021
47,1.0000,street,80,8.976729
47,1.0000,stuck,80,7.753476
47,1.0000,sun,80,5.766117
47,1.0000,swim,80,9.549970
47,1.0000,table,80,7.548837
47,1.0000,take,80,5.658915
47,1.0000,talk,80,7.479150
47,1.0000,tape,80,9.502401
47,1.0000,taste,80,7.506571
47,1.0000,teacher,80,7.445872
47,1.0000,that,80,3.029940
47,1.0000,the,80,2.323802
47,1.0000,their,80,3.683792
47,1.0000,them,80,4.433271
47,1.0000,then,80,5.686705
47,1.0000,there,80,5.024141
47,1.0000,these,80,4.984483
47,1.0000,they,80,3.736495
47,1.0000,think,80,4.660605
47,1.0000,this,80,4.278185
47,1.0000,those,80,6.210206
47,1.0000,throw,80,8.693208
47,1.0000,time,80,4.423949
47,1.0000,tiny,80,7.577148
47,1.0000,tissue,80,6.655155
47,1.0000,to,80,2.361288
47,1.0000,today,80,7.714007
47,1.0000,too,80,6.426355
47,1.0000,tooth,80,6.181094
47,1.0000,touch,80,8.145208
47,1.0000,train,80,9.283523
47,1.0000,tree,80,6.001112
47,1.0000,truck,80,7.901042
47,1.0000,try,80,8.890025
47,1.0000,turn,80,6.974297
47,1.0000,under,80,7.220607
47,1.0000,up,80,4.982019
47,1.0000,us,80,4.420807
47,1.0000,vacuum,80,8.602431
47,1.0000,wait,80,7.283207
47,1.0000,walk,80,8.752591
47,1.0000,was,80,4.387044
47,1.0000,wash,80,8.468160
47,1.0000,washing,80,8.800270
47,1.0000,watch,80,8.663799
47,1.0000,water,80,4.852338
47,1.0000,we,80,4.289627
47,1.0000,were,80,5.207874
47,1.0000,wet,80,8.175612
47,1.0000,what,80,4.612967
47,1.0000,when,80,5.303121
47,1.0000,where,80,5.990684
47,1.0000,which,80,4.235064
47,1.0000,white,80,6.647302
47,1.0000,who,80,4.070370
47,1.0000,why,80,4.323247
47,1.0000,will,80,4.334635
47,1.0000,wind,80,7.172115
47,1.0000,window,80,8.570911
47,1.0000,wish,80,7.579692
47,1.0000,with,80,3.171059
47,1.0000,work,80,6.072474
47,1.0000,would,80,5.510832
47,1.0000,write,80,7.677249
47,1.0000,yard,80,8.057457
47,1.0000,yellow,80,6.965459
47,1.0000,yes,80,7.225200
47,1.0000,you,80,2.493764
47,1.0000,your,80,3.031521
47,1.0000,yourself,80,5.458976
58,1.0000,a,80,2.896899
58,1.0000,about,80,3.936905
58,1.0000,above,80,6.225167
58,1.0000,after,80,6.781513
58,1.0000,all,80,5.590056
58,1.0000,am,80,6.295148
58,1.0000,and,80,3.248689
58,1.0000,animal,80,5.978270
58,1.0000,another,80,5.976839
58,1.0000,any,80,4.622955
58,1.0000,are,80,3.097195
58,1.0000,arm,80,6.970043
58,1.0000,around,80,6.178737
58,1.0000,at,80,5.041901
58,1.0000,away,80,5.764544
58,1.0000,baby,80,5.964035
58,1.0000,back,80,5.683859
58,1.0000,bad,80,7.057923
58,1.0000,ball,80,6.092605
58,1.0000,bat,80,9.782910
58,1.0000,bath,80,7.454008
58,1.0000,be,80,2.314197
58,1.0000,beach,80,7.107883
58,1.0000,beans,80,5.496338
58,1.0000,bear,80,6.352743
58,1.0000,because,80,5.853167
58,1.0000,bed,80,5.913390
58,1.0000,bee,80,7.355991
58,1.0000,before,80,6.247948
58,1.0000,behind,80,6.446792
58,1.0000,belt,80,8.445458
58,1.0000,better,80,5.543210
58,1.0000,big,80,7.202578
58,1.0000,bird,80,7.329898
58,1.0000,bite,80,6.960753
58,1.0000,black,80,6.620906
58,1.0000,block,80,8.494246
58,1.0000,blow,80,8.740849
58,1.0000,blue,80,7.215475
58,1.0000,boat,80,7.581773
58,1.0000,book,80,5.279561
58,1.0000,bottle,80,7.554198
58,1.0000,bowl,80,6.510432
58,1.0000,box,80,8.269140
58,1.0000,bread,80,8.757235
58,1.0000,break,80,7.525228
58,1.0000,bring,80,6.675913
58,1.0000,broken,80,8.359635
58,1.0000,brown,80,6.603394
58,1.0000,brush,80,6.533117
58,1.0000,build,80,7.533640
58,1.0000,bus,80,8.435004
58,1.0000,but,80,3.676280
58,1.0000,butter,80,6.459092
58,1.0000,button,80,6.458732
58,1.0000,buy,80,5.655623
58,1.0000,by,80,3.586140
58,1.0000,cake,80,7.993816
58,1.0000,call,80,7.220431
58,1.0000,camera,80,5.353457
58,1.0000,can,80,3.601285
58,1.0000,car,80,4.531344
58,1.0000,careful,80,6.096134
58,1.0000,carry,80,7.357533
58,1.0000,cat,80,6.618004
58,1.0000,catch,80,7.526709
58,1.0000,chair,80,7.991253
58,1.0000,cheese,80,5.634859
58,1.0000,chicken,80,6.206111
58,1.0000,child,80,4.317286
58,1.0000,chocolate,80,7.634790
58,1.0000,clean,80,6.066494
58,1.0000,clock,80,8.828539
58,1.0000,close,80,6.982352
58,1.0000,cloud,80,8.877552
58,1.0000,coat,80,6.271432
58,1.0000,coffee,80,7.416354
58,1.0000,cold,80,6.068773
58,1.0000,comb,80,7.933510
58,1.0000,cook,80,6.151857
58,1.0000,corn,80,7.972585
58,1.0000,could,80,5.752328
58,1.0000,country,80,5.976260
58,1.0000,cover,80,7.560263
58,1.0000,cow,80,8.614752
58,1.0000,cry,80,9.283312
58,1.0000,cup,80,5.272417
58,1.0000,cut,80,7.621872
58,1.0000,dark,80,7.459768
58,1.0000,day,80,4.754204
58,1.0000,deer,80,9.351223
58,1.0000,did,80,5.587575
58,1.0000,dish,80,6.707077
58,1.0000,do,80,4.327875
58,1.0000,doctor,80,5.493331
58,1.0000,does,80,4.297023
58,1.0000,dog,80,4.342527
58,1.0000,doll,80,7.737354
58,1.0000,door,80,6.464575
58,1.0000,down,80,5.059406
58,1.0000,draw,80,6.261653
58,1.0000,dress,80,7.959171
58,1.0000,drink,80,7.577506
58,1.0000,drive,80,7.435053
58,1.0000,drop,80,7.807522
58,1.0000,dry,80,6.625381
58,1.0000,each,80,5.999379
58,1.0000,ear,80,6.563645
58,1.0000,eat,80,5.410501
58,1.0000,egg,80,6.296628
58,1.0000,empty,80,9.078468
58,1.0000,every,80,6.389093
58,1.0000,eye,80,6.060653
58,1.0000,face,80,7.329073
58,1.0000,fall,80,7.110291
58,1.0000,farm,80,7.412234
58,1.0000,fast,80,7.727356
58,1.0000,feed,80,6.886598
58,1.0000,find,80,4.921186
58,1.0000,fine,80,7.656540
58,1.0000,finger,80,8.527639
58,1.0000,finish,80,7.960970
58,1.0000,first,80,5.171032
58,1.0000,fish,80,5.848913
58,1.0000,fit,80,7.435599
58,1.0000,fix,80,8.065173
58,1.0000,flower,80,7.822009
58,1.0000,food,80,5.289871
58,1.0000,foot,80,7.146114
58,1.0000,for,80,3.444092
58,1.0000,friend,80,6.275707
58,1.0000,full,80,7.555834
58,1.0000,game,80,5.973888
58,1.0000,garden,80,6.033498
58,1.0000,gas,80,3.957136
58,1.0000,gentle,80,8.864790
58,1.0000,get,80,4.714950
58,1.0000,give,80,5.709392
58,1.0000,glass,80,8.030697
58,1.0000,glasses,80,8.011716
58,1.0000,go,80,5.990501
58,1.0000,good,80,5.265204
58,1.0000,grass,80,6.873056
58,1.0000,green,80,6.991584
58,1.0000,gum,80,8.567816
58,1.0000,hair,80,7.453809
58,1.0000,hand,80,5.756744
58,1.0000,happy,80,6.476677
58,1.0000,hard,80,6.679578
58,1.0000,have,80,4.071552
58,1.0000,he,80,5.197038
58,1.0000,head,80,6.715721
58,1.0000,hear,80,5.792583
58,1.0000,heavy,80,7.822641
58,1.0000,help,80,3.929325
58,1.0000,her,80,5.064881
58,1.0000,here,80,6.622062
58,1.0000,high,80,5.925717
58,1.0000,him,80,5.623121
58,1.0000,his,80,4.897190
58,1.0000,hit,80,7.221208
58,1.0000,hold,80,7.354974
58,1.0000,home,80,6.160683
58,1.0000,horse,80,6.473533
58,1.0000,hot,80,6.513336
58,1.0000,house,80,7.616673
58,1.0000,how,80,3.515691
58,1.0000,hurt,80,7.657928
58,1.0000,i,80,7.028669
58,1.0000,ice,80,6.291864
58,1.0000,if,80,4.636651
58,1.0000,inside,80,7.322407
58,1.0000,into,80,4.077770
58,1.0000,is,80,2.860230
58,1.0000,it,80,3.349662
58,1.0000,juice,80,4.732597
58,1.0000,jump,80,8.466233
58,1.0000,kitchen,80,7.497486
58,1.0000,knife,80,6.986319
58,1.0000,last,80,7.191663
58,1.0000,later,80,7.366696
58,1.0000,lawn,80,7.144173
58,1.0000,leg,80,8.003559
58,1.0000,light,80,5.057114
58,1.0000,like,80,4.748535
58,1.0000,listen,80,7.600215
58,1.0000,little,80,5.825747
58,1.0000,living,80,7.141482
58,1.0000,long,80,5.491366
58,1.0000,look,80,5.771678
58,1.0000,loud,80,8.071839
58,1.0000,love,80,6.263770
58,1.0000,make,80,5.210927
58,1.0000,man,80,7.632575
58,1.0000,me,80,6.856050
58,1.0000,meat,80,6.249767
58,1.0000,medicine,80,7.443255
58,1.0000,milk,80,5.329189
58,1.0000,mine,80,8.496552
58,1.0000,money,80,5.375108
58,1.0000,moon,80,7.308585
58,1.0000,more,80,4.438406
58,1.0000,morning,80,6.188934
58,1.0000,mouse,80,9.017684
58,1.0000,mouth,80,5.942968
58,1.0000,movie,80,8.023217
58,1.0000,much,80,4.422423
58,1.0000,my,80,5.457005
58,1.0000,myself,80,6.195878
58,1.0000,need,80,4.171140
58,1.0000,new,80,5.766219
58,1.0000,next,80,6.596673
58,1.0000,nice,80,6.461583
58,1.0000,night,80,5.986109
58,1.0000,no,80,5.268585
58,1.0000,none,80,8.113803
58,1.0000,nose,80,6.085458
58,1.0000,not,80,3.672362
58,1.0000,now,80,6.275925
58,1.0000,nuts,80,7.594862
58,1.0000,of,80,1.692263
58,1.0000,off,80,5.975426
58,1.0000,old,80,6.109869
58,1.0000,on,80,3.693763
58,1.0000,open,80,7.948518
58,1.0000,orange,80,6.785996
58,1.0000,other,80,4.603239
58,1.0000,our,80,4.642823
58,1.0000,out,80,4.381044
58,1.0000,outside,80,7.553418
58,1.0000,oven,80,5.903215
58,1.0000,over,80,6.307955
58,1.0000,paint,80,6.960639
58,1.0000,paper,80,6.209094
58,1.0000,park,80,8.376641
58,1.0000,party,80,7.411520
58,1.0000,pen,80,8.207778
58,1.0000,people,80,4.430247
58,1.0000,person,80,6.375495
58,1.0000,pick,80,8.702406
58,1.0000,picture,80,7.727612
58,1.0000,pig,80,7.922953
58,1.0000,plant,80,5.487771
58,1.0000,plate,80,8.161781
58,1.0000,play,80,6.947121
58,1.0000,please,80,6.064231
58,1.0000,pool,80,6.122776
58,1.0000,poor,80,7.381911
58,1.0000,present,80,7.190447
58,1.0000,pretty,80,7.147955
58,1.0000,pull,80,7.610813
58,1.0000,puppy,80,5.596992
58,1.0000,push,80,8.500830
58,1.0000,put,80,6.423235
58,1.0000,quiet,80,8.845617
58,1.0000,radio,80,8.108525
58,1.0000,rain,80,6.361356
58,1.0000,read,80,7.086301
58,1.0000,red,80,6.237248
58,1.0000,ride,80,8.016170
58,1.0000,rock,80,7.682638
58,1.0000,roof,80,5.457254
58,1.0000,room,80,6.483172
58,1.0000,run,80,7.824087
58,1.0000,salt,80,6.663880
58,1.0000,same,80,4.570298
58,1.0000,sauce,80,5.886704
58,1.0000,say,80,5.341495
58,1.0000,school,80,5.211703
58,1.0000,see,80,4.713139
58,1.0000,share,80,7.448944
58,1.0000,she,80,4.641128
58,1.0000,shopping,80,7.879817
58,1.0000,show,80,7.190555
58,1.0000,shower,80,7.955224
58,1.0000,sick,80,7.717557
58,1.0000,sing,80,9.362927
58,1.0000,sit,80,8.134544
58,1.0000,sky,80,7.826063
58,1.0000,sleep,80,5.401982
58,1.0000,slow,80,7.779234
58,1.0000,snow,80,8.003725
58,1.0000,so,80,5.730448
58,1.0000,soap,80,6.416999
58,1.0000,soda,80,5.344725
58,1.0000,soft,80,7.456977
58,1.0000,some,80,4.560628
58,1.0000,stand,80,7.951120
58,1.0000,star,80,8.216590
58,1.0000,stay,80,6.917198
58,1.0000,stick,80,8.143929
58,1.0000,stone,80,7.767752
58,1.0000,stop,80,6.711702
58,1.0000,store,80,6.823303
58,1.0000,story,80,6.543394
58,1.0000,street,80,8.494971
58,1.0000,stuck,80,7.970082
58,1.0000,sun,80,5.658899
58,1.0000,swim,80,8.619049
58,1.0000,table,80,7.489294
58,1.0000,take,80,5.083075
58,1.0000,talk,80,7.131377
58,1.0000,tape,80,9.071749
58,1.0000,taste,80,6.576594
58,1.0000,teacher,80,6.488824
58,1.0000,that,80,3.244759
58,1.0000,the,80,2.220656
58,1.0000,their,80,3.377154
58,1.0000,them,80,4.232282
58,1.0000,then,80,5.132506
58,1.0000,there,80,5.050112
58,1.0000,these,80,5.027046
58,1.0000,they,80,3.794353
58,1.0000,think,80,4.253290
58,1.0000,this,80,4.302050
58,1.0000,those,80,6.210821
58,1.0000,throw,80,8.191015
58,1.0000,time,80,3.808968
58,1.0000,tiny,80,8.133146
58,1.0000,tissue,80,5.618921
58,1.0000,to,80,2.403994
58,1.0000,today,80,7.711224
58,1.0000,too,80,6.299324
58,1.0000,tooth,80,6.271039
58,1.0000,touch,80,6.932583
58,1.0000,train,80,7.585188
58,1.0000,tree,80,5.565326
58,1.0000,truck,80,7.647066
58,1.0000,try,80,8.677894
58,1.0000,turn,80,6.867588
58,1.0000,under,80,7.105026
58,1.0000,up,80,4.702944
58,1.0000,us,80,4.412887
58,1.0000,vacuum,80,7.543792
58,1.0000,wait,80,5.748091
58,1.0000,walk,80,7.878227
58,1.0000,was,80,3.831670
58,1.0000,wash,80,7.774265
58,1.0000,washing,80,7.856948
58,1.0000,watch,80,7.930198
58,1.0000,water,80,4.628044
58,1.0000,we,80,4.527152
58,1.0000,were,80,4.483228
58,1.0000,wet,80,7.944205
58,1.0000,what,80,4.688127
58,1.0000,when,80,5.582030
58,1.0000,where,80,5.694600
58,1.0000,which,80,4.456788
58,1.0000,white,80,6.428547
58,1.0000,who,80,3.981873
58,1.0000,why,80,3.662391
58,1.0000,will,80,4.222460
58,1.0000,wind,80,6.308029
58,1.0000,window,80,8.456473
58,1.0000,wish,80,6.565698
58,1.0000,with,80,3.156475
58,1.0000,work,80,5.867497
58,1.0000,would,80,4.892040
58,1.0000,write,80,6.571977
58,1.0000,yard,80,7.057599
58,1.0000,yellow,80,6.397051
58,1.0000,yes,80,6.869217
58,1.0000,you,80,2.866816
58,1.0000,your,80,3.343551
58,1.0000,yourself,80,5.767214
73,1.0000,a,80,2.438173
73,1.0000,about,80,3.881102
73,1.0000,above,80,6.700987
73,1.0000,after,80,7.150706
73,1.0000,all,80,5.605599
73,1.0000,am,80,6.059793
73,1.0000,and,80,2.879132
73,1.0000,animal,80,6.466002
73,1.0000,another,80,5.392773
73,1.0000,any,80,4.517883
73,1.0000,are,80,2.291454
73,1.0000,arm,80,7.145298
73,1.0000,around,80,6.260792
73,1.0000,at,80,4.963937
73,1.0000,away,80,5.880351
73,1.0000,baby,80,6.354539
73,1.0000,back,80,5.810718
73,1.0000,bad,80,6.855360
73,1.0000,ball,80,6.220709
73,1.0000,bat,80,8.884815
73,1.0000,bath,80,6.436515
73,1.0000,be,80,1.859449
73,1.0000,beach,80,8.307906
73,1.0000,beans,80,6.498350
73,1.0000,bear,80,6.812020
73,1.0000,because,80,5.376537
73,1.0000,bed,80,5.750581
73,1.0000,bee,80,7.528278
73,1.0000,before,80,6.365645
73,1.0000,behind,80,6.796853
73,1.0000,belt,80,7.891728
73,1.0000,better,80,5.502964
73,1.0000,big,80,6.695961
73,1.0000,bird,80,7.364641
73,1.0000,bite,80,7.214262
73,1.0000,black,80,6.817818
73,1.0000,block,80,8.372077
73,1.0000,blow,80,8.399085
73,1.0000,blue,80,7.553070
73,1.0000,boat,80,7.825337
73,1.0000,book,80,6.088194
73,1.0000,bottle,80,7.982907
73,1.0000,bowl,80,6.978885
73,1.0000,box,80,7.194519
73,1.0000,bread,80,6.953810
73,1.0000,break,80,7.112012
73,1.0000,bring,80,6.534200
73,1.0000,broken,80,8.719998
73,1.0000,brown,80,6.494003
73,1.0000,brush,80,6.869587
73,1.0000,build,80,7.430022
73,1.0000,bus,80,8.304439
73,1.0000,but,80,3.297485
73,1.0000,butter,80,6.213053
73,1.0000,button,80,5.783943
73,1.0000,buy,80,6.305110
73,1.0000,by,80,3.807030
73,1.0000,cake,80,8.387336
73,1.0000,call,80,7.473018
73,1.0000,camera,80,5.889625
73,1.0000,can,80,3.388992
73,1.0000,car,80,4.625494
73,1.0000,careful,80,6.418412
73,1.0000,carry,80,7.189202
73,1.0000,cat,80,6.732542
73,1.0000,catch,80,7.956908
73,1.0000,chair,80,6.913379
73,1.0000,cheese,80,5.893400
73,1.0000,chicken,80,7.097678
73,1.0000,child,80,4.464589
73,1.0000,chocolate,80,7.668032
73,1.0000,clean,80,6.353946
73,1.0000,clock,80,9.772449
73,1.0000,close,80,6.711056
73,1.0000,cloud,80,8.531756
73,1.0000,coat,80,6.404880
73,1.0000,coffee,80,7.697005
73,1.0000,cold,80,6.498916
73,1.0000,comb,80,8.118759
73,1.0000,cook,80,6.986935
73,1.0000,corn,80,7.614691
73,1.0000,could,80,5.701115
73,1.0000,country,80,5.639878
73,1.0000,cover,80,7.447812
73,1.0000,cow,80,9.614893
73,1.0000,cry,80,8.990639
73,1.0000,cup,80,5.993092
73,1.0000,cut,80,7.723947
73,1.0000,dark,80,7.661570
73,1.0000,day,80,4.631320
73,1.0000,deer,80,7.190702
73,1.0000,did,80,5.755616
73,1.0000,dish,80,6.290272
73,1.0000,do,80,4.182851
73,1.0000,doctor,80,5.323286
73,1.0000,does,80,4.318103
73,1.0000,dog,80,4.360463
73,1.0000,doll,80,8.430515
73,1.0000,door,80,7.337014
73,1.0000,down,80,4.860719
73,1.0000,draw,80,6.883086
73,1.0000,dress,80,8.055906
73,1.0000,drink,80,7.774812
73,1.0000,drive,80,7.332620
73,1.0000,drop,80,7.812748
73,1.0000,dry,80,6.461318
73,1.0000,each,80,5.440624
73,1.0000,ear,80,5.748830
73,1.0000,eat,80,5.145501
73,1.0000,egg,80,5.790445
73,1.0000,empty,80,8.999551
73,1.0000,every,80,6.424540
73,1.0000,eye,80,5.853923
73,1.0000,face,80,7.257795
73,1.0000,fall,80,7.130970
73,1.0000,farm,80,7.581676
73,1.0000,fast,80,7.787199
73,1.0000,feed,80,7.308875
73,1.0000,find,80,4.992361
73,1.0000,fine,80,7.092646
73,1.0000,finger,80,7.720249
73,1.0000,finish,80,7.583462
73,1.0000,first,80,5.346660
73,1.0000,fish,80,6.030397
73,1.0000,fit,80,7.420128
73,1.0000,fix,80,8.083241
73,1.0000,flower,80,7.926809
73,1.0000,food,80,5.625102
73,1.0000,foot,80,7.087288
73,1.0000,for,80,3.054119
73,1.0000,friend,80,6.635822
73,1.0000,full,80,7.082029
73,1.0000,game,80,5.699053
73,1.0000,garden,80,6.325817
73,1.0000,gas,80,5.009235
73,1.0000,gentle,80,9.304290
73,1.0000,get,80,4.586250
73,1.0000,give,80,5.790630
73,1.0000,glass,80,7.022192
73,1.0000,glasses,80,7.126681
73,1.0000,go,80,5.872510
73,1.0000,good,80,4.943222
73,1.0000,grass,80,7.121860
73,1.0000,green,80,6.926430
73,1.0000,gum,80,8.412120
73,1.0000,hair,80,7.733988
73,1.0000,hand,80,5.628121
73,1.0000,happy,80,6.425607
73,1.0000,hard,80,6.469265
73,1.0000,have,80,3.394079
73,1.0000,he,80,4.971307
73,1.0000,head,80,6.499057
73,1.0000,hear,80,5.387045
73,1.0000,heavy,80,7.624582
73,1.0000,help,80,3.628459
73,1.0000,her,80,4.899018
73,1.0000,here,80,6.617405
73,1.0000,high,80,5.570383
73,1.0000,him,80,5.792221
73,1.0000,his,80,5.040431
73,1.0000,hit,80,7.133793
73,1.0000,hold,80,7.329312
73,1.0000,home,80,5.701398
73,1.0000,horse,80,6.556139
73,1.0000,hot,80,6.421928
73,1.0000,house,80,7.556493
73,1.0000,how,80,3.544298
73,1.0000,hurt,80,8.564051
73,1.0000,i,80,6.878865
73,1.0000,ice,80,7.205490
73,1.0000,if,80,4.873921
73,1.0000,inside,80,7.078419
73,1.0000,into,80,4.066901
73,1.0000,is,80,2.447775
73,1.0000,it,80,3.118739
73,1.0000,juice,80,4.987382
73,1.0000,jump,80,9.026343
73,1.0000,kitchen,80,8.023526
73,1.0000,knife,80,7.244281
73,1.0000,last,80,7.055938
73,1.0000,later,80,7.547960
73,1.0000,lawn,80,6.809413
73,1.0000,leg,80,7.910638
73,1.0000,light,80,5.132296
73,1.0000,like,80,4.203445
73,1.0000,listen,80,7.587501
73,1.0000,little,80,5.565196
73,1.0000,living,80,7.277640
73,1.0000,long,80,5.388391
73,1.0000,look,80,5.321807
73,1.0000,loud,80,7.602280
73,1.0000,love,80,6.501936
73,1.0000,make,80,5.182268
73,1.0000,man,80,7.976879
73,1.0000,me,80,6.285640
73,1.0000,meat,80,6.531543
73,1.0000,medicine,80,7.351737
73,1.0000,milk,80,6.309346
73,1.0000,mine,80,8.268976
73,1.0000,money,80,6.211230
73,1.0000,moon,80,6.347207
73,1.0000,more,80,4.543431
73,1.0000,morning,80,6.221268
73,1.0000,mouse,80,7.998678
73,1.0000,mouth,80,5.335507
73,1.0000,movie,80,7.033216
73,1.0000,much,80,4.643376
73,1.0000,my,80,5.478615
73,1.0000,myself,80,6.816859
73,1.0000,need,80,3.767649
73,1.0000,new,80,5.644782
73,1.0000,next,80,6.606730
73,1.0000,nice,80,6.264508
73,1.0000,night,80,5.516857
73,1.0000,no,80,5.305951
73,1.0000,none,80,8.426823
73,1.0000,nose,80,6.348210
73,1.0000,not,80,3.465175
73,1.0000,now,80,6.127453
73,1.0000,nuts,80,8.085520
73,1.0000,of,80,2.031230
73,1.0000,off,80,5.619109
73,1.0000,old,80,5.250637
73,1.0000,on,80,3.937136
73,1.0000,open,80,7.326792
73,1.0000,orange,80,7.491881
73,1.0000,other,80,4.220504
73,1.0000,our,80,4.670542
73,1.0000,out,80,4.427923
73,1.0000,outside,80,7.701596
73,1.0000,oven,80,5.796904
73,1.0000,over,80,6.560914
73,1.0000,paint,80,8.125795
73,1.0000,paper,80,6.550370
73,1.0000,park,80,7.499845
73,1.0000,party,80,8.537699
73,1.0000,pen,80,8.633108
73,1.0000,people,80,4.411480
73,1.0000,person,80,6.493513
73,1.0000,pick,80,8.610317
73,1.0000,picture,80,7.638812
73,1.0000,pig,80,7.279315
73,1.0000,plant,80,5.688475
73,1.0000,plate,80,7.690099
73,1.0000,play,80,6.565710
73,1.0000,please,80,6.174448
73,1.0000,pool,80,6.274730
73,1.0000,poor,80,7.896625
73,1.0000,present,80,7.508989
73,1.0000,pretty,80,6.423262
73,1.0000,pull,80,8.115835
73,1.0000,puppy,80,5.945547
73,1.0000,push,80,8.366488
73,1.0000,put,80,7.007452
73,1.0000,quiet,80,8.966626
73,1.0000,radio,80,8.042847
73,1.0000,rain,80,6.583220
73,1.0000,read,80,7.175960
73,1.0000,red,80,6.331253
73,1.0000,ride,80,8.067136
73,1.0000,rock,80,7.420538
73,1.0000,roof,80,5.113524
73,1.0000,room,80,6.397573
73,1.0000,run,80,7.561914
73,1.0000,salt,80,7.417863
73,1.0000,same,80,3.638775
73,1.0000,sauce,80,5.581933
73,1.0000,say,80,5.379641
73,1.0000,school,80,5.825427
73,1.0000,see,80,4.869379
73,1.0000,share,80,6.997273
73,1.0000,she,80,4.530179
73,1.0000,shopping,80,8.162485
73,1.0000,show,80,6.933420
73,1.0000,shower,80,7.210652
73,1.0000,sick,80,7.574333
73,1.0000,sing,80,8.881824
73,1.0000,sit,80,7.215191
73,1.0000,sky,80,7.750966
73,1.0000,sleep,80,4.493276
73,1.0000,slow,80,8.009249
73,1.0000,snow,80,8.237618
73,1.0000,so,80,5.644542
73,1.0000,soap,80,6.642297
73,1.0000,soda,80,4.668179
73,1.0000,soft,80,7.612318
73,1.0000,some,80,3.920240
73,1.0000,stand,80,7.123290
73,1.0000,star,80,8.654295
73,1.0000,stay,80,7.022033
73,1.0000,stick,80,8.467726
73,1.0000,stone,80,7.971231
73,1.0000,stop,80,7.377786
73,1.0000,store,80,6.515849
73,1.0000,story,80,6.351823
73,1.0000,street,80,7.421905
73,1.0000,stuck,80,7.485774
73,1.0000,sun,80,6.104087
73,1.0000,swim,80,8.353394
73,1.0000,table,80,7.382879
73,1.0000,take,80,5.484511
73,1.0000,talk,80,7.858694
73,1.0000,tape,80,8.150388
73,1.0000,taste,80,6.639298
73,1.0000,teacher,80,6.692921
73,1.0000,that,80,2.841399
73,1.0000,the,80,1.999665
73,1.0000,their,80,2.910560
73,1.0000,them,80,4.184922
73,1.0000,then,80,5.509151
73,1.0000,there,80,4.603657
73,1.0000,these,80,4.765115
73,1.0000,they,80,2.883539
73,1.0000,think,80,3.954561
73,1.0000,this,80,4.195826
73,1.0000,those,80,5.479625
73,1.0000,throw,80,8.522795
73,1.0000,time,80,3.916765
73,1.0000,tiny,80,7.470027
73,1.0000,tissue,80,6.034325
73,1.0000,to,80,2.390902
73,1.0000,today,80,7.473828
73,1.0000,too,80,6.111082
73,1.0000,tooth,80,6.201915
73,1.0000,touch,80,6.740860
73,1.0000,train,80,7.660263
73,1.0000,tree,80,5.422122
73,1.0000,truck,80,8.184220
73,1.0000,try,80,9.051115
73,1.0000,turn,80,6.562998
73,1.0000,under,80,6.906769
73,1.0000,up,80,4.176882
73,1.0000,us,80,4.337076
73,1.0000,vacuum,80,8.607664
73,1.0000,wait,80,7.018658
73,1.0000,walk,80,7.983767
73,1.0000,was,80,4.227299
73,1.0000,wash,80,8.370779
73,1.0000,washing,80,7.939092
73,1.0000,watch,80,8.047586
73,1.0000,water,80,4.611980
73,1.0000,we,80,4.376415
73,1.0000,were,80,4.066560
73,1.0000,wet,80,7.791875
73,1.0000,what,80,4.451321
73,1.0000,when,80,5.490030
73,1.0000,where,80,5.808771
73,1.0000,which,80,4.089280
73,1.0000,white,80,5.542197
73,1.0000,who,80,4.013392
73,1.0000,why,80,3.825305
73,1.0000,will,80,4.546300
73,1.0000,wind,80,5.949132
73,1.0000,window,80,7.934112
73,1.0000,wish,80,6.575991
73,1.0000,with,80,2.760050
73,1.0000,work,80,5.850340
73,1.0000,would,80,5.290791
73,1.0000,write,80,7.490761
73,1.0000,yard,80,7.288319
73,1.0000,yellow,80,6.602346
73,1.0000,yes,80,6.934718
73,1.0000,you,80,2.544515
73,1.0000,your,80,3.085228
73,1.0000,yourself,80,5.216429
92,1.0000,a,80,2.690925
92,1.0000,about,80,3.456631
92,1.0000,above,80,6.593616
92,1.0000,after,80,6.890715
92,1.0000,all,80,5.737168
92,1.0000,am,80,6.096907
92,1.0000,and,80,2.401652
92,1.0000,animal,80,6.402728
92,1.0000,another,80,5.487943
92,1.0000,any,80,4.757562
92,1.0000,are,80,2.417710
92,1.0000,arm,80,6.992390
92,1.0000,around,80,6.042749
92,1.0000,at,80,4.919502
92,1.0000,away,80,5.657030
92,1.0000,baby,80,6.460265
92,1.0000,back,80,5.628527
92,1.0000,bad,80,6.904948
92,1.0000,ball,80,6.109618
92,1.0000,bat,80,8.898817
92,1.0000,bath,80,6.234314
92,1.0000,be,80,2.187484
92,1.0000,beach,80,7.643435
92,1.0000,beans,80,6.090167
92,1.0000,bear,80,6.674145
92,1.0000,because,80,5.716680
92,1.0000,bed,80,5.451984
92,1.0000,bee,80,5.868727
92,1.0000,before,80,5.850533
92,1.0000,behind,80,6.567343
92,1.0000,belt,80,8.058315
92,1.0000,better,80,5.309023
92,1.0000,big,80,7.474442
92,1.0000,bird,80,7.545728
92,1.0000,bite,80,7.054229
92,1.0000,black,80,6.778667
92,1.0000,block,80,7.124510
92,1.0000,blow,80,8.755081
92,1.0000,blue,80,7.418540
92,1.0000,boat,80,7.661800
92,1.0000,book,80,5.764920
92,1.0000,bottle,80,7.802007
92,1.0000,bowl,80,6.974088
92,1.0000,box,80,7.436016
92,1.0000,bread,80,7.640273
92,1.0000,break,80,6.893383
92,1.0000,bring,80,6.509353
92,1.0000,broken,80,8.145836
92,1.0000,brown,80,6.156378
92,1.0000,brush,80,6.607592
92,1.0000,build,80,7.150916
92,1.0000,bus,80,8.739083
92,1.0000,but,80,3.710680
92,1.0000,butter,80,5.917273
92,1.0000,button,80,5.624457
92,1.0000,buy,80,5.735610
92,1.0000,by,80,3.620034
92,1.0000,cake,80,6.860118
92,1.0000,call,80,7.524313
92,1.0000,camera,80,5.149976
92,1.0000,can,80,2.816244
92,1.0000,car,80,4.628501
92,1.0000,careful,80,6.580763
92,1.0000,carry,80,7.099461
92,1.0000,cat,80,6.535431
92,1.0000,catch,80,8.312140
92,1.0000,chair,80,6.534576
92,1.0000,cheese,80,5.623439
92,1.0000,chicken,80,6.636612
92,1.0000,child,80,4.526393
92,1.0000,chocolate,80,6.852930
92,1.0000,clean,80,5.927668
92,1.0000,clock,80,8.127761
92,1.0000,close,80,6.843210
92,1.0000,cloud,80,8.128528
92,1.0000,coat,80,6.159015
92,1.0000,coffee,80,6.653527
92,1.0000,cold,80,6.008300
92,1.0000,comb,80,8.089341
92,1.0000,cook,80,7.111081
92,1.0000,corn,80,7.345886
92,1.0000,could,80,5.419926
92,1.0000,country,80,6.495152
92,1.0000,cover,80,7.782932
92,1.0000,cow,80,9.228300
92,1.0000,cry,80,7.558782
92,1.0000,cup,80,5.779543
92,1.0000,cut,80,7.787225
92,1.0000,dark,80,7.408942
92,1.0000,day,80,4.658277
92,1.0000,deer,80,8.520073
92,1.0000,did,80,5.210872
92,1.0000,dish,80,6.312854
92,1.0000,do,80,4.332654
92,1.0000,doctor,80,5.477909
92,1.0000,does,80,4.153885
92,1.0000,dog,80,4.759188
92,1.0000,doll,80,7.636159
92,1.0000,door,80,6.790461
92,1.0000,down,80,4.683456
92,1.0000,draw,80,6.688870
92,1.0000,dress,80,7.600380
92,1.0000,drink,80,7.690971
92,1.0000,drive,80,7.149794
92,1.0000,drop,80,8.363038
92,1.0000,dry,80,6.106897
92,1.0000,each,80,5.478214
92,1.0000,ear,80,5.737820
92,1.0000,eat,80,5.346762
92,1.0000,egg,80,5.820934
92,1.0000,empty,80,8.160874
92,1.0000,every,80,6.096233
92,1.0000,eye,80,5.723878
92,1.0000,face,80,7.181437
92,1.0000,fall,80,7.080384
92,1.0000,farm,80,7.542091
92,1.0000,fast,80,7.598135
92,1.0000,feed,80,6.469891
92,1.0000,find,80,4.856408
92,1.0000,fine,80,7.591518
92,1.0000,finger,80,7.700080
92,1.0000,finish,80,7.965230
92,1.0000,first,80,5.000300
92,1.0000,fish,80,5.838694
92,1.0000,fit,80,7.546834
92,1.0000,fix,80,8.315948
92,1.0000,flower,80,8.095203
92,1.0000,food,80,4.757422
92,1.0000,foot,80,6.961677
92,1.0000,for,80,3.205361
92,1.0000,friend,80,6.468576
92,1.0000,full,80,7.378263
92,1.0000,game,80,6.092296
92,1.0000,garden,80,6.395129
92,1.0000,gas,80,4.919254
92,1.0000,gentle,80,9.195213
92,1.0000,get,80,4.507146
92,1.0000,give,80,5.801976
92,1.0000,glass,80,7.132622
92,1.0000,glasses,80,6.629245
92,1.0000,go,80,6.052874
92,1.0000,good,80,5.206601
92,1.0000,grass,80,7.204539
92,1.0000,green,80,7.012485
92,1.0000,gum,80,5.881427
92,1.0000,hair,80,7.453046
92,1.0000,hand,80,5.360056
92,1.0000,happy,80,6.338227
92,1.0000,hard,80,6.329096
92,1.0000,have,80,3.488946
92,1.0000,he,80,5.395870
92,1.0000,head,80,6.363869
92,1.0000,hear,80,5.830397
92,1.0000,heavy,80,8.092534
92,1.0000,help,80,3.239311
92,1.0000,her,80,5.086066
92,1.0000,here,80,6.952383
92,1.0000,high,80,5.832896
92,1.0000,him,80,6.617800
92,1.0000,his,80,5.298218
92,1.0000,hit,80,7.865612
92,1.0000,hold,80,7.365648
92,1.0000,home,80,5.440591
92,1.0000,horse,80,6.821196
92,1.0000,hot,80,6.661607
92,1.0000,house,80,7.314659
92,1.0000,how,80,3.653713
92,1.0000,hurt,80,8.326008
92,1.0000,i,80,7.630815
92,1.0000,ice,80,6.565941
92,1.0000,if,80,5.047812
92,1.0000,inside,80,7.176724
92,1.0000,into,80,3.383477
92,1.0000,is,80,2.654896
92,1.0000,it,80,3.492146
92,1.0000,juice,80,4.761550
92,1.0000,jump,80,8.330692
92,1.0000,kitchen,80,6.570352
92,1.0000,knife,80,7.132995
92,1.0000,last,80,6.856855
92,1.0000,later,80,7.297916
92,1.0000,lawn,80,7.017639
92,1.0000,leg,80,7.963783
92,1.0000,light,80,5.000559
92,1.0000,like,80,4.063861
92,1.0000,listen,80,7.330312
92,1.0000,little,80,6.042786
92,1.0000,living,80,6.832570
92,1.0000,long,80,4.951946
92,1.0000,look,80,5.405567
92,1.0000,loud,80,6.882519
92,1.0000,love,80,6.096775
92,1.0000,make,80,4.989179
92,1.0000,man,80,7.919043
92,1.0000,me,80,5.878068
92,1.0000,meat,80,6.402821
92,1.0000,medicine,80,7.512753
92,1.0000,milk,80,5.989422
92,1.0000,mine,80,9.556293
92,1.0000,money,80,5.114880
92,1.0000,moon,80,6.754764
92,1.0000,more,80,4.076891
92,1.0000,morning,80,5.945509
92,1.0000,mouse,80,6.930864
92,1.0000,mouth,80,5.567414
92,1.0000,movie,80,7.588690
92,1.0000,much,80,4.183139
92,1.0000,my,80,5.352948
92,1.0000,myself,80,6.559013
92,1.0000,need,80,4.093613
92,1.0000,new,80,5.407085
92,1.0000,next,80,6.260922
92,1.0000,nice,80,6.416616
92,1.0000,night,80,5.134870
92,1.0000,no,80,5.324375
92,1.0000,none,80,9.314772
92,1.0000,nose,80,6.929082
92,1.0000,not,80,3.561280
92,1.0000,now,80,6.265271
92,1.0000,nuts,80,6.417823
92,1.0000,of,80,1.994908
92,1.0000,off,80,5.540064
92,1.0000,old,80,5.869888
92,1.0000,on,80,3.717740
92,1.0000,open,80,7.436218
92,1.0000,orange,80,6.818196
92,1.0000,other,80,3.965104
92,1.0000,our,80,4.822104
92,1.0000,out,80,4.335999
92,1.0000,outside,80,7.342771
92,1.0000,oven,80,6.080912
92,1.0000,over,80,5.995402
92,1.0000,paint,80,7.862015
92,1.0000,paper,80,5.819133
92,1.0000,park,80,8.422253
92,1.0000,party,80,7.496812
92,1.0000,pen,80,8.642779
92,1.0000,people,80,4.451420
92,1.0000,person,80,6.646175
92,1.0000,pick,80,8.254692
92,1.0000,picture,80,6.866226
92,1.0000,pig,80,6.131310
92,1.0000,plant,80,5.675072
92,1.0000,plate,80,6.542114
92,1.0000,play,80,6.326035
92,1.0000,please,80,6.418488
92,1.0000,pool,80,7.068278
92,1.0000,poor,80,7.937097
92,1.0000,present,80,6.486490
92,1.0000,pretty,80,7.036077
92,1.0000,pull,80,7.873409
92,1.0000,puppy,80,5.537010
92,1.0000,push,80,8.103807
92,1.0000,put,80,6.555530
92,1.0000,quiet,80,8.175651
92,1.0000,radio,80,7.732329
92,1.0000,rain,80,6.718720
92,1.0000,read,80,6.669029
92,1.0000,red,80,6.421138
92,1.0000,ride,80,8.062920
92,1.0000,rock,80,7.589312
92,1.0000,roof,80,5.894195
92,1.0000,room,80,5.717838
92,1.0000,run,80,7.406877
92,1.0000,salt,80,6.560858
92,1.0000,same,80,3.991503
92,1.0000,sauce,80,5.612255
92,1.0000,say,80,5.701098
92,1.0000,school,80,5.724879
92,1.0000,see,80,4.738032
92,1.0000,share,80,6.630115
92,1.0000,she,80,4.650697
92,1.0000,shopping,80,7.551132
92,1.0000,show,80,6.699714
92,1.0000,shower,80,7.474695
92,1.0000,sick,80,7.546900
92,1.0000,sing,80,8.978049
92,1.0000,sit,80,6.871311
92,1.0000,sky,80,7.455812
92,1.0000,sleep,80,5.242886
92,1.0000,slow,80,7.501243
92,1.0000,snow,80,7.158113
92,1.0000,so,80,5.399105
92,1.0000,soap,80,5.818730
92,1.0000,soda,80,4.257027
92,1.0000,soft,80,8.135821
92,1.0000,some,80,4.643704
92,1.0000,stand,80,7.366710
92,1.0000,star,80,8.583391
92,1.0000,stay,80,6.421829
92,1.0000,stick,80,8.233666
92,1.0000,stone,80,7.205139
92,1.0000,stop,80,7.476782
92,1.0000,store,80,5.734378
92,1.0000,story,80,5.751788
92,1.0000,street,80,7.958607
92,1.0000,stuck,80,7.721456
92,1.0000,sun,80,5.726448
92,1.0000,swim,80,8.730002
92,1.0000,table,80,6.030452
92,1.0000,take,80,5.568514
92,1.0000,talk,80,7.443624
92,1.0000,tape,80,7.838974
92,1.0000,taste,80,6.225388
92,1.0000,teacher,80,7.276069
92,1.0000,that,80,3.277040
92,1.0000,the,80,2.411755
92,1.0000,their,80,2.958144
92,1.0000,them,80,3.873351
92,1.0000,then,80,5.717690
92,1.0000,there,80,4.781170
92,1.0000,these,80,4.867565
92,1.0000,they,80,3.177786
92,1.0000,think,80,4.197114
92,1.0000,this,80,4.525023
92,1.0000,those,80,6.001689
92,1.0000,throw,80,9.302874
92,1.0000,time,80,3.003830
92,1.0000,tiny,80,7.472305
92,1.0000,tissue,80,5.796865
92,1.0000,to,80,1.977882
92,1.0000,today,80,6.967083
92,1.0000,too,80,6.146043
92,1.0000,tooth,80,5.402653
92,1.0000,touch,80,6.004798
92,1.0000,train,80,7.695438
92,1.0000,tree,80,5.778969
92,1.0000,truck,80,7.764393
92,1.0000,try,80,8.621919
92,1.0000,turn,80,6.503385
92,1.0000,under,80,6.890149
92,1.0000,up,80,4.425989
92,1.0000,us,80,4.298846
92,1.0000,vacuum,80,8.454553
92,1.0000,wait,80,6.578938
92,1.0000,walk,80,7.540361
92,1.0000,was,80,4.125022
92,1.0000,wash,80,8.103139
92,1.0000,washing,80,7.563164
92,1.0000,watch,80,7.577932
92,1.0000,water,80,4.782834
92,1.0000,we,80,4.738274
92,1.0000,were,80,4.290631
92,1.0000,wet,80,8.159321
92,1.0000,what,80,4.923338
92,1.0000,when,80,5.109777
92,1.0000,where,80,5.885892
92,1.0000,which,80,4.343833
92,1.0000,white,80,5.558698
92,1.0000,who,80,4.495030
92,1.0000,why,80,4.108871
92,1.0000,will,80,4.153583
92,1.0000,wind,80,6.564536
92,1.0000,window,80,6.890557
92,1.0000,wish,80,7.131209
92,1.0000,with,80,2.599415
92,1.0000,work,80,5.534670
92,1.0000,would,80,4.937092
92,1.0000,write,80,7.224713
92,1.0000,yard,80,6.751941
92,1.0000,yellow,80,6.493754
92,1.0000,yes,80,7.696781
92,1.0000,you,80,3.300353
92,1.0000,your,80,3.287499
92,1.0000,yourself,80,5.039087
115,1.0000,a,80,3.175002
115,1.0000,about,80,4.282494
115,1.0000,above,80,5.993885
115,1.0000,after,80,6.709239
115,1.0000,all,80,5.467261
115,1.0000,am,80,6.091122
115,1.0000,and,80,2.712728
115,1.0000,animal,80,6.232806
115,1.0000,another,80,5.230715
115,1.0000,any,80,4.519392
115,1.0000,are,80,2.520495
115,1.0000,arm,80,7.192683
115,1.0000,around,80,5.970739
115,1.0000,at,80,5.248977
115,1.0000,away,80,5.826357
115,1.0000,baby,80,5.945375
115,1.0000,back,80,5.749735
115,1.0000,bad,80,6.507697
115,1.0000,ball,80,5.635370
115,1.0000,bat,80,8.325636
115,1.0000,bath,80,5.842385
115,1.0000,be,80,2.407821
115,1.0000,beach,80,7.401069
115,1.0000,beans,80,5.675842
115,1.0000,bear,80,6.155618
115,1.0000,because,80,5.513339
115,1.0000,bed,80,5.088873
115,1.0000,bee,80,5.400782
115,1.0000,before,80,6.470511
115,1.0000,behind,80,6.799516
115,1.0000,belt,80,6.753450
115,1.0000,better,80,5.223159
115,1.0000,big,80,7.210390
115,1.0000,bird,80,6.977227
115,1.0000,bite,80,5.847376
115,1.0000,black,80,6.272860
115,1.0000,block,80,7.047135
115,1.0000,blow,80,8.077864
115,1.0000,blue,80,7.061429
115,1.0000,boat,80,7.758265
115,1.0000,book,80,5.878214
115,1.0000,bottle,80,7.359243
115,1.0000,bowl,80,5.885705
115,1.0000,box,80,7.027834
115,1.0000,bread,80,7.319622
115,1.0000,break,80,7.056777
115,1.0000,bring,80,6.677656
115,1.0000,broken,80,8.115658
115,1.0000,brown,80,6.427403
115,1.0000,brush,80,5.548632
115,1.0000,build,80,6.700493
115,1.0000,bus,80,8.367776
115,1.0000,but,80,3.575679
115,1.0000,butter,80,5.567630
115,1.0000,button,80,4.970678
115,1.0000,buy,80,5.561793
115,1.0000,by,80,3.762229
115,1.0000,cake,80,6.963662
115,1.0000,call,80,7.375995
115,1.0000,camera,80,4.662221
115,1.0000,can,80,3.202626
115,1.0000,car,80,4.146757
115,1.0000,careful,80,6.365117
115,1.0000,carry,80,6.736070
115,1.0000,cat,80,6.436679
115,1.0000,catch,80,7.856241
115,1.0000,chair,80,5.895143
115,1.0000,cheese,80,5.430775
115,1.0000,chicken,80,6.621874
115,1.0000,child,80,4.442674
115,1.0000,chocolate,80,5.881764
115,1.0000,clean,80,5.935132
115,1.0000,clock,80,7.286125
115,1.0000,close,80,7.268192
115,1.0000,cloud,80,8.635058
115,1.0000,coat,80,5.945802
115,1.0000,coffee,80,6.387491
115,1.0000,cold,80,5.989667
115,1.0000,comb,80,7.928102
115,1.0000,cook,80,6.328876
115,1.0000,corn,80,7.257117
115,1.0000,could,80,5.428327
115,1.0000,country,80,5.904037
115,1.0000,cover,80,7.420617
115,1.0000,cow,80,8.119826
115,1.0000,cry,80,7.851035
115,1.0000,cup,80,6.064868
115,1.0000,cut,80,6.942369
115,1.0000,dark,80,6.772747
115,1.0000,day,80,4.829527
115,1.0000,deer,80,7.435445
115,1.0000,did,80,5.050087
115,1.0000,dish,80,5.878562
115,1.0000,do,80,4.578129
115,1.0000,doctor,80,5.251190
115,1.0000,does,80,4.284541
115,1.0000,dog,80,4.489733
115,1.0000,doll,80,7.251087
115,1.0000,door,80,6.603260
115,1.0000,down,80,5.123306
115,1.0000,draw,80,6.023544
115,1.0000,dress,80,7.493551
115,1.0000,drink,80,7.558000
115,1.0000,drive,80,6.810785
115,1.0000,drop,80,7.951554
115,1.0000,dry,80,5.800144
115,1.0000,each,80,5.385060
115,1.0000,ear,80,5.854914
115,1.0000,eat,80,4.947945
115,1.0000,egg,80,5.564324
115,1.0000,empty,80,8.087897
115,1.0000,every,80,5.998741
115,1.0000,eye,80,6.139010
115,1.0000,face,80,7.332892
115,1.0000,fall,80,6.991629
115,1.0000,farm,80,7.463905
115,1.0000,fast,80,7.350780
115,1.0000,feed,80,6.286952
115,1.0000,find,80,4.880703
115,1.0000,fine,80,7.174271
115,1.0000,finger,80,7.579415
115,1.0000,finish,80,7.559810
115,1.0000,first,80,5.174217
115,1.0000,fish,80,5.602142
115,1.0000,fit,80,7.591300
115,1.0000,fix,80,7.620314
115,1.0000,flower,80,6.553605
115,1.0000,food,80,4.852190
115,1.0000,foot,80,6.904637
115,1.0000,for,80,4.040699
115,1.0000,friend,80,6.610035
115,1.0000,full,80,7.309268
115,1.0000,game,80,5.797521
115,1.0000,garden,80,5.916498
115,1.0000,gas,80,3.148164
115,1.0000,gentle,80,8.226296
115,1.0000,get,80,4.523172
115,1.0000,give,80,5.284458
115,1.0000,glass,80,6.359762
115,1.0000,glasses,80,6.182263
115,1.0000,go,80,5.394142
115,1.0000,good,80,5.047458
115,1.0000,grass,80,7.099874
115,1.0000,green,80,6.164626
115,1.0000,gum,80,6.065434
115,1.0000,hair,80,6.752503
115,1.0000,hand,80,5.102074
115,1.0000,happy,80,6.703050
115,1.0000,hard,80,6.637757
115,1.0000,have,80,3.656404
115,1.0000,he,80,4.622976
115,1.0000,head,80,5.220620
115,1.0000,hear,80,5.901501
115,1.0000,heavy,80,7.745570
115,1.0000,help,80,3.660108
115,1.0000,her,80,4.101361
115,1.0000,here,80,6.945207
115,1.0000,high,80,6.108673
115,1.0000,him,80,6.001812
115,1.0000,his,80,4.209499
115,1.0000,hit,80,7.089690
115,1.0000,hold,80,7.368361
115,1.0000,home,80,5.560724
115,1.0000,horse,80,6.237028
115,1.0000,hot,80,5.954960
115,1.0000,house,80,7.185645
115,1.0000,how,80,3.515128
115,1.0000,hurt,80,7.926213
115,1.0000,i,80,7.452364
115,1.0000,ice,80,6.581377
115,1.0000,if,80,4.814574
115,1.0000,inside,80,7.465084
115,1.0000,into,80,4.079849
115,1.0000,is,80,2.593860
115,1.0000,it,80,3.274781
115,1.0000,juice,80,4.535527
115,1.0000,jump,80,7.750671
115,1.0000,kitchen,80,6.950579
115,1.0000,knife,80,5.927825
115,1.0000,last,80,7.008750
115,1.0000,later,80,7.591988
115,1.0000,lawn,80,6.678614
115,1.0000,leg,80,8.378115
115,1.0000,light,80,4.800251
115,1.0000,like,80,4.561617
115,1.0000,listen,80,7.063270
115,1.0000,little,80,5.869485
115,1.0000,living,80,7.100062
115,1.0000,long,80,5.438819
115,1.0000,look,80,5.196944
115,1.0000,loud,80,6.742802
115,1.0000,love,80,5.971472
115,1.0000,make,80,4.938024
115,1.0000,man,80,7.865016
115,1.0000,me,80,5.753802
115,1.0000,meat,80,5.736920
115,1.0000,medicine,80,7.120209
115,1.0000,milk,80,6.109458
115,1.0000,mine,80,8.197156
115,1.0000,money,80,5.195228
115,1.0000,moon,80,6.576649
115,1.0000,more,80,4.183009
115,1.0000,morning,80,6.672747
115,1.0000,mouse,80,6.457994
115,1.0000,mouth,80,5.552320
115,1.0000,movie,80,7.375823
115,1.0000,much,80,4.352594
115,1.0000,my,80,4.767170
115,1.0000,myself,80,6.624808
115,1.0000,need,80,4.008264
115,1.0000,new,80,5.223026
115,1.0000,next,80,6.256303
115,1.0000,nice,80,6.465258
115,1.0000,night,80,4.880206
115,1.0000,no,80,4.783965
115,1.0000,none,80,8.021354
115,1.0000,nose,80,6.573947
115,1.0000,not,80,3.499077
115,1.0000,now,80,6.159673
115,1.0000,nuts,80,6.070821
115,1.0000,of,80,2.503292
115,1.0000,off,80,5.833242
115,1.0000,old,80,5.676766
115,1.0000,on,80,4.403364
115,1.0000,open,80,7.658823
115,1.0000,orange,80,7.142728
115,1.0000,other,80,4.482565
115,1.0000,our,80,4.517874
115,1.0000,out,80,4.718819
115,1.0000,outside,80,7.834725
115,1.0000,oven,80,5.626231
115,1.0000,over,80,6.139653
115,1.0000,paint,80,7.324643
115,1.0000,paper,80,5.520716
115,1.0000,park,80,7.356179
115,1.0000,party,80,6.973554
115,1.0000,pen,80,7.986709
115,1.0000,people,80,4.624765
115,1.0000,person,80,6.346322
115,1.0000,pick,80,8.254091
115,1.0000,picture,80,6.108568
115,1.0000,pig,80,5.177431
115,1.0000,plant,80,4.844116
115,1.0000,plate,80,6.130272
115,1.0000,play,80,6.243798
115,1.0000,please,80,5.374634
115,1.0000,pool,80,5.983587
115,1.0000,poor,80,7.593792
115,1.0000,present,80,7.058112
115,1.0000,pretty,80,6.740589
115,1.0000,pull,80,7.797091
115,1.0000,puppy,80,5.597076
115,1.0000,push,80,7.980232
115,1.0000,put,80,6.403869
115,1.0000,quiet,80,8.205275
115,1.0000,radio,80,7.911279
115,1.0000,rain,80,6.997828
115,1.0000,read,80,6.589109
115,1.0000,red,80,6.151699
115,1.0000,ride,80,7.513367
115,1.0000,rock,80,7.685309
115,1.0000,roof,80,4.973527
115,1.0000,room,80,6.048285
115,1.0000,run,80,7.444039
115,1.0000,salt,80,6.869233
115,1.0000,same,80,4.099202
115,1.0000,sauce,80,5.790589
115,1.0000,say,80,5.229347
115,1.0000,school,80,5.704313
115,1.0000,see,80,4.309148
115,1.0000,share,80,6.713729
115,1.0000,she,80,4.036128
115,1.0000,shopping,80,7.332405
115,1.0000,show,80,6.599988
115,1.0000,shower,80,6.683155
115,1.0000,sick,80,7.381290
115,1.0000,sing,80,9.188962
115,1.0000,sit,80,7.394440
115,1.0000,sky,80,7.440203
115,1.0000,sleep,80,4.539120
115,1.0000,slow,80,7.027017
115,1.0000,snow,80,7.751249
115,1.0000,so,80,5.303823
115,1.0000,soap,80,5.219593
115,1.0000,soda,80,4.604265
115,1.0000,soft,80,7.914573
115,1.0000,some,80,4.446273
115,1.0000,stand,80,7.226083
115,1.0000,star,80,8.727907
115,1.0000,stay,80,6.361286
115,1.0000,stick,80,8.285052
115,1.0000,stone,80,7.306058
115,1.0000,stop,80,7.029534
115,1.0000,store,80,5.873954
115,1.0000,story,80,5.963375
115,1.0000,street,80,8.403065
115,1.0000,stuck,80,7.084301
115,1.0000,sun,80,5.678707
115,1.0000,swim,80,8.595141
115,1.0000,table,80,6.161208
115,1.0000,take,80,5.546421
115,1.0000,talk,80,6.956276
115,1.0000,tape,80,7.593638
115,1.0000,taste,80,5.712399
115,1.0000,teacher,80,6.647606
115,1.0000,that,80,3.454233
115,1.0000,the,80,2.443814
115,1.0000,their,80,3.306963
115,1.0000,them,80,4.009686
115,1.0000,then,80,5.110313
115,1.0000,there,80,4.831597
115,1.0000,these,80,4.939589
115,1.0000,they,80,3.333837
115,1.0000,think,80,4.219551
115,1.0000,this,80,4.336574
115,1.0000,those,80,6.025698
115,1.0000,throw,80,7.889871
115,1.0000,time,80,3.465122
115,1.0000,tiny,80,7.138493
115,1.0000,tissue,80,5.773247
115,1.0000,to,80,2.754949
115,1.0000,today,80,7.008273
115,1.0000,too,80,5.856011
115,1.0000,tooth,80,5.631123
115,1.0000,touch,80,6.197656
115,1.0000,train,80,7.107575
115,1.0000,tree,80,5.291532
115,1.0000,truck,80,7.519104
115,1.0000,try,80,8.661247
115,1.0000,turn,80,6.569911
115,1.0000,under,80,6.999553
115,1.0000,up,80,4.897222
115,1.0000,us,80,4.096621
115,1.0000,vacuum,80,7.076247
115,1.0000,wait,80,6.015984
115,1.0000,walk,80,7.012072
115,1.0000,was,80,3.642445
115,1.0000,wash,80,7.775241
115,1.0000,washing,80,7.278350
115,1.0000,watch,80,6.939055
115,1.0000,water,80,4.325067
115,1.0000,we,80,4.142965
115,1.0000,were,80,4.127784
115,1.0000,wet,80,7.236828
115,1.0000,what,80,4.463392
115,1.0000,when,80,5.185921
115,1.0000,where,80,5.273463
115,1.0000,which,80,4.395234
115,1.0000,white,80,5.370736
115,1.0000,who,80,4.203086
115,1.0000,why,80,3.849015
115,1.0000,will,80,4.340960
115,1.0000,wind,80,6.105269
115,1.0000,window,80,6.801618
115,1.0000,wish,80,6.384425
115,1.0000,with,80,3.247524
115,1.0000,work,80,5.631669
115,1.0000,would,80,4.662309
115,1.0000,write,80,6.501383
115,1.0000,yard,80,6.549257
115,1.0000,yellow,80,6.505732
115,1.0000,yes,80,7.249289
115,1.0000,you,80,3.001693
115,1.0000,your,80,3.126584
115,1.0000,yourself,80,4.912313
144,1.0000,a,80,2.793527
144,1.0000,about,80,3.480374
144,1.0000,above,80,6.328473
144,1.0000,after,80,6.876466
144,1.0000,all,80,5.060217
144,1.0000,am,80,5.888348
144,1.0000,and,80,2.339718
144,1.0000,animal,80,6.204676
144,1.0000,another,80,5.468686
144,1.0000,any,80,4.401176
144,1.0000,are,80,2.690609
144,1.0000,arm,80,6.916269
144,1.0000,around,80,6.351612
144,1.0000,at,80,5.062146
144,1.0000,away,80,5.916759
144,1.0000,baby,80,5.911733
144,1.0000,back,80,5.566835
144,1.0000,bad,80,6.307362
144,1.0000,ball,80,6.264394
144,1.0000,bat,80,9.955660
144,1.0000,bath,80,6.785778
144,1.0000,be,80,2.145559
144,1.0000,beach,80,7.500434
144,1.0000,beans,80,5.619673
144,1.0000,bear,80,6.283959
144,1.0000,because,80,5.531692
144,1.0000,bed,80,5.466350
144,1.0000,bee,80,6.430591
144,1.0000,before,80,6.454924
144,1.0000,behind,80,6.595911
144,1.0000,belt,80,7.789708
144,1.0000,better,80,4.670208
144,1.0000,big,80,6.989085
144,1.0000,bird,80,7.319595
144,1.0000,bite,80,6.126144
144,1.0000,black,80,6.597428
144,1.0000,block,80,7.089347
144,1.0000,blow,80,8.379163
144,1.0000,blue,80,7.438228
144,1.0000,boat,80,8.097238
144,1.0000,book,80,5.721842
144,1.0000,bottle,80,7.682123
144,1.0000,bowl,80,6.982523
144,1.0000,box,80,7.839903
144,1.0000,bread,80,7.558291
144,1.0000,break,80,7.312720
144,1.0000,bring,80,6.300547
144,1.0000,broken,80,8.232040
144,1.0000,brown,80,6.369938
144,1.0000,brush,80,6.379271
144,1.0000,build,80,6.750504
144,1.0000,bus,80,8.261308
144,1.0000,but,80,3.483456
144,1.0000,butter,80,6.174612
144,1.0000,button,80,5.756556
144,1.0000,buy,80,5.697534
144,1.0000,by,80,3.470625
144,1.0000,cake,80,7.603177
144,1.0000,call,80,7.742766
144,1.0000,camera,80,5.457314
144,1.0000,can,80,3.075596
144,1.0000,car,80,4.756627
144,1.0000,careful,80,6.237235
144,1.0000,carry,80,7.217106
144,1.0000,cat,80,6.315197
144,1.0000,catch,80,7.977814
144,1.0000,chair,80,6.258676
144,1.0000,cheese,80,5.432726
144,1.0000,chicken,80,6.681494
144,1.0000,child,80,4.283092
144,1.0000,chocolate,80,6.018152
144,1.0000,clean,80,6.345027
144,1.0000,clock,80,8.369527
144,1.0000,close,80,7.152719
144,1.0000,cloud,80,7.994336
144,1.0000,coat,80,6.654702
144,1.0000,coffee,80,7.058037
144,1.0000,cold,80,6.140319
144,1.0000,comb,80,8.604434
144,1.0000,cook,80,6.866661
144,1.0000,corn,80,7.237380
144,1.0000,could,80,5.331796
144,1.0000,country,80,6.303608
144,1.0000,cover,80,7.201885
144,1.0000,cow,80,8.928563
144,1.0000,cry,80,7.975486
144,1.0000,cup,80,5.791131
144,1.0000,cut,80,7.817010
144,1.0000,dark,80,7.442430
144,1.0000,day,80,4.804805
144,1.0000,deer,80,8.450321
144,1.0000,did,80,5.407284
144,1.0000,dish,80,6.452299
144,1.0000,do,80,4.149343
144,1.0000,doctor,80,4.950860
144,1.0000,does,80,4.413266
144,1.0000,dog,80,4.572081
144,1.0000,doll,80,8.343141
144,1.0000,door,80,6.498468
144,1.0000,down,80,4.943585
144,1.0000,draw,80,6.745638
144,1.0000,dress,80,7.750320
144,1.0000,drink,80,7.545289
144,1.0000,drive,80,6.830646
144,1.0000,drop,80,8.314224
144,1.0000,dry,80,6.340135
144,1.0000,each,80,5.567291
144,1.0000,ear,80,5.946490
144,1.0000,eat,80,5.087753
144,1.0000,egg,80,6.028050
144,1.0000,empty,80,8.699767
144,1.0000,every,80,6.036933
144,1.0000,eye,80,6.224067
144,1.0000,face,80,7.228436
144,1.0000,fall,80,7.111407
144,1.0000,farm,80,7.407644
144,1.0000,fast,80,7.083698
144,1.0000,feed,80,6.980055
144,1.0000,find,80,4.875779
144,1.0000,fine,80,7.083034
144,1.0000,finger,80,7.703340
144,1.0000,finish,80,7.921689
144,1.0000,first,80,4.849000
144,1.0000,fish,80,5.078778
144,1.0000,fit,80,7.579793
144,1.0000,fix,80,7.557956
144,1.0000,flower,80,7.363634
144,1.0000,food,80,4.921749
144,1.0000,foot,80,6.993352
144,1.0000,for,80,3.328504
144,1.0000,friend,80,6.204230
144,1.0000,full,80,7.225577
144,1.0000,game,80,6.397577
144,1.0000,garden,80,6.265093
144,1.0000,gas,80,3.743656
144,1.0000,gentle,80,8.974530
144,1.0000,get,80,4.695326
144,1.0000,give,80,5.730102
144,1.0000,glass,80,6.928011
144,1.0000,glasses,80,6.367654
144,1.0000,go,80,5.811248
144,1.0000,good,80,4.637825
144,1.0000,grass,80,6.910868
144,1.0000,green,80,6.490223
144,1.0000,gum,80,6.594710
144,1.0000,hair,80,7.423249
144,1.0000,hand,80,4.978910
144,1.0000,happy,80,6.543677
144,1.0000,hard,80,6.369263
144,1.0000,have,80,3.847123
144,1.0000,he,80,4.978361
144,1.0000,head,80,5.688226
144,1.0000,hear,80,5.799977
144,1.0000,heavy,80,7.780797
144,1.0000,help,80,3.497287
144,1.0000,her,80,4.221005
144,1.0000,here,80,6.648126
144,1.0000,high,80,5.874129
144,1.0000,him,80,6.456141
144,1.0000,his,80,4.767059
144,1.0000,hit,80,7.863627
144,1.0000,hold,80,7.688790
144,1.0000,home,80,5.307045
144,1.0000,horse,80,6.819825
144,1.0000,hot,80,6.379759
144,1.0000,house,80,7.458852
144,1.0000,how,80,3.162964
144,1.0000,hurt,80,8.017096
144,1.0000,i,80,6.971692
144,1.0000,ice,80,7.046452
144,1.0000,if,80,4.503680
144,1.0000,inside,80,7.324526
144,1.0000,into,80,3.829352
144,1.0000,is,80,2.598856
144,1.0000,it,80,3.332672
144,1.0000,juice,80,5.250313
144,1.0000,jump,80,8.224699
144,1.0000,kitchen,80,6.670262
144,1.0000,knife,80,6.957835
144,1.0000,last,80,7.061546
144,1.0000,later,80,7.572883
144,1.0000,lawn,80,7.064010
144,1.0000,leg,80,8.276305
144,1.0000,light,80,4.741882
144,1.0000,like,80,4.524237
144,1.0000,listen,80,7.264483
144,1.0000,little,80,5.806213
144,1.0000,living,80,7.054484
144,1.0000,long,80,5.202186
144,1.0000,look,80,5.564610
144,1.0000,loud,80,7.195385
144,1.0000,love,80,5.866969
144,1.0000,make,80,5.033442
144,1.0000,man,80,7.989023
144,1.0000,me,80,5.400106
144,1.0000,meat,80,5.903709
144,1.0000,medicine,80,6.526136
144,1.0000,milk,80,6.091683
144,1.0000,mine,80,8.595168
144,1.0000,money,80,5.156263
144,1.0000,moon,80,6.834916
144,1.0000,more,80,3.842204
144,1.0000,morning,80,6.313347
144,1.0000,mouse,80,6.736700
144,1.0000,mouth,80,5.573565
144,1.0000,movie,80,8.290511
144,1.0000,much,80,4.366441
144,1.0000,my,80,5.067314
144,1.0000,myself,80,6.088756
144,1.0000,need,80,3.841528
144,1.0000,new,80,4.950909
144,1.0000,next,80,6.124487
144,1.0000,nice,80,5.986864
144,1.0000,night,80,5.382652
144,1.0000,no,80,5.018635
144,1.0000,none,80,8.740417
144,1.0000,nose,80,6.063828
144,1.0000,not,80,2.920664
144,1.0000,now,80,5.823813
144,1.0000,nuts,80,6.067814
144,1.0000,of,80,1.664808
144,1.0000,off,80,5.849452
144,1.0000,old,80,5.503716
144,1.0000,on,80,4.111638
144,1.0000,open,80,7.405239
144,1.0000,orange,80,7.113278
144,1.0000,other,80,3.751958
144,1.0000,our,80,4.396695
144,1.0000,out,80,4.449852
144,1.0000,outside,80,7.780632
144,1.0000,oven,80,5.319201
144,1.0000,over,80,6.178802
144,1.0000,paint,80,8.209490
144,1.0000,paper,80,5.572342
144,1.0000,park,80,7.322964
144,1.0000,party,80,7.378957
144,1.0000,pen,80,8.569267
144,1.0000,people,80,4.655438
144,1.0000,person,80,6.479349
144,1.0000,pick,80,8.361039
144,1.0000,picture,80,6.440239
144,1.0000,pig,80,5.557769
144,1.0000,plant,80,5.375320
144,1.0000,plate,80,6.736360
144,1.0000,play,80,5.936423
144,1.0000,please,80,5.340958
144,1.0000,pool,80,5.532053
144,1.0000,poor,80,7.424616
144,1.0000,present,80,7.183715
144,1.0000,pretty,80,6.348329
144,1.0000,pull,80,8.099011
144,1.0000,puppy,80,5.141638
144,1.0000,push,80,7.522126
144,1.0000,put,80,6.909627
144,1.0000,quiet,80,8.557436
144,1.0000,radio,80,8.076820
144,1.0000,rain,80,6.427940
144,1.0000,read,80,6.796132
144,1.0000,red,80,6.311095
144,1.0000,ride,80,7.333006
144,1.0000,rock,80,7.973629
144,1.0000,roof,80,5.905467
144,1.0000,room,80,6.355041
144,1.0000,run,80,7.712412
144,1.0000,salt,80,6.576127
144,1.0000,same,80,3.697651
144,1.0000,sauce,80,5.559750
144,1.0000,say,80,5.511021
144,1.0000,school,80,5.625666
144,1.0000,see,80,4.440236
144,1.0000,share,80,6.676630
144,1.0000,she,80,4.270639
144,1.0000,shopping,80,7.143936
144,1.0000,show,80,6.846850
144,1.0000,shower,80,7.867797
144,1.0000,sick,80,7.288254
144,1.0000,sing,80,8.942211
144,1.0000,sit,80,7.364908
144,1.0000,sky,80,7.924227
144,1.0000,sleep,80,4.866249
144,1.0000,slow,80,6.803466
144,1.0000,snow,80,8.000542
144,1.0000,so,80,5.224966
144,1.0000,soap,80,5.573970
144,1.0000,soda,80,4.963661
144,1.0000,soft,80,7.953299
144,1.0000,some,80,4.392231
144,1.0000,stand,80,7.464942
144,1.0000,star,80,8.671700
144,1.0000,stay,80,6.756983
144,1.0000,stick,80,8.279907
144,1.0000,stone,80,7.228510
144,1.0000,stop,80,7.051453
144,1.0000,store,80,6.813294
144,1.0000,story,80,5.562131
144,1.0000,street,80,7.760308
144,1.0000,stuck,80,7.735536
144,1.0000,sun,80,5.631858
144,1.0000,swim,80,7.787999
144,1.0000,table,80,6.526609
144,1.0000,take,80,5.541905
144,1.0000,talk,80,7.793275
144,1.0000,tape,80,7.699686
144,1.0000,taste,80,6.479906
144,1.0000,teacher,80,6.624510
144,1.0000,that,80,3.046194
144,1.0000,the,80,2.361344
144,1.0000,their,80,3.177475
144,1.0000,them,80,4.250091
144,1.0000,then,80,5.356496
144,1.0000,there,80,4.675228
144,1.0000,these,80,4.799833
144,1.0000,they,80,3.387472
144,1.0000,think,80,4.053614
144,1.0000,this,80,4.342782
144,1.0000,those,80,5.658090
144,1.0000,throw,80,8.810160
144,1.0000,time,80,3.212173
144,1.0000,tiny,80,7.505013
144,1.0000,tissue,80,5.806275
144,1.0000,to,80,2.296394
144,1.0000,today,80,6.723878
144,1.0000,too,80,5.799650
144,1.0000,tooth,80,5.984244
144,1.0000,touch,80,6.629485
144,1.0000,train,80,7.104735
144,1.0000,tree,80,5.580704
144,1.0000,truck,80,8.493148
144,1.0000,try,80,8.740602
144,1.0000,turn,80,7.005161
144,1.0000,under,80,7.293386
144,1.0000,up,80,4.599950
144,1.0000,us,80,3.978781
144,1.0000,vacuum,80,7.547683
144,1.0000,wait,80,6.727061
144,1.0000,walk,80,7.229732
144,1.0000,was,80,4.336890
144,1.0000,wash,80,8.131039
144,1.0000,washing,80,7.531824
144,1.0000,watch,80,6.870053
144,1.0000,water,80,4.461576
144,1.0000,we,80,3.918603
144,1.0000,were,80,4.447371
144,1.0000,wet,80,7.720483
144,1.0000,what,80,4.246110
144,1.0000,when,80,5.309040
144,1.0000,where,80,5.598493
144,1.0000,which,80,4.440398
144,1.0000,white,80,5.380661
144,1.0000,who,80,4.096551
144,1.0000,why,80,3.303563
144,1.0000,will,80,4.303051
144,1.0000,wind,80,6.273416
144,1.0000,window,80,6.835007
144,1.0000,wish,80,6.947867
144,1.0000,with,80,3.014946
144,1.0000,work,80,5.613792
144,1.0000,would,80,4.724199
144,1.0000,write,80,6.492600
144,1.0000,yard,80,6.711520
144,1.0000,yellow,80,6.554629
144,1.0000,yes,80,6.588221
144,1.0000,you,80,3.095600
144,1.0000,your,80,3.106647
144,1.0000,yourself,80,4.695467
180,1.0000,a,80,2.791154
180,1.0000,about,80,3.105278
180,1.0000,above,80,6.229074
180,1.0000,after,80,6.772086
180,1.0000,all,80,5.418595
180,1.0000,am,80,6.081648
180,1.0000,and,80,2.210292
180,1.0000,animal,80,5.661577
180,1.0000,another,80,5.306692
180,1.0000,any,80,3.995853
180,1.0000,are,80,2.283332
180,1.0000,arm,80,6.254131
180,1.0000,around,80,5.311140
180,1.0000,at,80,4.685689
180,1.0000,away,80,4.943454
180,1.0000,baby,80,5.981379
180,1.0000,back,80,5.083988
180,1.0000,bad,80,6.908802
180,1.0000,ball,80,5.771504
180,1.0000,bat,80,8.860008
180,1.0000,bath,80,6.146252
180,1.0000,be,80,2.223672
180,1.0000,beach,80,6.665169
180,1.0000,beans,80,6.075789
180,1.0000,bear,80,5.561451
180,1.0000,because,80,5.662068
180,1.0000,bed,80,5.070128
180,1.0000,bee,80,5.620937
180,1.0000,before,80,5.857891
180,1.0000,behind,80,5.512800
180,1.0000,belt,80,7.237798
180,1.0000,better,80,5.032221
180,1.0000,big,80,6.938502
180,1.0000,bird,80,6.377177
180,1.0000,bite,80,5.166973
180,1.0000,black,80,5.919051
180,1.0000,block,80,6.200360
180,1.0000,blow,80,7.336103
180,1.0000,blue,80,7.721319
180,1.0000,boat,80,7.671186
180,1.0000,book,80,5.639531
180,1.0000,bottle,80,7.006862
180,1.0000,bowl,80,6.349393
180,1.0000,box,80,7.061959
180,1.0000,bread,80,6.640748
180,1.0000,break,80,6.862362
180,1.0000,bring,80,5.977255
180,1.0000,broken,80,8.250941
180,1.0000,brown,80,5.881349
180,1.0000,brush,80,5.119951
180,1.0000,build,80,6.537648
180,1.0000,bus,80,8.433601
180,1.0000,but,80,3.464138
180,1.0000,butter,80,5.539469
180,1.0000,button,80,4.551132
180,1.0000,buy,80,6.028519
180,1.0000,by,80,3.251338
180,1.0000,cake,80,6.102836
180,1.0000,call,80,7.288279
180,1.0000,camera,80,4.865225
180,1.0000,can,80,2.708852
180,1.0000,car,80,4.267844
180,1.0000,careful,80,6.125108
180,1.0000,carry,80,6.645486
180,1.0000,cat,80,6.243173
180,1.0000,catch,80,7.201392
180,1.0000,chair,80,6.325781
180,1.0000,cheese,80,5.098779
180,1.0000,chicken,80,6.383731
180,1.0000,child,80,4.753021
180,1.0000,chocolate,80,6.050874
180,1.0000,clean,80,5.302109
180,1.0000,clock,80,7.730891
180,1.0000,close,80,7.008165
180,1.0000,cloud,80,7.374652
180,1.0000,coat,80,5.409467
180,1.0000,coffee,80,6.479235
180,1.0000,cold,80,5.613982
180,1.0000,comb,80,7.656654
180,1.0000,cook,80,6.418169
180,1.0000,corn,80,6.551363
180,1.0000,could,80,4.598296
180,1.0000,country,80,5.879388
180,1.0000,cover,80,7.067794
180,1.0000,cow,80,8.503683
180,1.0000,cry,80,7.362257
180,1.0000,cup,80,5.383305
180,1.0000,cut,80,7.498562
180,1.0000,dark,80,6.907936
180,1.0000,day,80,4.395035
180,1.0000,deer,80,7.585543
180,1.0000,did,80,5.163747
180,1.0000,dish,80,5.472164
180,1.0000,do,80,3.980033
180,1.0000,doctor,80,4.856453
180,1.0000,does,80,3.759421
180,1.0000,dog,80,4.565704
180,1.0000,doll,80,7.258516
180,1.0000,door,80,6.364347
180,1.0000,down,80,4.050386
180,1.0000,draw,80,6.126968
180,1.0000,dress,80,7.348512
180,1.0000,drink,80,7.068640
180,1.0000,drive,80,5.969530
180,1.0000,drop,80,7.765392
180,1.0000,dry,80,5.813940
180,1.0000,each,80,5.246919
180,1.0000,ear,80,5.325036
180,1.0000,eat,80,4.599291
180,1.0000,egg,80,5.653807
180,1.0000,empty,80,8.187649
180,1.0000,every,80,5.859744
180,1.0000,eye,80,5.401637
180,1.0000,face,80,7.002246
180,1.0000,fall,80,6.911135
180,1.0000,farm,80,6.999185
180,1.0000,fast,80,7.047507
180,1.0000,feed,80,6.208965
180,1.0000,find,80,4.931106
180,1.0000,fine,80,7.279246
180,1.0000,finger,80,7.486420
180,1.0000,finish,80,7.195477
180,1.0000,first,80,4.819724
180,1.0000,fish,80,5.387079
180,1.0000,fit,80,6.703816
180,1.0000,fix,80,7.164694
180,1.0000,flower,80,6.716839
180,1.0000,food,80,4.455293
180,1.0000,foot,80,7.186845
180,1.0000,for,80,3.106167
180,1.0000,friend,80,6.270149
180,1.0000,full,80,7.349365
180,1.0000,game,80,6.077163
180,1.0000,garden,80,5.574882
180,1.0000,gas,80,3.246378
180,1.0000,gentle,80,8.935350
180,1.0000,get,80,4.593072
180,1.0000,give,80,5.247391
180,1.0000,glass,80,7.187705
180,1.0000,glasses,80,6.625747
180,1.0000,go,80,4.941258
180,1.0000,good,80,4.968380
180,1.0000,grass,80,6.772321
180,1.0000,green,80,6.175756
180,1.0000,gum,80,5.883286
180,1.0000,hair,80,6.900650
180,1.0000,hand,80,4.990606
180,1.0000,happy,80,5.934345
180,1.0000,hard,80,6.801949
180,1.0000,have,80,3.177197
180,1.0000,he,80,4.615840
180,1.0000,head,80,5.120197
180,1.0000,hear,80,5.460869
180,1.0000,heavy,80,7.519441
180,1.0000,help,80,3.321573
180,1.0000,her,80,4.629351
180,1.0000,here,80,6.362152
180,1.0000,high,80,5.883699
180,1.0000,him,80,5.740083
180,1.0000,his,80,4.549083
180,1.0000,hit,80,7.692760
180,1.0000,hold,80,6.968245
180,1.0000,home,80,4.882068
180,1.0000,horse,80,6.591702
180,1.0000,hot,80,6.057803
180,1.0000,house,80,6.807467
180,1.0000,how,80,3.379198
180,1.0000,hurt,80,7.754097
180,1.0000,i,80,6.963916
180,1.0000,ice,80,6.409879
180,1.0000,if,80,4.652069
180,1.0000,inside,80,6.593977
180,1.0000,into,80,2.919700
180,1.0000,is,80,2.199940
180,1.0000,it,80,2.957597
180,1.0000,juice,80,4.440832
180,1.0000,jump,80,7.961795
180,1.0000,kitchen,80,6.361813
180,1.0000,knife,80,6.253520
180,1.0000,last,80,6.441274
180,1.0000,later,80,6.781116
180,1.0000,lawn,80,6.420756
180,1.0000,leg,80,7.936094
180,1.0000,light,80,4.517431
180,1.0000,like,80,4.007236
180,1.0000,listen,80,7.418473
180,1.0000,little,80,5.479891
180,1.0000,living,80,6.875794
180,1.0000,long,80,4.898391
180,1.0000,look,80,5.084587
180,1.0000,loud,80,7.128731
180,1.0000,love,80,5.490911
180,1.0000,make,80,4.745090
180,1.0000,man,80,7.614992
180,1.0000,me,80,5.301368
180,1.0000,meat,80,5.182951
180,1.0000,medicine,80,6.219849
180,1.0000,milk,80,5.328354
180,1.0000,mine,80,8.651071
180,1.0000,money,80,4.509311
180,1.0000,moon,80,6.062143
180,1.0000,more,80,3.830585
180,1.0000,morning,80,5.798668
180,1.0000,mouse,80,5.962171
180,1.0000,mouth,80,4.791377
180,1.0000,movie,80,6.931274
180,1.0000,much,80,4.289707
180,1.0000,my,80,4.765733
180,1.0000,myself,80,5.807981
180,1.0000,need,80,3.773754
180,1.0000,new,80,5.062642
180,1.0000,next,80,5.817652
180,1.0000,nice,80,6.263833
180,1.0000,night,80,5.165860
180,1.0000,no,80,4.852309
180,1.0000,none,80,8.424484
180,1.0000,nose,80,5.501524
180,1.0000,not,80,3.030231
180,1.0000,now,80,5.623395
180,1.0000,nuts,80,5.529640
180,1.0000,of,80,1.771723
180,1.0000,off,80,5.191132
180,1.0000,old,80,5.440914
180,1.0000,on,80,3.400387
180,1.0000,open,80,7.157983
180,1.0000,orange,80,7.011872
180,1.0000,other,80,3.807099
180,1.0000,our,80,4.796173
180,1.0000,out,80,4.125113
180,1.0000,outside,80,6.816956
180,1.0000,oven,80,5.239430
180,1.0000,over,80,5.700215
180,1.0000,paint,80,7.069096
180,1.0000,paper,80,5.483655
180,1.0000,park,80,7.024685
180,1.0000,party,80,7.151510
180,1.0000,pen,80,8.190390
180,1.0000,people,80,4.182498
180,1.0000,person,80,6.329254
180,1.0000,pick,80,8.356030
180,1.0000,picture,80,6.134585
180,1.0000,pig,80,4.546143
180,1.0000,plant,80,5.071412
180,1.0000,plate,80,5.740336
180,1.0000,play,80,5.843039
180,1.0000,please,80,5.364454
180,1.0000,pool,80,6.299475
180,1.0000,poor,80,7.615481
180,1.0000,present,80,6.210507
180,1.0000,pretty,80,6.319638
180,1.0000,pull,80,7.632866
180,1.0000,puppy,80,5.393705
180,1.0000,push,80,7.184120
180,1.0000,put,80,6.359411
180,1.0000,quiet,80,7.867234
180,1.0000,radio,80,7.946569
180,1.0000,rain,80,5.806327
180,1.0000,read,80,6.655852
180,1.0000,red,80,6.340433
180,1.0000,ride,80,7.102572
180,1.0000,rock,80,7.213634
180,1.0000,roof,80,5.273808
180,1.0000,room,80,6.158766
180,1.0000,run,80,7.703344
180,1.0000,salt,80,6.228688
180,1.0000,same,80,3.748720
180,1.0000,sauce,80,5.269535
180,1.0000,say,80,5.410409
180,1.0000,school,80,5.357314
180,1.0000,see,80,4.045100
180,1.0000,share,80,6.541567
180,1.0000,she,80,4.160949
180,1.0000,shopping,80,7.816567
180,1.0000,show,80,6.867529
180,1.0000,shower,80,7.414120
180,1.0000,sick,80,7.188431
180,1.0000,sing,80,8.598052
180,1.0000,sit,80,6.794586
180,1.0000,sky,80,6.865217
180,1.0000,sleep,80,4.296163
180,1.0000,slow,80,6.729597
180,1.0000,snow,80,7.353113
180,1.0000,so,80,5.118043
180,1.0000,soap,80,5.294320
180,1.0000,soda,80,4.463446
180,1.0000,soft,80,7.947940
180,1.0000,some,80,4.591088
180,1.0000,stand,80,6.886321
180,1.0000,star,80,8.598450
180,1.0000,stay,80,6.102236
180,1.0000,stick,80,7.828844
180,1.0000,stone,80,6.695117
180,1.0000,stop,80,6.980013
180,1.0000,store,80,5.881363
180,1.0000,story,80,5.615089
180,1.0000,street,80,7.663144
180,1.0000,stuck,80,6.317173
180,1.0000,sun,80,5.486138
180,1.0000,swim,80,8.256269
180,1.0000,table,80,5.791098
180,1.0000,take,80,4.909378
180,1.0000,talk,80,7.387915
180,1.0000,tape,80,7.318300
180,1.0000,taste,80,5.806261
180,1.0000,teacher,80,6.896383
180,1.0000,that,80,3.153142
180,1.0000,the,80,2.283506
180,1.0000,their,80,3.074975
180,1.0000,them,80,4.191645
180,1.0000,then,80,4.819910
180,1.0000,there,80,4.562267
180,1.0000,these,80,4.998457
180,1.0000,they,80,3.196586
180,1.0000,think,80,4.208759
180,1.0000,this,80,4.334021
180,1.0000,those,80,5.920943
180,1.0000,throw,80,8.387757
180,1.0000,time,80,3.019966
180,1.0000,tiny,80,6.846714
180,1.0000,tissue,80,5.141655
180,1.0000,to,80,1.863277
180,1.0000,today,80,6.308063
180,1.0000,too,80,5.737028
180,1.0000,tooth,80,4.950378
180,1.0000,touch,80,5.754894
180,1.0000,train,80,7.299324
180,1.0000,tree,80,4.913077
180,1.0000,truck,80,7.941766
180,1.0000,try,80,8.538280
180,1.0000,turn,80,6.518686
180,1.0000,under,80,6.650248
180,1.0000,up,80,3.687861
180,1.0000,us,80,4.086243
180,1.0000,vacuum,80,7.589587
180,1.0000,wait,80,5.824060
180,1.0000,walk,80,7.245743
180,1.0000,was,80,3.723406
180,1.0000,wash,80,7.905156
180,1.0000,washing,80,7.411800
180,1.0000,watch,80,6.798830
180,1.0000,water,80,4.247753
180,1.0000,we,80,3.923002
180,1.0000,were,80,3.965573
180,1.0000,wet,80,7.233212
180,1.0000,what,80,4.540469
180,1.0000,when,80,4.951669
180,1.0000,where,80,5.109166
180,1.0000,which,80,3.954561
180,1.0000,white,80,5.034369
180,1.0000,who,80,3.874958
180,1.0000,why,80,3.874374
180,1.0000,will,80,3.831104
180,1.0000,wind,80,5.732952
180,1.0000,window,80,7.081705
180,1.0000,wish,80,6.832933
180,1.0000,with,80,2.661945
180,1.0000,work,80,5.462115
180,1.0000,would,80,4.425102
180,1.0000,write,80,7.006523
180,1.0000,yard,80,6.221687
180,1.0000,yellow,80,5.771193
180,1.0000,yes,80,6.951345
180,1.0000,you,80,2.901768
180,1.0000,your,80,3.107452
180,1.0000,yourself,80,4.767234
226,1.0000,a,80,2.735724
226,1.0000,about,80,3.425945
226,1.0000,above,80,6.054011
226,1.0000,after,80,6.916135
226,1.0000,all,80,5.366386
226,1.0000,am,80,5.794255
226,1.0000,and,80,2.280842
226,1.0000,animal,80,5.744956
226,1.0000,another,80,5.223901
226,1.0000,any,80,4.338176
226,1.0000,are,80,2.225130
226,1.0000,arm,80,6.993871
226,1.0000,around,80,6.127547
226,1.0000,at,80,5.117862
226,1.0000,away,80,5.881853
226,1.0000,baby,80,5.494134
226,1.0000,back,80,5.241991
226,1.0000,bad,80,6.617088
226,1.0000,ball,80,5.566376
226,1.0000,bat,80,8.483258
226,1.0000,bath,80,6.611046
226,1.0000,be,80,1.798535
226,1.0000,beach,80,7.364927
226,1.0000,beans,80,5.736382
226,1.0000,bear,80,5.137270
226,1.0000,because,80,5.847155
226,1.0000,bed,80,5.042701
226,1.0000,bee,80,5.873507
226,1.0000,before,80,6.035165
226,1.0000,behind,80,6.236749
226,1.0000,belt,80,7.667480
226,1.0000,better,80,4.866314
226,1.0000,big,80,6.968557
226,1.0000,bird,80,6.762582
226,1.0000,bite,80,6.076624
226,1.0000,black,80,5.964819
226,1.0000,block,80,6.677044
226,1.0000,blow,80,8.578486
226,1.0000,blue,80,7.141036
226,1.0000,boat,80,8.143379
226,1.0000,book,80,5.782344
226,1.0000,bottle,80,7.535379
226,1.0000,bowl,80,6.542287
226,1.0000,box,80,7.680927
226,1.0000,bread,80,6.556597
226,1.0000,break,80,7.306444
226,1.0000,bring,80,6.551576
226,1.0000,broken,80,7.998030
226,1.0000,brown,80,6.140541
226,1.0000,brush,80,5.927410
226,1.0000,build,80,6.940899
226,1.0000,bus,80,8.392057
226,1.0000,but,80,3.121999
226,1.0000,butter,80,6.367775
226,1.0000,button,80,4.551928
226,1.0000,buy,80,5.820998
226,1.0000,by,80,3.485745
226,1.0000,cake,80,5.692017
226,1.0000,call,80,7.079954
226,1.0000,camera,80,4.956313
226,1.0000,can,80,3.054511
226,1.0000,car,80,3.732876
226,1.0000,careful,80,6.067821
226,1.0000,carry,80,7.250889
226,1.0000,cat,80,5.732567
226,1.0000,catch,80,7.820265
226,1.0000,chair,80,6.038730
226,1.0000,cheese,80,4.490632
226,1.0000,chicken,80,6.310214
226,1.0000,child,80,3.834547
226,1.0000,chocolate,80,6.167176
226,1.0000,clean,80,5.745602
226,1.0000,clock,80,7.780893
226,1.0000,close,80,6.800832
226,1.0000,cloud,80,7.960810
226,1.0000,coat,80,6.119927
226,1.0000,coffee,80,6.632008
226,1.0000,cold,80,5.769424
226,1.0000,comb,80,8.232795
226,1.0000,cook,80,6.166952
226,1.0000,corn,80,7.052362
226,1.0000,could,80,4.930624
226,1.0000,country,80,6.379800
226,1.0000,cover,80,6.984045
226,1.0000,cow,80,8.218480
226,1.0000,cry,80,6.997765
226,1.0000,cup,80,5.988186
226,1.0000,cut,80,7.794092
226,1.0000,dark,80,7.190886
226,1.0000,day,80,4.695359
226,1.0000,deer,80,7.328127
226,1.0000,did,80,5.393671
226,1.0000,dish,80,5.870311
226,1.0000,do,80,3.950102
226,1.0000,doctor,80,5.157948
226,1.0000,does,80,3.990214
226,1.0000,dog,80,4.312535
226,1.0000,doll,80,7.070539
226,1.0000,door,80,5.909541
226,1.0000,down,80,4.855254
226,1.0000,draw,80,6.415149
226,1.0000,dress,80,7.280167
226,1.0000,drink,80,7.617665
226,1.0000,drive,80,6.338722
226,1.0000,drop,80,8.666755
226,1.0000,dry,80,6.194072
226,1.0000,each,80,5.301037
226,1.0000,ear,80,5.687509
226,1.0000,eat,80,5.015484
226,1.0000,egg,80,5.210583
226,1.0000,empty,80,8.045949
226,1.0000,every,80,6.204287
226,1.0000,eye,80,6.082310
226,1.0000,face,80,7.108934
226,1.0000,fall,80,7.028587
226,1.0000,farm,80,6.618758
226,1.0000,fast,80,7.131216
226,1.0000,feed,80,6.601750
226,1.0000,find,80,4.579774
226,1.0000,fine,80,6.955229
226,1.0000,finger,80,6.740452
226,1.0000,finish,80,7.299964
226,1.0000,first,80,4.791544
226,1.0000,fish,80,5.164763
226,1.0000,fit,80,7.002032
226,1.0000,fix,80,7.960286
226,1.0000,flower,80,6.641012
226,1.0000,food,80,4.539995
226,1.0000,foot,80,7.092637
226,1.0000,for,80,3.345674
226,1.0000,friend,80,6.149929
226,1.0000,full,80,7.564862
226,1.0000,game,80,6.219037
226,1.0000,garden,80,6.112342
226,1.0000,gas,80,3.040027
226,1.0000,gentle,80,8.264463
226,1.0000,get,80,4.796856
226,1.0000,give,80,5.497161
226,1.0000,glass,80,6.598606
226,1.0000,glasses,80,6.772818
226,1.0000,go,80,5.191688
226,1.0000,good,80,5.027163
226,1.0000,grass,80,6.916835
226,1.0000,green,80,6.427803
226,1.0000,gum,80,6.558592
226,1.0000,hair,80,6.854627
226,1.0000,hand,80,5.113530
226,1.0000,happy,80,6.066790
226,1.0000,hard,80,6.707556
226,1.0000,have,80,3.344400
226,1.0000,he,80,4.764306
226,1.0000,head,80,5.453594
226,1.0000,hear,80,5.242984
226,1.0000,heavy,80,7.968196
226,1.0000,help,80,3.770960
226,1.0000,her,80,4.205579
226,1.0000,here,80,6.461644
226,1.0000,high,80,5.782749
226,1.0000,him,80,5.296860
226,1.0000,his,80,4.241374
226,1.0000,hit,80,7.381557
226,1.0000,hold,80,7.460807
226,1.0000,home,80,5.155427
226,1.0000,horse,80,7.040234
226,1.0000,hot,80,6.212827
226,1.0000,house,80,7.450284
226,1.0000,how,80,3.492189
226,1.0000,hurt,80,8.620079
226,1.0000,i,80,7.032896
226,1.0000,ice,80,6.548583
226,1.0000,if,80,4.578310
226,1.0000,inside,80,7.142352
226,1.0000,into,80,3.720523
226,1.0000,is,80,2.093497
226,1.0000,it,80,3.217408
226,1.0000,juice,80,5.120180
226,1.0000,jump,80,7.525954
226,1.0000,kitchen,80,6.630231
226,1.0000,knife,80,6.381057
226,1.0000,last,80,6.914992
226,1.0000,later,80,6.788610
226,1.0000,lawn,80,7.121955
226,1.0000,leg,80,8.418189
226,1.0000,light,80,4.661456
226,1.0000,like,80,4.084787
226,1.0000,listen,80,6.866368
226,1.0000,little,80,5.851692
226,1.0000,living,80,7.410083
226,1.0000,long,80,5.132240
226,1.0000,look,80,5.021882
226,1.0000,loud,80,7.664754
226,1.0000,love,80,5.819745
226,1.0000,make,80,4.844253
226,1.0000,man,80,7.706197
226,1.0000,me,80,5.351979
226,1.0000,meat,80,5.750830
226,1.0000,medicine,80,6.652669
226,1.0000,milk,80,5.731275
226,1.0000,mine,80,8.705388
226,1.0000,money,80,5.437659
226,1.0000,moon,80,6.065605
226,1.0000,more,80,3.938970
226,1.0000,morning,80,5.760506
226,1.0000,mouse,80,6.295055
226,1.0000,mouth,80,5.037085
226,1.0000,movie,80,6.875843
226,1.0000,much,80,4.182415
226,1.0000,my,80,4.993502
226,1.0000,myself,80,5.669912
226,1.0000,need,80,3.882516
226,1.0000,new,80,5.347417
226,1.0000,next,80,6.070730
226,1.0000,nice,80,6.527431
226,1.0000,night,80,5.105607
226,1.0000,no,80,4.837786
226,1.0000,none,80,8.913367
226,1.0000,nose,80,5.647807
226,1.0000,not,80,3.031444
226,1.0000,now,80,5.904969
226,1.0000,nuts,80,5.782655
226,1.0000,of,80,1.616693
226,1.0000,off,80,5.648077
226,1.0000,old,80,5.404216
226,1.0000,on,80,3.755876
226,1.0000,open,80,7.519206
226,1.0000,orange,80,7.035689
226,1.0000,other,80,4.286470
226,1.0000,our,80,4.588596
226,1.0000,out,80,4.334079
226,1.0000,outside,80,7.555671
226,1.0000,oven,80,4.715531
226,1.0000,over,80,6.044686
226,1.0000,paint,80,7.550110
226,1.0000,paper,80,5.446501
226,1.0000,park,80,7.227472
226,1.0000,party,80,6.771208
226,1.0000,pen,80,8.274630
226,1.0000,people,80,4.146171
226,1.0000,person,80,5.968581
226,1.0000,pick,80,8.201979
226,1.0000,picture,80,6.101683
226,1.0000,pig,80,5.263965
226,1.0000,plant,80,4.865844
226,1.0000,plate,80,5.571879
226,1.0000,play,80,5.789148
226,1.0000,please,80,5.258762
226,1.0000,pool,80,6.320795
226,1.0000,poor,80,7.547890
226,1.0000,present,80,6.723850
226,1.0000,pretty,80,6.666646
226,1.0000,pull,80,7.777857
226,1.0000,puppy,80,4.678070
226,1.0000,push,80,7.390480
226,1.0000,put,80,6.420668
226,1.0000,quiet,80,7.897423
226,1.0000,radio,80,8.682636
226,1.0000,rain,80,6.107839
226,1.0000,read,80,6.712625
226,1.0000,red,80,5.805648
226,1.0000,ride,80,6.783601
226,1.0000,rock,80,7.367471
226,1.0000,roof,80,5.727549
226,1.0000,room,80,6.061292
226,1.0000,run,80,7.607779
226,1.0000,salt,80,6.573650
226,1.0000,same,80,3.736601
226,1.0000,sauce,80,5.210493
226,1.0000,say,80,5.043175
226,1.0000,school,80,5.423700
226,1.0000,see,80,4.174127
226,1.0000,share,80,6.633198
226,1.0000,she,80,3.949117
226,1.0000,shopping,80,7.473444
226,1.0000,show,80,6.292296
226,1.0000,shower,80,7.318320
226,1.0000,sick,80,7.177665
226,1.0000,sing,80,8.686617
226,1.0000,sit,80,7.369259
226,1.0000,sky,80,7.281966
226,1.0000,sleep,80,4.979606
226,1.0000,slow,80,6.837315
226,1.0000,snow,80,7.360458
226,1.0000,so,80,5.060585
226,1.0000,soap,80,5.842931
226,1.0000,soda,80,5.016703
226,1.0000,soft,80,7.379162
226,1.0000,some,80,4.791219
226,1.0000,stand,80,6.960925
226,1.0000,star,80,8.503209
226,1.0000,stay,80,6.651772
226,1.0000,stick,80,8.294083
226,1.0000,stone,80,7.323404
226,1.0000,stop,80,6.872775
226,1.0000,store,80,6.624191
226,1.0000,story,80,5.626089
226,1.0000,street,80,7.771651
226,1.0000,stuck,80,7.013812
226,1.0000,sun,80,5.467500
226,1.0000,swim,80,8.194322
226,1.0000,table,80,5.602825
226,1.0000,take,80,5.227109
226,1.0000,talk,80,6.746887
226,1.0000,tape,80,7.677095
226,1.0000,taste,80,5.885686
226,1.0000,teacher,80,6.526821
226,1.0000,that,80,2.906012
226,1.0000,the,80,2.048526
226,1.0000,their,80,3.063090
226,1.0000,them,80,3.914997
226,1.0000,then,80,5.174783
226,1.0000,there,80,4.385964
226,1.0000,these,80,4.793036
226,1.0000,they,80,3.238046
226,1.0000,think,80,3.916375
226,1.0000,this,80,4.382792
226,1.0000,those,80,5.587782
226,1.0000,throw,80,8.278891
226,1.0000,time,80,3.314115
226,1.0000,tiny,80,7.243596
226,1.0000,tissue,80,5.825276
226,1.0000,to,80,2.124648
226,1.0000,today,80,6.646014
226,1.0000,too,80,5.663688
226,1.0000,tooth,80,5.379705
226,1.0000,touch,80,6.193787
226,1.0000,train,80,6.858869
226,1.0000,tree,80,4.980492
226,1.0000,truck,80,8.591872
226,1.0000,try,80,8.385292
226,1.0000,turn,80,6.156778
226,1.0000,under,80,7.193563
226,1.0000,up,80,4.483256
226,1.0000,us,80,3.899616
226,1.0000,vacuum,80,7.779305
226,1.0000,wait,80,6.358069
226,1.0000,walk,80,7.717197
226,1.0000,was,80,3.688974
226,1.0000,wash,80,8.001049
226,1.0000,washing,80,8.143439
226,1.0000,watch,80,6.907304
226,1.0000,water,80,4.432647
226,1.0000,we,80,3.891209
226,1.0000,were,80,4.081027
226,1.0000,wet,80,7.984173
226,1.0000,what,80,4.251722
226,1.0000,when,80,5.025061
226,1.0000,where,80,5.020071
226,1.0000,which,80,4.235472
226,1.0000,white,80,4.976860
226,1.0000,who,80,3.894209
226,1.0000,why,80,3.800767
226,1.0000,will,80,3.942054
226,1.0000,wind,80,5.797915
226,1.0000,window,80,6.688414
226,1.0000,wish,80,6.658078
226,1.0000,with,80,3.055363
226,1.0000,work,80,5.725056
226,1.0000,would,80,4.523726
226,1.0000,write,80,6.345512
226,1.0000,yard,80,7.474823
226,1.0000,yellow,80,6.341325
226,1.0000,yes,80,6.788761
226,1.0000,you,80,2.914136
226,1.0000,your,80,3.152389
226,1.0000,yourself,80,5.069926
284,1.0000,a,80,2.634913
284,1.0000,about,80,3.245949
284,1.0000,above,80,5.999271
284,1.0000,after,80,7.228727
284,1.0000,all,80,5.158791
284,1.0000,am,80,5.674295
284,1.0000,and,80,2.353092
284,1.0000,animal,80,6.156160
284,1.0000,another,80,5.316115
284,1.0000,any,80,3.822080
284,1.0000,are,80,2.347382
284,1.0000,arm,80,7.039961
284,1.0000,around,80,5.699910
284,1.0000,at,80,5.041145
284,1.0000,away,80,5.378038
284,1.0000,baby,80,6.390415
284,1.0000,back,80,4.882713
284,1.0000,bad,80,6.353370
284,1.0000,ball,80,5.504462
284,1.0000,bat,80,8.890922
284,1.0000,bath,80,6.288316
284,1.0000,be,80,2.198081
284,1.0000,beach,80,7.406138
284,1.0000,beans,80,4.537406
284,1.0000,bear,80,6.485422
284,1.0000,because,80,5.758244
284,1.0000,bed,80,5.101685
284,1.0000,bee,80,5.219691
284,1.0000,before,80,5.586086
284,1.0000,behind,80,5.569445
284,1.0000,belt,80,6.898438
284,1.0000,better,80,4.819720
284,1.0000,big,80,7.015572
284,1.0000,bird,80,6.639329
284,1.0000,bite,80,5.488828
284,1.0000,black,80,6.048920
284,1.0000,block,80,6.860346
284,1.0000,blow,80,8.088211
284,1.0000,blue,80,7.460984
284,1.0000,boat,80,8.079811
284,1.0000,book,80,5.731203
284,1.0000,bottle,80,7.565307
284,1.0000,bowl,80,6.172646
284,1.0000,box,80,7.368351
284,1.0000,bread,80,7.314895
284,1.0000,break,80,7.048082
284,1.0000,bring,80,5.997634
284,1.0000,broken,80,7.817359
284,1.0000,brown,80,6.290404
284,1.0000,brush,80,5.522207
284,1.0000,build,80,6.753181
284,1.0000,bus,80,8.122257
284,1.0000,but,80,3.182517
284,1.0000,butter,80,5.922814
284,1.0000,button,80,5.129077
284,1.0000,buy,80,5.561025
284,1.0000,by,80,3.291375
284,1.0000,cake,80,6.711057
284,1.0000,call,80,6.968845
284,1.0000,camera,80,4.327176
284,1.0000,can,80,3.274930
284,1.0000,car,80,4.061487
284,1.0000,careful,80,5.941929
284,1.0000,carry,80,7.045617
284,1.0000,cat,80,5.741353
284,1.0000,catch,80,7.495525
284,1.0000,chair,80,5.732438
284,1.0000,cheese,80,4.604158
284,1.0000,chicken,80,6.018582
284,1.0000,child,80,3.900461
284,1.0000,chocolate,80,5.456890
284,1.0000,clean,80,5.524889
284,1.0000,clock,80,7.995048
284,1.0000,close,80,6.851598
284,1.0000,cloud,80,8.961786
284,1.0000,coat,80,5.788633
284,1.0000,coffee,80,6.229117
284,1.0000,cold,80,5.254674
284,1.0000,comb,80,7.914322
284,1.0000,cook,80,5.657339
284,1.0000,corn,80,7.067712
284,1.0000,could,80,5.026250
284,1.0000,country,80,5.683912
284,1.0000,cover,80,7.019911
284,1.0000,cow,80,8.776107
284,1.0000,cry,80,7.143315
284,1.0000,cup,80,5.608300
284,1.0000,cut,80,7.538250
284,1.0000,dark,80,7.203714
284,1.0000,day,80,4.898575
284,1.0000,deer,80,6.865166
284,1.0000,did,80,5.491398
284,1.0000,dish,80,5.290871
284,1.0000,do,80,3.942809
284,1.0000,doctor,80,4.709223
284,1.0000,does,80,3.935708
284,1.0000,dog,80,4.194108
284,1.0000,doll,80,7.235092
284,1.0000,door,80,6.278742
284,1.0000,down,80,4.330906
284,1.0000,draw,80,5.970289
284,1.0000,dress,80,7.423248
284,1.0000,drink,80,6.904206
284,1.0000,drive,80,6.538752
284,1.0000,drop,80,7.853300
284,1.0000,dry,80,5.771224
284,1.0000,each,80,5.468962
284,1.0000,ear,80,5.702125
284,1.0000,eat,80,4.781813
284,1.0000,egg,80,4.656071
284,1.0000,empty,80,8.621775
284,1.0000,every,80,6.164816
284,1.0000,eye,80,5.896475
284,1.0000,face,80,7.422217
284,1.0000,fall,80,7.096387
284,1.0000,farm,80,6.858310
284,1.0000,fast,80,6.951691
284,1.0000,feed,80,6.266892
284,1.0000,find,80,4.227592
284,1.0000,fine,80,6.736847
284,1.0000,finger,80,8.123290
284,1.0000,finish,80,7.297570
284,1.0000,first,80,4.638767
284,1.0000,fish,80,5.056834
284,1.0000,fit,80,7.370042
284,1.0000,fix,80,7.634586
284,1.0000,flower,80,6.841957
284,1.0000,food,80,4.610104
284,1.0000,foot,80,7.463419
284,1.0000,for,80,3.189002
284,1.0000,friend,80,5.551155
284,1.0000,full,80,7.730121
284,1.0000,game,80,5.641565
284,1.0000,garden,80,5.435035
284,1.0000,gas,80,3.784060
284,1.0000,gentle,80,8.205657
284,1.0000,get,80,4.322418
284,1.0000,give,80,5.006452
284,1.0000,glass,80,6.589249
284,1.0000,glasses,80,6.511756
284,1.0000,go,80,5.153758
284,1.0000,good,80,4.758027
284,1.0000,grass,80,7.072291
284,1.0000,green,80,6.444336
284,1.0000,gum,80,5.476142
284,1.0000,hair,80,6.842223
284,1.0000,hand,80,5.042023
284,1.0000,happy,80,6.050235
284,1.0000,hard,80,6.622676
284,1.0000,have,80,3.609635
284,1.0000,he,80,4.626137
284,1.0000,head,80,4.741082
284,1.0000,hear,80,5.495895
284,1.0000,heavy,80,7.997309
284,1.0000,help,80,3.319965
284,1.0000,her,80,4.192178
284,1.0000,here,80,6.777146
284,1.0000,high,80,5.892492
284,1.0000,him,80,5.451998
284,1.0000,his,80,4.041862
284,1.0000,hit,80,7.715432
284,1.0000,hold,80,7.467942
284,1.0000,home,80,5.596323
284,1.0000,horse,80,6.845914
284,1.0000,hot,80,6.501918
284,1.0000,house,80,7.236492
284,1.0000,how,80,3.227199
284,1.0000,hurt,80,7.846641
284,1.0000,i,80,7.178650
284,1.0000,ice,80,6.841989
284,1.0000,if,80,4.648171
284,1.0000,inside,80,7.044951
284,1.0000,into,80,2.961702
284,1.0000,is,80,2.449383
284,1.0000,it,80,3.253012
284,1.0000,juice,80,4.905506
284,1.0000,jump,80,7.904402
284,1.0000,kitchen,80,6.210247
284,1.0000,knife,80,5.837521
284,1.0000,last,80,6.523451
284,1.0000,later,80,6.701838
284,1.0000,lawn,80,6.355139
284,1.0000,leg,80,8.269086
284,1.0000,light,80,4.700720
284,1.0000,like,80,4.053212
284,1.0000,listen,80,6.751817
284,1.0000,little,80,5.797331
284,1.0000,living,80,6.986946
284,1.0000,long,80,5.036892
284,1.0000,look,80,5.055135
284,1.0000,loud,80,7.305520
284,1.0000,love,80,5.377554
284,1.0000,make,80,4.539046
284,1.0000,man,80,7.868907
284,1.0000,me,80,4.998647
284,1.0000,meat,80,5.295851
284,1.0000,medicine,80,6.875344
284,1.0000,milk,80,5.498335
284,1.0000,mine,80,8.035715
284,1.0000,money,80,5.089578
284,1.0000,moon,80,6.885547
284,1.0000,more,80,3.950937
284,1.0000,morning,80,6.121988
284,1.0000,mouse,80,6.146714
284,1.0000,mouth,80,4.760920
284,1.0000,movie,80,7.074541
284,1.0000,much,80,4.349808
284,1.0000,my,80,4.918030
284,1.0000,myself,80,5.640381
284,1.0000,need,80,3.758939
284,1.0000,new,80,5.211178
284,1.0000,next,80,5.658795
284,1.0000,nice,80,6.515814
284,1.0000,night,80,5.225034
284,1.0000,no,80,4.776311
284,1.0000,none,80,8.129960
284,1.0000,nose,80,5.605417
284,1.0000,not,80,3.311613
284,1.0000,now,80,5.718137
284,1.0000,nuts,80,5.749892
284,1.0000,of,80,1.731269
284,1.0000,off,80,5.329934
284,1.0000,old,80,5.471016
284,1.0000,on,80,3.676854
284,1.0000,open,80,7.245222
284,1.0000,orange,80,7.126245
284,1.0000,other,80,3.622823
284,1.0000,our,80,4.207179
284,1.0000,out,80,4.260435
284,1.0000,outside,80,7.592358
284,1.0000,oven,80,4.778678
284,1.0000,over,80,5.873434
284,1.0000,paint,80,7.552278
284,1.0000,paper,80,5.335744
284,1.0000,park,80,7.470572
284,1.0000,party,80,6.594801
284,1.0000,pen,80,8.359933
284,1.0000,people,80,4.069612
284,1.0000,person,80,6.152865
284,1.0000,pick,80,7.732331
284,1.0000,picture,80,6.186423
284,1.0000,pig,80,5.186866
284,1.0000,plant,80,4.673898
284,1.0000,plate,80,6.155827
284,1.0000,play,80,5.756127
284,1.0000,please,80,5.463556
284,1.0000,pool,80,5.878749
284,1.0000,poor,80,8.091564
284,1.0000,present,80,6.856204
284,1.0000,pretty,80,6.401367
284,1.0000,pull,80,7.211783
284,1.0000,puppy,80,5.783309
284,1.0000,push,80,7.249297
284,1.0000,put,80,6.288620
284,1.0000,quiet,80,7.868592
284,1.0000,radio,80,7.894854
284,1.0000,rain,80,6.289528
284,1.0000,read,80,6.354806
284,1.0000,red,80,6.326394
284,1.0000,ride,80,7.437183
284,1.0000,rock,80,7.566505
284,1.0000,roof,80,4.679992
284,1.0000,room,80,5.996770
284,1.0000,run,80,7.474015
284,1.0000,salt,80,6.641985
284,1.0000,same,80,4.075705
284,1.0000,sauce,80,5.093676
284,1.0000,say,80,5.173985
284,1.0000,school,80,5.365196
284,1.0000,see,80,3.983914
284,1.0000,share,80,6.374086
284,1.0000,she,80,3.952902
284,1.0000,shopping,80,7.875428
284,1.0000,show,80,6.593890
284,1.0000,shower,80,6.236350
284,1.0000,sick,80,7.419193
284,1.0000,sing,80,9.101025
284,1.0000,sit,80,6.669961
284,1.0000,sky,80,7.291357
284,1.0000,sleep,80,4.378796
284,1.0000,slow,80,6.743940
284,1.0000,snow,80,7.446781
284,1.0000,so,80,5.357519
284,1.0000,soap,80,4.746594
284,1.0000,soda,80,4.104338
284,1.0000,soft,80,7.893529
284,1.0000,some,80,4.532458
284,1.0000,stand,80,6.710374
284,1.0000,star,80,8.473179
284,1.0000,stay,80,6.224046
284,1.0000,stick,80,8.142427
284,1.0000,stone,80,6.754140
284,1.0000,stop,80,7.137888
284,1.0000,store,80,6.356288
284,1.0000,story,80,5.383580
284,1.0000,street,80,7.496325
284,1.0000,stuck,80,6.634297
284,1.0000,sun,80,5.254921
284,1.0000,swim,80,8.790243
284,1.0000,table,80,5.930619
284,1.0000,take,80,4.916642
284,1.0000,talk,80,7.115777
284,1.0000,tape,80,6.945672
284,1.0000,taste,80,5.835919
284,1.0000,teacher,80,7.204173
284,1.0000,that,80,2.773072
284,1.0000,the,80,2.106956
284,1.0000,their,80,2.774611
284,1.0000,them,80,3.602846
284,1.0000,then,80,4.801787
284,1.0000,there,80,4.306136
284,1.0000,these,80,4.280443
284,1.0000,they,80,2.940287
284,1.0000,think,80,3.845074
284,1.0000,this,80,3.985926
284,1.0000,those,80,5.208052
284,1.0000,throw,80,8.434944
284,1.0000,time,80,3.307889
284,1.0000,tiny,80,7.789674
284,1.0000,tissue,80,5.314121
284,1.0000,to,80,2.046371
284,1.0000,today,80,6.966565
284,1.0000,too,80,5.578541
284,1.0000,tooth,80,5.115819
284,1.0000,touch,80,5.703034
284,1.0000,train,80,7.196791
284,1.0000,tree,80,4.707386
284,1.0000,truck,80,7.999002
284,1.0000,try,80,8.216019
284,1.0000,turn,80,6.155326
284,1.0000,under,80,7.377823
284,1.0000,up,80,4.199798
284,1.0000,us,80,3.706752
284,1.0000,vacuum,80,7.916524
284,1.0000,wait,80,5.459640
284,1.0000,walk,80,7.160908
284,1.0000,was,80,3.792398
284,1.0000,wash,80,7.233243
284,1.0000,washing,80,7.299334
284,1.0000,watch,80,5.911437
284,1.0000,water,80,4.554859
284,1.0000,we,80,3.733168
284,1.0000,were,80,4.246837
284,1.0000,wet,80,7.696323
284,1.0000,what,80,4.379463
284,1.0000,when,80,4.916284
284,1.0000,where,80,5.298835
284,1.0000,which,80,4.200933
284,1.0000,white,80,4.784692
284,1.0000,who,80,3.702197
284,1.0000,why,80,3.548144
284,1.0000,will,80,3.883185
284,1.0000,wind,80,5.698960
284,1.0000,window,80,6.605518
284,1.0000,wish,80,6.578153
284,1.0000,with,80,2.901180
284,1.0000,work,80,5.376460
284,1.0000,would,80,4.230617
284,1.0000,write,80,6.006379
284,1.0000,yard,80,6.602011
284,1.0000,yellow,80,6.488065
284,1.0000,yes,80,6.342418
284,1.0000,you,80,2.506423
284,1.0000,your,80,2.731552
284,1.0000,yourself,80,4.253961
355,1.0000,a,80,2.548286
355,1.0000,about,80,3.565820
355,1.0000,above,80,6.579433
355,1.0000,after,80,7.322514
355,1.0000,all,80,5.451584
355,1.0000,am,80,5.770085
355,1.0000,and,80,2.385267
355,1.0000,animal,80,6.298458
355,1.0000,another,80,5.547582
355,1.0000,any,80,3.707472
355,1.0000,are,80,2.405268
355,1.0000,arm,80,7.098331
355,1.0000,around,80,5.676198
355,1.0000,at,80,5.086417
355,1.0000,away,80,5.912121
355,1.0000,baby,80,6.213331
355,1.0000,back,80,5.439608
355,1.0000,bad,80,6.641478
355,1.0000,ball,80,5.994601
355,1.0000,bat,80,8.983978
355,1.0000,bath,80,6.605083
355,1.0000,be,80,2.225614
355,1.0000,beach,80,8.333419
355,1.0000,beans,80,5.883810
355,1.0000,bear,80,6.037748
355,1.0000,because,80,5.720156
355,1.0000,bed,80,5.622023
355,1.0000,bee,80,5.115703
355,1.0000,before,80,5.906166
355,1.0000,behind,80,5.680982
355,1.0000,belt,80,7.302647
355,1.0000,better,80,5.517968
355,1.0000,big,80,7.514772
355,1.0000,bird,80,6.832473
355,1.0000,bite,80,6.388944
355,1.0000,black,80,6.648943
355,1.0000,block,80,6.614089
355,1.0000,blow,80,8.629755
355,1.0000,blue,80,7.275973
355,1.0000,boat,80,8.322979
355,1.0000,book,80,6.221519
355,1.0000,bottle,80,8.320682
355,1.0000,bowl,80,6.232030
355,1.0000,box,80,8.290293
355,1.0000,bread,80,7.348248
355,1.0000,break,80,7.142961
355,1.0000,bring,80,6.745738
355,1.0000,broken,80,7.981898
355,1.0000,brown,80,6.120770
355,1.0000,brush,80,5.821165
355,1.0000,build,80,6.701262
355,1.0000,bus,80,7.950857
355,1.0000,but,80,3.313664
355,1.0000,butter,80,6.073904
355,1.0000,button,80,5.329898
355,1.0000,buy,80,5.611845
355,1.0000,by,80,3.284141
355,1.0000,cake,80,6.646124
355,1.0000,call,80,7.316758
355,1.0000,camera,80,4.980117
355,1.0000,can,80,2.997731
355,1.0000,car,80,4.005918
355,1.0000,careful,80,5.775951
355,1.0000,carry,80,7.020853
355,1.0000,cat,80,6.377672
355,1.0000,catch,80,7.805925
355,1.0000,chair,80,5.327119
355,1.0000,cheese,80,5.807896
355,1.0000,chicken,80,6.626305
355,1.0000,child,80,3.699566
355,1.0000,chocolate,80,6.331899
355,1.0000,clean,80,5.858253
355,1.0000,clock,80,8.511508
355,1.0000,close,80,7.287049
355,1.0000,cloud,80,8.889705
355,1.0000,coat,80,6.380981
355,1.0000,coffee,80,6.907805
355,1.0000,cold,80,5.443977
355,1.0000,comb,80,8.513893
355,1.0000,cook,80,6.766113
355,1.0000,corn,80,7.559191
355,1.0000,could,80,4.667395
355,1.0000,country,80,6.290568
355,1.0000,cover,80,7.270656
355,1.0000,cow,80,8.248155
355,1.0000,cry,80,7.993096
355,1.0000,cup,80,5.410815
355,1.0000,cut,80,7.497164
355,1.0000,dark,80,7.631319
355,1.0000,day,80,4.797082
355,1.0000,deer,80,7.621850
355,1.0000,did,80,5.076614
355,1.0000,dish,80,6.390452
355,1.0000,do,80,3.865613
355,1.0000,doctor,80,5.168724
355,1.0000,does,80,3.872933
355,1.0000,dog,80,4.875745
355,1.0000,doll,80,7.904906
355,1.0000,door,80,6.561660
355,1.0000,down,80,4.607311
355,1.0000,draw,80,6.333211
355,1.0000,dress,80,7.899209
355,1.0000,drink,80,7.096194
355,1.0000,drive,80,6.500270
355,1.0000,drop,80,8.318515
355,1.0000,dry,80,6.210816
355,1.0000,each,80,5.113749
355,1.0000,ear,80,5.800021
355,1.0000,eat,80,4.869800
355,1.0000,egg,80,5.037382
355,1.0000,empty,80,8.692781
355,1.0000,every,80,6.370718
355,1.0000,eye,80,5.848895
355,1.0000,face,80,7.381868
355,1.0000,fall,80,7.282141
355,1.0000,farm,80,6.740197
355,1.0000,fast,80,7.522563
355,1.0000,feed,80,6.407730
355,1.0000,find,80,4.557375
355,1.0000,fine,80,6.555359
355,1.0000,finger,80,7.953081
355,1.0000,finish,80,7.643019
355,1.0000,first,80,4.918924
355,1.0000,fish,80,5.495427
355,1.0000,fit,80,7.193099
355,1.0000,fix,80,8.154500
355,1.0000,flower,80,7.225314
355,1.0000,food,80,4.722732
355,1.0000,foot,80,7.422760
355,1.0000,for,80,3.139390
355,1.0000,friend,80,5.811828
355,1.0000,full,80,7.890980
355,1.0000,game,80,6.399346
355,1.0000,garden,80,6.476940
355,1.0000,gas,80,3.853281
355,1.0000,gentle,80,8.976475
355,1.0000,get,80,4.672319
355,1.0000,give,80,5.036742
355,1.0000,glass,80,6.821557
355,1.0000,glasses,80,6.454620
355,1.0000,go,80,5.267888
355,1.0000,good,80,5.344088
355,1.0000,grass,80,7.155823
355,1.0000,green,80,6.925251
355,1.0000,gum,80,6.233882
355,1.0000,hair,80,6.894001
355,1.0000,hand,80,5.212661
355,1.0000,happy,80,6.353719
355,1.0000,hard,80,7.149017
355,1.0000,have,80,3.482911
355,1.0000,he,80,4.790422
355,1.0000,head,80,5.009052
355,1.0000,hear,80,5.718322
355,1.0000,heavy,80,8.286754
355,1.0000,help,80,3.248393
355,1.0000,her,80,4.196097
355,1.0000,here,80,6.720710
355,1.0000,high,80,6.128374
355,1.0000,him,80,5.315798
355,1.0000,his,80,4.576261
355,1.0000,hit,80,7.833260
355,1.0000,hold,80,7.395605
355,1.0000,home,80,5.480887
355,1.0000,horse,80,6.810841
355,1.0000,hot,80,6.388516
355,1.0000,house,80,7.779520
355,1.0000,how,80,3.447533
355,1.0000,hurt,80,8.257399
355,1.0000,i,80,7.112640
355,1.0000,ice,80,6.067434
355,1.0000,if,80,4.520866
355,1.0000,inside,80,7.069864
355,1.0000,into,80,3.189830
355,1.0000,is,80,2.266019
355,1.0000,it,80,2.923754
355,1.0000,juice,80,4.848174
355,1.0000,jump,80,7.963263
355,1.0000,kitchen,80,6.452136
355,1.0000,knife,80,6.732043
355,1.0000,last,80,6.856363
355,1.0000,later,80,6.845707
355,1.0000,lawn,80,7.144102
355,1.0000,leg,80,8.774493
355,1.0000,light,80,4.814691
355,1.0000,like,80,4.300615
355,1.0000,listen,80,7.645083
355,1.0000,little,80,6.154792
355,1.0000,living,80,7.563160
355,1.0000,long,80,5.329858
355,1.0000,look,80,5.259370
355,1.0000,loud,80,6.995578
355,1.0000,love,80,6.213718
355,1.0000,make,80,4.771700
355,1.0000,man,80,8.027214
355,1.0000,me,80,4.751631
355,1.0000,meat,80,5.896118
355,1.0000,medicine,80,6.923785
355,1.0000,milk,80,6.058188
355,1.0000,mine,80,9.149648
355,1.0000,money,80,5.531799
355,1.0000,moon,80,6.495098
355,1.0000,more,80,4.309221
355,1.0000,morning,80,5.702245
355,1.0000,mouse,80,6.296444
355,1.0000,mouth,80,5.388164
355,1.0000,movie,80,7.613552
355,1.0000,much,80,4.886287
355,1.0000,my,80,5.081444
355,1.0000,myself,80,5.413849
355,1.0000,need,80,4.211204
355,1.0000,new,80,5.369770
355,1.0000,next,80,6.490339
355,1.0000,nice,80,7.510757
355,1.0000,night,80,5.518353
355,1.0000,no,80,4.806684
355,1.0000,none,80,9.113148
355,1.0000,nose,80,5.821470
355,1.0000,not,80,3.253647
355,1.0000,now,80,6.191729
355,1.0000,nuts,80,5.863615
355,1.0000,of,80,1.760393
355,1.0000,off,80,5.755726
355,1.0000,old,80,5.908124
355,1.0000,on,80,3.775128
355,1.0000,open,80,7.470123
355,1.0000,orange,80,7.310301
355,1.0000,other,80,4.126554
355,1.0000,our,80,4.327692
355,1.0000,out,80,4.420478
355,1.0000,outside,80,7.709254
355,1.0000,oven,80,5.743147
355,1.0000,over,80,5.764195
355,1.0000,paint,80,7.529553
355,1.0000,paper,80,5.734453
355,1.0000,park,80,7.590096
355,1.0000,party,80,7.448423
355,1.0000,pen,80,8.606524
355,1.0000,people,80,4.252586
355,1.0000,person,80,6.415033
355,1.0000,pick,80,8.364992
355,1.0000,picture,80,6.449626
355,1.0000,pig,80,4.949011
355,1.0000,plant,80,5.104961
355,1.0000,plate,80,5.781750
355,1.0000,play,80,5.851876
355,1.0000,please,80,5.189262
355,1.0000,pool,80,6.907679
355,1.0000,poor,80,8.612614
355,1.0000,present,80,6.593776
355,1.0000,pretty,80,7.337409
355,1.0000,pull,80,7.700421
355,1.0000,puppy,80,5.237649
355,1.0000,push,80,7.605777
355,1.0000,put,80,6.495225
355,1.0000,quiet,80,8.159029
355,1.0000,radio,80,8.426116
355,1.0000,rain,80,6.590942
355,1.0000,read,80,6.814149
355,1.0000,red,80,6.380152
355,1.0000,ride,80,8.051398
355,1.0000,rock,80,8.258879
355,1.0000,roof,80,5.658731
355,1.0000,room,80,6.155506
355,1.0000,run,80,7.455517
355,1.0000,salt,80,6.856179
355,1.0000,same,80,4.586002
355,1.0000,sauce,80,5.627070
355,1.0000,say,80,5.234531
355,1.0000,school,80,5.990831
355,1.0000,see,80,4.569989
355,1.0000,share,80,6.658331
355,1.0000,she,80,3.973126
355,1.0000,shopping,80,7.319460
355,1.0000,show,80,6.925822
355,1.0000,shower,80,7.610958
355,1.0000,sick,80,7.862907
355,1.0000,sing,80,9.021071
355,1.0000,sit,80,6.664319
355,1.0000,sky,80,7.334311
355,1.0000,sleep,80,4.339799
355,1.0000,slow,80,6.813055
355,1.0000,snow,80,7.462516
355,1.0000,so,80,4.899481
355,1.0000,soap,80,5.811338
355,1.0000,soda,80,5.341796
355,1.0000,soft,80,7.732458
355,1.0000,some,80,4.722167
355,1.0000,stand,80,6.913790
355,1.0000,star,80,8.651691
355,1.0000,stay,80,6.542480
355,1.0000,stick,80,8.008561
355,1.0000,stone,80,7.119109
355,1.0000,stop,80,6.570260
355,1.0000,store,80,6.150175
355,1.0000,story,80,6.015523
355,1.0000,street,80,8.032685
355,1.0000,stuck,80,6.822403
355,1.0000,sun,80,6.015886
355,1.0000,swim,80,9.228891
355,1.0000,table,80,6.349666
355,1.0000,take,80,4.934353
355,1.0000,talk,80,7.224268
355,1.0000,tape,80,7.027578
355,1.0000,taste,80,5.878422
355,1.0000,teacher,80,7.319140
355,1.0000,that,80,3.094200
355,1.0000,the,80,1.993217
355,1.0000,their,80,2.668898
355,1.0000,them,80,3.707451
355,1.0000,then,80,4.874112
355,1.0000,there,80,4.263183
355,1.0000,these,80,4.875768
355,1.0000,they,80,3.104213
355,1.0000,think,80,3.914137
355,1.0000,this,80,3.916363
355,1.0000,those,80,5.614625
355,1.0000,throw,80,8.859693
355,1.0000,time,80,3.475230
355,1.0000,tiny,80,7.204318
355,1.0000,tissue,80,5.671596
355,1.0000,to,80,2.055328
355,1.0000,today,80,6.681501
355,1.0000,too,80,5.674257
355,1.0000,tooth,80,4.797781
355,1.0000,touch,80,5.806370
355,1.0000,train,80,7.252663
355,1.0000,tree,80,5.384869
355,1.0000,truck,80,8.463769
355,1.0000,try,80,8.213235
355,1.0000,turn,80,6.263099
355,1.0000,under,80,7.051289
355,1.0000,up,80,4.443385
355,1.0000,us,80,3.897928
355,1.0000,vacuum,80,8.613876
355,1.0000,wait,80,5.925301
355,1.0000,walk,80,7.412434
355,1.0000,was,80,3.430619
355,1.0000,wash,80,8.009627
355,1.0000,washing,80,8.036932
355,1.0000,watch,80,6.983579
355,1.0000,water,80,4.636943
355,1.0000,we,80,3.654819
355,1.0000,were,80,4.352856
355,1.0000,wet,80,8.307245
355,1.0000,what,80,4.358574
355,1.0000,when,80,4.743245
355,1.0000,where,80,5.268337
355,1.0000,which,80,3.903503
355,1.0000,white,80,4.779244
355,1.0000,who,80,3.861766
355,1.0000,why,80,4.090002
355,1.0000,will,80,4.028405
355,1.0000,wind,80,5.541622
355,1.0000,window,80,6.816517
355,1.0000,wish,80,6.745827
355,1.0000,with,80,2.914523
355,1.0000,work,80,5.744465
355,1.0000,would,80,4.394909
355,1.0000,write,80,6.267894
355,1.0000,yard,80,6.655426
355,1.0000,yellow,80,6.552777
355,1.0000,yes,80,5.935386
355,1.0000,you,80,3.122822
355,1.0000,your,80,2.880250
355,1.0000,yourself,80,5.007353
446,1.0000,a,80,2.560805
446,1.0000,about,80,3.466981
446,1.0000,above,80,6.176799
446,1.0000,after,80,6.966534
446,1.0000,all,80,5.091273
446,1.0000,am,80,5.827649
446,1.0000,and,80,1.943512
446,1.0000,animal,80,6.488179
446,1.0000,another,80,4.937680
446,1.0000,any,80,3.832734
446,1.0000,are,80,2.098341
446,1.0000,arm,80,7.200756
446,1.0000,around,80,5.193947
446,1.0000,at,80,4.952082
446,1.0000,away,80,5.600519
446,1.0000,baby,80,6.424613
446,1.0000,back,80,5.350167
446,1.0000,bad,80,6.726534
446,1.0000,ball,80,5.553180
446,1.0000,bat,80,9.401662
446,1.0000,bath,80,7.125404
446,1.0000,be,80,1.921024
446,1.0000,beach,80,8.309237
446,1.0000,beans,80,5.754457
446,1.0000,bear,80,5.989848
446,1.0000,because,80,5.544829
446,1.0000,bed,80,5.731484
446,1.0000,bee,80,5.677499
446,1.0000,before,80,6.000864
446,1.0000,behind,80,5.641391
446,1.0000,belt,80,8.197837
446,1.0000,better,80,5.040433
446,1.0000,big,80,7.673505
446,1.0000,bird,80,7.040675
446,1.0000,bite,80,6.094757
446,1.0000,black,80,6.537970
446,1.0000,block,80,6.749212
446,1.0000,blow,80,8.187417
446,1.0000,blue,80,7.377963
446,1.0000,boat,80,8.368408
446,1.0000,book,80,6.486830
446,1.0000,bottle,80,7.390393
446,1.0000,bowl,80,5.663405
446,1.0000,box,80,7.794835
446,1.0000,bread,80,6.865948
446,1.0000,break,80,7.305624
446,1.0000,bring,80,6.128811
446,1.0000,broken,80,8.032976
446,1.0000,brown,80,6.811693
446,1.0000,brush,80,5.995558
446,1.0000,build,80,6.532194
446,1.0000,bus,80,7.901340
446,1.0000,but,80,3.301623
446,1.0000,butter,80,6.426053
446,1.0000,button,80,4.680554
446,1.0000,buy,80,5.455964
446,1.0000,by,80,3.096024
446,1.0000,cake,80,6.654865
446,1.0000,call,80,7.455676
446,1.0000,camera,80,5.392403
446,1.0000,can,80,2.934152
446,1.0000,car,80,4.108361
446,1.0000,careful,80,5.900593
446,1.0000,carry,80,6.949138
446,1.0000,cat,80,6.652616
446,1.0000,catch,80,7.715294
446,1.0000,chair,80,5.611584
446,1.0000,cheese,80,4.798546
446,1.0000,chicken,80,6.304829
446,1.0000,child,80,4.522213
446,1.0000,chocolate,80,6.944101
446,1.0000,clean,80,5.555154
446,1.0000,clock,80,7.635271
446,1.0000,close,80,6.869284
446,1.0000,cloud,80,8.880623
446,1.0000,coat,80,5.829475
446,1.0000,coffee,80,5.497444
446,1.0000,cold,80,5.688011
446,1.0000,comb,80,8.160365
446,1.0000,cook,80,6.164883
446,1.0000,corn,80,7.414192
446,1.0000,could,80,4.718436
446,1.0000,country,80,6.034072
446,1.0000,cover,80,6.421199
446,1.0000,cow,80,8.258727
446,1.0000,cry,80,7.362439
446,1.0000,cup,80,5.862949
446,1.0000,cut,80,7.137319
446,1.0000,dark,80,7.566402
446,1.0000,day,80,4.545318
446,1.0000,deer,80,8.156562
446,1.0000,did,80,5.196555
446,1.0000,dish,80,6.297513
446,1.0000,do,80,4.132177
446,1.0000,doctor,80,4.973287
446,1.0000,does,80,4.096161
446,1.0000,dog,80,4.505320
446,1.0000,doll,80,7.965843
446,1.0000,door,80,6.105581
446,1.0000,down,80,4.153200
446,1.0000,draw,80,6.349996
446,1.0000,dress,80,7.802282
446,1.0000,drink,80,6.961298
446,1.0000,drive,80,6.537304
446,1.0000,drop,80,8.188726
446,1.0000,dry,80,6.083923
446,1.0000,each,80,4.894922
446,1.0000,ear,80,5.861548
446,1.0000,eat,80,5.024526
446,1.0000,egg,80,5.391748
446,1.0000,empty,80,8.614027
446,1.0000,every,80,5.993363
446,1.0000,eye,80,5.818307
446,1.0000,face,80,7.473318
446,1.0000,fall,80,7.138408
446,1.0000,farm,80,7.396449
446,1.0000,fast,80,7.081550
446,1.0000,feed,80,5.996641
446,1.0000,find,80,4.705690
446,1.0000,fine,80,6.675411
446,1.0000,finger,80,8.083018
446,1.0000,finish,80,7.156693
446,1.0000,first,80,4.917926
446,1.0000,fish,80,5.149654
446,1.0000,fit,80,7.253926
446,1.0000,fix,80,8.163139
446,1.0000,flower,80,7.081454
446,1.0000,food,80,4.334340
446,1.0000,foot,80,7.172576
446,1.0000,for,80,3.120619
446,1.0000,friend,80,5.888618
446,1.0000,full,80,7.712029
446,1.0000,game,80,6.872622
446,1.0000,garden,80,6.513708
446,1.0000,gas,80,4.134261
446,1.0000,gentle,80,8.369004
446,1.0000,get,80,4.464161
446,1.0000,give,80,5.282671
446,1.0000,glass,80,6.322276
446,1.0000,glasses,80,6.443490
446,1.0000,go,80,5.310798
446,1.0000,good,80,4.729197
446,1.0000,grass,80,6.618700
446,1.0000,green,80,6.748827
446,1.0000,gum,80,6.170738
446,1.0000,hair,80,6.621474
446,1.0000,hand,80,4.830698
446,1.0000,happy,80,6.122211
446,1.0000,hard,80,7.123148
446,1.0000,have,80,3.172209
446,1.0000,he,80,4.954522
446,1.0000,head,80,5.087613
446,1.0000,hear,80,5.840343
446,1.0000,heavy,80,7.840994
446,1.0000,help,80,3.617140
446,1.0000,her,80,4.340560
446,1.0000,here,80,7.146034
446,1.0000,high,80,5.721232
446,1.0000,him,80,5.864605
446,1.0000,his,80,4.422024
446,1.0000,hit,80,8.023183
446,1.0000,hold,80,7.544799
446,1.0000,home,80,5.286031
446,1.0000,horse,80,7.507892
446,1.0000,hot,80,6.661452
446,1.0000,house,80,7.899368
446,1.0000,how,80,3.102608
446,1.0000,hurt,80,8.478822
446,1.0000,i,80,7.229851
446,1.0000,ice,80,6.462766
446,1.0000,if,80,4.134371
446,1.0000,inside,80,6.944245
446,1.0000,into,80,2.914798
446,1.0000,is,80,2.092533
446,1.0000,it,80,3.138440
446,1.0000,juice,80,4.300093
446,1.0000,jump,80,7.879955
446,1.0000,kitchen,80,6.719560
446,1.0000,knife,80,6.564508
446,1.0000,last,80,6.509486
446,1.0000,later,80,6.868642
446,1.0000,lawn,80,7.301686
446,1.0000,leg,80,8.903812
446,1.0000,light,80,4.799576
446,1.0000,like,80,4.189100
446,1.0000,listen,80,7.182650
446,1.0000,little,80,6.078755
446,1.0000,living,80,7.501206
446,1.0000,long,80,5.170757
446,1.0000,look,80,5.148859
446,1.0000,loud,80,7.012527
446,1.0000,love,80,5.744572
446,1.0000,make,80,4.526546
446,1.0000,man,80,8.295284
446,1.0000,me,80,4.962948
446,1.0000,meat,80,6.010691
446,1.0000,medicine,80,6.734529
446,1.0000,milk,80,5.777164
446,1.0000,mine,80,9.108280
446,1.0000,money,80,4.812718
446,1.0000,moon,80,6.875123
446,1.0000,more,80,4.022342
446,1.0000,morning,80,6.034913
446,1.0000,mouse,80,6.240881
446,1.0000,mouth,80,5.257124
446,1.0000,movie,80,7.725567
446,1.0000,much,80,4.404412
446,1.0000,my,80,5.035866
446,1.0000,myself,80,5.482496
446,1.0000,need,80,3.714892
446,1.0000,new,80,5.306201
446,1.0000,next,80,6.465062
446,1.0000,nice,80,7.128388
446,1.0000,night,80,5.404319
446,1.0000,no,80,4.590443
446,1.0000,none,80,8.689726
446,1.0000,nose,80,5.678420
446,1.0000,not,80,2.678113
446,1.0000,now,80,6.141117
446,1.0000,nuts,80,6.819953
446,1.0000,of,80,1.700001
446,1.0000,off,80,5.602043
446,1.0000,old,80,5.216928
446,1.0000,on,80,3.907857
446,1.0000,open,80,7.457641
446,1.0000,orange,80,7.232581
446,1.0000,other,80,3.676600
446,1.0000,our,80,4.106910
446,1.0000,out,80,4.110493
446,1.0000,outside,80,7.456594
446,1.0000,oven,80,5.445676
446,1.0000,over,80,5.925391
446,1.0000,paint,80,7.440745
446,1.0000,paper,80,6.073475
446,1.0000,park,80,7.478976
446,1.0000,party,80,7.010661
446,1.0000,pen,80,8.705940
446,1.0000,people,80,4.221136
446,1.0000,person,80,6.470049
446,1.0000,pick,80,8.448982
446,1.0000,picture,80,6.908710
446,1.0000,pig,80,5.267774
446,1.0000,plant,80,4.845632
446,1.0000,plate,80,5.538483
446,1.0000,play,80,5.681121
446,1.0000,please,80,5.339680
446,1.0000,pool,80,6.374584
446,1.0000,poor,80,8.028304
446,1.0000,present,80,6.593293
446,1.0000,pretty,80,6.566854
446,1.0000,pull,80,8.241397
446,1.0000,puppy,80,6.114305
446,1.0000,push,80,7.902746
446,1.0000,put,80,6.388349
446,1.0000,quiet,80,8.480526
446,1.0000,radio,80,7.572720
446,1.0000,rain,80,6.371566
446,1.0000,read,80,6.609389
446,1.0000,red,80,6.354157
446,1.0000,ride,80,7.565375
446,1.0000,rock,80,7.883435
446,1.0000,roof,80,5.964355
446,1.0000,room,80,6.200800
446,1.0000,run,80,7.689052
446,1.0000,salt,80,6.370664
446,1.0000,same,80,3.951440
446,1.0000,sauce,80,5.849673
446,1.0000,say,80,4.848673
446,1.0000,school,80,5.681326
446,1.0000,see,80,3.950275
446,1.0000,share,80,6.431771
446,1.0000,she,80,4.001382
446,1.0000,shopping,80,7.019546
446,1.0000,show,80,6.452953
446,1.0000,shower,80,7.478042
446,1.0000,sick,80,7.743709
446,1.0000,sing,80,9.163420
446,1.0000,sit,80,7.094131
446,1.0000,sky,80,7.150934
446,1.0000,sleep,80,4.656641
446,1.0000,slow,80,6.780120
446,1.0000,snow,80,7.117700
446,1.0000,so,80,5.131826
446,1.0000,soap,80,5.481989
446,1.0000,soda,80,4.787904
446,1.0000,soft,80,7.921294
446,1.0000,some,80,4.482026
446,1.0000,stand,80,6.830373
446,1.0000,star,80,8.489389
446,1.0000,stay,80,6.276917
446,1.0000,stick,80,8.157475
446,1.0000,stone,80,7.379458
446,1.0000,stop,80,6.850944
446,1.0000,store,80,6.332786
446,1.0000,story,80,5.960259
446,1.0000,street,80,8.136789
446,1.0000,stuck,80,6.682719
446,1.0000,sun,80,6.024873
446,1.0000,swim,80,8.122850
446,1.0000,table,80,6.683455
446,1.0000,take,80,4.854718
446,1.0000,talk,80,7.440153
446,1.0000,tape,80,6.513051
446,1.0000,taste,80,6.225838
446,1.0000,teacher,80,6.935729
446,1.0000,that,80,2.690439
446,1.0000,the,80,1.967877
446,1.0000,their,80,2.975240
446,1.0000,them,80,3.293763
446,1.0000,then,80,4.690264
446,1.0000,there,80,4.186261
446,1.0000,these,80,4.463002
446,1.0000,they,80,2.841312
446,1.0000,think,80,3.965521
446,1.0000,this,80,3.768475
446,1.0000,those,80,5.552800
446,1.0000,throw,80,8.966615
446,1.0000,time,80,3.012217
446,1.0000,tiny,80,7.544829
446,1.0000,tissue,80,5.065510
446,1.0000,to,80,1.959332
446,1.0000,today,80,6.775484
446,1.0000,too,80,5.707051
446,1.0000,tooth,80,5.306512
446,1.0000,touch,80,5.830477
446,1.0000,train,80,7.151468
446,1.0000,tree,80,5.412708
446,1.0000,truck,80,7.904141
446,1.0000,try,80,8.474458
446,1.0000,turn,80,6.484974
446,1.0000,under,80,7.151703
446,1.0000,up,80,4.186991
446,1.0000,us,80,3.632796
446,1.0000,vacuum,80,8.732816
446,1.0000,wait,80,6.183122
446,1.0000,walk,80,7.666569
446,1.0000,was,80,3.625190
446,1.0000,wash,80,7.806902
446,1.0000,washing,80,8.306497
446,1.0000,watch,80,6.638639
446,1.0000,water,80,4.417914
446,1.0000,we,80,3.976605
446,1.0000,were,80,4.096570
446,1.0000,wet,80,7.743125
446,1.0000,what,80,4.322671
446,1.0000,when,80,4.421119
446,1.0000,where,80,4.967103
446,1.0000,which,80,3.769740
446,1.0000,white,80,5.075368
446,1.0000,who,80,3.513081
446,1.0000,why,80,3.843090
446,1.0000,will,80,3.856258
446,1.0000,wind,80,5.804779
446,1.0000,window,80,7.552026
446,1.0000,wish,80,6.294591
446,1.0000,with,80,2.775136
446,1.0000,work,80,5.750830
446,1.0000,would,80,4.096538
446,1.0000,write,80,6.855718
446,1.0000,yard,80,7.125317
446,1.0000,yellow,80,6.583914
446,1.0000,yes,80,6.028275
446,1.0000,you,80,2.631117
446,1.0000,your,80,2.947798
446,1.0000,yourself,80,4.667998
558,1.0000,a,80,2.622626
558,1.0000,about,80,2.944030
558,1.0000,above,80,5.862485
558,1.0000,after,80,6.787929
558,1.0000,all,80,4.941902
558,1.0000,am,80,5.871193
558,1.0000,and,80,1.971653
558,1.0000,animal,80,6.345730
558,1.0000,another,80,5.220905
558,1.0000,any,80,3.689285
558,1.0000,are,80,1.962879
558,1.0000,arm,80,6.640494
558,1.0000,around,80,5.445751
558,1.0000,at,80,4.792682
558,1.0000,away,80,5.316164
558,1.0000,baby,80,5.777464
558,1.0000,back,80,5.139691
558,1.0000,bad,80,6.309941
558,1.0000,ball,80,5.622325
558,1.0000,bat,80,9.097420
558,1.0000,bath,80,7.107634
558,1.0000,be,80,2.011585
558,1.0000,beach,80,7.775360
558,1.0000,beans,80,4.951812
558,1.0000,bear,80,5.700241
558,1.0000,because,80,5.614691
558,1.0000,bed,80,5.692501
558,1.0000,bee,80,6.080618
558,1.0000,before,80,5.472642
558,1.0000,behind,80,5.750817
558,1.0000,belt,80,7.206130
558,1.0000,better,80,4.781945
558,1.0000,big,80,7.765754
558,1.0000,bird,80,6.942569
558,1.0000,bite,80,5.426293
558,1.0000,black,80,6.032724
558,1.0000,block,80,6.643314
558,1.0000,blow,80,7.873720
558,1.0000,blue,80,6.968401
558,1.0000,boat,80,8.621473
558,1.0000,book,80,6.673472
558,1.0000,bottle,80,7.420371
558,1.0000,bowl,80,5.841589
558,1.0000,box,80,7.407897
558,1.0000,bread,80,6.943129
558,1.0000,break,80,7.013922
558,1.0000,bring,80,6.403978
558,1.0000,broken,80,7.855870
558,1.0000,brown,80,6.644073
558,1.0000,brush,80,5.842819
558,1.0000,build,80,7.000229
558,1.0000,bus,80,7.861810
558,1.0000,but,80,3.071421
558,1.0000,butter,80,5.840645
558,1.0000,button,80,4.613959
558,1.0000,buy,80,5.617272
558,1.0000,by,80,3.381637
558,1.0000,cake,80,6.068381
558,1.0000,call,80,7.692477
558,1.0000,camera,80,5.013064
558,1.0000,can,80,2.934902
558,1.0000,car,80,4.085726
558,1.0000,careful,80,5.241309
558,1.0000,carry,80,6.704526
558,1.0000,cat,80,6.774336
558,1.0000,catch,80,7.929324
558,1.0000,chair,80,5.551321
558,1.0000,cheese,80,4.689131
558,1.0000,chicken,80,6.047698
558,1.0000,child,80,4.283984
558,1.0000,chocolate,80,6.954630
558,1.0000,clean,80,5.754275
558,1.0000,clock,80,8.121998
558,1.0000,close,80,6.998128
558,1.0000,cloud,80,8.587053
558,1.0000,coat,80,5.632572
558,1.0000,coffee,80,6.702107
558,1.0000,cold,80,5.566349
558,1.0000,comb,80,7.957926
558,1.0000,cook,80,6.306617
558,1.0000,corn,80,7.163974
558,1.0000,could,80,4.988544
558,1.0000,country,80,5.774852
558,1.0000,cover,80,6.671577
558,1.0000,cow,80,8.544893
558,1.0000,cry,80,7.656521
558,1.0000,cup,80,5.739557
558,1.0000,cut,80,7.156958
558,1.0000,dark,80,7.619960
558,1.0000,day,80,4.343492
558,1.0000,deer,80,7.854842
558,1.0000,did,80,5.190785
558,1.0000,dish,80,5.979664
558,1.0000,do,80,4.179270
558,1.0000,doctor,80,4.408370
558,1.0000,does,80,4.298259
558,1.0000,dog,80,4.748630
558,1.0000,doll,80,6.848069
558,1.0000,door,80,5.852232
558,1.0000,down,80,4.011829
558,1.0000,draw,80,6.328805
558,1.0000,dress,80,7.971787
558,1.0000,drink,80,7.123472
558,1.0000,drive,80,6.764217
558,1.0000,drop,80,7.893462
558,1.0000,dry,80,6.162321
558,1.0000,each,80,4.756763
558,1.0000,ear,80,5.191127
558,1.0000,eat,80,4.799251
558,1.0000,egg,80,5.633420
558,1.0000,empty,80,8.418996
558,1.0000,every,80,5.919402
558,1.0000,eye,80,5.774810
558,1.0000,face,80,7.154783
558,1.0000,fall,80,7.078536
558,1.0000,farm,80,6.633413
558,1.0000,fast,80,7.062626
558,1.0000,feed,80,5.868360
558,1.0000,find,80,4.457824
558,1.0000,fine,80,6.496141
558,1.0000,finger,80,7.894721
558,1.0000,finish,80,7.154361
558,1.0000,first,80,5.294491
558,1.0000,fish,80,5.159654
558,1.0000,fit,80,6.936542
558,1.0000,fix,80,7.990331
558,1.0000,flower,80,6.985213
558,1.0000,food,80,4.260821
558,1.0000,foot,80,6.804143
558,1.0000,for,80,2.799624
558,1.0000,friend,80,5.759483
558,1.0000,full,80,7.635589
558,1.0000,game,80,6.481197
558,1.0000,garden,80,6.450887
558,1.0000,gas,80,4.251401
558,1.0000,gentle,80,8.292672
558,1.0000,get,80,4.565402
558,1.0000,give,80,4.682939
558,1.0000,glass,80,6.206839
558,1.0000,glasses,80,6.256005
558,1.0000,go,80,5.131040
558,1.0000,good,80,4.591982
558,1.0000,grass,80,6.543017
558,1.0000,green,80,6.616390
558,1.0000,gum,80,5.340964
558,1.0000,hair,80,6.655955
558,1.0000,hand,80,5.128454
558,1.0000,happy,80,6.191173
558,1.0000,hard,80,6.809791
558,1.0000,have,80,3.117474
558,1.0000,he,80,5.375761
558,1.0000,head,80,5.221026
558,1.0000,hear,80,5.553612
558,1.0000,heavy,80,8.092243
558,1.0000,help,80,3.435730
558,1.0000,her,80,4.183883
558,1.0000,here,80,6.834816
558,1.0000,high,80,5.838793
558,1.0000,him,80,6.059002
558,1.0000,his,80,4.296170
558,1.0000,hit,80,7.794458
558,1.0000,hold,80,6.729452
558,1.0000,home,80,5.287345
558,1.0000,horse,80,7.621086
558,1.0000,hot,80,6.461324
558,1.0000,house,80,8.032907
558,1.0000,how,80,2.905536
558,1.0000,hurt,80,8.338160
558,1.0000,i,80,7.672427
558,1.0000,ice,80,6.383794
558,1.0000,if,80,4.067631
558,1.0000,inside,80,6.891827
558,1.0000,into,80,2.718156
558,1.0000,is,80,2.303783
558,1.0000,it,80,2.913931
558,1.0000,juice,80,4.552238
558,1.0000,jump,80,7.470920
558,1.0000,kitchen,80,6.229926
558,1.0000,knife,80,6.415519
558,1.0000,last,80,6.498803
558,1.0000,later,80,6.598540
558,1.0000,lawn,80,7.122492
558,1.0000,leg,80,8.404809
558,1.0000,light,80,4.397099
558,1.0000,like,80,4.216443
558,1.0000,listen,80,7.447170
558,1.0000,little,80,5.989006
558,1.0000,living,80,7.430182
558,1.0000,long,80,5.733751
558,1.0000,look,80,5.327083
558,1.0000,loud,80,6.660845
558,1.0000,love,80,5.844235
558,1.0000,make,80,4.437130
558,1.0000,man,80,7.807504
558,1.0000,me,80,5.038687
558,1.0000,meat,80,5.740558
558,1.0000,medicine,80,6.079064
558,1.0000,milk,80,5.554161
558,1.0000,mine,80,8.564452
558,1.0000,money,80,4.937984
558,1.0000,moon,80,6.658646
558,1.0000,more,80,3.945150
558,1.0000,morning,80,5.579600
558,1.0000,mouse,80,6.672099
558,1.0000,mouth,80,4.807408
558,1.0000,movie,80,7.373943
558,1.0000,much,80,4.589095
558,1.0000,my,80,4.706142
558,1.0000,myself,80,6.223991
558,1.0000,need,80,3.357846
558,1.0000,new,80,5.548310
558,1.0000,next,80,6.576618
558,1.0000,nice,80,6.808578
558,1.0000,night,80,5.410750
558,1.0000,no,80,4.686313
558,1.0000,none,80,8.665996
558,1.0000,nose,80,5.356139
558,1.0000,not,80,2.932266
558,1.0000,now,80,6.068223
558,1.0000,nuts,80,5.877925
558,1.0000,of,80,1.598798
558,1.0000,off,80,5.519666
558,1.0000,old,80,5.845326
558,1.0000,on,80,3.524257
558,1.0000,open,80,7.307214
558,1.0000,orange,80,7.265993
558,1.0000,other,80,3.800700
558,1.0000,our,80,4.376286
558,1.0000,out,80,3.922116
558,1.0000,outside,80,7.633658
558,1.0000,oven,80,5.079980
558,1.0000,over,80,5.922709
558,1.0000,paint,80,7.600406
558,1.0000,paper,80,5.748465
558,1.0000,park,80,7.567706
558,1.0000,party,80,6.942470
558,1.0000,pen,80,8.608502
558,1.0000,people,80,4.253295
558,1.0000,person,80,6.278502
558,1.0000,pick,80,7.974811
558,1.0000,picture,80,6.669916
558,1.0000,pig,80,4.845693
558,1.0000,plant,80,4.732407
558,1.0000,plate,80,5.703525
558,1.0000,play,80,5.578475
558,1.0000,please,80,4.924169
558,1.0000,pool,80,5.957428
558,1.0000,poor,80,8.021912
558,1.0000,present,80,6.434729
558,1.0000,pretty,80,6.838500
558,1.0000,pull,80,7.770997
558,1.0000,puppy,80,5.346329
558,1.0000,push,80,7.738402
558,1.0000,put,80,6.069005
558,1.0000,quiet,80,8.646522
558,1.0000,radio,80,8.232475
558,1.0000,rain,80,5.992031
558,1.0000,read,80,6.860307
558,1.0000,red,80,6.408064
558,1.0000,ride,80,7.166183
558,1.0000,rock,80,7.691022
558,1.0000,roof,80,6.004420
558,1.0000,room,80,6.133436
558,1.0000,run,80,7.489264
558,1.0000,salt,80,6.345849
558,1.0000,same,80,3.869204
558,1.0000,sauce,80,5.648609
558,1.0000,say,80,5.140434
558,1.0000,school,80,5.424782
558,1.0000,see,80,4.074264
558,1.0000,share,80,6.178758
558,1.0000,she,80,4.023287
558,1.0000,shopping,80,7.179926
558,1.0000,show,80,6.835630
558,1.0000,shower,80,8.011482
558,1.0000,sick,80,7.485480
558,1.0000,sing,80,8.753673
558,1.0000,sit,80,7.238680
558,1.0000,sky,80,7.107138
558,1.0000,sleep,80,4.170155
558,1.0000,slow,80,6.428282
558,1.0000,snow,80,7.214752
558,1.0000,so,80,5.162514
558,1.0000,soap,80,5.389916
558,1.0000,soda,80,4.294637
558,1.0000,soft,80,7.523197
558,1.0000,some,80,4.522100
558,1.0000,stand,80,6.561944
558,1.0000,star,80,8.948626
558,1.0000,stay,80,6.184431
558,1.0000,stick,80,7.586721
558,1.0000,stone,80,6.991869
558,1.0000,stop,80,6.827565
558,1.0000,store,80,6.204208
558,1.0000,story,80,5.906413
558,1.0000,street,80,7.635883
558,1.0000,stuck,80,7.038682
558,1.0000,sun,80,5.763625
558,1.0000,swim,80,8.542588
558,1.0000,table,80,6.331980
558,1.0000,take,80,4.654827
558,1.0000,talk,80,7.124613
558,1.0000,tape,80,7.101264
558,1.0000,taste,80,6.291033
558,1.0000,teacher,80,7.012750
558,1.0000,that,80,2.497491
558,1.0000,the,80,1.929584
558,1.0000,their,80,2.752787
558,1.0000,them,80,3.673006
558,1.0000,then,80,4.604383
558,1.0000,there,80,4.287183
558,1.0000,these,80,4.468346
558,1.0000,they,80,2.625368
558,1.0000,think,80,3.621405
558,1.0000,this,80,3.735410
558,1.0000,those,80,5.528164
558,1.0000,throw,80,8.802444
558,1.0000,time,80,3.032586
558,1.0000,tiny,80,7.241287
558,1.0000,tissue,80,4.934270
558,1.0000,to,80,1.792051
558,1.0000,today,80,6.797613
558,1.0000,too,80,5.861622
558,1.0000,tooth,80,5.189868
558,1.0000,touch,80,5.625845
558,1.0000,train,80,6.927325
558,1.0000,tree,80,5.283051
558,1.0000,truck,80,8.472396
558,1.0000,try,80,8.477231
558,1.0000,turn,80,6.381700
558,1.0000,under,80,7.130063
558,1.0000,up,80,4.081987
558,1.0000,us,80,3.725576
558,1.0000,vacuum,80,8.166501
558,1.0000,wait,80,5.863850
558,1.0000,walk,80,7.148194
558,1.0000,was,80,3.782769
558,1.0000,wash,80,8.128181
558,1.0000,washing,80,7.500151
558,1.0000,watch,80,6.849360
558,1.0000,water,80,4.128198
558,1.0000,we,80,3.645297
558,1.0000,were,80,4.292666
558,1.0000,wet,80,8.401255
558,1.0000,what,80,4.047876
558,1.0000,when,80,4.497645
558,1.0000,where,80,4.935748
558,1.0000,which,80,3.806537
558,1.0000,white,80,4.987044
558,1.0000,who,80,3.694035
558,1.0000,why,80,3.441810
558,1.0000,will,80,3.790586
558,1.0000,wind,80,5.491125
558,1.0000,window,80,7.212486
558,1.0000,wish,80,5.879012
558,1.0000,with,80,2.656362
558,1.0000,work,80,5.359956
558,1.0000,would,80,4.333576
558,1.0000,write,80,6.732696
558,1.0000,yard,80,6.518435
558,1.0000,yellow,80,6.146610
558,1.0000,yes,80,6.286286
558,1.0000,you,80,2.685376
558,1.0000,your,80,2.838286
558,1.0000,yourself,80,4.359410
580,2.0000,a,80,2.709972
580,2.0000,about,80,2.901427
580,2.0000,above,80,5.919242
580,2.0000,after,80,6.923277
580,2.0000,all,80,4.900138
580,2.0000,am,80,5.891561
580,2.0000,and,80,1.981190
580,2.0000,animal,80,6.223931
580,2.0000,another,80,5.197104
580,2.0000,any,80,3.790285
580,2.0000,are,80,1.993237
580,2.0000,arm,80,7.237137
580,2.0000,around,80,5.281098
580,2.0000,at,80,4.967790
580,2.0000,away,80,5.048356
580,2.0000,baby,80,5.796010
580,2.0000,back,80,5.055128
580,2.0000,bad,80,6.497008
580,2.0000,ball,80,6.002572
580,2.0000,bat,80,9.186298
580,2.0000,bath,80,7.092296
580,2.0000,be,80,2.051656
580,2.0000,beach,80,8.285247
580,2.0000,beans,80,4.921343
580,2.0000,bear,80,5.569800
580,2.0000,because,80,5.450149
580,2.0000,bed,80,5.871336
580,2.0000,bee,80,5.417411
580,2.0000,before,80,5.435011
580,2.0000,behind,80,5.301385
580,2.0000,belt,80,7.032811
580,2.0000,better,80,4.870682
580,2.0000,big,80,7.444837
580,2.0000,bird,80,6.954952
580,2.0000,bite,80,5.524504
580,2.0000,black,80,5.848877
580,2.0000,block,80,6.470890
580,2.0000,blow,80,8.044311
580,2.0000,blue,80,7.168487
580,2.0000,boat,80,8.787991
580,2.0000,book,80,6.589469
580,2.0000,bottle,80,7.556207
580,2.0000,bowl,80,5.827643
580,2.0000,box,80,7.472617
580,2.0000,bread,80,7.012787
580,2.0000,break,80,6.816543
580,2.0000,bring,80,6.589692
580,2.0000,broken,80,7.953109
580,2.0000,brown,80,6.677371
580,2.0000,brush,80,6.122129
580,2.0000,build,80,7.095545
580,2.0000,bus,80,8.349235
580,2.0000,but,80,3.261844
580,2.0000,butter,80,5.754337
580,2.0000,button,80,4.817097
580,2.0000,buy,80,5.849249
580,2.0000,by,80,3.205586
580,2.0000,cake,80,6.150398
580,2.0000,call,80,7.371552
580,2.0000,camera,80,4.820134
580,2.0000,can,80,3.087578
580,2.0000,car,80,4.388616
580,2.0000,careful,80,5.644543
580,2.0000,carry,80,6.936911
580,2.0000,cat,80,6.816074
580,2.0000,catch,80,7.957086
580,2.0000,chair,80,5.347541
580,2.0000,cheese,80,4.650885
580,2.0000,chicken,80,5.799445
580,2.0000,child,80,4.638489
580,2.0000,chocolate,80,6.683277
580,2.0000,clean,80,5.722096
580,2.0000,clock,80,7.909261
580,2.0000,close,80,6.965050
580,2.0000,cloud,80,8.423799
580,2.0000,coat,80,5.676764
580,2.0000,coffee,80,6.690391
580,2.0000,cold,80,5.686477
580,2.0000,comb,80,8.056900
580,2.0000,cook,80,6.321096
580,2.0000,corn,80,7.098695
580,2.0000,could,80,4.811194
580,2.0000,country,80,5.843189
580,2.0000,cover,80,6.541859
580,2.0000,cow,80,8.837545
580,2.0000,cry,80,6.942448
580,2.0000,cup,80,5.529719
580,2.0000,cut,80,7.292202
580,2.0000,dark,80,7.127949
580,2.0000,day,80,4.458501
580,2.0000,deer,80,7.826013
580,2.0000,did,80,5.234889
580,2.0000,dish,80,6.023497
580,2.0000,do,80,4.361985
580,2.0000,doctor,80,4.957305
580,2.0000,does,80,4.207161
580,2.0000,dog,80,4.894235
580,2.0000,doll,80,7.112616
580,2.0000,door,80,5.769119
580,2.0000,down,80,4.344945
580,2.0000,draw,80,6.292642
580,2.0000,dress,80,8.372656
580,2.0000,drink,80,6.811587
580,2.0000,drive,80,6.604168
580,2.0000,drop,80,8.047705
580,2.0000,dry,80,6.082651
580,2.0000,each,80,4.693121
580,2.0000,ear,80,5.445460
580,2.0000,eat,80,4.219348
580,2.0000,egg,80,5.230939
580,2.0000,empty,80,8.772604
580,2.0000,every,80,5.868134
580,2.0000,eye,80,5.735880
580,2.0000,face,80,7.310805
580,2.0000,fall,80,6.987169
580,2.0000,farm,80,6.537691
580,2.0000,fast,80,7.111767
580,2.0000,feed,80,6.055614
580,2.0000,find,80,4.360995
580,2.0000,fine,80,6.633791
580,2.0000,finger,80,8.132728
580,2.0000,finish,80,7.477919
580,2.0000,first,80,5.179301
580,2.0000,fish,80,5.276316
580,2.0000,fit,80,7.027507
580,2.0000,fix,80,8.083487
580,2.0000,flower,80,6.802343
580,2.0000,food,80,4.291200
580,2.0000,foot,80,7.039847
580,2.0000,for,80,2.704766
580,2.0000,friend,80,5.513925
580,2.0000,full,80,7.480190
580,2.0000,game,80,6.221949
580,2.0000,garden,80,6.077403
580,2.0000,gas,80,4.057453
580,2.0000,gentle,80,8.588932
580,2.0000,get,80,4.606012
580,2.0000,give,80,4.714950
580,2.0000,glass,80,6.099983
580,2.0000,glasses,80,6.108084
580,2.0000,go,80,5.195726
580,2.0000,good,80,4.335387
580,2.0000,grass,80,6.194349
580,2.0000,green,80,6.410371
580,2.0000,gum,80,5.644460
580,2.0000,hair,80,6.595643
580,2.0000,hand,80,5.470816
580,2.0000,happy,80,6.159752
580,2.0000,hard,80,6.960254
580,2.0000,have,80,3.206788
580,2.0000,he,80,5.338416
580,2.0000,head,80,5.167613
580,2.0000,hear,80,5.340227
580,2.0000,heavy,80,7.704460
580,2.0000,help,80,3.443566
580,2.0000,her,80,4.074414
580,2.0000,here,80,6.685814
580,2.0000,high,80,5.818906
580,2.0000,him,80,6.136979
580,2.0000,his,80,4.255278
580,2.0000,hit,80,7.942210
580,2.0000,hold,80,7.116091
580,2.0000,home,80,5.222875
580,2.0000,horse,80,7.143598
580,2.0000,hot,80,6.672623
580,2.0000,house,80,7.796058
580,2.0000,how,80,2.883480
580,2.0000,hurt,80,8.406141
580,2.0000,i,80,7.628947
580,2.0000,ice,80,5.975931
580,2.0000,if,80,4.138140
580,2.0000,inside,80,6.991075
580,2.0000,into,80,2.682689
580,2.0000,is,80,2.294470
580,2.0000,it,80,2.913756
580,2.0000,juice,80,4.989723
580,2.0000,jump,80,7.410368
580,2.0000,kitchen,80,6.877205
580,2.0000,knife,80,6.111054
580,2.0000,last,80,6.470560
580,2.0000,later,80,6.733952
580,2.0000,lawn,80,6.687385
580,2.0000,leg,80,8.313846
580,2.0000,light,80,4.121938
580,2.0000,like,80,4.136889
580,2.0000,listen,80,7.212510
580,2.0000,little,80,5.922514
580,2.0000,living,80,7.570595
580,2.0000,long,80,5.462077
580,2.0000,look,80,5.278327
580,2.0000,loud,80,7.031108
580,2.0000,love,80,5.894764
580,2.0000,make,80,4.530596
580,2.0000,man,80,7.828628
580,2.0000,me,80,5.396720
580,2.0000,meat,80,5.563781
580,2.0000,medicine,80,6.083637
580,2.0000,milk,80,5.548083
580,2.0000,mine,80,8.695032
580,2.0000,money,80,4.706679
580,2.0000,moon,80,6.609034
580,2.0000,more,80,4.054144
580,2.0000,morning,80,5.673710
580,2.0000,mouse,80,6.159712
580,2.0000,mouth,80,5.030856
580,2.0000,movie,80,7.267725
580,2.0000,much,80,4.768035
580,2.0000,my,80,4.783405
580,2.0000,myself,80,5.735679
580,2.0000,need,80,3.567520
580,2.0000,new,80,5.312456
580,2.0000,next,80,6.315689
580,2.0000,nice,80,6.727850
580,2.0000,night,80,5.487805
580,2.0000,no,80,4.631703
580,2.0000,none,80,8.736028
580,2.0000,nose,80,5.549925
580,2.0000,not,80,3.025042
580,2.0000,now,80,5.954560
580,2.0000,nuts,80,5.980880
580,2.0000,of,80,1.536722
580,2.0000,off,80,5.647845
580,2.0000,old,80,5.937754
580,2.0000,on,80,3.416431
580,2.0000,open,80,7.303732
580,2.0000,orange,80,7.105333
580,2.0000,other,80,3.927209
580,2.0000,our,80,4.295199
580,2.0000,out,80,3.986182
580,2.0000,outside,80,7.667340
580,2.0000,oven,80,5.131569
580,2.0000,over,80,5.810400
580,2.0000,paint,80,7.043428
580,2.0000,paper,80,5.644761
580,2.0000,park,80,7.722596
580,2.0000,party,80,6.941995
580,2.0000,pen,80,8.329441
580,2.0000,people,80,3.863184
580,2.0000,person,80,6.353512
580,2.0000,pick,80,8.242012
580,2.0000,picture,80,7.004290
580,2.0000,pig,80,4.878792
580,2.0000,plant,80,4.608732
580,2.0000,plate,80,5.504264
580,2.0000,play,80,5.655574
580,2.0000,please,80,5.188651
580,2.0000,pool,80,6.012173
580,2.0000,poor,80,8.008608
580,2.0000,present,80,6.412155
580,2.0000,pretty,80,6.924542
580,2.0000,pull,80,7.953335
580,2.0000,puppy,80,5.798938
580,2.0000,push,80,7.807763
580,2.0000,put,80,6.132964
580,2.0000,quiet,80,8.310923
580,2.0000,radio,80,8.455927
580,2.0000,rain,80,6.185414
580,2.0000,read,80,6.682158
580,2.0000,red,80,6.149856
580,2.0000,ride,80,7.219836
580,2.0000,rock,80,7.800617
580,2.0000,roof,80,5.583771
580,2.0000,room,80,6.106622
580,2.0000,run,80,7.675949
580,2.0000,salt,80,6.405933
580,2.0000,same,80,3.671361
580,2.0000,sauce,80,5.474591
580,2.0000,say,80,5.417760
580,2.0000,school,80,5.380893
580,2.0000,see,80,4.114305
580,2.0000,share,80,6.456948
580,2.0000,she,80,4.175469
580,2.0000,shopping,80,7.098097
580,2.0000,show,80,6.803952
580,2.0000,shower,80,7.923692
580,2.0000,sick,80,7.267170
580,2.0000,sing,80,9.180714
580,2.0000,sit,80,6.931247
580,2.0000,sky,80,6.835582
580,2.0000,sleep,80,4.179412
580,2.0000,slow,80,6.549381
580,2.0000,snow,80,7.447397
580,2.0000,so,80,5.134478
580,2.0000,soap,80,5.431184
580,2.0000,soda,80,4.176366
580,2.0000,soft,80,7.654238
580,2.0000,some,80,4.395376
580,2.0000,stand,80,6.886007
580,2.0000,star,80,8.736803
580,2.0000,stay,80,6.007258
580,2.0000,stick,80,7.867552
580,2.0000,stone,80,6.929762
580,2.0000,stop,80,7.113212
580,2.0000,store,80,6.165784
580,2.0000,story,80,6.022666
580,2.0000,street,80,7.889029
580,2.0000,stuck,80,6.913662
580,2.0000,sun,80,5.626914
580,2.0000,swim,80,8.348400
580,2.0000,table,80,6.490823
580,2.0000,take,80,4.556889
580,2.0000,talk,80,7.287591
580,2.0000,tape,80,6.861277
580,2.0000,taste,80,5.988917
580,2.0000,teacher,80,7.137015
580,2.0000,that,80,2.341849
580,2.0000,the,80,1.928173
580,2.0000,their,80,2.668448
580,2.0000,them,80,3.563345
580,2.0000,then,80,4.733238
580,2.0000,there,80,4.095970
580,2.0000,these,80,4.638984
580,2.0000,they,80,2.672681
580,2.0000,think,80,3.639228
580,2.0000,this,80,3.767646
580,2.0000,those,80,5.464744
580,2.0000,throw,80,8.592897
580,2.0000,time,80,3.174531
580,2.0000,tiny,80,7.454419
580,2.0000,tissue,80,4.926579
580,2.0000,to,80,1.765377
580,2.0000,today,80,6.500999
580,2.0000,too,80,5.641220
580,2.0000,tooth,80,5.105458
580,2.0000,touch,80,5.801665
580,2.0000,train,80,7.088927
580,2.0000,tree,80,5.143049
580,2.0000,truck,80,7.801457
580,2.0000,try,80,8.544448
580,2.0000,turn,80,6.368132
580,2.0000,under,80,7.252312
580,2.0000,up,80,4.023965
580,2.0000,us,80,3.594358
580,2.0000,vacuum,80,8.330683
580,2.0000,wait,80,6.399149
580,2.0000,walk,80,7.427213
580,2.0000,was,80,3.905526
580,2.0000,wash,80,7.823245
580,2.0000,washing,80,7.575597
580,2.0000,watch,80,6.879126
580,2.0000,water,80,4.104914
580,2.0000,we,80,3.691359
580,2.0000,were,80,4.208370
580,2.0000,wet,80,8.399322
580,2.0000,what,80,4.169167
580,2.0000,when,80,4.404094
580,2.0000,where,80,4.875208
580,2.0000,which,80,3.759931
580,2.0000,white,80,4.913119
580,2.0000,who,80,3.686614
580,2.0000,why,80,3.709976
580,2.0000,will,80,3.725529
580,2.0000,wind,80,5.600406
580,2.0000,window,80,7.247399
580,2.0000,wish,80,6.371103
580,2.0000,with,80,2.690951
580,2.0000,work,80,5.494469
580,2.0000,would,80,4.537292
580,2.0000,write,80,6.260584
580,2.0000,yard,80,6.466258
580,2.0000,yellow,80,6.029006
580,2.0000,yes,80,6.270247
580,2.0000,you,80,2.666301
580,2.0000,your,80,2.754450
580,2.0000,yourself,80,4.430726
