dataset,paper_code,cohort,child_id,age,instrument,input_rate,log_input,units
adams_marchman_2018,AM2018,totlot3,11003,17.2,LENA,2121.544604,7.659899689168005,adult words / hour
adams_marchman_2018,AM2018,totlot3,11003,19.8,LENA,1963.6264,7.5825482467869385,adult words / hour
adams_marchman_2018,AM2018,totlot3,11009,16.1,LENA,3044.411826,8.021063000894955,adult words / hour
adams_marchman_2018,AM2018,totlot3,11009,18.4,LENA,1621.2478,7.390951378652092,adult words / hour
adams_marchman_2018,AM2018,totlot3,11011,15.8,LENA,1322.793103,7.187500767153918,adult words / hour
adams_marchman_2018,AM2018,totlot3,11011,18.5,LENA,1074.25,6.979378022655104,adult words / hour
adams_marchman_2018,AM2018,totlot3,11014,15.5,LENA,1722.313472,7.451423707909465,adult words / hour
adams_marchman_2018,AM2018,totlot3,11014,17.7,LENA,1687.4837,7.430993763440775,adult words / hour
adams_marchman_2018,AM2018,totlot3,11035,15.9,LENA,2460.261632,7.808022977742717,adult words / hour
adams_marchman_2018,AM2018,totlot3,11035,19.2,LENA,2000.461,7.601132932981039,adult words / hour
adams_marchman_2018,AM2018,totlot3,11036,16.2,LENA,1973.405405,7.587515961347054,adult words / hour
adams_marchman_2018,AM2018,totlot3,11036,18.9,LENA,2203.8384,7.697955846350553,adult words / hour
adams_marchman_2018,AM2018,totlot3,11037,15.5,LENA,2368.746269,7.770116093737148,adult words / hour
adams_marchman_2018,AM2018,totlot3,11037,18.2,LENA,2142.9029,7.669916684134388,adult words / hour
adams_marchman_2018,AM2018,totlot3,11070,15.9,LENA,2273.547229,7.729096546746238,adult words / hour
adams_marchman_2018,AM2018,totlot3,11070,19.1,LENA,3232.5299,8.081020360409884,adult words / hour
adams_marchman_2018,AM2018,totlot3,11136,17.3,LENA,2001.814029,7.601809062952988,adult words / hour
adams_marchman_2018,AM2018,totlot3,11136,19.4,LENA,1785.3873,7.48739064546803,adult words / hour
adams_marchman_2018,AM2018,totlot3,11141,16.1,LENA,1216.855603,7.104025435989149,adult words / hour
adams_marchman_2018,AM2018,totlot3,11141,18.4,LENA,1625.7537,7.393726802619345,adult words / hour
adams_marchman_2018,AM2018,totlot3,11200,15.9,LENA,428.6869917,6.0607270295466344,adult words / hour
adams_marchman_2018,AM2018,totlot3,11200,18,LENA,810.7739,6.6979892236305165,adult words / hour
adams_marchman_2018,AM2018,totlot3,11327,15.8,LENA,1428.56987,7.2644291319202745,adult words / hour
adams_marchman_2018,AM2018,totlot3,11327,18.3,LENA,924.6158,6.829378299878809,adult words / hour
adams_marchman_2018,AM2018,totlot3,11356,15.2,LENA,951.850874,6.858408377563279,adult words / hour
adams_marchman_2018,AM2018,totlot3,11417,16.2,LENA,2146.402232,7.671548338991604,adult words / hour
adams_marchman_2018,AM2018,totlot3,11417,18.1,LENA,1328.418,7.191744039546291,adult words / hour
adams_marchman_2018,AM2018,totlot3,11611,16.7,LENA,1345.838165,7.204772268949237,adult words / hour
adams_marchman_2018,AM2018,totlot3,11611,18.9,LENA,1507.9559,7.3185103041084565,adult words / hour
adams_marchman_2018,AM2018,totlot3,11655,16.7,LENA,1479.212574,7.299265180577619,adult words / hour
adams_marchman_2018,AM2018,totlot3,11655,19,LENA,1348.9411,7.207075193282713,adult words / hour
adams_marchman_2018,AM2018,totlot3,11743,16.2,LENA,1597.826511,7.376399554099553,adult words / hour
adams_marchman_2018,AM2018,totlot3,11743,18,LENA,2616.6921,7.869666241806331,adult words / hour
adams_marchman_2018,AM2018,totlot3,11958,17.7,LENA,2053.432991,7.627268301259614,adult words / hour
adams_marchman_2018,AM2018,totlot3,11958,20.2,LENA,2519.5221,7.831824519663845,adult words / hour
adams_marchman_2018,AM2018,totlot3,12095,16,LENA,943.7502869,6.849861604563189,adult words / hour
adams_marchman_2018,AM2018,totlot3,12095,19.5,LENA,845.8889,6.7403880271054195,adult words / hour
adams_marchman_2018,AM2018,totlot3,12297,16.3,LENA,1225.988971,7.111503120533997,adult words / hour
adams_marchman_2018,AM2018,totlot3,12297,18.3,LENA,1757.9713,7.471915752742124,adult words / hour
adams_marchman_2018,AM2018,totlot3,12316,15.4,LENA,2050.94307,7.626055000495529,adult words / hour
adams_marchman_2018,AM2018,totlot3,12316,18.7,LENA,2421.5938,7.792181197413514,adult words / hour
adams_marchman_2018,AM2018,totlot3,12390,16.3,LENA,2163.28125,7.679381445239436,adult words / hour
adams_marchman_2018,AM2018,totlot3,12390,18.5,LENA,1954.7336,7.5780091971497585,adult words / hour
adams_marchman_2018,AM2018,totlot3,12398,16.6,LENA,1653.349969,7.410558792895404,adult words / hour
adams_marchman_2018,AM2018,totlot3,12398,18.6,LENA,2174.1819,7.684407734834135,adult words / hour
adams_marchman_2018,AM2018,totlot3,12409,16.3,LENA,1392.893401,7.2391384460849455,adult words / hour
adams_marchman_2018,AM2018,totlot3,12409,18.3,LENA,2083.1682,7.641645186920781,adult words / hour
adams_marchman_2018,AM2018,totlot3,12417,17.1,LENA,1336.889214,7.1981007120382126,adult words / hour
adams_marchman_2018,AM2018,totlot3,12417,19.5,LENA,1347.7009,7.206155382579298,adult words / hour
adams_marchman_2018,AM2018,totlot3,12520,17.2,LENA,2365.262001,7.768644077453935,adult words / hour
adams_marchman_2018,AM2018,totlot3,12520,20.1,LENA,2695.2363,7.899241160389891,adult words / hour
adams_marchman_2018,AM2018,totlot3,12547,15.2,LENA,2260.052753,7.723143434029309,adult words / hour
adams_marchman_2018,AM2018,totlot3,12547,18.4,LENA,1721.9978,7.451240407402656,adult words / hour
adams_marchman_2018,AM2018,totlot3,12608,15.2,LENA,1586.507917,7.369290601240865,adult words / hour
adams_marchman_2018,AM2018,totlot3,12608,18.6,LENA,1880.0937,7.539076895007534,adult words / hour
adams_marchman_2018,AM2018,totlot3,12612,16.3,LENA,1042.500835,6.949377754631868,adult words / hour
adams_marchman_2018,AM2018,totlot3,12612,18.8,LENA,1763.7034,7.475171081839954,adult words / hour
adams_marchman_2018,AM2018,totlot3,12683,17.4,LENA,1903.862069,7.5516397699751066,adult words / hour
adams_marchman_2018,AM2018,totlot3,12683,20.4,LENA,1555.7881,7.349737512945375,adult words / hour
adams_marchman_2018,AM2018,totlot3,12717,16.7,LENA,1493.89202,7.309140087310998,adult words / hour
adams_marchman_2018,AM2018,totlot3,12717,18.8,LENA,1212.4287,7.1003808169588964,adult words / hour
adams_marchman_2018,AM2018,totlot3,12724,17.7,LENA,900.0261301,6.802423796347293,adult words / hour
adams_marchman_2018,AM2018,totlot3,12724,19.4,LENA,846.3971,6.740988634822173,adult words / hour
adams_marchman_2018,AM2018,totlot3,12737,16.5,LENA,1113.424702,7.01519586159994,adult words / hour
adams_marchman_2018,AM2018,totlot3,12737,18.2,LENA,1632.0796,7.397610308844419,adult words / hour
adams_marchman_2018,AM2018,totlot3,12828,16.7,LENA,1636.604229,7.400378782105585,adult words / hour
adams_marchman_2018,AM2018,totlot3,12828,18.8,LENA,2781.4526,7.930728588205307,adult words / hour
adams_marchman_2018,AM2018,totlot3,12830,17,LENA,1734.153846,7.458274876588209,adult words / hour
adams_marchman_2018,AM2018,totlot3,12830,18,LENA,1557.125,7.350596451206257,adult words / hour
adams_marchman_2018,AM2018,totlot3,12840,17,LENA,640.5844658,6.462380987427398,adult words / hour
adams_marchman_2018,AM2018,totlot3,12840,18.7,LENA,994.4762,6.902216166383729,adult words / hour
adams_marchman_2018,AM2018,totlot3,12878,16.2,LENA,1904.397112,7.551920760831081,adult words / hour
adams_marchman_2018,AM2018,totlot3,12878,18.5,LENA,1518.5055,7.325481906474634,adult words / hour
adams_marchman_2018,AM2018,totlot3,12959,17.1,LENA,2226.339887,7.7081142097573405,adult words / hour
adams_marchman_2018,AM2018,totlot3,12959,19.4,LENA,1564.4213,7.35527125823229,adult words / hour
adams_marchman_2018,AM2018,totlot3,12971,15.8,LENA,992.1983983,6.899923085574172,adult words / hour
adams_marchman_2018,AM2018,totlot3,12971,18.5,LENA,1225.0547,7.1107407750431335,adult words / hour
adams_marchman_2018,AM2018,totlot3,12973,13.6,LENA,1314.610169,7.181295451232389,adult words / hour
adams_marchman_2018,AM2018,totlot3,12973,19.5,LENA,2426.6698,7.794275143730579,adult words / hour
adams_marchman_2018,AM2018,totlot3,13044,15.8,LENA,1108.411539,7.010683223436258,adult words / hour
adams_marchman_2018,AM2018,totlot3,13044,18.3,LENA,1829.876,7.512003483976843,adult words / hour
adams_marchman_2018,AM2018,totlot3,13061,16.8,LENA,3057.891297,8.025480838767594,adult words / hour
adams_marchman_2018,AM2018,totlot3,13061,19,LENA,4284.6321,8.36278996970296,adult words / hour
adams_marchman_2018,AM2018,totlot3,13069,15.8,LENA,1320.366412,7.1856645619093555,adult words / hour
adams_marchman_2018,AM2018,totlot3,13069,19.1,LENA,1021.9212,6.929439664072806,adult words / hour
adams_marchman_2018,AM2018,totlot3,13079,16.2,LENA,1731.385932,7.456677483532076,adult words / hour
adams_marchman_2018,AM2018,totlot3,13079,18,LENA,2285.6702,7.734414564480598,adult words / hour
adams_marchman_2018,AM2018,totlot3,13081,16.5,LENA,1769.835178,7.478641701457948,adult words / hour
adams_marchman_2018,AM2018,totlot3,13081,19.2,LENA,1299.1132,7.169437156830676,adult words / hour
adams_marchman_2018,AM2018,totlot3,13094,18.9,LENA,1111.0559,7.013066103405374,adult words / hour
adams_marchman_2018,AM2018,totlot3,13096,18.2,LENA,738.0601,6.604025257599079,adult words / hour
adams_marchman_2018,AM2018,totlot3,13128,16,LENA,2269.049743,7.727116407413051,adult words / hour
adams_marchman_2018,AM2018,totlot3,13128,18.7,LENA,1957.2128,7.579276699348621,adult words / hour
adams_marchman_2018,AM2018,totlot3,13131,15.1,LENA,431.1339848,6.0664189113993725,adult words / hour
adams_marchman_2018,AM2018,totlot3,13131,19.5,LENA,1258.524,7.137694884715346,adult words / hour
adams_marchman_2018,AM2018,totlot3,13142,15.7,LENA,1763.25956,7.474919397879914,adult words / hour
adams_marchman_2018,AM2018,totlot3,13142,18,LENA,1724.7229,7.452821678880687,adult words / hour
adams_marchman_2018,AM2018,totlot3,13151,16.9,LENA,2167.383159,7.681275801319369,adult words / hour
adams_marchman_2018,AM2018,totlot3,13151,18.2,LENA,2339.0295,7.757491378732094,adult words / hour
adams_marchman_2018,AM2018,totlot3,13191,16.1,LENA,1507.165666,7.317986123573246,adult words / hour
adams_marchman_2018,AM2018,totlot3,13191,18.4,LENA,1654.8237,7.4114497564571415,adult words / hour
adams_marchman_2018,AM2018,totlot3,13233,15.8,LENA,1939.44,7.570154550593302,adult words / hour
adams_marchman_2018,AM2018,totlot3,13293,15.3,LENA,2406.528997,7.785940738119978,adult words / hour
adams_marchman_2018,AM2018,totlot3,13293,19.5,LENA,1776.6948,7.48251006326322,adult words / hour
adams_marchman_2018,AM2018,totlot3,13304,17.3,LENA,1427.112296,7.263408308143784,adult words / hour
adams_marchman_2018,AM2018,totlot3,13304,18.9,LENA,1989.0695,7.595422220425509,adult words / hour
adams_marchman_2018,AM2018,totlot3,13326,16.1,LENA,691.9142597,6.539462045773532,adult words / hour
adams_marchman_2018,AM2018,totlot3,13326,18.2,LENA,877.6353,6.777231131488456,adult words / hour
adams_marchman_2018,AM2018,totlot3,13332,18.5,LENA,1894.1243,7.546511899892475,adult words / hour
adams_marchman_2018,AM2018,totlot3,13346,16,LENA,2266.573006,7.726024280760004,adult words / hour
adams_marchman_2018,AM2018,totlot3,13346,19.6,LENA,1698.1714,7.437307304062005,adult words / hour
adams_marchman_2018,AM2018,totlot3,13364,14.3,LENA,2248.085951,7.71783444471327,adult words / hour
adams_marchman_2018,AM2018,totlot3,13503,15.7,LENA,2227.17757,7.708490399148296,adult words / hour
adams_marchman_2018,AM2018,totlot3,13503,18.3,LENA,1647.0243,7.40672548416716,adult words / hour
adams_marchman_2018,AM2018,totlot3,13604,16.9,LENA,701.1428571,6.552711656714364,adult words / hour
adams_marchman_2018,AM2018,totlot3,13604,20.1,LENA,578.2616,6.360026361437792,adult words / hour
adams_marchman_2018,AM2018,totlot3,13628,16.3,LENA,1902.810811,7.551087446169062,adult words / hour
adams_marchman_2018,AM2018,totlot3,13628,20.3,LENA,1573.7881,7.361240794755737,adult words / hour
adams_marchman_2018,AM2018,totlot3,13648,15.1,LENA,1284.521739,7.158141740501706,adult words / hour
adams_marchman_2018,AM2018,totlot3,13648,17.9,LENA,1982.0265,7.591875085133548,adult words / hour
adams_marchman_2018,AM2018,totlot3,911343,16.9,LENA,881.0058775,6.781064297310067,adult words / hour
adams_marchman_2018,AM2018,totlot3,911343,18.7,LENA,776.6752,6.655022244955742,adult words / hour
adams_marchman_2018,AM2018,totlot3,911401,16.4,LENA,1221.90184,7.108163809172885,adult words / hour
adams_marchman_2018,AM2018,totlot3,911401,18.8,LENA,1146.5781,7.044537220344204,adult words / hour
adams_marchman_2018,AM2018,totlot3,911429,16.4,LENA,1529.058824,7.332407677393081,adult words / hour
adams_marchman_2018,AM2018,totlot3,911429,18.8,LENA,1922.5683,7.561417227406739,adult words / hour
fmw_2013,FMW2013,tlo,20001,18,LENA,2332.45609,7.754677107249552,adult words / hour
fmw_2013,FMW2013,tlo,20001,24,LENA,1596.818245,7.375768331468877,adult words / hour
fmw_2013,FMW2013,tlo,20002,18,LENA,1512.839317,7.321743506562315,adult words / hour
fmw_2013,FMW2013,tlo,20003,19,LENA,1607.868896,7.382664914076662,adult words / hour
fmw_2013,FMW2013,tlo,20003,25,LENA,928.5790314,6.833655494456435,adult words / hour
fmw_2013,FMW2013,tlo,20004,24,LENA,1085.419355,6.989721693605932,adult words / hour
fmw_2013,FMW2013,tlo,20007,19,LENA,1087.235116,6.991393161800232,adult words / hour
fmw_2013,FMW2013,tlo,20007,24,LENA,1008.007039,6.915730431741853,adult words / hour
fmw_2013,FMW2013,tlo,20034,19,LENA,1485.033708,7.303192749969081,adult words / hour
fmw_2013,FMW2013,tlo,20034,25,LENA,1896.179775,7.547596496357996,adult words / hour
fmw_2013,FMW2013,tlo,20037,18,LENA,1139.559988,7.038397491442252,adult words / hour
fmw_2013,FMW2013,tlo,20037,23,LENA,526.0014238,6.265303919578153,adult words / hour
fmw_2013,FMW2013,tlo,20038,18,LENA,1066.294157,6.971944511312975,adult words / hour
fmw_2013,FMW2013,tlo,20038,23,LENA,677.966557,6.519097960765128,adult words / hour
fmw_2013,FMW2013,tlo,20041,18,LENA,1412.411368,7.253053712733254,adult words / hour
fmw_2013,FMW2013,tlo,20041,25,LENA,1586.235155,7.369118660434767,adult words / hour
fmw_2013,FMW2013,tlo,20047,18,LENA,1055.94216,6.962188690038854,adult words / hour
fmw_2013,FMW2013,tlo,20048,19,LENA,124.5661912,4.824837230850564,adult words / hour
fmw_2013,FMW2013,tlo,20048,25,LENA,1161.674279,7.057617587446221,adult words / hour
fmw_2013,FMW2013,tlo,20053,20,LENA,1526.90601,7.330998751261358,adult words / hour
fmw_2013,FMW2013,tlo,20056,18,LENA,3495.84705,8.159330985818366,adult words / hour
fmw_2013,FMW2013,tlo,20056,24,LENA,4326.992936,8.372628107683687,adult words / hour
fmw_2013,FMW2013,tlo,20071,17,LENA,2251.124724,7.719185247634745,adult words / hour
fmw_2013,FMW2013,tlo,20071,25,LENA,1711.255543,7.444982615750079,adult words / hour
fmw_2013,FMW2013,tlo,20073,18,LENA,1464.485697,7.289259399746897,adult words / hour
fmw_2013,FMW2013,tlo,20073,23,LENA,1617.673469,7.388744265756083,adult words / hour
fmw_2013,FMW2013,tlo,20086,19,LENA,1158.486042,7.05486929546148,adult words / hour
fmw_2013,FMW2013,tlo,20086,24,LENA,1850.796517,7.523371375142161,adult words / hour
fmw_2013,FMW2013,tlo,20100,18,LENA,3115.059527,8.044003540830296,adult words / hour
fmw_2013,FMW2013,tlo,20100,25,LENA,1956.899325,7.579116522536788,adult words / hour
fmw_2013,FMW2013,tlo,20108,18,LENA,1680.371134,7.426769961094838,adult words / hour
fmw_2013,FMW2013,tlo,20108,24,LENA,988.5551528,6.896244435490234,adult words / hour
fmw_2013,FMW2013,tlo,20112,26,LENA,1569.171285,7.35830291503465,adult words / hour
fmw_2013,FMW2013,tlo,20113,18,LENA,813.1201121,6.70087883799582,adult words / hour
fmw_2013,FMW2013,tlo,20113,23,LENA,983.3700926,6.89098554227214,adult words / hour
fmw_2013,FMW2013,tlo,20114,18,LENA,1578.605748,7.364297298468737,adult words / hour
fmw_2013,FMW2013,tlo,20114,23,LENA,1243.7943,7.125921905928946,adult words / hour
fmw_2013,FMW2013,tlo,20115,18,LENA,1197.914754,7.088337619215406,adult words / hour
fmw_2013,FMW2013,tlo,20117,18,LENA,1562.318074,7.353925942191751,adult words / hour
fmw_2013,FMW2013,tlo,20117,24,LENA,1410.77057,7.251891337639635,adult words / hour
fmw_2013,FMW2013,tlo,20121,18,LENA,475.0407543,6.163400598880474,adult words / hour
fmw_2013,FMW2013,tlo,20121,24,LENA,752.1492095,6.622934721156111,adult words / hour
fmw_2013,FMW2013,tlo,20122,19,LENA,1077.209914,6.982129564385623,adult words / hour
fmw_2013,FMW2013,tlo,20122,24,LENA,1000.407807,6.908163002851462,adult words / hour
fmw_2013,FMW2013,tlo,20127,18,LENA,680.5072804,6.522838520638259,adult words / hour
fmw_2013,FMW2013,tlo,20127,24,LENA,1211.647856,7.099736576557269,adult words / hour
fmw_2013,FMW2013,tlo,20128,18,LENA,1370.376311,7.22284066066669,adult words / hour
fmw_2013,FMW2013,tlo,20128,24,LENA,789.8947368,6.671899692026261,adult words / hour
fmw_2013,FMW2013,tlo,20129,19,LENA,2711.464286,7.905244094886979,adult words / hour
fmw_2013,FMW2013,tlo,20129,24,LENA,1844.237288,7.519821076965815,adult words / hour
fmw_2013,FMW2013,tlo,20132,18,LENA,2410.060999,7.78740733695277,adult words / hour
fmw_2013,FMW2013,tlo,20132,24,LENA,1054.69486,6.9610067718469715,adult words / hour
fmw_2013,FMW2013,tlo,20135,18,LENA,2206.231579,7.6990411711849935,adult words / hour
fmw_2013,FMW2013,tlo,20136,19,LENA,1453.203025,7.281525381957873,adult words / hour
fmw_2013,FMW2013,tlo,20136,24,LENA,1525.215901,7.329891253447029,adult words / hour
fmw_2013,FMW2013,tlo,20147,17,LENA,1317.039534,7.1831417195159775,adult words / hour
fmw_2013,FMW2013,tlo,20149,18,LENA,1470.624279,7.293442269213763,adult words / hour
fmw_2013,FMW2013,tlo,20149,24,LENA,1538.212279,7.338376163298152,adult words / hour
fmw_2013,FMW2013,tlo,20157,20,LENA,1076.16871,6.981162522111183,adult words / hour
fmw_2013,FMW2013,tlo,20157,24,LENA,1210.988419,7.0991921803364315,adult words / hour
fmw_2013,FMW2013,tlo,20161,17,LENA,1340.81463,7.201032641064471,adult words / hour
fmw_2013,FMW2013,tlo,20161,23,LENA,1607.393402,7.382369141004734,adult words / hour
fmw_2013,FMW2013,tlo,20162,19,LENA,1990.203092,7.595991968792557,adult words / hour
fmw_2013,FMW2013,tlo,20162,25,LENA,1128.039945,7.028236843665049,adult words / hour
fmw_2013,FMW2013,tlo,20166,19,LENA,825.5615961,6.716063877293635,adult words / hour
fmw_2013,FMW2013,tlo,20166,23,LENA,1345.824363,7.204762013577431,adult words / hour
fmw_2013,FMW2013,tlo,20167,18,LENA,738.3384245,6.60440228927268,adult words / hour
fmw_2013,FMW2013,tlo,20167,24,LENA,1507.708525,7.318346244076773,adult words / hour
fmw_2013,FMW2013,tlo,20169,19,LENA,1144.39034,7.04262732003582,adult words / hour
fmw_2013,FMW2013,tlo,20169,23,LENA,1316.88378,7.183023451835705,adult words / hour
fmw_2013,FMW2013,tlo,20171,17,LENA,3651.283606,8.202834057630836,adult words / hour
fmw_2013,FMW2013,tlo,20176,17,LENA,3001.854545,8.006985558321336,adult words / hour
fmw_2013,FMW2013,tlo,20176,23,LENA,2334.961736,7.755750782816692,adult words / hour
fmw_2013,FMW2013,tlo,20177,17,LENA,1039.337757,6.946339017194563,adult words / hour
fmw_2013,FMW2013,tlo,20177,23,LENA,951.2552766,6.857782456177594,adult words / hour
fmw_2013,FMW2013,tlo,20190,18,LENA,679.310882,6.521078875500715,adult words / hour
fmw_2013,FMW2013,tlo,20190,24,LENA,241.3462057,5.48623244083107,adult words / hour
fmw_2013,FMW2013,tlo,20191,18,LENA,1190.4,7.082044664078827,adult words / hour
fmw_2013,FMW2013,tlo,20191,24,LENA,421.6551724,6.04418785299154,adult words / hour
fmw_2013,FMW2013,tlo,20192,18,LENA,696.1860465,6.545616932803606,adult words / hour
fmw_2013,FMW2013,tlo,20192,24,LENA,924.8223635,6.829601679611027,adult words / hour
fmw_2013,FMW2013,tlo,20196,18,LENA,731.2837757,6.59480158647084,adult words / hour
fmw_2013,FMW2013,tlo,20196,24,LENA,2687.625521,7.896413376833623,adult words / hour
fmw_2013,FMW2013,tlo,20200,18,LENA,1166.793025,7.062014260087457,adult words / hour
fmw_2013,FMW2013,tlo,20200,25,LENA,2101.226243,7.650276378531606,adult words / hour
fmw_2013,FMW2013,tlo,20203,18,LENA,1521.620301,7.3275310335790955,adult words / hour
fmw_2013,FMW2013,tlo,20203,25,LENA,865.1884457,6.762947339505219,adult words / hour
fmw_2013,FMW2013,tlo,20204,18,LENA,1675.246297,7.423715476434482,adult words / hour
fmw_2013,FMW2013,tlo,20204,23,LENA,2163.939449,7.679685658521291,adult words / hour
fmw_2013,FMW2013,tlo,20214,18,LENA,895.0806559,6.796913832538466,adult words / hour
fmw_2013,FMW2013,tlo,20215,17,LENA,1157.945639,7.054402713162303,adult words / hour
fmw_2013,FMW2013,tlo,20219,18,LENA,408.2486204,6.011876352542966,adult words / hour
fmw_2013,FMW2013,tlo,20219,25,LENA,1719.154557,7.449587912335862,adult words / hour
fmw_2013,FMW2013,tlo,20224,18,LENA,2581.297297,7.856047379834451,adult words / hour
fmw_2013,FMW2013,tlo,20224,23,LENA,2185.680092,7.689682314019835,adult words / hour
fmw_2013,FMW2013,tlo,20225,18,LENA,516.7407407,6.24754128006559,adult words / hour
fmw_2013,FMW2013,tlo,20225,25,LENA,835.6585949,6.728220150368943,adult words / hour
fmw_2013,FMW2013,tlo,20226,19,LENA,2545.61194,7.842126348018782,adult words / hour
fmw_2013,FMW2013,tlo,20227,18,LENA,935.7701586,6.841369889272241,adult words / hour
fmw_2013,FMW2013,tlo,20227,25,LENA,1233.29625,7.1174457419446,adult words / hour
fmw_2013,FMW2013,tlo,20228,19,LENA,2264.00503,7.724890661052054,adult words / hour
fmw_2013,FMW2013,tlo,20233,18,LENA,1897.241968,7.548156514779212,adult words / hour
fmw_2013,FMW2013,tlo,20233,25,LENA,2569.272727,7.851378152238171,adult words / hour
fmw_2013,FMW2013,tlo,20236,19,LENA,876.5521333,6.775996181542857,adult words / hour
fmw_2013,FMW2013,tlo,20236,25,LENA,1059.454627,6.965509551873927,adult words / hour
fmw_2013,FMW2013,tlo,20242,17,LENA,1552.992519,7.347939006008946,adult words / hour
fmw_2013,FMW2013,tlo,20242,24,LENA,541.9742833,6.295218552527986,adult words / hour
fmw_2013,FMW2013,tlo,20251,24,LENA,1787.829721,7.488757716858337,adult words / hour
fmw_2013,FMW2013,elena,4943,18,LENA,1127.384615,7.027655729111218,adult words / hour
fmw_2013,FMW2013,elena,4943,24,LENA,1104.45287,7.0071053510579375,adult words / hour
fmw_2013,FMW2013,elena,6117,18,LENA,1739.142857,7.461147659916414,adult words / hour
fmw_2013,FMW2013,elena,6117,24,LENA,2741.715023,7.916338924378312,adult words / hour
fmw_2013,FMW2013,elena,6135,17,LENA,1613.795918,7.386344395977572,adult words / hour
fmw_2013,FMW2013,elena,6135,24,LENA,1987.176471,7.594470051391285,adult words / hour
fmw_2013,FMW2013,elena,6152,18,LENA,779.792695,6.659028108718007,adult words / hour
fmw_2013,FMW2013,elena,6152,25,LENA,1180.873292,7.0740095217031564,adult words / hour
fmw_2013,FMW2013,elena,6229,17,LENA,916.4745763,6.82053432690591,adult words / hour
fmw_2013,FMW2013,elena,6229,24,LENA,1449.333333,7.278858959342999,adult words / hour
fmw_2013,FMW2013,elena,6296,18,LENA,2109.875241,7.654384097233862,adult words / hour
fmw_2013,FMW2013,elena,6296,24,LENA,2250.562303,7.7189353764199975,adult words / hour
fmw_2013,FMW2013,elena,6316,18,LENA,1372.594876,7.2244582974062235,adult words / hour
fmw_2013,FMW2013,elena,6342,18,LENA,1016.842105,6.9244571283412695,adult words / hour
fmw_2013,FMW2013,elena,6342,24,LENA,1037.561723,6.944628742383465,adult words / hour
fmw_2013,FMW2013,elena,6356,18,LENA,2330.039917,7.753640678172656,adult words / hour
fmw_2013,FMW2013,elena,6356,24,LENA,1874.59904,7.536150070203004,adult words / hour
fmw_2013,FMW2013,elena,6357,18,LENA,1174.197409,7.068340137018896,adult words / hour
fmw_2013,FMW2013,elena,6358,18,LENA,2547.136364,7.84272501261186,adult words / hour
fmw_2013,FMW2013,elena,6358,24,LENA,2344.125242,7.759667580156896,adult words / hour
fmw_2013,FMW2013,elena,6367,18,LENA,1556.762984,7.350363934170646,adult words / hour
fmw_2013,FMW2013,elena,6368,18,LENA,1346.533333,7.205288667236743,adult words / hour
fmw_2013,FMW2013,elena,6368,24,LENA,2169.410197,7.682210610973055,adult words / hour
fmw_2013,FMW2013,elena,6377,18,LENA,920.0425532,6.824419922451688,adult words / hour
fmw_2013,FMW2013,elena,6377,25,LENA,1418.403523,7.257287238541459,adult words / hour
fmw_2013,FMW2013,elena,6378,24,LENA,2062.535036,7.631691105216071,adult words / hour
fmw_2013,FMW2013,elena,6403,18,LENA,1758.987997,7.472493920950774,adult words / hour
fmw_2013,FMW2013,elena,6403,24,LENA,2122.989474,7.660580503612773,adult words / hour
fmw_2013,FMW2013,elena,6408,18,LENA,1462.046512,7.287592453757159,adult words / hour
fmw_2013,FMW2013,elena,6408,24,LENA,1472.874843,7.294971445439253,adult words / hour
fmw_2013,FMW2013,elena,6414,18,LENA,1207.658367,7.096438529721983,adult words / hour
fmw_2013,FMW2013,elena,6414,24,LENA,912.1124874,6.8157633239157684,adult words / hour
fmw_2013,FMW2013,elena,6429,18,LENA,2084.865699,7.6424597192086585,adult words / hour
fmw_2013,FMW2013,elena,6429,24,LENA,3025.940672,8.014977288075466,adult words / hour
fmw_2013,FMW2013,elena,6433,18,LENA,603.3134328,6.4024368507383755,adult words / hour
fmw_2013,FMW2013,elena,6433,24,LENA,1551.444444,7.346941675319504,adult words / hour
fmw_2013,FMW2013,elena,6440,18,LENA,2478.207739,7.815290892008604,adult words / hour
fmw_2013,FMW2013,elena,6440,24,LENA,1459.606783,7.285922351715101,adult words / hour
fmw_2013,FMW2013,elena,6446,18,LENA,663.6642499,6.49777637385254,adult words / hour
fmw_2013,FMW2013,elena,6446,24,LENA,764.3350275,6.639006210715904,adult words / hour
fmw_2013,FMW2013,elena,6516,18,LENA,1322.454905,7.1872450648524175,adult words / hour
fmw_2013,FMW2013,elena,6516,25,LENA,1877.60032,7.537749814967136,adult words / hour
fmw_2013,FMW2013,elena,6517,18,LENA,1615.765609,7.387564184625508,adult words / hour
fmw_2013,FMW2013,elena,6517,24,LENA,2163.623293,7.679539545792529,adult words / hour
fmw_2013,FMW2013,elena,6592,18,LENA,3954.133545,8.282516777818785,adult words / hour
fmw_2013,FMW2013,elena,6592,24,LENA,1869.593112,7.533476099007335,adult words / hour
fmw_2013,FMW2013,elena,6613,18,LENA,1973.598589,7.58761385027772,adult words / hour
fmw_2013,FMW2013,elena,6613,24,LENA,2287.506773,7.73521775801961,adult words / hour
fmw_2013,FMW2013,elena,6927,18,LENA,1946.654144,7.57386735425676,adult words / hour
fmw_2013,FMW2013,elena,6927,24,LENA,1774.938084,7.481520819047595,adult words / hour
fmw_2013,FMW2013,elena,6953,18,LENA,639.1883323,6.460199140687218,adult words / hour
fmw_2013,FMW2013,elena,6953,24,LENA,997.0384615,6.904789346449451,adult words / hour
seedlings,SEEDLingS,seedlings,01,6,LENA,881.0625,6.781128565531144,adult words / hour
seedlings,SEEDLingS,seedlings,01,7,LENA,874.3125,6.77343786323665,adult words / hour
seedlings,SEEDLingS,seedlings,01,8,LENA,889.1875,6.790308124411386,adult words / hour
seedlings,SEEDLingS,seedlings,01,9,LENA,886.125,6.7868580241751815,adult words / hour
seedlings,SEEDLingS,seedlings,01,10,LENA,1585.5625,7.368694512942871,adult words / hour
seedlings,SEEDLingS,seedlings,01,11,LENA,1348.5625,7.206794489299604,adult words / hour
seedlings,SEEDLingS,seedlings,01,12,LENA,1931,7.565793282428515,adult words / hour
seedlings,SEEDLingS,seedlings,01,13,LENA,1108.25,7.010537473625163,adult words / hour
seedlings,SEEDLingS,seedlings,01,14,LENA,947.1875,6.853497067252122,adult words / hour
seedlings,SEEDLingS,seedlings,01,15,LENA,1564.875,7.355561227579827,adult words / hour
seedlings,SEEDLingS,seedlings,01,16,LENA,896.5625,6.798568006175684,adult words / hour
seedlings,SEEDLingS,seedlings,01,17,LENA,773.3125,6.650683235974195,adult words / hour
seedlings,SEEDLingS,seedlings,01,54,LENA,722.6982504684463,6.58299177745917,adult words / hour
seedlings,SEEDLingS,seedlings,02,6,LENA,1320.8125,7.186002356522371,adult words / hour
seedlings,SEEDLingS,seedlings,02,7,LENA,1334.4375,7.196265133727599,adult words / hour
seedlings,SEEDLingS,seedlings,02,8,LENA,1257.1875,7.136632362144107,adult words / hour
seedlings,SEEDLingS,seedlings,02,9,LENA,1652.875,7.410271474876987,adult words / hour
seedlings,SEEDLingS,seedlings,02,10,LENA,987.5,6.895176496775277,adult words / hour
seedlings,SEEDLingS,seedlings,02,11,LENA,1391.4375,7.238092664398462,adult words / hour
seedlings,SEEDLingS,seedlings,02,12,LENA,870.625,6.76921134453407,adult words / hour
seedlings,SEEDLingS,seedlings,02,13,LENA,969.625,6.876909398811035,adult words / hour
seedlings,SEEDLingS,seedlings,02,14,LENA,838.3125,6.731390942662309,adult words / hour
seedlings,SEEDLingS,seedlings,02,15,LENA,1186.625,7.078868422201962,adult words / hour
seedlings,SEEDLingS,seedlings,02,16,LENA,1170.75,7.0653998480636515,adult words / hour
seedlings,SEEDLingS,seedlings,02,17,LENA,632.6875,6.449976619358971,adult words / hour
seedlings,SEEDLingS,seedlings,02,54,LENA,2229.1935120127628,7.709395145235719,adult words / hour
seedlings,SEEDLingS,seedlings,03,6,LENA,1211.9375,7.099975597642837,adult words / hour
seedlings,SEEDLingS,seedlings,03,7,LENA,842.3125,6.736151085529378,adult words / hour
seedlings,SEEDLingS,seedlings,03,8,LENA,690.125,6.536872740604209,adult words / hour
seedlings,SEEDLingS,seedlings,03,9,LENA,911.3125,6.814885868076504,adult words / hour
seedlings,SEEDLingS,seedlings,03,10,LENA,957.875,6.864717289290568,adult words / hour
seedlings,SEEDLingS,seedlings,03,11,LENA,1449.875,7.279232624802041,adult words / hour
seedlings,SEEDLingS,seedlings,03,12,LENA,920.25,6.8246453722591305,adult words / hour
seedlings,SEEDLingS,seedlings,03,13,LENA,670.5,6.508023702721733,adult words / hour
seedlings,SEEDLingS,seedlings,03,14,LENA,863.375,6.760849127409137,adult words / hour
seedlings,SEEDLingS,seedlings,03,15,LENA,577.4375,6.358600211430964,adult words / hour
seedlings,SEEDLingS,seedlings,03,16,LENA,746.9375,6.6159815136271,adult words / hour
seedlings,SEEDLingS,seedlings,03,17,LENA,1241.75,7.12427695398746,adult words / hour
seedlings,SEEDLingS,seedlings,03,54,LENA,1704.9952960061278,7.441317630773124,adult words / hour
seedlings,SEEDLingS,seedlings,04,6,LENA,1730.0508303857955,7.455906068786083,adult words / hour
seedlings,SEEDLingS,seedlings,04,7,LENA,1779.99776411403,7.484367387169629,adult words / hour
seedlings,SEEDLingS,seedlings,04,8,LENA,1758.3516803057366,7.472132103918822,adult words / hour
seedlings,SEEDLingS,seedlings,04,9,LENA,2147.677946324387,7.672142512509071,adult words / hour
seedlings,SEEDLingS,seedlings,04,10,LENA,1662.7378310241547,7.41622081855357,adult words / hour
seedlings,SEEDLingS,seedlings,04,11,LENA,1971.5329500722155,7.586566666377214,adult words / hour
seedlings,SEEDLingS,seedlings,04,12,LENA,1892.0054916041825,7.54539265214682,adult words / hour
seedlings,SEEDLingS,seedlings,04,13,LENA,1548.4084747464606,7.34498289191666,adult words / hour
seedlings,SEEDLingS,seedlings,04,14,LENA,1360.3468979319546,7.215495018213554,adult words / hour
seedlings,SEEDLingS,seedlings,04,15,LENA,1240.5331480918685,7.123296524332172,adult words / hour
seedlings,SEEDLingS,seedlings,04,16,LENA,1579.9200672046434,7.365129534364468,adult words / hour
seedlings,SEEDLingS,seedlings,04,17,LENA,2010.4510792914684,7.606114393433213,adult words / hour
seedlings,SEEDLingS,seedlings,06,6,LENA,2783.314587510392,7.931397794127904,adult words / hour
seedlings,SEEDLingS,seedlings,06,7,LENA,531.0625,6.27487971676376,adult words / hour
seedlings,SEEDLingS,seedlings,06,8,LENA,772.6321918881996,6.649803116317541,adult words / hour
seedlings,SEEDLingS,seedlings,06,9,LENA,854.0135569033179,6.749947068256619,adult words / hour
seedlings,SEEDLingS,seedlings,06,10,LENA,440.0625,6.086916762279352,adult words / hour
seedlings,SEEDLingS,seedlings,06,11,LENA,1272.4375,7.1486896313048955,adult words / hour
seedlings,SEEDLingS,seedlings,06,12,LENA,548.6875,6.307529062686427,adult words / hour
seedlings,SEEDLingS,seedlings,06,13,LENA,1145.25,7.043378232766852,adult words / hour
seedlings,SEEDLingS,seedlings,06,14,LENA,517.3214812757166,6.248664501907432,adult words / hour
seedlings,SEEDLingS,seedlings,06,15,LENA,679.875,6.521908957743125,adult words / hour
seedlings,SEEDLingS,seedlings,06,16,LENA,1052.375,6.958804793657828,adult words / hour
seedlings,SEEDLingS,seedlings,06,17,LENA,523.8982566447556,6.261297498759765,adult words / hour
seedlings,SEEDLingS,seedlings,06,54,LENA,1219.9727118008182,7.10658377010077,adult words / hour
seedlings,SEEDLingS,seedlings,07,6,LENA,973.625,6.881026219240113,adult words / hour
seedlings,SEEDLingS,seedlings,07,7,LENA,1949.875,7.575520546939033,adult words / hour
seedlings,SEEDLingS,seedlings,07,8,LENA,3082.2026889269296,8.033399779105974,adult words / hour
seedlings,SEEDLingS,seedlings,07,9,LENA,1875.0625,7.5363972711823015,adult words / hour
seedlings,SEEDLingS,seedlings,07,10,LENA,1411.896850283147,7.252689363177342,adult words / hour
seedlings,SEEDLingS,seedlings,07,11,LENA,1203.8125,7.093248882844441,adult words / hour
seedlings,SEEDLingS,seedlings,07,12,LENA,1768.4274561492448,7.4778459878150745,adult words / hour
seedlings,SEEDLingS,seedlings,07,13,LENA,1687.5,7.431003422746685,adult words / hour
seedlings,SEEDLingS,seedlings,07,14,LENA,2606.0067902846695,7.865574363316342,adult words / hour
seedlings,SEEDLingS,seedlings,07,15,LENA,3263.417252396166,8.090530162275394,adult words / hour
seedlings,SEEDLingS,seedlings,07,16,LENA,2055.0707775838664,7.628065567983885,adult words / hour
seedlings,SEEDLingS,seedlings,07,17,LENA,1959.1989152904043,7.580290951988562,adult words / hour
seedlings,SEEDLingS,seedlings,07,54,LENA,1297.4433502505815,7.1681509533936945,adult words / hour
seedlings,SEEDLingS,seedlings,08,6,LENA,1731,7.456454555176209,adult words / hour
seedlings,SEEDLingS,seedlings,08,7,LENA,1427.4375,7.263636157734541,adult words / hour
seedlings,SEEDLingS,seedlings,08,8,LENA,2218.375,7.704530224854729,adult words / hour
seedlings,SEEDLingS,seedlings,08,9,LENA,1990,7.595889917718538,adult words / hour
seedlings,SEEDLingS,seedlings,08,10,LENA,2270.3125,7.727672766198703,adult words / hour
seedlings,SEEDLingS,seedlings,08,11,LENA,2413.125,7.7886778670185,adult words / hour
seedlings,SEEDLingS,seedlings,08,12,LENA,1968.375,7.584963608240574,adult words / hour
seedlings,SEEDLingS,seedlings,08,13,LENA,1766.375,7.476684702902911,adult words / hour
seedlings,SEEDLingS,seedlings,08,14,LENA,1254.8125,7.134741438013797,adult words / hour
seedlings,SEEDLingS,seedlings,08,15,LENA,2191.75,7.692455590468695,adult words / hour
seedlings,SEEDLingS,seedlings,08,16,LENA,2213.75,7.7024431890970435,adult words / hour
seedlings,SEEDLingS,seedlings,08,17,LENA,1339.375,7.1999583662278415,adult words / hour
seedlings,SEEDLingS,seedlings,08,54,LENA,2571.0561870412216,7.852072061185481,adult words / hour
seedlings,SEEDLingS,seedlings,09,6,LENA,979.6875,6.88723364326134,adult words / hour
seedlings,SEEDLingS,seedlings,09,7,LENA,721.125,6.580812492577054,adult words / hour
seedlings,SEEDLingS,seedlings,09,8,LENA,722.3728813559321,6.582541461746889,adult words / hour
seedlings,SEEDLingS,seedlings,09,9,LENA,934.2813022776992,6.839777573052043,adult words / hour
seedlings,SEEDLingS,seedlings,09,10,LENA,990,6.897704943128636,adult words / hour
seedlings,SEEDLingS,seedlings,09,11,LENA,710.9375,6.56658452157937,adult words / hour
seedlings,SEEDLingS,seedlings,09,12,LENA,349.375,5.856145843909363,adult words / hour
seedlings,SEEDLingS,seedlings,09,13,LENA,794.5,6.677712985976771,adult words / hour
seedlings,SEEDLingS,seedlings,09,14,LENA,534.25,6.280863894199257,adult words / hour
seedlings,SEEDLingS,seedlings,09,15,LENA,1375.428846862684,7.226520850100931,adult words / hour
seedlings,SEEDLingS,seedlings,09,16,LENA,822.6352288488212,6.71251288109961,adult words / hour
seedlings,SEEDLingS,seedlings,09,17,LENA,596.0766629086809,6.390369287834755,adult words / hour
seedlings,SEEDLingS,seedlings,09,54,LENA,1167.2133276412028,7.062374415615972,adult words / hour
seedlings,SEEDLingS,seedlings,10,6,LENA,1522.3548499246726,7.328013658372342,adult words / hour
seedlings,SEEDLingS,seedlings,10,7,LENA,1684.1061885881743,7.428990250170639,adult words / hour
seedlings,SEEDLingS,seedlings,10,8,LENA,1596.6875,7.375686449668428,adult words / hour
seedlings,SEEDLingS,seedlings,10,9,LENA,1276.8125,7.152122016747872,adult words / hour
seedlings,SEEDLingS,seedlings,10,10,LENA,1207.1875,7.0960485528606005,adult words / hour
seedlings,SEEDLingS,seedlings,10,11,LENA,1270.447689151683,7.147124628478239,adult words / hour
seedlings,SEEDLingS,seedlings,10,12,LENA,1246,7.1276936993473985,adult words / hour
seedlings,SEEDLingS,seedlings,10,13,LENA,1181.625,7.074645888745549,adult words / hour
seedlings,SEEDLingS,seedlings,10,14,LENA,1333.125,7.195281089225615,adult words / hour
seedlings,SEEDLingS,seedlings,10,15,LENA,881.1875,6.78127042962558,adult words / hour
seedlings,SEEDLingS,seedlings,10,16,LENA,1204.875,7.0941311061041326,adult words / hour
seedlings,SEEDLingS,seedlings,10,17,LENA,1164.875,7.06036906410582,adult words / hour
seedlings,SEEDLingS,seedlings,10,54,LENA,1206.212709411929,7.095240737698176,adult words / hour
seedlings,SEEDLingS,seedlings,11,6,LENA,2479.823812306171,7.815942793210393,adult words / hour
seedlings,SEEDLingS,seedlings,11,7,LENA,2067.1981472409034,7.633949417322838,adult words / hour
seedlings,SEEDLingS,seedlings,11,8,LENA,3285.553026854802,8.09729026586825,adult words / hour
seedlings,SEEDLingS,seedlings,11,9,LENA,2335.824316889785,7.756120134309064,adult words / hour
seedlings,SEEDLingS,seedlings,11,10,LENA,2628.515213266812,7.874174408055883,adult words / hour
seedlings,SEEDLingS,seedlings,11,11,LENA,1907.3981860216968,7.553495386122916,adult words / hour
seedlings,SEEDLingS,seedlings,11,12,LENA,1158.1123632747765,7.0545466856145485,adult words / hour
seedlings,SEEDLingS,seedlings,11,13,LENA,1350.8059913004113,7.208456723873512,adult words / hour
seedlings,SEEDLingS,seedlings,11,14,LENA,1935.285584768812,7.568010183601503,adult words / hour
seedlings,SEEDLingS,seedlings,11,15,LENA,1554.1539984444605,7.348686624115809,adult words / hour
seedlings,SEEDLingS,seedlings,11,16,LENA,1209.2524304391552,7.097757621574263,adult words / hour
seedlings,SEEDLingS,seedlings,11,17,LENA,1695.4365792310457,7.435695555517258,adult words / hour
seedlings,SEEDLingS,seedlings,11,54,LENA,3142.3967955549992,8.052741098415163,adult words / hour
seedlings,SEEDLingS,seedlings,12,6,LENA,1503.3125,7.315426285639464,adult words / hour
seedlings,SEEDLingS,seedlings,12,7,LENA,2788.75,7.933348745746742,adult words / hour
seedlings,SEEDLingS,seedlings,12,8,LENA,3559.1875,8.17728756746049,adult words / hour
seedlings,SEEDLingS,seedlings,12,9,LENA,1207.4375,7.096255624352772,adult words / hour
seedlings,SEEDLingS,seedlings,12,10,LENA,1383.9375,7.232687976198381,adult words / hour
seedlings,SEEDLingS,seedlings,12,11,LENA,1537.0625,7.337628406342302,adult words / hour
seedlings,SEEDLingS,seedlings,12,12,LENA,1726.1875,7.453670498419981,adult words / hour
seedlings,SEEDLingS,seedlings,12,13,LENA,2263.4662583594154,7.724652659921262,adult words / hour
seedlings,SEEDLingS,seedlings,12,14,LENA,1748.4375,7.4664778109403445,adult words / hour
seedlings,SEEDLingS,seedlings,12,15,LENA,1652.889768165492,7.410280409672127,adult words / hour
seedlings,SEEDLingS,seedlings,12,16,LENA,2785.1894840694094,7.9320711874147785,adult words / hour
seedlings,SEEDLingS,seedlings,12,17,LENA,1214.625,7.102190666159603,adult words / hour
seedlings,SEEDLingS,seedlings,12,54,LENA,1724.3432444466434,7.45260152911319,adult words / hour
seedlings,SEEDLingS,seedlings,13,6,LENA,829.601792296018,6.72094581734695,adult words / hour
seedlings,SEEDLingS,seedlings,13,7,LENA,970.4123401401448,6.877721074099012,adult words / hour
seedlings,SEEDLingS,seedlings,13,8,LENA,1306.0980653462616,7.174799395337651,adult words / hour
seedlings,SEEDLingS,seedlings,13,9,LENA,665.8867255142121,6.5011195742643455,adult words / hour
seedlings,SEEDLingS,seedlings,13,10,LENA,1075.445889768003,6.980490635743367,adult words / hour
seedlings,SEEDLingS,seedlings,13,11,LENA,1570.3463641887786,7.359051488143614,adult words / hour
seedlings,SEEDLingS,seedlings,13,12,LENA,2068.4229873789977,7.634541754064545,adult words / hour
seedlings,SEEDLingS,seedlings,13,13,LENA,812.6901814979698,6.700349956349855,adult words / hour
seedlings,SEEDLingS,seedlings,13,14,LENA,1851.1279568910404,7.523550438704513,adult words / hour
seedlings,SEEDLingS,seedlings,13,15,LENA,1347.988248818495,7.206368573940557,adult words / hour
seedlings,SEEDLingS,seedlings,13,16,LENA,659.353699452587,6.491260111994905,adult words / hour
seedlings,SEEDLingS,seedlings,13,17,LENA,399.75,5.9908393517140635,adult words / hour
seedlings,SEEDLingS,seedlings,13,54,LENA,379.5831908998595,5.939073784669613,adult words / hour
seedlings,SEEDLingS,seedlings,14,6,LENA,1013.625,6.9212882932647215,adult words / hour
seedlings,SEEDLingS,seedlings,14,7,LENA,962.6875,6.869728852384676,adult words / hour
seedlings,SEEDLingS,seedlings,14,8,LENA,920.3125,6.824713286280006,adult words / hour
seedlings,SEEDLingS,seedlings,14,9,LENA,676.625,6.517117205117142,adult words / hour
seedlings,SEEDLingS,seedlings,14,10,LENA,1342.75,7.202475028785568,adult words / hour
seedlings,SEEDLingS,seedlings,14,11,LENA,1034.1875,6.941371373252063,adult words / hour
seedlings,SEEDLingS,seedlings,14,12,LENA,1032.875,6.940101455021348,adult words / hour
seedlings,SEEDLingS,seedlings,14,13,LENA,1095.1875,6.998680860468638,adult words / hour
seedlings,SEEDLingS,seedlings,14,14,LENA,710.625,6.566144864504801,adult words / hour
seedlings,SEEDLingS,seedlings,14,15,LENA,1533.1875,7.335104180590306,adult words / hour
seedlings,SEEDLingS,seedlings,14,16,LENA,736.1875,6.601484841719003,adult words / hour
seedlings,SEEDLingS,seedlings,14,17,LENA,1062.3125,6.96820341463757,adult words / hour
seedlings,SEEDLingS,seedlings,14,54,LENA,1226.3058379003191,7.111761545337518,adult words / hour
seedlings,SEEDLingS,seedlings,15,6,LENA,1418.625,7.257443371621303,adult words / hour
seedlings,SEEDLingS,seedlings,15,7,LENA,1071.0625,6.976406425421068,adult words / hour
seedlings,SEEDLingS,seedlings,15,8,LENA,1096.5625,6.999935565777534,adult words / hour
seedlings,SEEDLingS,seedlings,15,9,LENA,832.5,6.724433221854599,adult words / hour
seedlings,SEEDLingS,seedlings,15,10,LENA,913.1875,6.816941226432303,adult words / hour
seedlings,SEEDLingS,seedlings,15,11,LENA,1038.625,6.9456530019851455,adult words / hour
seedlings,SEEDLingS,seedlings,15,12,LENA,1037.4375,6.944509009326438,adult words / hour
seedlings,SEEDLingS,seedlings,15,13,LENA,501.9375,6.218475609948681,adult words / hour
seedlings,SEEDLingS,seedlings,15,14,LENA,834.125,6.726383271223771,adult words / hour
seedlings,SEEDLingS,seedlings,15,15,LENA,772.5625,6.649712911648042,adult words / hour
seedlings,SEEDLingS,seedlings,15,16,LENA,1029.125,6.93646420561859,adult words / hour
seedlings,SEEDLingS,seedlings,15,17,LENA,659.4375,6.491387198902311,adult words / hour
seedlings,SEEDLingS,seedlings,16,6,LENA,873.3125,6.772293452840667,adult words / hour
seedlings,SEEDLingS,seedlings,16,7,LENA,1522.25,7.327944782488683,adult words / hour
seedlings,SEEDLingS,seedlings,16,8,LENA,1139.625,7.038454539905067,adult words / hour
seedlings,SEEDLingS,seedlings,16,9,LENA,918.5,6.822741904655181,adult words / hour
seedlings,SEEDLingS,seedlings,16,10,LENA,935.375,6.840947518400522,adult words / hour
seedlings,SEEDLingS,seedlings,16,11,LENA,930.75,6.835990712752826,adult words / hour
seedlings,SEEDLingS,seedlings,16,12,LENA,685.25,6.529783735182895,adult words / hour
seedlings,SEEDLingS,seedlings,16,13,LENA,1475.375,7.296667473749233,adult words / hour
seedlings,SEEDLingS,seedlings,16,14,LENA,679.25,6.520989248306457,adult words / hour
seedlings,SEEDLingS,seedlings,16,15,LENA,990.3125,6.89802054988524,adult words / hour
seedlings,SEEDLingS,seedlings,16,16,LENA,1119.1875,7.020358254596978,adult words / hour
seedlings,SEEDLingS,seedlings,16,17,LENA,1564.75,7.355481345804811,adult words / hour
seedlings,SEEDLingS,seedlings,16,54,LENA,1211.213335280093,7.099377892596231,adult words / hour
seedlings,SEEDLingS,seedlings,17,6,LENA,1088.8125,6.992842931800379,adult words / hour
seedlings,SEEDLingS,seedlings,17,7,LENA,1409.1875,7.250768576146731,adult words / hour
seedlings,SEEDLingS,seedlings,17,8,LENA,1184.3125,7.076917716429834,adult words / hour
seedlings,SEEDLingS,seedlings,17,9,LENA,1075.6875,6.980715271030199,adult words / hour
seedlings,SEEDLingS,seedlings,17,10,LENA,1134.8125,7.034222718030886,adult words / hour
seedlings,SEEDLingS,seedlings,17,11,LENA,518.1875,6.250337145876437,adult words / hour
seedlings,SEEDLingS,seedlings,17,12,LENA,482.25,6.178462651785838,adult words / hour
seedlings,SEEDLingS,seedlings,17,13,LENA,1129.4375,7.029475000158382,adult words / hour
seedlings,SEEDLingS,seedlings,17,14,LENA,1348.875,7.207026190683898,adult words / hour
seedlings,SEEDLingS,seedlings,17,15,LENA,1263.0625,7.141294606478467,adult words / hour
seedlings,SEEDLingS,seedlings,17,16,LENA,1292.3125,7.164188528160989,adult words / hour
seedlings,SEEDLingS,seedlings,17,17,LENA,1158.75,7.055097116880065,adult words / hour
seedlings,SEEDLingS,seedlings,17,54,LENA,2631.153581797497,7.875177653261914,adult words / hour
seedlings,SEEDLingS,seedlings,18,6,LENA,1903.4691267103376,7.551433356468712,adult words / hour
seedlings,SEEDLingS,seedlings,18,7,LENA,2377.0658852856923,7.773622184807653,adult words / hour
seedlings,SEEDLingS,seedlings,18,8,LENA,1991.139915151257,7.596462575402871,adult words / hour
seedlings,SEEDLingS,seedlings,18,9,LENA,1474.273196111542,7.2959203989345784,adult words / hour
seedlings,SEEDLingS,seedlings,18,10,LENA,2771.315250767656,7.927077306261864,adult words / hour
seedlings,SEEDLingS,seedlings,18,11,LENA,1538.1682013061018,7.338347507743884,adult words / hour
seedlings,SEEDLingS,seedlings,18,12,LENA,1797.5973303670746,7.494206235760467,adult words / hour
seedlings,SEEDLingS,seedlings,18,13,LENA,1166.8398249735951,7.062054369201967,adult words / hour
seedlings,SEEDLingS,seedlings,18,14,LENA,1193.9826371247432,7.085049752075243,adult words / hour
seedlings,SEEDLingS,seedlings,18,15,LENA,2112.8437274259572,7.65579005720285,adult words / hour
seedlings,SEEDLingS,seedlings,18,16,LENA,1471.153481911737,7.293802053643762,adult words / hour
seedlings,SEEDLingS,seedlings,18,17,LENA,2584.531914893617,7.857299693135443,adult words / hour
seedlings,SEEDLingS,seedlings,18,54,LENA,1621.4809065071015,7.391095150474284,adult words / hour
seedlings,SEEDLingS,seedlings,19,6,LENA,1645.3377480355352,7.405700960079359,adult words / hour
seedlings,SEEDLingS,seedlings,19,7,LENA,1979.657055760193,7.59067890452549,adult words / hour
seedlings,SEEDLingS,seedlings,19,8,LENA,2046.9061371010423,7.624084730726745,adult words / hour
seedlings,SEEDLingS,seedlings,19,9,LENA,1217.640832647301,7.1046705218993464,adult words / hour
seedlings,SEEDLingS,seedlings,19,10,LENA,2331.5908481201855,7.7543060810136595,adult words / hour
seedlings,SEEDLingS,seedlings,19,11,LENA,2334.344483690006,7.755486395653141,adult words / hour
seedlings,SEEDLingS,seedlings,19,12,LENA,2438.8953714507975,7.799300499161615,adult words / hour
seedlings,SEEDLingS,seedlings,19,13,LENA,2464.587915642386,7.809779898320041,adult words / hour
seedlings,SEEDLingS,seedlings,19,14,LENA,3054.0575977522826,8.02422634537555,adult words / hour
seedlings,SEEDLingS,seedlings,19,15,LENA,2413.664843361511,7.788901553311578,adult words / hour
seedlings,SEEDLingS,seedlings,19,16,LENA,2459.2201114126556,7.807599550781412,adult words / hour
seedlings,SEEDLingS,seedlings,19,17,LENA,2249.3918614545273,7.718415174867229,adult words / hour
seedlings,SEEDLingS,seedlings,19,54,LENA,2321.212277988243,7.749844861802827,adult words / hour
seedlings,SEEDLingS,seedlings,20,6,LENA,1146.5,7.044469102297959,adult words / hour
seedlings,SEEDLingS,seedlings,20,7,LENA,2033.8125,7.617667389468546,adult words / hour
seedlings,SEEDLingS,seedlings,20,8,LENA,1240.0625,7.122917060554689,adult words / hour
seedlings,SEEDLingS,seedlings,20,9,LENA,781,6.660575149839686,adult words / hour
seedlings,SEEDLingS,seedlings,20,10,LENA,1261.4375,7.140007222660338,adult words / hour
seedlings,SEEDLingS,seedlings,20,11,LENA,1305.0625,7.174006211330281,adult words / hour
seedlings,SEEDLingS,seedlings,20,12,LENA,765.1875,6.640120901834134,adult words / hour
seedlings,SEEDLingS,seedlings,20,13,LENA,1212.375,7.100336524713707,adult words / hour
seedlings,SEEDLingS,seedlings,20,14,LENA,624.3125,6.436651044292368,adult words / hour
seedlings,SEEDLingS,seedlings,20,15,LENA,825.0625,6.715459141040978,adult words / hour
seedlings,SEEDLingS,seedlings,20,16,LENA,1900.75,7.550003824108546,adult words / hour
seedlings,SEEDLingS,seedlings,20,17,LENA,1849.625,7.522738194822698,adult words / hour
seedlings,SEEDLingS,seedlings,20,54,LENA,1372.8271133380406,7.224627478930591,adult words / hour
seedlings,SEEDLingS,seedlings,21,6,LENA,1316.7716888741488,7.182938329747988,adult words / hour
seedlings,SEEDLingS,seedlings,21,7,LENA,1733.829889476213,7.458088049573183,adult words / hour
seedlings,SEEDLingS,seedlings,21,8,LENA,1322.453764001042,7.187244202063489,adult words / hour
seedlings,SEEDLingS,seedlings,21,9,LENA,721.9661696233866,6.581978281317723,adult words / hour
seedlings,SEEDLingS,seedlings,21,10,LENA,689.0058841746671,6.535249811143617,adult words / hour
seedlings,SEEDLingS,seedlings,21,11,LENA,813.0145375153096,6.7007489907105855,adult words / hour
seedlings,SEEDLingS,seedlings,21,12,LENA,1416.7131833853225,7.256094808042101,adult words / hour
seedlings,SEEDLingS,seedlings,21,13,LENA,1730.4224738675955,7.4561208622264905,adult words / hour
seedlings,SEEDLingS,seedlings,21,14,LENA,1624.904137235116,7.393204100553016,adult words / hour
seedlings,SEEDLingS,seedlings,21,15,LENA,1869.5683006825636,7.533462827947491,adult words / hour
seedlings,SEEDLingS,seedlings,21,16,LENA,874.6827503015681,6.773861249528905,adult words / hour
seedlings,SEEDLingS,seedlings,21,17,LENA,1176.852300242131,7.0705986110615155,adult words / hour
seedlings,SEEDLingS,seedlings,22,6,LENA,774.0721737643236,6.651665116999949,adult words / hour
seedlings,SEEDLingS,seedlings,22,7,LENA,1730.4213374565134,7.456120205501632,adult words / hour
seedlings,SEEDLingS,seedlings,22,8,LENA,631.6699565732333,6.44836703713021,adult words / hour
seedlings,SEEDLingS,seedlings,22,10,LENA,622.3899074456169,6.433566757189034,adult words / hour
seedlings,SEEDLingS,seedlings,22,11,LENA,665.7370020397119,6.500894700717812,adult words / hour
seedlings,SEEDLingS,seedlings,22,12,LENA,631.7386083549264,6.448475714217997,adult words / hour
seedlings,SEEDLingS,seedlings,22,13,LENA,982.3322942490364,6.88992963629743,adult words / hour
seedlings,SEEDLingS,seedlings,22,14,LENA,1023.2740861399894,6.930762653956938,adult words / hour
seedlings,SEEDLingS,seedlings,22,15,LENA,573.0103806228374,6.3509038328208645,adult words / hour
seedlings,SEEDLingS,seedlings,22,16,LENA,1272.480109115708,7.1487231169592524,adult words / hour
seedlings,SEEDLingS,seedlings,22,17,LENA,1061.5826464613444,6.967516136295605,adult words / hour
seedlings,SEEDLingS,seedlings,22,54,LENA,1034.0214295176092,6.94121077972558,adult words / hour
seedlings,SEEDLingS,seedlings,23,6,LENA,688.8125,6.534969100451761,adult words / hour
seedlings,SEEDLingS,seedlings,23,7,LENA,1291.5625,7.1636080047060515,adult words / hour
seedlings,SEEDLingS,seedlings,23,8,LENA,929.5,6.834646807161499,adult words / hour
seedlings,SEEDLingS,seedlings,23,9,LENA,755.0625,6.626800527279783,adult words / hour
seedlings,SEEDLingS,seedlings,23,10,LENA,878.8125,6.778571564351035,adult words / hour
seedlings,SEEDLingS,seedlings,23,11,LENA,1027.375,6.934762284468664,adult words / hour
seedlings,SEEDLingS,seedlings,23,12,LENA,767.3125,6.642894149941059,adult words / hour
seedlings,SEEDLingS,seedlings,23,13,LENA,814.375,6.7024209478791095,adult words / hour
seedlings,SEEDLingS,seedlings,23,14,LENA,945.75,6.851978263513138,adult words / hour
seedlings,SEEDLingS,seedlings,23,15,LENA,1556.25,7.350034360213018,adult words / hour
seedlings,SEEDLingS,seedlings,23,16,LENA,719.4375,6.5784696566752805,adult words / hour
seedlings,SEEDLingS,seedlings,23,17,LENA,785.8125,6.6667182143534,adult words / hour
seedlings,SEEDLingS,seedlings,25,6,LENA,1923.7382526975289,7.562025578674421,adult words / hour
seedlings,SEEDLingS,seedlings,25,7,LENA,393.12894107414655,5.974137652394335,adult words / hour
seedlings,SEEDLingS,seedlings,25,8,LENA,1185.0358729074137,7.077528325606736,adult words / hour
seedlings,SEEDLingS,seedlings,25,9,LENA,566.4044812696931,6.339308454194421,adult words / hour
seedlings,SEEDLingS,seedlings,25,10,LENA,1482.9365682168357,7.301779568611449,adult words / hour
seedlings,SEEDLingS,seedlings,25,11,LENA,558.7929684719949,6.32577904403949,adult words / hour
seedlings,SEEDLingS,seedlings,25,12,LENA,247.9103066324463,5.513067013943118,adult words / hour
seedlings,SEEDLingS,seedlings,25,13,LENA,598.4156530020346,6.3942855844097855,adult words / hour
seedlings,SEEDLingS,seedlings,25,14,LENA,1010.6515830456182,6.918350533555623,adult words / hour
seedlings,SEEDLingS,seedlings,25,15,LENA,283.08517626450623,5.645747828558656,adult words / hour
seedlings,SEEDLingS,seedlings,25,16,LENA,379.2762935407508,5.938264946189941,adult words / hour
seedlings,SEEDLingS,seedlings,25,17,LENA,286.5964172813488,5.658075014553022,adult words / hour
seedlings,SEEDLingS,seedlings,25,54,LENA,1477.3965064924491,7.298036700459683,adult words / hour
seedlings,SEEDLingS,seedlings,26,6,LENA,643.1116513283556,6.466318350420884,adult words / hour
seedlings,SEEDLingS,seedlings,26,7,LENA,1081.125,6.985757444626676,adult words / hour
seedlings,SEEDLingS,seedlings,26,8,LENA,742.125,6.609517692590839,adult words / hour
seedlings,SEEDLingS,seedlings,26,9,LENA,514.6875,6.243559920371959,adult words / hour
seedlings,SEEDLingS,seedlings,26,10,LENA,659.5625,6.491576736431309,adult words / hour
seedlings,SEEDLingS,seedlings,26,11,LENA,732.5,6.596463340891223,adult words / hour
seedlings,SEEDLingS,seedlings,26,12,LENA,672.625,6.511187967809584,adult words / hour
seedlings,SEEDLingS,seedlings,26,13,LENA,922.0625,6.826613008677786,adult words / hour
seedlings,SEEDLingS,seedlings,26,14,LENA,994.375,6.902114399092051,adult words / hour
seedlings,SEEDLingS,seedlings,26,15,LENA,733.5,6.597827597583036,adult words / hour
seedlings,SEEDLingS,seedlings,26,16,LENA,1177.375,7.071042663142981,adult words / hour
seedlings,SEEDLingS,seedlings,26,17,LENA,782.1875,6.662094481626093,adult words / hour
seedlings,SEEDLingS,seedlings,27,6,LENA,1086.75,6.9909468698689015,adult words / hour
seedlings,SEEDLingS,seedlings,27,7,LENA,2181.25,7.687653385950737,adult words / hour
seedlings,SEEDLingS,seedlings,27,8,LENA,1021.8125,6.929333290135631,adult words / hour
seedlings,SEEDLingS,seedlings,27,9,LENA,1079.125,6.983905806555687,adult words / hour
seedlings,SEEDLingS,seedlings,27,10,LENA,1334.8125,7.196546111532202,adult words / hour
seedlings,SEEDLingS,seedlings,27,11,LENA,984.25,6.891879929823847,adult words / hour
seedlings,SEEDLingS,seedlings,27,12,LENA,2061,7.630946580890459,adult words / hour
seedlings,SEEDLingS,seedlings,27,13,LENA,1699.9375,7.438346764662587,adult words / hour
seedlings,SEEDLingS,seedlings,27,14,LENA,1294.8125,7.166121176006108,adult words / hour
seedlings,SEEDLingS,seedlings,27,15,LENA,1804.6875,7.498142725584313,adult words / hour
seedlings,SEEDLingS,seedlings,27,16,LENA,2107.75,7.653376306802785,adult words / hour
seedlings,SEEDLingS,seedlings,27,17,LENA,1330.0625,7.1929812125928905,adult words / hour
seedlings,SEEDLingS,seedlings,27,54,LENA,1240.9433404415522,7.123627127789682,adult words / hour
seedlings,SEEDLingS,seedlings,28,6,LENA,574.3290441176471,6.353202479667651,adult words / hour
seedlings,SEEDLingS,seedlings,28,7,LENA,479.4917338434212,6.172726655057945,adult words / hour
seedlings,SEEDLingS,seedlings,28,8,LENA,518.4063705851992,6.250759433900055,adult words / hour
seedlings,SEEDLingS,seedlings,28,9,LENA,1480.4992015141656,7.300134608206252,adult words / hour
seedlings,SEEDLingS,seedlings,28,10,LENA,1035.4418032613075,6.942583477673757,adult words / hour
seedlings,SEEDLingS,seedlings,28,11,LENA,430.5243445692884,6.065003871791078,adult words / hour
seedlings,SEEDLingS,seedlings,28,12,LENA,969.0543772210178,6.876320727159431,adult words / hour
seedlings,SEEDLingS,seedlings,28,13,LENA,894.0169218372281,6.795724703223939,adult words / hour
seedlings,SEEDLingS,seedlings,28,14,LENA,1558.4369544783135,7.351438645696387,adult words / hour
seedlings,SEEDLingS,seedlings,28,15,LENA,1368.8281204154684,7.221710266212278,adult words / hour
seedlings,SEEDLingS,seedlings,28,16,LENA,1328.22,7.19159497896644,adult words / hour
seedlings,SEEDLingS,seedlings,28,17,LENA,365.9375,5.902462553792036,adult words / hour
seedlings,SEEDLingS,seedlings,28,54,LENA,1216.9258362718467,7.104083151337563,adult words / hour
seedlings,SEEDLingS,seedlings,29,6,LENA,1325.8597218111868,7.189816374660298,adult words / hour
seedlings,SEEDLingS,seedlings,29,7,LENA,1606.6184509292743,7.381886908131176,adult words / hour
seedlings,SEEDLingS,seedlings,29,8,LENA,2673.408081235456,7.891109372363452,adult words / hour
seedlings,SEEDLingS,seedlings,29,9,LENA,996.401240951396,6.904150028822212,adult words / hour
seedlings,SEEDLingS,seedlings,29,10,LENA,1805.766027420664,7.498740172661005,adult words / hour
seedlings,SEEDLingS,seedlings,29,11,LENA,1460.3231306324592,7.286413012565204,adult words / hour
seedlings,SEEDLingS,seedlings,29,12,LENA,1418.8854900917677,7.257626976294067,adult words / hour
seedlings,SEEDLingS,seedlings,29,13,LENA,949.3856772235548,6.855815119868551,adult words / hour
seedlings,SEEDLingS,seedlings,29,14,LENA,1190.7174174090312,7.082311276223689,adult words / hour
seedlings,SEEDLingS,seedlings,29,15,LENA,1194.754539340955,7.085696036857582,adult words / hour
seedlings,SEEDLingS,seedlings,29,16,LENA,1020.8272859216256,6.928368642172184,adult words / hour
seedlings,SEEDLingS,seedlings,29,17,LENA,1532.748038225468,7.334817506736885,adult words / hour
seedlings,SEEDLingS,seedlings,29,54,LENA,1284.083347931137,7.157800394862122,adult words / hour
seedlings,SEEDLingS,seedlings,30,6,LENA,1008.25,6.9159714337534774,adult words / hour
seedlings,SEEDLingS,seedlings,30,7,LENA,1079.375,6.984137448900943,adult words / hour
seedlings,SEEDLingS,seedlings,30,8,LENA,2405.8125,7.785642963323347,adult words / hour
seedlings,SEEDLingS,seedlings,30,9,LENA,1275.625,7.151191533564109,adult words / hour
seedlings,SEEDLingS,seedlings,30,10,LENA,1923.8125,7.562064173254325,adult words / hour
seedlings,SEEDLingS,seedlings,30,11,LENA,1184.5,7.07707602359884,adult words / hour
seedlings,SEEDLingS,seedlings,30,12,LENA,895.588695380123,6.797481262246682,adult words / hour
seedlings,SEEDLingS,seedlings,30,13,LENA,990.625,6.898336057065645,adult words / hour
seedlings,SEEDLingS,seedlings,30,14,LENA,1489.5,7.306195772153337,adult words / hour
seedlings,SEEDLingS,seedlings,30,15,LENA,1270.75,7.147362556327012,adult words / hour
seedlings,SEEDLingS,seedlings,30,16,LENA,1688.8125,7.431780898212072,adult words / hour
seedlings,SEEDLingS,seedlings,30,17,LENA,983.75,6.891371799731613,adult words / hour
seedlings,SEEDLingS,seedlings,30,54,LENA,1572.8214826814806,7.360626408176452,adult words / hour
seedlings,SEEDLingS,seedlings,31,6,LENA,2044.4375,7.622877969515958,adult words / hour
seedlings,SEEDLingS,seedlings,31,7,LENA,678.0625,6.519239466582669,adult words / hour
seedlings,SEEDLingS,seedlings,31,8,LENA,1091.6875,6.995479943188611,adult words / hour
seedlings,SEEDLingS,seedlings,31,9,LENA,1441.3125,7.273309435777461,adult words / hour
seedlings,SEEDLingS,seedlings,31,10,LENA,1250,7.1308988302963465,adult words / hour
seedlings,SEEDLingS,seedlings,31,11,LENA,2204.1875,7.698114239249619,adult words / hour
seedlings,SEEDLingS,seedlings,31,12,LENA,1886.0625,7.542246601562667,adult words / hour
seedlings,SEEDLingS,seedlings,31,13,LENA,825.25,6.7156863707333025,adult words / hour
seedlings,SEEDLingS,seedlings,31,14,LENA,552.375,6.314227163450904,adult words / hour
seedlings,SEEDLingS,seedlings,31,15,LENA,879.125,6.778927094628182,adult words / hour
seedlings,SEEDLingS,seedlings,31,16,LENA,878.25,6.777931291145936,adult words / hour
seedlings,SEEDLingS,seedlings,31,17,LENA,903.25,6.80599937002775,adult words / hour
seedlings,SEEDLingS,seedlings,31,54,LENA,1705.5802961076904,7.441660681435101,adult words / hour
seedlings,SEEDLingS,seedlings,32,6,LENA,1258.5625,7.137725475638624,adult words / hour
seedlings,SEEDLingS,seedlings,32,7,LENA,1899.875,7.5495433735166255,adult words / hour
seedlings,SEEDLingS,seedlings,32,8,LENA,1354.5,7.21118766152515,adult words / hour
seedlings,SEEDLingS,seedlings,32,9,LENA,1180.125,7.073375644052681,adult words / hour
seedlings,SEEDLingS,seedlings,32,10,LENA,756.4375,6.628619912498823,adult words / hour
seedlings,SEEDLingS,seedlings,32,11,LENA,1094.8125,6.998338394711866,adult words / hour
seedlings,SEEDLingS,seedlings,32,12,LENA,1174.0625,7.068225235768288,adult words / hour
seedlings,SEEDLingS,seedlings,32,13,LENA,266.5625,5.585608737685998,adult words / hour
seedlings,SEEDLingS,seedlings,32,14,LENA,1308.1875,7.176397870367565,adult words / hour
seedlings,SEEDLingS,seedlings,32,15,LENA,773.375,6.6507640538511525,adult words / hour
seedlings,SEEDLingS,seedlings,32,16,LENA,723.8125,6.584532380944596,adult words / hour
seedlings,SEEDLingS,seedlings,32,17,LENA,485.125,6.18440658968907,adult words / hour
seedlings,SEEDLingS,seedlings,32,54,LENA,1398.2528474324265,7.242978770125461,adult words / hour
seedlings,SEEDLingS,seedlings,33,6,LENA,1602.3572038398268,7.379231076456156,adult words / hour
seedlings,SEEDLingS,seedlings,33,7,LENA,2771.719188767551,7.927223052424915,adult words / hour
seedlings,SEEDLingS,seedlings,33,8,LENA,1567.3358724420632,7.357132560448924,adult words / hour
seedlings,SEEDLingS,seedlings,33,9,LENA,1806.6255872124948,7.499216067801815,adult words / hour
seedlings,SEEDLingS,seedlings,33,10,LENA,1723.017891787023,7.451832620563988,adult words / hour
seedlings,SEEDLingS,seedlings,33,11,LENA,498.2069309814037,6.211015514777482,adult words / hour
seedlings,SEEDLingS,seedlings,33,12,LENA,2337.9672590387813,7.7570371381011025,adult words / hour
seedlings,SEEDLingS,seedlings,33,13,LENA,1944.364677383836,7.572690558674176,adult words / hour
seedlings,SEEDLingS,seedlings,33,14,LENA,1938.3409846446095,7.5695877236429565,adult words / hour
seedlings,SEEDLingS,seedlings,33,15,LENA,2203.982777179763,7.698021355895523,adult words / hour
seedlings,SEEDLingS,seedlings,33,16,LENA,2849.417603269596,7.954869902650479,adult words / hour
seedlings,SEEDLingS,seedlings,33,17,LENA,2458.76052027544,7.8074126484029875,adult words / hour
seedlings,SEEDLingS,seedlings,33,54,LENA,2700.907343907525,7.901343048838241,adult words / hour
seedlings,SEEDLingS,seedlings,34,6,LENA,187.4375,5.233445456509227,adult words / hour
seedlings,SEEDLingS,seedlings,34,7,LENA,814.875,6.703034727244703,adult words / hour
seedlings,SEEDLingS,seedlings,34,8,LENA,641.75,6.46419881975125,adult words / hour
seedlings,SEEDLingS,seedlings,34,9,LENA,354,5.869296913133774,adult words / hour
seedlings,SEEDLingS,seedlings,34,10,LENA,467.75,6.147933965154199,adult words / hour
seedlings,SEEDLingS,seedlings,34,11,LENA,439.5402006858885,6.085729182079588,adult words / hour
seedlings,SEEDLingS,seedlings,34,12,LENA,374.6369796708616,5.92595750289228,adult words / hour
seedlings,SEEDLingS,seedlings,34,13,LENA,176.28550948805977,5.172104893672245,adult words / hour
seedlings,SEEDLingS,seedlings,34,14,LENA,388.24979457682826,5.961648932928408,adult words / hour
seedlings,SEEDLingS,seedlings,34,15,LENA,1285.9213917525774,7.159230776764882,adult words / hour
seedlings,SEEDLingS,seedlings,34,16,LENA,857.6969696969697,6.754250854933086,adult words / hour
seedlings,SEEDLingS,seedlings,34,17,LENA,592.0620437956204,6.383611433101299,adult words / hour
seedlings,SEEDLingS,seedlings,35,6,LENA,958.0823080186676,6.864933690792427,adult words / hour
seedlings,SEEDLingS,seedlings,35,7,LENA,1722.0674538641024,7.4512808560347095,adult words / hour
seedlings,SEEDLingS,seedlings,35,8,LENA,1309.2042961080956,7.177174824097425,adult words / hour
seedlings,SEEDLingS,seedlings,35,9,LENA,1334.025586883617,7.195956406864051,adult words / hour
seedlings,SEEDLingS,seedlings,35,10,LENA,996.68911976253,6.904438905652696,adult words / hour
seedlings,SEEDLingS,seedlings,35,11,LENA,800.2264015024828,6.684894689508553,adult words / hour
seedlings,SEEDLingS,seedlings,35,12,LENA,1288.8094297652951,7.16147414853781,adult words / hour
seedlings,SEEDLingS,seedlings,35,13,LENA,1562.0353159851302,7.3537449396095536,adult words / hour
seedlings,SEEDLingS,seedlings,35,14,LENA,1216.841700511884,7.104014010995502,adult words / hour
seedlings,SEEDLingS,seedlings,35,15,LENA,1031.3151957531518,6.938590155774851,adult words / hour
seedlings,SEEDLingS,seedlings,35,16,LENA,1649.293663027641,7.408102392227384,adult words / hour
seedlings,SEEDLingS,seedlings,35,17,LENA,1942.680156927524,7.5718238228202965,adult words / hour
seedlings,SEEDLingS,seedlings,35,54,LENA,1234.3358132694088,7.118288301373441,adult words / hour
seedlings,SEEDLingS,seedlings,36,6,LENA,2442.9527539536957,7.800962731714898,adult words / hour
seedlings,SEEDLingS,seedlings,36,7,LENA,1493.6105088636652,7.308951628131835,adult words / hour
seedlings,SEEDLingS,seedlings,36,8,LENA,2225.94336134868,7.7079360873737235,adult words / hour
seedlings,SEEDLingS,seedlings,36,9,LENA,1731.019460468679,7.456465797440385,adult words / hour
seedlings,SEEDLingS,seedlings,36,10,LENA,841.4157518334623,6.735085891962243,adult words / hour
seedlings,SEEDLingS,seedlings,36,11,LENA,930.7478460654796,6.8359883985578085,adult words / hour
seedlings,SEEDLingS,seedlings,36,12,LENA,609.0412091698443,6.4118859323661495,adult words / hour
seedlings,SEEDLingS,seedlings,36,13,LENA,1444.674110620618,7.275639046128776,adult words / hour
seedlings,SEEDLingS,seedlings,36,14,LENA,1087.624479872832,6.991751220663186,adult words / hour
seedlings,SEEDLingS,seedlings,36,15,LENA,728.0467445742904,6.590365255715408,adult words / hour
seedlings,SEEDLingS,seedlings,36,16,LENA,1574.897081694264,7.361945204168636,adult words / hour
seedlings,SEEDLingS,seedlings,36,17,LENA,1454.3776236751164,7.282333338042976,adult words / hour
seedlings,SEEDLingS,seedlings,37,6,LENA,1194.625,7.085587607586343,adult words / hour
seedlings,SEEDLingS,seedlings,37,7,LENA,974.5625,6.881988652345104,adult words / hour
seedlings,SEEDLingS,seedlings,37,8,LENA,617.3125,6.425375378668346,adult words / hour
seedlings,SEEDLingS,seedlings,37,9,LENA,617.25,6.425274128225289,adult words / hour
seedlings,SEEDLingS,seedlings,37,10,LENA,709.875,6.5650888981975966,adult words / hour
seedlings,SEEDLingS,seedlings,37,11,LENA,718.625,6.577339663943455,adult words / hour
seedlings,SEEDLingS,seedlings,37,12,LENA,861.875,6.759110248547566,adult words / hour
seedlings,SEEDLingS,seedlings,37,13,LENA,536.9375,6.285881700398275,adult words / hour
seedlings,SEEDLingS,seedlings,37,14,LENA,569.25,6.344319704943849,adult words / hour
seedlings,SEEDLingS,seedlings,37,15,LENA,800.4375,6.685158453186291,adult words / hour
seedlings,SEEDLingS,seedlings,37,16,LENA,625.625,6.438751150069485,adult words / hour
seedlings,SEEDLingS,seedlings,37,17,LENA,730.8125,6.594156928900537,adult words / hour
seedlings,SEEDLingS,seedlings,37,54,LENA,1050.6970574126838,6.957209087093762,adult words / hour
seedlings,SEEDLingS,seedlings,38,6,LENA,2057.9789704826653,7.629479697917426,adult words / hour
seedlings,SEEDLingS,seedlings,38,7,LENA,2207.111053752339,7.699439723863616,adult words / hour
seedlings,SEEDLingS,seedlings,38,8,LENA,3250.399761746581,8.086533271373792,adult words / hour
seedlings,SEEDLingS,seedlings,38,9,LENA,960.6534556174256,6.8676137358371445,adult words / hour
seedlings,SEEDLingS,seedlings,38,10,LENA,1494,7.309212365692763,adult words / hour
seedlings,SEEDLingS,seedlings,38,11,LENA,1441.0398184443986,7.273120228126008,adult words / hour
seedlings,SEEDLingS,seedlings,38,12,LENA,1162.2697626989016,7.058130064253966,adult words / hour
seedlings,SEEDLingS,seedlings,38,13,LENA,2591.3006432922934,7.859915207521302,adult words / hour
seedlings,SEEDLingS,seedlings,38,14,LENA,1579.9588371494726,7.365154073244599,adult words / hour
seedlings,SEEDLingS,seedlings,38,15,LENA,2465.6623264822983,7.810215742670391,adult words / hour
seedlings,SEEDLingS,seedlings,38,16,LENA,2067.2021307586665,7.633951344334011,adult words / hour
seedlings,SEEDLingS,seedlings,38,17,LENA,2411.5242668359856,7.78801430242169,adult words / hour
seedlings,SEEDLingS,seedlings,38,54,LENA,1963.8403409445036,7.582657192811858,adult words / hour
seedlings,SEEDLingS,seedlings,39,6,LENA,1776.0748496324347,7.482161067727345,adult words / hour
seedlings,SEEDLingS,seedlings,39,7,LENA,2433.518527957592,7.797093442952185,adult words / hour
seedlings,SEEDLingS,seedlings,39,8,LENA,829.201244813278,6.720462881782493,adult words / hour
seedlings,SEEDLingS,seedlings,39,9,LENA,2209.640883977901,7.700585285370302,adult words / hour
seedlings,SEEDLingS,seedlings,39,10,LENA,1524.2802201304637,7.329277590820985,adult words / hour
seedlings,SEEDLingS,seedlings,39,11,LENA,767.9762970278696,6.643758869426431,adult words / hour
seedlings,SEEDLingS,seedlings,39,12,LENA,1014.4596139619342,6.922111349663162,adult words / hour
seedlings,SEEDLingS,seedlings,39,13,LENA,524.116338469144,6.261713679657537,adult words / hour
seedlings,SEEDLingS,seedlings,39,14,LENA,1107.8532443905397,7.010179407623768,adult words / hour
seedlings,SEEDLingS,seedlings,39,15,LENA,1147.2612284274842,7.045132840481338,adult words / hour
seedlings,SEEDLingS,seedlings,39,16,LENA,747.8870278225525,6.617251934245156,adult words / hour
seedlings,SEEDLingS,seedlings,39,17,LENA,592.8990042674253,6.385024071284395,adult words / hour
seedlings,SEEDLingS,seedlings,40,6,LENA,1278.0631469530945,7.153101044478229,adult words / hour
seedlings,SEEDLingS,seedlings,40,7,LENA,951.3125,6.857842610039886,adult words / hour
seedlings,SEEDLingS,seedlings,40,8,LENA,1067.875,6.973425971471783,adult words / hour
seedlings,SEEDLingS,seedlings,40,9,LENA,878.5,6.7782159076271515,adult words / hour
seedlings,SEEDLingS,seedlings,40,10,LENA,1081.875,6.986450925930474,adult words / hour
seedlings,SEEDLingS,seedlings,40,11,LENA,446.5,6.101439400316553,adult words / hour
seedlings,SEEDLingS,seedlings,40,12,LENA,1187,7.079184394609668,adult words / hour
seedlings,SEEDLingS,seedlings,40,13,LENA,555.1875,6.319305894529919,adult words / hour
seedlings,SEEDLingS,seedlings,40,14,LENA,893.6159922618087,6.795276144038237,adult words / hour
seedlings,SEEDLingS,seedlings,40,15,LENA,835.0625,6.727506572349113,adult words / hour
seedlings,SEEDLingS,seedlings,40,16,LENA,1055.3125,6.961592210579886,adult words / hour
seedlings,SEEDLingS,seedlings,40,17,LENA,643.3830731117129,6.466740305959804,adult words / hour
seedlings,SEEDLingS,seedlings,40,54,LENA,1420.125246549522,7.258500348501195,adult words / hour
seedlings,SEEDLingS,seedlings,41,6,LENA,1642.0625,7.403708352625377,adult words / hour
seedlings,SEEDLingS,seedlings,41,7,LENA,808.4375,6.695103372380348,adult words / hour
seedlings,SEEDLingS,seedlings,41,8,LENA,1081.8125,6.986393154186618,adult words / hour
seedlings,SEEDLingS,seedlings,41,9,LENA,974.875,6.882309257650662,adult words / hour
seedlings,SEEDLingS,seedlings,41,10,LENA,1419.5625,7.258104004531635,adult words / hour
seedlings,SEEDLingS,seedlings,41,11,LENA,1142,7.040536390215956,adult words / hour
seedlings,SEEDLingS,seedlings,41,12,LENA,960.5625,6.86751905036753,adult words / hour
seedlings,SEEDLingS,seedlings,41,13,LENA,1408.875,7.250546792562242,adult words / hour
seedlings,SEEDLingS,seedlings,41,14,LENA,1087.0625,6.991234383168372,adult words / hour
seedlings,SEEDLingS,seedlings,41,15,LENA,1388.125,7.235709194648692,adult words / hour
seedlings,SEEDLingS,seedlings,41,16,LENA,1029.0625,6.936403472570683,adult words / hour
seedlings,SEEDLingS,seedlings,41,17,LENA,1282.75,7.156761489822074,adult words / hour
seedlings,SEEDLingS,seedlings,41,54,LENA,1245.7058412683753,7.127457589026413,adult words / hour
seedlings,SEEDLingS,seedlings,42,6,LENA,1899.5,7.54934597262768,adult words / hour
seedlings,SEEDLingS,seedlings,42,7,LENA,670.9375,6.5086759880731,adult words / hour
seedlings,SEEDLingS,seedlings,42,8,LENA,939.5625,6.845414341388053,adult words / hour
seedlings,SEEDLingS,seedlings,42,9,LENA,853.375,6.749199075738445,adult words / hour
seedlings,SEEDLingS,seedlings,42,10,LENA,1201.25,7.091117960284502,adult words / hour
seedlings,SEEDLingS,seedlings,42,11,LENA,1111,7.01301578963963,adult words / hour
seedlings,SEEDLingS,seedlings,42,12,LENA,932.3125,6.837668058914149,adult words / hour
seedlings,SEEDLingS,seedlings,42,13,LENA,1578.375,7.364151115758844,adult words / hour
seedlings,SEEDLingS,seedlings,42,14,LENA,1626.5625,7.394224171243389,adult words / hour
seedlings,SEEDLingS,seedlings,42,15,LENA,930.6875,6.835923560350424,adult words / hour
seedlings,SEEDLingS,seedlings,42,16,LENA,1378.9375,7.22906855406859,adult words / hour
seedlings,SEEDLingS,seedlings,42,17,LENA,1155.1875,7.0520179474428994,adult words / hour
seedlings,SEEDLingS,seedlings,42,54,LENA,1449.4390016387156,7.278931865129701,adult words / hour
seedlings,SEEDLingS,seedlings,43,6,LENA,2410.7184708731543,7.787680102749811,adult words / hour
seedlings,SEEDLingS,seedlings,43,7,LENA,1065.4355886779986,6.971138997977932,adult words / hour
seedlings,SEEDLingS,seedlings,43,8,LENA,1284.0874383699113,7.157803580350248,adult words / hour
seedlings,SEEDLingS,seedlings,43,9,LENA,1153.157072931104,7.050258740766084,adult words / hour
seedlings,SEEDLingS,seedlings,43,10,LENA,1331.4971194065188,7.194059241831834,adult words / hour
seedlings,SEEDLingS,seedlings,43,11,LENA,1407.512580126532,7.2495792978968385,adult words / hour
seedlings,SEEDLingS,seedlings,43,12,LENA,1769.908416921064,7.478683082376713,adult words / hour
seedlings,SEEDLingS,seedlings,43,13,LENA,987.0697859719794,6.894740742072774,adult words / hour
seedlings,SEEDLingS,seedlings,43,14,LENA,1361.8871072388545,7.216626595784272,adult words / hour
seedlings,SEEDLingS,seedlings,43,15,LENA,1205.3961153619778,7.094563518347532,adult words / hour
seedlings,SEEDLingS,seedlings,43,16,LENA,1049.1890477851412,6.955772809304173,adult words / hour
seedlings,SEEDLingS,seedlings,43,17,LENA,1807.6190476190477,7.499765815000441,adult words / hour
seedlings,SEEDLingS,seedlings,43,54,LENA,2320.27867728557,7.749442576966226,adult words / hour
seedlings,SEEDLingS,seedlings,44,6,LENA,278.0625,5.62784590856626,adult words / hour
seedlings,SEEDLingS,seedlings,44,7,LENA,876.8684707363122,6.776357004769203,adult words / hour
seedlings,SEEDLingS,seedlings,44,8,LENA,337.86621429553895,5.822650001433638,adult words / hour
seedlings,SEEDLingS,seedlings,44,9,LENA,947.250280583614,6.853563346107285,adult words / hour
seedlings,SEEDLingS,seedlings,44,10,LENA,510.75,6.235880233697731,adult words / hour
seedlings,SEEDLingS,seedlings,44,11,LENA,475.2738105668974,6.163891081253754,adult words / hour
seedlings,SEEDLingS,seedlings,44,12,LENA,315.8825234276881,5.755370383161762,adult words / hour
seedlings,SEEDLingS,seedlings,44,13,LENA,1057.8643763620048,6.964007415507615,adult words / hour
seedlings,SEEDLingS,seedlings,44,14,LENA,454.8425667596652,6.11995135195506,adult words / hour
seedlings,SEEDLingS,seedlings,44,15,LENA,1212.386822779957,7.10034627641785,adult words / hour
seedlings,SEEDLingS,seedlings,44,16,LENA,629.9614230604371,6.445658584273346,adult words / hour
seedlings,SEEDLingS,seedlings,44,17,LENA,598.393144081414,6.3942479695114365,adult words / hour
seedlings,SEEDLingS,seedlings,45,6,LENA,926.0197397152588,6.830895551606076,adult words / hour
seedlings,SEEDLingS,seedlings,45,7,LENA,1023.1857431563476,6.930676316583067,adult words / hour
seedlings,SEEDLingS,seedlings,45,8,LENA,1350.4584956547797,7.208199440183428,adult words / hour
seedlings,SEEDLingS,seedlings,45,9,LENA,301.22478100598516,5.707856766797656,adult words / hour
seedlings,SEEDLingS,seedlings,45,10,LENA,182.14734198409377,5.204815930891851,adult words / hour
seedlings,SEEDLingS,seedlings,45,11,LENA,364.9375,5.899726106043756,adult words / hour
seedlings,SEEDLingS,seedlings,45,12,LENA,463.1811919871722,6.138118320916205,adult words / hour
seedlings,SEEDLingS,seedlings,45,13,LENA,848.2945006346996,6.743227863985531,adult words / hour
seedlings,SEEDLingS,seedlings,45,14,LENA,677.7488642879196,6.5187768126679195,adult words / hour
seedlings,SEEDLingS,seedlings,45,15,LENA,336.10012227576783,5.817409098538693,adult words / hour
seedlings,SEEDLingS,seedlings,45,16,LENA,534.02188012433,6.280436812136382,adult words / hour
seedlings,SEEDLingS,seedlings,45,17,LENA,885.4334647754695,6.7860773158063585,adult words / hour
seedlings,SEEDLingS,seedlings,46,6,LENA,809.6895088233103,6.6966508517393,adult words / hour
seedlings,SEEDLingS,seedlings,46,7,LENA,1012.4824902723736,6.920160505273009,adult words / hour
seedlings,SEEDLingS,seedlings,46,8,LENA,1390.5454165141452,7.2374513351428895,adult words / hour
seedlings,SEEDLingS,seedlings,46,9,LENA,2579.2848152809656,7.8552674361082335,adult words / hour
seedlings,SEEDLingS,seedlings,46,10,LENA,640.1339319686477,6.461677423161089,adult words / hour
seedlings,SEEDLingS,seedlings,46,11,LENA,593.0625,6.385299789733978,adult words / hour
seedlings,SEEDLingS,seedlings,46,12,LENA,963.1595029537584,6.870219029395089,adult words / hour
seedlings,SEEDLingS,seedlings,46,13,LENA,967.2365055862164,6.874443042163804,adult words / hour
seedlings,SEEDLingS,seedlings,46,14,LENA,1100.6405103337397,7.003647571447588,adult words / hour
seedlings,SEEDLingS,seedlings,46,15,LENA,1304.6479521398987,7.1736885148875595,adult words / hour
seedlings,SEEDLingS,seedlings,46,16,LENA,1742.1763545302776,7.462890389102514,adult words / hour
seedlings,SEEDLingS,seedlings,46,17,LENA,500.920125293657,6.216446657822881,adult words / hour
babyview,babyview,babyview,S00220001,6.176718207766073,head-cam transcript,3484.0357598978303,8.155946601954687,adult tokens (study-specific log-rate)
babyview,babyview,babyview,S00220001,6.176718207766073,head-cam transcript,1951.9909630048016,7.576605137354125,adult tokens (study-specific log-rate)
babyview,babyview,babyview,S00220001,6.176718207766073,head-cam transcript,2860.7918263090673,7.9588537278404194,adult tokens (study-specific log-rate)
babyview,babyview,babyview,S00220001,6.176718207766073,head-cam transcript,1342.5182576267678,7.2023024260125315,adult tokens (study-specific log-rate)
babyview,babyview,babyview,S00220001,6.176718207766073,head-cam transcript,2722.8607918263087,7.909438368277069,adult tokens (study-specific log-rate)
babyview,babyview,babyview,S00220001,6.176718207766073,head-cam transcript,5159.642401021711,8.54862255394653,adult tokens (study-specific log-rate)
babyview,babyview,babyview,S00220001,6.176718207766073,head-cam transcript,2988.5057471264386,8.002528791343082,adult tokens (study-specific log-rate)
babyview,babyview,babyview,S00220001,6.176718207766073,head-cam transcript,3151.979565772671,8.055785968016613,adult tokens (study-specific log-rate)
babyview,babyview,babyview,S00220001,6.2095730918499354,head-cam transcript,4730.5236270753485,8.461791178757403,adult tokens (study-specific log-rate)
babyview,babyview,babyview,S00220001,6.2095730918499354,head-cam transcript,6957.854406130268,8.847626430820682,adult tokens (study-specific log-rate)
babyview,babyview,babyview,S00220001,6.636686584940143,head-cam transcript,2445.7654597390565,7.802113424380243,adult tokens (study-specific log-rate)
babyview,babyview,babyview,S00220001,6.8009610053594525,head-cam transcript,4579.03581902659,8.429243735082624,adult tokens (study-specific log-rate)
babyview,babyview,babyview,S00220001,6.8009610053594525,head-cam transcript,4679.438058748407,8.450933308785356,adult tokens (study-specific log-rate)
babyview,babyview,babyview,S00220001,6.8009610053594525,head-cam transcript,3964.240102171135,8.285069464294443,adult tokens (study-specific log-rate)
babyview,babyview,babyview,S00220001,6.8009610053594525,head-cam transcript,2731.6667532872502,7.9126672342196125,adult tokens (study-specific log-rate)
babyview,babyview,babyview,S00220001,6.932380541694902,head-cam transcript,4356.0363003025,8.379317817420906,adult tokens (study-specific log-rate)
babyview,babyview,babyview,S00220001,6.932380541694902,head-cam transcript,5558.109833971907,8.623013371527113,adult tokens (study-specific log-rate)
babyview,babyview,babyview,S00220001,7.1623647302819355,head-cam transcript,3116.219667943805,8.044375901278581,adult tokens (study-specific log-rate)
babyview,babyview,babyview,S00220001,7.1623647302819355,head-cam transcript,2906.768837803321,7.974797378237556,adult tokens (study-specific log-rate)
babyview,babyview,babyview,S00220001,7.1623647302819355,head-cam transcript,2942.528735632183,7.987024604807115,adult tokens (study-specific log-rate)
babyview,babyview,babyview,S00220001,7.359494034785109,head-cam transcript,3578.4159040706877,8.18267549657296,adult tokens (study-specific log-rate)
babyview,babyview,babyview,S00220001,7.589478223372143,head-cam transcript,1931.03448275862,7.565811139730812,adult tokens (study-specific log-rate)
babyview,babyview,babyview,S00220001,7.589478223372143,head-cam transcript,3111.1111111111095,8.042735211821121,adult tokens (study-specific log-rate)
babyview,babyview,babyview,S00220001,7.720897759707591,head-cam transcript,3739.463601532567,8.226697458072536,adult tokens (study-specific log-rate)
babyview,babyview,babyview,S00220001,7.950881948294626,head-cam transcript,2187.269320311168,7.690409159099113,adult tokens (study-specific log-rate)
babyview,babyview,babyview,S00220001,7.950881948294626,head-cam transcript,1435.5044699872285,7.26927161344497,adult tokens (study-specific log-rate)
babyview,babyview,babyview,S00220001,7.950881948294626,head-cam transcript,1578.5440613026815,7.36425822100897,adult tokens (study-specific log-rate)
babyview,babyview,babyview,S00220001,8.180866136881662,head-cam transcript,2135.376756066412,7.666398376635981,adult tokens (study-specific log-rate)
babyview,babyview,babyview,S00220001,8.180866136881662,head-cam transcript,3933.588761174971,8.277307458958955,adult tokens (study-specific log-rate)
babyview,babyview,babyview,S00220001,8.180866136881662,head-cam transcript,2941.6307516006073,7.986719383971244,adult tokens (study-specific log-rate)
babyview,babyview,babyview,S00220001,8.180866136881662,head-cam transcript,3800.945564629154,8.243005147557877,adult tokens (study-specific log-rate)
babyview,babyview,babyview,S00220001,8.180866136881662,head-cam transcript,2968.071519795657,7.995667700963136,adult tokens (study-specific log-rate)
babyview,babyview,babyview,S00220001,8.180866136881662,head-cam transcript,2120.0510855683265,7.659195464341923,adult tokens (study-specific log-rate)
babyview,babyview,babyview,S00220001,8.31228567321711,head-cam transcript,3789.2059903927684,8.239911774912398,adult tokens (study-specific log-rate)
babyview,babyview,babyview,S00220001,8.509414977720281,head-cam transcript,674.3295019157088,6.513718866697595,adult tokens (study-specific log-rate)
babyview,babyview,babyview,S00220001,8.509414977720281,head-cam transcript,2298.850574712644,7.74016452687559,adult tokens (study-specific log-rate)
babyview,babyview,babyview,S00220001,8.509414977720281,head-cam transcript,1332.8159860316225,7.195049265662092,adult tokens (study-specific log-rate)
babyview,babyview,babyview,S00220001,8.772254050391178,head-cam transcript,4907.393687953773,8.498498262737927,adult tokens (study-specific log-rate)
babyview,babyview,babyview,S00220001,8.936528470810488,head-cam transcript,4102.171136653892,8.319271658057986,adult tokens (study-specific log-rate)
babyview,babyview,babyview,S00220001,8.936528470810488,head-cam transcript,3657.7266922094486,8.20459711107187,adult tokens (study-specific log-rate)
babyview,babyview,babyview,S00220001,8.936528470810488,head-cam transcript,2441.392432854391,7.800323824720119,adult tokens (study-specific log-rate)
babyview,babyview,babyview,S00220001,9.232222427565247,head-cam transcript,3034.4827586206884,8.017796263473869,adult tokens (study-specific log-rate)
babyview,babyview,babyview,S00220001,9.232222427565247,head-cam transcript,2840.92924277354,7.951886475797305,adult tokens (study-specific log-rate)
babyview,babyview,babyview,S00220001,9.527916384320006,head-cam transcript,3273.962508312515,8.093756306525414,adult tokens (study-specific log-rate)
babyview,babyview,babyview,S00220001,9.527916384320006,head-cam transcript,3545.3384418901674,8.17338890461803,adult tokens (study-specific log-rate)
babyview,babyview,babyview,S00220001,9.560771268403869,head-cam transcript,2108.3149715876134,7.653644315761282,adult tokens (study-specific log-rate)
babyview,babyview,babyview,S00220001,9.560771268403869,head-cam transcript,4546.615581098341,8.42213840683741,adult tokens (study-specific log-rate)
babyview,babyview,babyview,S00220001,9.823610341074763,head-cam transcript,541.507024265645,6.294356038223292,adult tokens (study-specific log-rate)
babyview,babyview,babyview,S00220001,9.823610341074763,head-cam transcript,1522.3499361430402,7.328010430616629,adult tokens (study-specific log-rate)
babyview,babyview,babyview,S00220001,9.823610341074763,head-cam transcript,347.3818646232438,5.850424649287331,adult tokens (study-specific log-rate)
babyview,babyview,babyview,S00220001,9.987884761494076,head-cam transcript,2549.169859514688,7.843523039862744,adult tokens (study-specific log-rate)
babyview,babyview,babyview,S00220001,9.987884761494076,head-cam transcript,2622.737819025523,7.871974020248707,adult tokens (study-specific log-rate)
babyview,babyview,babyview,S00220001,10.119304297829524,head-cam transcript,1568.3269476372923,7.357764691698422,adult tokens (study-specific log-rate)
babyview,babyview,babyview,S00220001,10.119304297829524,head-cam transcript,2445.702521873392,7.802087690647178,adult tokens (study-specific log-rate)
babyview,babyview,babyview,S00220001,10.119304297829524,head-cam transcript,3954.022988505745,8.282488817700951,adult tokens (study-specific log-rate)
babyview,babyview,babyview,S00220001,10.447853138668146,head-cam transcript,1736.9093231162192,7.459862561721431,adult tokens (study-specific log-rate)
babyview,babyview,babyview,S00220001,10.447853138668146,head-cam transcript,3422.733077905489,8.138194656496236,adult tokens (study-specific log-rate)
babyview,babyview,babyview,S00220001,10.447853138668146,head-cam transcript,3034.4827586206884,8.017796263473869,adult tokens (study-specific log-rate)
babyview,babyview,babyview,S00220001,10.546417790919731,head-cam transcript,3181.68257756563,8.065165448285613,adult tokens (study-specific log-rate)
babyview,babyview,babyview,S00220001,10.546417790919731,head-cam transcript,3637.2924648786698,8.1989948555232,adult tokens (study-specific log-rate)
babyview,babyview,babyview,S00220001,10.84211174767449,head-cam transcript,2998.722860791825,8.00594176393932,adult tokens (study-specific log-rate)
babyview,babyview,babyview,S00220001,10.84211174767449,head-cam transcript,4035.7598978288615,8.302949889572291,adult tokens (study-specific log-rate)
babyview,babyview,babyview,S00220001,10.84211174767449,head-cam transcript,3208.173690932309,8.073457110579422,adult tokens (study-specific log-rate)
babyview,babyview,babyview,S00220001,11.13780570442925,head-cam transcript,2380.5874840357596,7.77510257823687,adult tokens (study-specific log-rate)
babyview,babyview,babyview,S00220001,11.13780570442925,head-cam transcript,2973.180076628352,7.997387391842662,adult tokens (study-specific log-rate)
babyview,babyview,babyview,S00220001,11.13780570442925,head-cam transcript,2076.2100926879502,7.638299439882071,adult tokens (study-specific log-rate)
babyview,babyview,babyview,S00220001,11.269225240764698,head-cam transcript,2007.6628352490425,7.604726555980486,adult tokens (study-specific log-rate)
babyview,babyview,babyview,S00220001,11.269225240764698,head-cam transcript,3366.538952745847,8.121640478613731,adult tokens (study-specific log-rate)
babyview,babyview,babyview,S00220001,11.269225240764698,head-cam transcript,3386.1663981707648,8.12745370447756,adult tokens (study-specific log-rate)
babyview,babyview,babyview,S00220001,11.466354545267867,head-cam transcript,1241.3793103448277,7.123978387451773,adult tokens (study-specific log-rate)
babyview,babyview,babyview,S00220001,11.466354545267867,head-cam transcript,910.9531268827569,6.814491443557268,adult tokens (study-specific log-rate)
babyview,babyview,babyview,S00220001,11.696338733854905,head-cam transcript,1857.968620974402,7.527239030627511,adult tokens (study-specific log-rate)
babyview,babyview,babyview,S00220001,11.696338733854905,head-cam transcript,1910.600255427841,7.555172741525756,adult tokens (study-specific log-rate)
babyview,babyview,babyview,S00220001,11.696338733854905,head-cam transcript,2355.044699872287,7.764314987107873,adult tokens (study-specific log-rate)
babyview,babyview,babyview,S00220001,11.696338733854905,head-cam transcript,3003.831417624519,8.00764389200985,adult tokens (study-specific log-rate)
babyview,babyview,babyview,S00220001,11.9591778065258,head-cam transcript,3821.2005108556855,8.248319922085702,adult tokens (study-specific log-rate)
babyview,babyview,babyview,S00220001,11.9591778065258,head-cam transcript,3236.0151548919093,8.08209796138494,adult tokens (study-specific log-rate)
babyview,babyview,babyview,S00220001,11.9591778065258,head-cam transcript,3376.756066411238,8.12467078396291,adult tokens (study-specific log-rate)
babyview,babyview,babyview,S00220001,12.156307111028974,head-cam transcript,2081.948021540623,7.641059283224758,adult tokens (study-specific log-rate)
babyview,babyview,babyview,S00220001,12.156307111028974,head-cam transcript,1583.652618135376,7.367489241590416,adult tokens (study-specific log-rate)
babyview,babyview,babyview,S00220001,12.583420604119182,head-cam transcript,2033.2056194125164,7.6173689493956624,adult tokens (study-specific log-rate)
babyview,babyview,babyview,S00220001,12.583420604119182,head-cam transcript,888.8888888888891,6.789972243325754,adult tokens (study-specific log-rate)
babyview,babyview,babyview,S00220001,12.681985256370767,head-cam transcript,2380.5874840357596,7.77510257823687,adult tokens (study-specific log-rate)
babyview,babyview,babyview,S00220001,12.681985256370767,head-cam transcript,3189.9209221284,8.067751406170188,adult tokens (study-specific log-rate)
babyview,babyview,babyview,S00220001,12.9119694449578,head-cam transcript,2906.768837803321,7.974797378237556,adult tokens (study-specific log-rate)
babyview,babyview,babyview,S00220001,12.9119694449578,head-cam transcript,2347.614542505743,7.761155003291736,adult tokens (study-specific log-rate)
babyview,babyview,babyview,S00220001,12.9119694449578,head-cam transcript,2329.501915708812,7.75340975362561,adult tokens (study-specific log-rate)
babyview,babyview,babyview,S00220001,12.9119694449578,head-cam transcript,1372.8972939086827,7.224678598824832,adult tokens (study-specific log-rate)
babyview,babyview,babyview,S00220001,13.076243865377112,head-cam transcript,1583.652618135376,7.367489241590416,adult tokens (study-specific log-rate)
babyview,babyview,babyview,S00220001,13.076243865377112,head-cam transcript,1853.972556327292,7.52508594360378,adult tokens (study-specific log-rate)
babyview,babyview,babyview,S00220001,13.076243865377112,head-cam transcript,2099.6168582375476,7.649510158607459,adult tokens (study-specific log-rate)
babyview,babyview,babyview,S00220001,13.076243865377112,head-cam transcript,1266.922094508301,7.144345690276206,adult tokens (study-specific log-rate)
babyview,babyview,babyview,S00220001,13.076243865377112,head-cam transcript,4107.73888069549,8.320628005419504,adult tokens (study-specific log-rate)
babyview,babyview,babyview,S00220001,13.437647590299596,head-cam transcript,2866.91378691857,7.9609913945971105,adult tokens (study-specific log-rate)
babyview,babyview,babyview,S00220001,13.437647590299596,head-cam transcript,1849.297573435504,7.522561155936995,adult tokens (study-specific log-rate)
babyview,babyview,babyview,S00220001,13.601922010718903,head-cam transcript,2181.353767560663,7.687700957339849,adult tokens (study-specific log-rate)
babyview,babyview,babyview,S00220001,13.601922010718903,head-cam transcript,3565.7726692209426,8.179136046873596,adult tokens (study-specific log-rate)
babyview,babyview,babyview,S00220001,13.601922010718903,head-cam transcript,2913.335278669391,7.977053847716737,adult tokens (study-specific log-rate)
babyview,babyview,babyview,S00220001,13.601922010718903,head-cam transcript,3323.8487892689154,8.108878664347625,adult tokens (study-specific log-rate)
babyview,babyview,babyview,S00220001,13.864761083389803,head-cam transcript,1936.1430395913158,7.568453149193651,adult tokens (study-specific log-rate)
babyview,babyview,babyview,S00220001,13.864761083389803,head-cam transcript,2043.4227330779054,7.6223814912192065,adult tokens (study-specific log-rate)
babyview,babyview,babyview,S00220001,13.864761083389803,head-cam transcript,1554.3828387362066,7.348833857559803,adult tokens (study-specific log-rate)
babyview,babyview,babyview,S00220001,13.864761083389803,head-cam transcript,2028.3012035977576,7.614953876166803,adult tokens (study-specific log-rate)
babyview,babyview,babyview,S00220001,14.1276001560607,head-cam transcript,1296.1762799740761,7.167173886161058,adult tokens (study-specific log-rate)
babyview,babyview,babyview,S00220001,14.16045504014456,head-cam transcript,4424.010217113662,8.394801852673659,adult tokens (study-specific log-rate)
babyview,babyview,babyview,S00220001,14.16045504014456,head-cam transcript,3795.657726692207,8.241612988828983,adult tokens (study-specific log-rate)
babyview,babyview,babyview,S00220001,14.16045504014456,head-cam transcript,3698.595146871012,8.215708336496942,adult tokens (study-specific log-rate)
babyview,babyview,babyview,S00220001,14.29187457648001,head-cam transcript,2692.2094508301416,7.898117492652587,adult tokens (study-specific log-rate)
babyview,babyview,babyview,S00220001,14.29187457648001,head-cam transcript,3131.5453384418915,8.049281880047436,adult tokens (study-specific log-rate)
babyview,babyview,babyview,S00220001,14.29187457648001,head-cam transcript,3872.286079182632,8.261600329753596,adult tokens (study-specific log-rate)
babyview,babyview,babyview,S00220001,14.554713649150909,head-cam transcript,2814.814814814814,7.942651753264139,adult tokens (study-specific log-rate)
babyview,babyview,babyview,S00220001,14.554713649150909,head-cam transcript,1780.5458875251882,7.484675274654864,adult tokens (study-specific log-rate)
babyview,babyview,babyview,S00220001,14.554713649150909,head-cam transcript,2702.4265644955303,7.901905375969524,adult tokens (study-specific log-rate)
babyview,babyview,babyview,S00220001,14.78469783773794,head-cam transcript,1665.3895274584934,7.4178143254779325,adult tokens (study-specific log-rate)
babyview,babyview,babyview,S00220001,14.78469783773794,head-cam transcript,3579.847262711716,8.183075414437603,adult tokens (study-specific log-rate)
babyview,babyview,babyview,S00220001,15.014682026324977,head-cam transcript,2426.5644955300136,7.794231748145866,adult tokens (study-specific log-rate)
babyview,babyview,babyview,S00220001,15.014682026324977,head-cam transcript,1693.4884872493194,7.4345458740353205,adult tokens (study-specific log-rate)
babyview,babyview,babyview,S00220001,15.047536910408835,head-cam transcript,3386.776202464554,8.12763377518874,adult tokens (study-specific log-rate)
babyview,babyview,babyview,S00220001,15.047536910408835,head-cam transcript,1925.9259259259265,7.563162131559236,adult tokens (study-specific log-rate)
babyview,babyview,babyview,S00220001,15.047536910408835,head-cam transcript,3269.476372924646,8.092385120464941,adult tokens (study-specific log-rate)
babyview,babyview,babyview,S00220001,15.211811330828148,head-cam transcript,3621.966794380588,8.194772470643352,adult tokens (study-specific log-rate)
babyview,babyview,babyview,S00220001,15.211811330828148,head-cam transcript,3523.208932078982,8.167127481742842,adult tokens (study-specific log-rate)
babyview,babyview,babyview,S00220001,15.24466621491201,head-cam transcript,2196.6794380587485,7.694702152798833,adult tokens (study-specific log-rate)
babyview,babyview,babyview,S00220001,15.24466621491201,head-cam transcript,2562.0775048524188,7.848573733697942,adult tokens (study-specific log-rate)
babyview,babyview,babyview,S00220001,15.474650403499044,head-cam transcript,1695.1758600807232,7.435541766692671,adult tokens (study-specific log-rate)
babyview,babyview,babyview,S00220001,15.474650403499044,head-cam transcript,4424.16660534256,8.394837201928551,adult tokens (study-specific log-rate)
babyview,babyview,babyview,S00220001,15.474650403499044,head-cam transcript,2360.153256704981,7.766481835192963,adult tokens (study-specific log-rate)
babyview,babyview,babyview,S00220001,15.474650403499044,head-cam transcript,3785.4406130268194,8.238917569407311,adult tokens (study-specific log-rate)
babyview,babyview,babyview,S00220001,15.474650403499044,head-cam transcript,2702.4265644955303,7.901905375969524,adult tokens (study-specific log-rate)
babyview,babyview,babyview,S00220001,15.474650403499044,head-cam transcript,2370.370370370371,7.77080149633748,adult tokens (study-specific log-rate)
babyview,babyview,babyview,S00220001,15.606069939834493,head-cam transcript,1196.8119112904374,7.087416559786359,adult tokens (study-specific log-rate)
babyview,babyview,babyview,S00220001,15.70463459208608,head-cam transcript,2039.2772441092657,7.620350731958686,adult tokens (study-specific log-rate)
babyview,babyview,babyview,S00220001,15.901763896589252,head-cam transcript,2983.709631323235,8.000922648051079,adult tokens (study-specific log-rate)
babyview,babyview,babyview,S00220001,15.901763896589252,head-cam transcript,5031.928480204339,8.523558585283313,adult tokens (study-specific log-rate)
babyview,babyview,babyview,S00220001,16.230312737427873,head-cam transcript,3979.5657726692216,8.288927989981973,adult tokens (study-specific log-rate)
babyview,babyview,babyview,S00220001,16.230312737427873,head-cam transcript,3070.242656449551,8.029511878646431,adult tokens (study-specific log-rate)
babyview,babyview,babyview,S00220001,16.230312737427873,head-cam transcript,1982.120051085569,7.591922283734498,adult tokens (study-specific log-rate)
babyview,babyview,babyview,S00220001,16.230312737427873,head-cam transcript,4033.2862541512404,8.302336770324112,adult tokens (study-specific log-rate)
babyview,babyview,babyview,S00220001,16.46029692601491,head-cam transcript,2763.7292464878665,7.924336222957706,adult tokens (study-specific log-rate)
babyview,babyview,babyview,S00220001,16.46029692601491,head-cam transcript,2656.4495530012778,7.884745755686698,adult tokens (study-specific log-rate)
babyview,babyview,babyview,S00220001,16.46029692601491,head-cam transcript,970.6257982120053,6.877941016271711,adult tokens (study-specific log-rate)
babyview,babyview,babyview,S00220001,16.46029692601491,head-cam transcript,3335.8876117496784,8.112494073387655,adult tokens (study-specific log-rate)
babyview,babyview,babyview,S00220001,16.46029692601491,head-cam transcript,3540.229885057472,8.171946943301128,adult tokens (study-specific log-rate)
babyview,babyview,babyview,S00220001,16.46029692601491,head-cam transcript,1680.2987197724037,7.4267268659794246,adult tokens (study-specific log-rate)
babyview,babyview,babyview,S00220001,16.723135998685805,head-cam transcript,1747.1264367816088,7.46572768117383,adult tokens (study-specific log-rate)
babyview,babyview,babyview,S00220001,16.723135998685805,head-cam transcript,985.9514687100897,6.89360713301611,adult tokens (study-specific log-rate)
babyview,babyview,babyview,S00220001,16.723135998685805,head-cam transcript,1354.369959321874,7.2110916505093545,adult tokens (study-specific log-rate)
babyview,babyview,babyview,S00220001,17.150249491776012,head-cam transcript,2870.772516909932,7.962336442189043,adult tokens (study-specific log-rate)
babyview,babyview,babyview,S00220001,17.150249491776012,head-cam transcript,2487.86717752235,7.8191810671938144,adult tokens (study-specific log-rate)
babyview,babyview,babyview,S00220001,17.44594344853077,head-cam transcript,2217.1136653895264,7.703961478211629,adult tokens (study-specific log-rate)
babyview,babyview,babyview,S00220001,17.44594344853077,head-cam transcript,3065.134099616856,8.02784659932737,adult tokens (study-specific log-rate)
babyview,babyview,babyview,S00220001,17.44594344853077,head-cam transcript,960.4086845466159,6.867358906941174,adult tokens (study-specific log-rate)
babyview,babyview,babyview,S00220001,17.544508100782355,head-cam transcript,3575.989782886334,8.18199727915463,adult tokens (study-specific log-rate)
babyview,babyview,babyview,S00220001,17.544508100782355,head-cam transcript,2994.9636261891465,8.004687365630774,adult tokens (study-specific log-rate)
babyview,babyview,babyview,S00220001,17.544508100782355,head-cam transcript,3039.5913154533837,8.019478349656854,adult tokens (study-specific log-rate)
babyview,babyview,babyview,S00220001,17.675927637117805,head-cam transcript,3187.7394636015338,8.067067312480653,adult tokens (study-specific log-rate)
babyview,babyview,babyview,S00220001,17.675927637117805,head-cam transcript,3386.973180076626,8.127691934297086,adult tokens (study-specific log-rate)
babyview,babyview,babyview,S00220001,17.675927637117805,head-cam transcript,3478.9272030651337,8.154479250260737,adult tokens (study-specific log-rate)
babyview,babyview,babyview,S00220001,17.675927637117805,head-cam transcript,3643.7444182836725,8.20076711823723,adult tokens (study-specific log-rate)
babyview,babyview,babyview,S00220001,17.90591182570484,head-cam transcript,2464.637320357588,7.809799943951084,adult tokens (study-specific log-rate)
babyview,babyview,babyview,S00220001,17.90591182570484,head-cam transcript,3540.229885057472,8.171946943301128,adult tokens (study-specific log-rate)
babyview,babyview,babyview,S00220001,17.90591182570484,head-cam transcript,3167.3052362707526,8.060636422150361,adult tokens (study-specific log-rate)
babyview,babyview,babyview,S00220001,18.23446066654346,head-cam transcript,3693.486590038315,8.21432616626999,adult tokens (study-specific log-rate)
babyview,babyview,babyview,S00220001,18.23446066654346,head-cam transcript,2120.0510855683265,7.659195464341923,adult tokens (study-specific log-rate)
babyview,babyview,babyview,S00220001,18.23446066654346,head-cam transcript,3167.3052362707526,8.060636422150361,adult tokens (study-specific log-rate)
babyview,babyview,babyview,S00220001,18.23446066654346,head-cam transcript,4713.699433261676,8.458228321018167,adult tokens (study-specific log-rate)
babyview,babyview,babyview,S00220001,18.43158997104663,head-cam transcript,3262.16310815541,8.090145784431002,adult tokens (study-specific log-rate)
babyview,babyview,babyview,S00220001,18.43158997104663,head-cam transcript,2595.1468710089407,7.861398391689707,adult tokens (study-specific log-rate)
babyview,babyview,babyview,S00220001,18.43158997104663,head-cam transcript,4577.266922094509,8.428857357086155,adult tokens (study-specific log-rate)
babyview,babyview,babyview,S00220001,18.43158997104663,head-cam transcript,3223.4993614303953,8.078222806652438,adult tokens (study-specific log-rate)
babyview,babyview,babyview,S00220001,18.43158997104663,head-cam transcript,2146.131642990548,7.671422264734445,adult tokens (study-specific log-rate)
babyview,babyview,babyview,S00220001,18.661574159633663,head-cam transcript,3238.825031928483,8.082965898548451,adult tokens (study-specific log-rate)
babyview,babyview,babyview,S00220001,18.661574159633663,head-cam transcript,4783.860744220463,8.473003186557234,adult tokens (study-specific log-rate)
babyview,babyview,babyview,S00220001,18.85870346413684,head-cam transcript,1690.932311621967,7.433035319488288,adult tokens (study-specific log-rate)
babyview,babyview,babyview,S00220001,18.85870346413684,head-cam transcript,1742.0178799489152,7.462799421394742,adult tokens (study-specific log-rate)
babyview,babyview,babyview,S00220001,18.85870346413684,head-cam transcript,1573.4355044699869,7.361016727084799,adult tokens (study-specific log-rate)
babyview,babyview,babyview,S00220001,18.85870346413684,head-cam transcript,1974.269283215746,7.587953625692657,adult tokens (study-specific log-rate)
babyview,babyview,babyview,S00220001,18.85870346413684,head-cam transcript,882.2643177115771,6.7824916910568245,adult tokens (study-specific log-rate)
babyview,babyview,babyview,S00220001,19.121542536807738,head-cam transcript,842.9118773946359,6.736862418011805,adult tokens (study-specific log-rate)
babyview,babyview,babyview,S00220001,19.121542536807738,head-cam transcript,4168.582375478927,8.335331299075332,adult tokens (study-specific log-rate)
babyview,babyview,babyview,S00220001,19.121542536807738,head-cam transcript,2767.5871230321363,7.925731144857703,adult tokens (study-specific log-rate)
babyview,babyview,babyview,S00220001,19.121542536807738,head-cam transcript,1374.2017879948917,7.225628323713064,adult tokens (study-specific log-rate)
babyview,babyview,babyview,S00220001,19.121542536807738,head-cam transcript,955.3001277139203,6.862025560965811,adult tokens (study-specific log-rate)
babyview,babyview,babyview,S00220001,19.121542536807738,head-cam transcript,2196.6794380587485,7.694702152798833,adult tokens (study-specific log-rate)
babyview,babyview,babyview,S00220001,19.121542536807738,head-cam transcript,941.9217130856887,6.847922163995055,adult tokens (study-specific log-rate)
babyview,babyview,babyview,S00220001,19.28581695722705,head-cam transcript,1770.9454265949264,7.479268822285413,adult tokens (study-specific log-rate)
babyview,babyview,babyview,S00220001,19.28581695722705,head-cam transcript,2903.225806451612,7.973577744827256,adult tokens (study-specific log-rate)
babyview,babyview,babyview,S00220001,19.417236493562495,head-cam transcript,3371.6475095785445,8.123156779131696,adult tokens (study-specific log-rate)
babyview,babyview,babyview,S00220001,19.68007556623339,head-cam transcript,735.6321839080462,6.6007302436872255,adult tokens (study-specific log-rate)
babyview,babyview,babyview,S00220001,19.68007556623339,head-cam transcript,1394.6360153256708,7.2403887392961845,adult tokens (study-specific log-rate)
babyview,babyview,babyview,S00220001,19.68007556623339,head-cam transcript,1752.2349936143037,7.468647391277164,adult tokens (study-specific log-rate)
babyview,babyview,babyview,S00220001,19.68007556623339,head-cam transcript,2676.883780332056,7.892408628432267,adult tokens (study-specific log-rate)
babyview,babyview,babyview,S00220001,19.68007556623339,head-cam transcript,897.1106571178415,6.799179218015178,adult tokens (study-specific log-rate)
babyview,babyview,babyview,S00220001,19.942914638904288,head-cam transcript,3019.1570881226044,8.012732961517322,adult tokens (study-specific log-rate)
babyview,babyview,babyview,S00220001,19.942914638904288,head-cam transcript,2104.725415070242,7.6519402934607506,adult tokens (study-specific log-rate)
babyview,babyview,babyview,S00220001,19.942914638904288,head-cam transcript,642.8072354630851,6.4658448899653544,adult tokens (study-specific log-rate)
babyview,babyview,babyview,S00220001,19.942914638904288,head-cam transcript,2022.988505747127,7.612331155365705,adult tokens (study-specific log-rate)
babyview,babyview,babyview,S00220001,19.942914638904288,head-cam transcript,888.8888888888891,6.789972243325754,adult tokens (study-specific log-rate)
babyview,babyview,babyview,S00220001,20.1071890593236,head-cam transcript,1389.5274584929755,7.236719010407222,adult tokens (study-specific log-rate)
babyview,babyview,babyview,S00220001,20.1071890593236,head-cam transcript,1655.1724137931033,7.411660459903554,adult tokens (study-specific log-rate)
babyview,babyview,babyview,S00220001,20.1071890593236,head-cam transcript,2411.238825031928,7.78789592969678,adult tokens (study-specific log-rate)
babyview,babyview,babyview,S00220001,21.28996488634263,head-cam transcript,2303.940060095998,7.7423760058940365,adult tokens (study-specific log-rate)
babyview,babyview,babyview,S00220001,21.28996488634263,head-cam transcript,2200.086318515322,7.69625187426549,adult tokens (study-specific log-rate)
babyview,babyview,babyview,S00220001,21.55280395901353,head-cam transcript,3320.1087451383364,8.107752815933855,adult tokens (study-specific log-rate)
babyview,babyview,babyview,S00220001,21.55280395901353,head-cam transcript,2403.483309143686,7.784674342913683,adult tokens (study-specific log-rate)
babyview,babyview,babyview,S00220001,21.585658843097395,head-cam transcript,2022.988505747127,7.612331155365705,adult tokens (study-specific log-rate)
babyview,babyview,babyview,S00220001,21.585658843097395,head-cam transcript,1605.5301594380649,7.381209298428226,adult tokens (study-specific log-rate)
babyview,babyview,babyview,S00220001,21.585658843097395,head-cam transcript,2487.86717752235,7.8191810671938144,adult tokens (study-specific log-rate)
babyview,babyview,babyview,S00220001,21.585658843097395,head-cam transcript,2880.299251870325,7.965649474631462,adult tokens (study-specific log-rate)
babyview,babyview,babyview,S00220001,21.815643031684427,head-cam transcript,1535.0528824045812,7.336320110505776,adult tokens (study-specific log-rate)
babyview,babyview,babyview,S00220001,22.0127723361876,head-cam transcript,2903.339100120972,7.973616767440865,adult tokens (study-specific log-rate)
babyview,babyview,babyview,S00220001,22.0127723361876,head-cam transcript,3550.4469987228613,8.174828789676017,adult tokens (study-specific log-rate)
babyview,babyview,babyview,S00220001,22.0127723361876,head-cam transcript,1783.5909631391207,7.486384006099491,adult tokens (study-specific log-rate)
babyview,babyview,babyview,S00220001,22.14419187252305,head-cam transcript,1624.933335067705,7.393222069348587,adult tokens (study-specific log-rate)
babyview,babyview,babyview,S00220001,22.14419187252305,head-cam transcript,98.33890500409746,4.588419727125151,adult tokens (study-specific log-rate)
babyview,babyview,babyview,S00220001,22.14419187252305,head-cam transcript,1399.7445721583647,7.244045050499294,adult tokens (study-specific log-rate)
babyview,babyview,babyview,S00220001,22.14419187252305,head-cam transcript,2095.785143211984,7.647683532177078,adult tokens (study-specific log-rate)
babyview,babyview,babyview,S00220001,22.34132117702622,head-cam transcript,1465.717965061072,7.290100479941882,adult tokens (study-specific log-rate)
babyview,babyview,babyview,S00220001,22.34132117702622,head-cam transcript,1807.5627300753147,7.499734658866559,adult tokens (study-specific log-rate)
babyview,babyview,babyview,S00220001,22.34132117702622,head-cam transcript,1192.5768177669613,7.083871638102426,adult tokens (study-specific log-rate)
babyview,babyview,babyview,S00220001,22.538450481529395,head-cam transcript,2593.566514174562,7.8607892399536485,adult tokens (study-specific log-rate)
babyview,babyview,babyview,S00220001,22.538450481529395,head-cam transcript,2680.018731313713,7.893579062776639,adult tokens (study-specific log-rate)
babyview,babyview,babyview,S00220001,22.538450481529395,head-cam transcript,3678.705506815763,8.21031620482711,adult tokens (study-specific log-rate)
babyview,babyview,babyview,S00220001,22.702724901948702,head-cam transcript,1430.3959131545337,7.265706547280474,adult tokens (study-specific log-rate)
babyview,babyview,babyview,S00220001,22.702724901948702,head-cam transcript,1353.7675606641124,7.210646770097447,adult tokens (study-specific log-rate)
babyview,babyview,babyview,S00220001,22.702724901948702,head-cam transcript,1018.9810189810187,6.926558405945233,adult tokens (study-specific log-rate)
babyview,babyview,babyview,S00220001,22.702724901948702,head-cam transcript,1532.2622847872728,7.3345005398160135,adult tokens (study-specific log-rate)
babyview,babyview,babyview,S00220001,22.768434670116427,head-cam transcript,1481.4814814814818,7.300797867091744,adult tokens (study-specific log-rate)
babyview,babyview,babyview,S00220001,22.768434670116427,head-cam transcript,1409.9616858237546,7.251317809828374,adult tokens (study-specific log-rate)
babyview,babyview,babyview,S00220001,22.768434670116427,head-cam transcript,914.4316730523628,6.81830274995198,adult tokens (study-specific log-rate)
babyview,babyview,babyview,S00220001,22.768434670116427,head-cam transcript,2811.256814498306,7.941386927280656,adult tokens (study-specific log-rate)
babyview,babyview,babyview,S00220001,23.129838395038913,head-cam transcript,2879.9250751199975,7.965519557208246,adult tokens (study-specific log-rate)
babyview,babyview,babyview,S00220001,23.129838395038913,head-cam transcript,2921.744541824406,7.979936162692896,adult tokens (study-specific log-rate)
babyview,babyview,babyview,S00220001,23.129838395038913,head-cam transcript,566.619405023609,6.339687834998469,adult tokens (study-specific log-rate)
babyview,babyview,babyview,S00220001,23.129838395038913,head-cam transcript,955.292220039804,6.862017283245945,adult tokens (study-specific log-rate)
babyview,babyview,babyview,S00220001,23.129838395038913,head-cam transcript,1606.2021150669252,7.381627736567668,adult tokens (study-specific log-rate)
babyview,babyview,babyview,S00220001,23.129838395038913,head-cam transcript,3094.726401058027,8.037454780906806,adult tokens (study-specific log-rate)
babyview,babyview,babyview,S00220001,23.2284030472905,head-cam transcript,220.76039692273386,5.397077936552715,adult tokens (study-specific log-rate)
babyview,babyview,babyview,S00220001,23.2284030472905,head-cam transcript,1288.138035373365,7.160953071242906,adult tokens (study-specific log-rate)
babyview,babyview,babyview,S00220001,23.2284030472905,head-cam transcript,1435.5044699872285,7.26927161344497,adult tokens (study-specific log-rate)
babyview,babyview,babyview,S00220001,23.2284030472905,head-cam transcript,2400.7889916874083,7.7835527088471546,adult tokens (study-specific log-rate)
babyview,babyview,babyview,S00220001,23.42553235179367,head-cam transcript,3466.733907279999,8.150968192604017,adult tokens (study-specific log-rate)
babyview,babyview,babyview,S00220001,23.42553235179367,head-cam transcript,1887.668393782384,7.543097692392681,adult tokens (study-specific log-rate)
babyview,babyview,babyview,S00220001,23.72122630854843,head-cam transcript,1890.1660280970623,7.544419949749495,adult tokens (study-specific log-rate)
babyview,babyview,babyview,S00220001,23.72122630854843,head-cam transcript,1125.2813203300827,7.02578834589373,adult tokens (study-specific log-rate)
babyview,babyview,babyview,S00220001,24.04977514938705,head-cam transcript,1971.4609050821446,7.58653012308411,adult tokens (study-specific log-rate)
babyview,babyview,babyview,S00220001,24.04977514938705,head-cam transcript,544.0187189236618,6.2989836560500825,adult tokens (study-specific log-rate)
babyview,babyview,babyview,S00220001,24.04977514938705,head-cam transcript,702.4207500292678,6.554532583497984,adult tokens (study-specific log-rate)
babyview,babyview,babyview,S00220001,24.04977514938705,head-cam transcript,1655.093146879939,7.411612568330067,adult tokens (study-specific log-rate)
babyview,babyview,babyview,S00220001,24.115484917554777,head-cam transcript,2022.9717600842905,7.6123228776458385,adult tokens (study-specific log-rate)
babyview,babyview,babyview,S00220001,24.115484917554777,head-cam transcript,2041.1055988660519,7.621246900259314,adult tokens (study-specific log-rate)
babyview,babyview,babyview,S00230001,5.716749830592004,head-cam transcript,2452.1072796934873,7.804703048013161,adult tokens (study-specific log-rate)
babyview,babyview,babyview,S00230001,5.716749830592004,head-cam transcript,1752.2349936143037,7.468647391277164,adult tokens (study-specific log-rate)
babyview,babyview,babyview,S00230001,5.716749830592004,head-cam transcript,3422.363060208238,8.138086544735598,adult tokens (study-specific log-rate)
babyview,babyview,babyview,S00230001,5.716749830592004,head-cam transcript,3329.4743551387287,8.11056971920497,adult tokens (study-specific log-rate)
babyview,babyview,babyview,S00230001,5.716749830592004,head-cam transcript,1334.5994250556082,7.1963864696703785,adult tokens (study-specific log-rate)
babyview,babyview,babyview,S00230001,5.979588903262901,head-cam transcript,602.8097062579819,6.401601568576889,adult tokens (study-specific log-rate)
babyview,babyview,babyview,S00230001,5.979588903262901,head-cam transcript,1461.9017293711902,7.287493421478215,adult tokens (study-specific log-rate)
babyview,babyview,babyview,S00230001,5.979588903262901,head-cam transcript,2379.130434782609,7.774490336367283,adult tokens (study-specific log-rate)
babyview,babyview,babyview,S00230001,5.979588903262901,head-cam transcript,1059.5823095823093,6.965630061885111,adult tokens (study-specific log-rate)
babyview,babyview,babyview,S00230001,5.979588903262901,head-cam transcript,350.8294805548002,5.860300295036583,adult tokens (study-specific log-rate)
babyview,babyview,babyview,S00230001,6.866670773527177,head-cam transcript,528.2217782217784,6.2695162300274045,adult tokens (study-specific log-rate)
babyview,babyview,babyview,S00230001,6.866670773527177,head-cam transcript,182.62939500760962,5.207458935531375,adult tokens (study-specific log-rate)
babyview,babyview,babyview,S00230001,7.589478223372143,head-cam transcript,2271.8251756048608,7.728338829523427,adult tokens (study-specific log-rate)
babyview,babyview,babyview,S00230001,7.589478223372143,head-cam transcript,3146.871008939974,8.054163907644744,adult tokens (study-specific log-rate)
babyview,babyview,babyview,S00230001,7.589478223372143,head-cam transcript,2748.8065351145333,7.9189221092298245,adult tokens (study-specific log-rate)
babyview,babyview,babyview,S00230001,7.589478223372143,head-cam transcript,2106.1274761367144,7.652606220841502,adult tokens (study-specific log-rate)
babyview,babyview,babyview,S00230001,8.213721020965522,head-cam transcript,1465.3650805086272,7.289859692117952,adult tokens (study-specific log-rate)
babyview,babyview,babyview,S00230001,8.213721020965522,head-cam transcript,1058.3139300440964,6.964432288674014,adult tokens (study-specific log-rate)
babyview,babyview,babyview,S00230001,8.213721020965522,head-cam transcript,1798.1971200749242,7.494539841989455,adult tokens (study-specific log-rate)
babyview,babyview,babyview,S00230001,8.213721020965522,head-cam transcript,918.032786885246,6.822233105543975,adult tokens (study-specific log-rate)
babyview,babyview,babyview,S00230001,9.659335920655456,head-cam transcript,874.8481166464155,6.774050290315168,adult tokens (study-specific log-rate)
babyview,babyview,babyview,S00230001,9.659335920655456,head-cam transcript,2280.526035095023,7.732161412484318,adult tokens (study-specific log-rate)
babyview,babyview,babyview,S00230001,9.659335920655456,head-cam transcript,2547.445920106144,7.842846536257671,adult tokens (study-specific log-rate)
babyview,babyview,babyview,S00230001,9.659335920655456,head-cam transcript,1844.1890166028095,7.519794902444105,adult tokens (study-specific log-rate)
babyview,babyview,babyview,S00230001,11.0063861680938,head-cam transcript,1365.945030798602,7.219601798324414,adult tokens (study-specific log-rate)
babyview,babyview,babyview,S00230001,11.0063861680938,head-cam transcript,880.3696303696305,6.780341853793395,adult tokens (study-specific log-rate)
babyview,babyview,babyview,S00230001,11.0063861680938,head-cam transcript,2102.1642780887064,7.650722701612733,adult tokens (study-specific log-rate)
babyview,babyview,babyview,S00230001,11.433499661184008,head-cam transcript,759.3334739506436,6.6324410405242205,adult tokens (study-specific log-rate)
babyview,babyview,babyview,S00230001,11.433499661184008,head-cam transcript,410.64803141097235,6.017736476338043,adult tokens (study-specific log-rate)
babyview,babyview,babyview,S00230001,11.433499661184008,head-cam transcript,528.2132975601575,6.269500174783092,adult tokens (study-specific log-rate)
babyview,babyview,babyview,S00230001,12.189161995112835,head-cam transcript,1437.6211350599012,7.2707450369889255,adult tokens (study-specific log-rate)
babyview,babyview,babyview,S00230001,12.189161995112835,head-cam transcript,538.4069814055322,6.288614745195802,adult tokens (study-specific log-rate)
babyview,babyview,babyview,S00230001,12.189161995112835,head-cam transcript,2538.0803101057527,7.839163290841374,adult tokens (study-specific log-rate)
babyview,babyview,babyview,S00270002,7.589478223372143,head-cam transcript,933.1225412698993,6.838536533348147,adult tokens (study-specific log-rate)
babyview,babyview,babyview,S00270002,7.950881948294626,head-cam transcript,1959.9564454123238,7.58067753024925,adult tokens (study-specific log-rate)
babyview,babyview,babyview,S00270002,8.377995441384833,head-cam transcript,2431.673052362707,7.796334798342644,adult tokens (study-specific log-rate)
babyview,babyview,babyview,S00270002,8.377995441384833,head-cam transcript,1611.0826064648536,7.384661658376875,adult tokens (study-specific log-rate)
babyview,babyview,babyview,S00270002,8.410850325468695,head-cam transcript,1905.4916985951463,7.55249536375504,adult tokens (study-specific log-rate)
babyview,babyview,babyview,S00270002,8.410850325468695,head-cam transcript,1644.9553001277131,7.405468489655632,adult tokens (study-specific log-rate)
babyview,babyview,babyview,S00270002,8.410850325468695,head-cam transcript,465.81068975813673,6.143779306431515,adult tokens (study-specific log-rate)
babyview,babyview,babyview,S00270002,8.410850325468695,head-cam transcript,638.0989481885471,6.4584933625240115,adult tokens (study-specific log-rate)
babyview,babyview,babyview,S00270002,8.410850325468695,head-cam transcript,2345.139235306201,7.760100054514831,adult tokens (study-specific log-rate)
babyview,babyview,babyview,S00270002,8.542269861804144,head-cam transcript,689.6551724137928,6.5361917225496535,adult tokens (study-specific log-rate)
babyview,babyview,babyview,S00270002,8.542269861804144,head-cam transcript,1239.1499551032625,7.1221809034447405,adult tokens (study-specific log-rate)
babyview,babyview,babyview,S00270002,8.575124745888006,head-cam transcript,1936.172104187039,7.568468160676263,adult tokens (study-specific log-rate)
babyview,babyview,babyview,S00270002,8.575124745888006,head-cam transcript,5756.342809754585,8.658057623175194,adult tokens (study-specific log-rate)
babyview,babyview,babyview,S00270002,8.575124745888006,head-cam transcript,5854.406130268203,8.67494984138591,adult tokens (study-specific log-rate)
babyview,babyview,babyview,S00270002,8.64083451405573,head-cam transcript,3355.7578155916117,8.118432900379892,adult tokens (study-specific log-rate)
babyview,babyview,babyview,S00270002,8.64083451405573,head-cam transcript,2602.1519572249,7.864094057530525,adult tokens (study-specific log-rate)
babyview,babyview,babyview,S00270002,8.64083451405573,head-cam transcript,2544.0613026819924,7.841517021135878,adult tokens (study-specific log-rate)
babyview,babyview,babyview,S00270002,8.673689398139592,head-cam transcript,1323.1162196679436,7.187745005810762,adult tokens (study-specific log-rate)
babyview,babyview,babyview,S00270002,8.673689398139592,head-cam transcript,1323.1162196679436,7.187745005810762,adult tokens (study-specific log-rate)
babyview,babyview,babyview,S00270002,8.739399166307317,head-cam transcript,955.7835392834904,6.862531464070137,adult tokens (study-specific log-rate)
babyview,babyview,babyview,S00270002,8.870818702642765,head-cam transcript,1816.1753113668613,7.504488091598122,adult tokens (study-specific log-rate)
babyview,babyview,babyview,S00270002,8.870818702642765,head-cam transcript,2100.43605543841,7.649900247603044,adult tokens (study-specific log-rate)
babyview,babyview,babyview,S00270002,8.870818702642765,head-cam transcript,1687.9057465736964,7.431243836259083,adult tokens (study-specific log-rate)
babyview,babyview,babyview,S00270002,8.969383354894351,head-cam transcript,3588.8595817150945,8.185589765755608,adult tokens (study-specific log-rate)
babyview,babyview,babyview,S00270002,8.969383354894351,head-cam transcript,2303.9591315453395,7.742384283613903,adult tokens (study-specific log-rate)
babyview,babyview,babyview,S00270002,8.969383354894351,head-cam transcript,2413.30301307561,7.788751632990026,adult tokens (study-specific log-rate)
babyview,babyview,babyview,S00270002,9.035093123062076,head-cam transcript,1204.1744715012046,7.093549525255065,adult tokens (study-specific log-rate)
babyview,babyview,babyview,S00270002,9.1008028912298,head-cam transcript,1527.458492975734,7.331360517501911,adult tokens (study-specific log-rate)
babyview,babyview,babyview,S00270002,9.1008028912298,head-cam transcript,1589.3162628993987,7.371059179394017,adult tokens (study-specific log-rate)
babyview,babyview,babyview,S00270002,9.1008028912298,head-cam transcript,713.3152173913044,6.569923422844885,adult tokens (study-specific log-rate)
babyview,babyview,babyview,S00270002,9.199367543481385,head-cam transcript,2206.896551724137,7.699342532355335,adult tokens (study-specific log-rate)
babyview,babyview,babyview,S00270002,9.199367543481385,head-cam transcript,1478.4222737819032,7.298730766914283,adult tokens (study-specific log-rate)
babyview,babyview,babyview,S00270002,9.232222427565247,head-cam transcript,2691.7177914110434,7.8979348529554505,adult tokens (study-specific log-rate)
babyview,babyview,babyview,S00270002,9.232222427565247,head-cam transcript,556.8326947637293,6.322264826340368,adult tokens (study-specific log-rate)
babyview,babyview,babyview,S00270002,9.26507731164911,head-cam transcript,1857.6860401955462,7.52708692780571,adult tokens (study-specific log-rate)
babyview,babyview,babyview,S00270002,9.26507731164911,head-cam transcript,2260.744423366258,7.7234494288990945,adult tokens (study-specific log-rate)
babyview,babyview,babyview,S00270002,9.26507731164911,head-cam transcript,2498.0842911877385,7.823279433586096,adult tokens (study-specific log-rate)
babyview,babyview,babyview,S00270002,9.330787079816831,head-cam transcript,1384.4189016602816,7.233035764990926,adult tokens (study-specific log-rate)
babyview,babyview,babyview,S00270002,9.330787079816831,head-cam transcript,1077.9054916985956,6.982775077587291,adult tokens (study-specific log-rate)
babyview,babyview,babyview,S00270002,9.330787079816831,head-cam transcript,1589.2255892255894,7.371002125764993,adult tokens (study-specific log-rate)
babyview,babyview,babyview,S00270002,9.330787079816831,head-cam transcript,2847.6624992593474,7.954253761036113,adult tokens (study-specific log-rate)
babyview,babyview,babyview,S00270002,9.42935173206842,head-cam transcript,3443.167305236268,8.14414705502353,adult tokens (study-specific log-rate)
babyview,babyview,babyview,S00270002,9.42935173206842,head-cam transcript,859.7196077880483,6.756606298630029,adult tokens (study-specific log-rate)
babyview,babyview,babyview,S00270002,9.462206616152285,head-cam transcript,868.4546615581095,6.766715381161486,adult tokens (study-specific log-rate)
babyview,babyview,babyview,S00270002,9.462206616152285,head-cam transcript,686.7003169386081,6.531897977165199,adult tokens (study-specific log-rate)
babyview,babyview,babyview,S00270002,9.462206616152285,head-cam transcript,827.1583663622262,6.717996171687511,adult tokens (study-specific log-rate)
babyview,babyview,babyview,S00270002,9.495061500236144,head-cam transcript,110.51759071652236,4.705174700292832,adult tokens (study-specific log-rate)
babyview,babyview,babyview,S00270002,9.495061500236144,head-cam transcript,234.9936143039592,5.45955834060032,adult tokens (study-specific log-rate)
babyview,babyview,babyview,S00270002,9.560771268403869,head-cam transcript,2288.633461047254,7.73571017652621,adult tokens (study-specific log-rate)
babyview,babyview,babyview,S00270002,9.560771268403869,head-cam transcript,1246.4878671775218,7.128085169404426,adult tokens (study-specific log-rate)
babyview,babyview,babyview,S00270002,9.560771268403869,head-cam transcript,1540.8890581642095,7.340114839324319,adult tokens (study-specific log-rate)
babyview,babyview,babyview,S00270002,9.560771268403869,head-cam transcript,478.9172306090577,6.171527786256666,adult tokens (study-specific log-rate)
babyview,babyview,babyview,S00270002,9.593626152487731,head-cam transcript,1225.7001647446461,7.111267522755731,adult tokens (study-specific log-rate)
babyview,babyview,babyview,S00270002,9.659335920655456,head-cam transcript,1670.4980842911882,7.420877115008478,adult tokens (study-specific log-rate)
babyview,babyview,babyview,S00270002,9.659335920655456,head-cam transcript,677.6225295011944,6.518590391753815,adult tokens (study-specific log-rate)
babyview,babyview,babyview,S00270002,9.659335920655456,head-cam transcript,1678.054113145668,7.425390135104118,adult tokens (study-specific log-rate)
babyview,babyview,babyview,S00270002,9.659335920655456,head-cam transcript,1678.054113145668,7.425390135104118,adult tokens (study-specific log-rate)
babyview,babyview,babyview,S00270002,9.692190804739315,head-cam transcript,1787.994891443167,7.488850098594684,adult tokens (study-specific log-rate)
babyview,babyview,babyview,S00270002,9.692190804739315,head-cam transcript,1085.4790849047572,6.989776721426372,adult tokens (study-specific log-rate)
babyview,babyview,babyview,S00270002,9.75790057290704,head-cam transcript,2041.7136206609891,7.621544744355141,adult tokens (study-specific log-rate)
babyview,babyview,babyview,S00270002,9.75790057290704,head-cam transcript,2041.7136206609891,7.621544744355141,adult tokens (study-specific log-rate)
babyview,babyview,babyview,S00270002,9.75790057290704,head-cam transcript,3017.810686411848,8.01228690919988,adult tokens (study-specific log-rate)
babyview,babyview,babyview,S00270002,9.790755456990905,head-cam transcript,536.3984674329502,6.284877294268748,adult tokens (study-specific log-rate)
babyview,babyview,babyview,S00270002,9.790755456990905,head-cam transcript,487.8993223620522,6.190109077933867,adult tokens (study-specific log-rate)
babyview,babyview,babyview,S00270002,9.823610341074763,head-cam transcript,675.3719560896783,6.515263585161185,adult tokens (study-specific log-rate)
babyview,babyview,babyview,S00270002,9.823610341074763,head-cam transcript,876.4377954978478,6.7758657326447365,adult tokens (study-specific log-rate)
babyview,babyview,babyview,S00270002,9.856465225158628,head-cam transcript,515.964240102171,6.246037460952484,adult tokens (study-specific log-rate)
babyview,babyview,babyview,S00270002,9.856465225158628,head-cam transcript,37.12105588781191,3.614184352766995,adult tokens (study-specific log-rate)
babyview,babyview,babyview,S00270002,9.922174993326353,head-cam transcript,559.9547511312217,6.327855978913184,adult tokens (study-specific log-rate)
babyview,babyview,babyview,S00270002,9.922174993326353,head-cam transcript,2114.942528735632,7.656782917936539,adult tokens (study-specific log-rate)
babyview,babyview,babyview,S00270002,9.987884761494076,head-cam transcript,2886.3346104725406,7.967742675257665,adult tokens (study-specific log-rate)
babyview,babyview,babyview,S00270002,9.987884761494076,head-cam transcript,3387.911247130832,8.127968859186442,adult tokens (study-specific log-rate)
babyview,babyview,babyview,S00270002,9.987884761494076,head-cam transcript,577.266922094508,6.358304762823565,adult tokens (study-specific log-rate)
babyview,babyview,babyview,S00270002,10.02073964557794,head-cam transcript,357.59897828863336,5.879412186160583,adult tokens (study-specific log-rate)
babyview,babyview,babyview,S00270002,10.02073964557794,head-cam transcript,1582.4318946492526,7.366718116535678,adult tokens (study-specific log-rate)
babyview,babyview,babyview,S00270002,10.086449413745662,head-cam transcript,1517.4946339445028,7.324815986811752,adult tokens (study-specific log-rate)
babyview,babyview,babyview,S00270002,10.086449413745662,head-cam transcript,1185.1851851851854,7.077654315777535,adult tokens (study-specific log-rate)
babyview,babyview,babyview,S00270002,10.086449413745662,head-cam transcript,1030.0429184549357,6.937355748758428,adult tokens (study-specific log-rate)
babyview,babyview,babyview,S00270002,10.152159181913389,head-cam transcript,2038.4576194704434,7.619948731986995,adult tokens (study-specific log-rate)
babyview,babyview,babyview,S00270002,10.185014065997247,head-cam transcript,758.608579045673,6.631485938241304,adult tokens (study-specific log-rate)
babyview,babyview,babyview,S00270002,10.185014065997247,head-cam transcript,552.4296675191816,6.314326126680936,adult tokens (study-specific log-rate)
babyview,babyview,babyview,S00270002,10.644982443171315,head-cam transcript,689.6551724137928,6.5361917225496535,adult tokens (study-specific log-rate)
babyview,babyview,babyview,S00270002,10.644982443171315,head-cam transcript,800.1998001998005,6.684861446735276,adult tokens (study-specific log-rate)
babyview,babyview,babyview,S00270002,10.67783732725518,head-cam transcript,1982.120051085569,7.591922283734498,adult tokens (study-specific log-rate)
babyview,babyview,babyview,S00270002,10.67783732725518,head-cam transcript,2557.389988817996,7.846742481775676,adult tokens (study-specific log-rate)
babyview,babyview,babyview,S00270002,10.67783732725518,head-cam transcript,720.306513409962,6.579676834489393,adult tokens (study-specific log-rate)
babyview,babyview,babyview,S00270002,10.67783732725518,head-cam transcript,1362.132905683071,7.216807063213819,adult tokens (study-specific log-rate)
babyview,babyview,babyview,S00270002,10.710692211339042,head-cam transcript,1744.3160641073434,7.464117817468206,adult tokens (study-specific log-rate)
babyview,babyview,babyview,S00270002,10.710692211339042,head-cam transcript,1476.3729246487874,7.297343632223657,adult tokens (study-specific log-rate)
babyview,babyview,babyview,S00270002,10.710692211339042,head-cam transcript,446.8508571061698,6.102224885932689,adult tokens (study-specific log-rate)
babyview,babyview,babyview,S00270002,10.710692211339042,head-cam transcript,2206.896551724137,7.699342532355335,adult tokens (study-specific log-rate)
babyview,babyview,babyview,S00270002,10.710692211339042,head-cam transcript,4300.567107750471,8.366502178508888,adult tokens (study-specific log-rate)
babyview,babyview,babyview,S00270002,10.710692211339042,head-cam transcript,2206.896551724137,7.699342532355335,adult tokens (study-specific log-rate)
babyview,babyview,babyview,S00270002,10.743547095422905,head-cam transcript,479.87203412423344,6.1735194727845055,adult tokens (study-specific log-rate)
babyview,babyview,babyview,S00270002,10.743547095422905,head-cam transcript,469.98722860791844,6.152705521160265,adult tokens (study-specific log-rate)
babyview,babyview,babyview,S00270002,10.743547095422905,head-cam transcript,633.2837948500195,6.450918654769319,adult tokens (study-specific log-rate)
babyview,babyview,babyview,S00270002,10.743547095422905,head-cam transcript,286.0791826309067,5.6562686348463735,adult tokens (study-specific log-rate)
babyview,babyview,babyview,S00270002,10.743547095422905,head-cam transcript,536.7714774371794,6.285572449814304,adult tokens (study-specific log-rate)
babyview,babyview,babyview,S00270002,10.809256863590628,head-cam transcript,567.0498084291188,6.340447145423559,adult tokens (study-specific log-rate)
babyview,babyview,babyview,S00270002,10.809256863590628,head-cam transcript,1197.6474781678842,7.08811447674836,adult tokens (study-specific log-rate)
babyview,babyview,babyview,S00270002,10.809256863590628,head-cam transcript,3072.283706763967,8.0301764424655655,adult tokens (study-specific log-rate)
babyview,babyview,babyview,S00270002,10.84211174767449,head-cam transcript,280.97062579821187,5.638250129343695,adult tokens (study-specific log-rate)
babyview,babyview,babyview,S00270002,10.84211174767449,head-cam transcript,354.98290823034455,5.872069642486353,adult tokens (study-specific log-rate)
babyview,babyview,babyview,S00270002,10.84211174767449,head-cam transcript,856.3132597319508,6.752636266826364,adult tokens (study-specific log-rate)
babyview,babyview,babyview,S00270002,11.039241052177662,head-cam transcript,316.73052362707546,5.7580513291563165,adult tokens (study-specific log-rate)
babyview,babyview,babyview,S00270002,11.104950820345389,head-cam transcript,1706.2579821200507,7.442057937087925,adult tokens (study-specific log-rate)
babyview,babyview,babyview,S00270002,11.104950820345389,head-cam transcript,1215.8365261813533,7.103187617782699,adult tokens (study-specific log-rate)
babyview,babyview,babyview,S00270002,11.17066058851311,head-cam transcript,791.3934984339435,6.673795313645837,adult tokens (study-specific log-rate)
babyview,babyview,babyview,S00270002,11.17066058851311,head-cam transcript,268.6400099496301,5.593372230366269,adult tokens (study-specific log-rate)
babyview,babyview,babyview,S00270002,11.33493500893242,head-cam transcript,848.0204342273306,6.742904732467768,adult tokens (study-specific log-rate)
babyview,babyview,babyview,S00270002,11.33493500893242,head-cam transcript,699.5566455994716,6.55044677095473,adult tokens (study-specific log-rate)
babyview,babyview,babyview,S00270002,11.33493500893242,head-cam transcript,716.1061726860198,6.5738284418417114,adult tokens (study-specific log-rate)
babyview,babyview,babyview,S00270002,11.33493500893242,head-cam transcript,960.4086845466159,6.867358906941174,adult tokens (study-specific log-rate)
babyview,babyview,babyview,S00270002,11.33493500893242,head-cam transcript,1592.7967088411087,7.373246686475318,adult tokens (study-specific log-rate)
babyview,babyview,babyview,S00270002,11.367789893016283,head-cam transcript,613.0268199233717,6.418408686893271,adult tokens (study-specific log-rate)
babyview,babyview,babyview,S00270002,11.367789893016283,head-cam transcript,351.8559996742075,5.863222000062566,adult tokens (study-specific log-rate)
babyview,babyview,babyview,S00270002,11.400644777100146,head-cam transcript,597.7011494252871,6.39309087890898,adult tokens (study-specific log-rate)
babyview,babyview,babyview,S00270002,11.400644777100146,head-cam transcript,1580.8383233532936,7.365710569711698,adult tokens (study-specific log-rate)
babyview,babyview,babyview,S00270002,11.400644777100146,head-cam transcript,1185.1851851851854,7.077654315777535,adult tokens (study-specific log-rate)
babyview,babyview,babyview,S00270002,11.400644777100146,head-cam transcript,2060.0858369098714,7.630502929318373,adult tokens (study-specific log-rate)
babyview,babyview,babyview,S00270002,11.433499661184008,head-cam transcript,572.1583652618134,6.349415815406319,adult tokens (study-specific log-rate)
babyview,babyview,babyview,S00270002,11.433499661184008,head-cam transcript,1643.0718775621756,7.4043228648357955,adult tokens (study-specific log-rate)
babyview,babyview,babyview,S00270002,11.597774081603315,head-cam transcript,925.906352394039,6.83077309820813,adult tokens (study-specific log-rate)
babyview,babyview,babyview,S00270002,11.63062896568718,head-cam transcript,1472.287609672587,7.2945726672091,adult tokens (study-specific log-rate)
babyview,babyview,babyview,S00270002,11.63062896568718,head-cam transcript,212.0426777961024,5.356787564770775,adult tokens (study-specific log-rate)
babyview,babyview,babyview,S00270002,11.63062896568718,head-cam transcript,515.964240102171,6.246037460952484,adult tokens (study-specific log-rate)
babyview,babyview,babyview,S00270002,11.63062896568718,head-cam transcript,1432.3607427055704,7.267079231092446,adult tokens (study-specific log-rate)
babyview,babyview,babyview,S00270002,11.63062896568718,head-cam transcript,1244.9960916218588,7.126887669634329,adult tokens (study-specific log-rate)
babyview,babyview,babyview,S00270002,11.696338733854905,head-cam transcript,2681.4671814671824,7.894119379476998,adult tokens (study-specific log-rate)
babyview,babyview,babyview,S00270002,11.696338733854905,head-cam transcript,1384.4189016602816,7.233035764990926,adult tokens (study-specific log-rate)
babyview,babyview,babyview,S00270002,11.696338733854905,head-cam transcript,2049.8018944661635,7.625498430617039,adult tokens (study-specific log-rate)
babyview,babyview,babyview,S00270002,11.860613154274215,head-cam transcript,786.7177522349933,6.667869546524853,adult tokens (study-specific log-rate)
babyview,babyview,babyview,S00270002,11.860613154274215,head-cam transcript,1496.1770157553287,7.310668477574107,adult tokens (study-specific log-rate)
babyview,babyview,babyview,S00270002,12.057742458777389,head-cam transcript,137.93103448275866,4.926753810115554,adult tokens (study-specific log-rate)
babyview,babyview,babyview,S00270002,12.057742458777389,head-cam transcript,226.02924029060907,5.420664372720035,adult tokens (study-specific log-rate)
babyview,babyview,babyview,S00270002,12.057742458777389,head-cam transcript,623.2439335887609,6.434937988844481,adult tokens (study-specific log-rate)
babyview,babyview,babyview,S00270002,12.057742458777389,head-cam transcript,749.5662232504338,6.619494670211067,adult tokens (study-specific log-rate)
babyview,babyview,babyview,S00270002,12.09059734286125,head-cam transcript,366.10983294988483,5.902933378410368,adult tokens (study-specific log-rate)
babyview,babyview,babyview,S00270002,12.25487176328056,head-cam transcript,1619.41251596424,7.389818717988505,adult tokens (study-specific log-rate)
babyview,babyview,babyview,S00270002,12.25487176328056,head-cam transcript,1221.7933107075316,7.108074985251859,adult tokens (study-specific log-rate)
babyview,babyview,babyview,S00270002,12.287726647364424,head-cam transcript,1414.207548052191,7.254324616485971,adult tokens (study-specific log-rate)
babyview,babyview,babyview,S00270002,12.320581531448283,head-cam transcript,434.22733077905474,6.073568200601541,adult tokens (study-specific log-rate)
babyview,babyview,babyview,S00270002,12.320581531448283,head-cam transcript,752.5834422140396,6.623511877138735,adult tokens (study-specific log-rate)
babyview,babyview,babyview,S00270002,12.780549908622351,head-cam transcript,561.9412515964239,6.3313973099036405,adult tokens (study-specific log-rate)
babyview,babyview,babyview,S00270002,12.780549908622351,head-cam transcript,1400.0202901491332,7.2442420084619945,adult tokens (study-specific log-rate)
babyview,babyview,babyview,S00270002,12.780549908622351,head-cam transcript,996.1685823754791,6.903916502674972,adult tokens (study-specific log-rate)
babyview,babyview,babyview,S00270002,12.780549908622351,head-cam transcript,301.8575851393188,5.709955333763282,adult tokens (study-specific log-rate)
babyview,babyview,babyview,S00270002,12.780549908622351,head-cam transcript,1392.9985887922792,7.239213960708423,adult tokens (study-specific log-rate)
babyview,babyview,babyview,S00270002,13.010534097209389,head-cam transcript,2837.9508757699427,7.950837548116317,adult tokens (study-specific log-rate)
babyview,babyview,babyview,S00270002,13.174808517628698,head-cam transcript,863.3461047254152,6.760815659034298,adult tokens (study-specific log-rate)
babyview,babyview,babyview,S00270002,13.174808517628698,head-cam transcript,2242.9121456072817,7.71553036549956,adult tokens (study-specific log-rate)
babyview,babyview,babyview,S00270002,13.174808517628698,head-cam transcript,1026.8199233716477,6.9342218521703005,adult tokens (study-specific log-rate)
babyview,babyview,babyview,S00270002,13.174808517628698,head-cam transcript,522.2825682612898,6.258208759930845,adult tokens (study-specific log-rate)
babyview,babyview,babyview,S00270002,13.20766340171256,head-cam transcript,1394.6360153256708,7.2403887392961845,adult tokens (study-specific log-rate)
babyview,babyview,babyview,S00270002,13.20766340171256,head-cam transcript,1412.3554951090653,7.253014153439585,adult tokens (study-specific log-rate)
babyview,babyview,babyview,S00270002,13.20766340171256,head-cam transcript,1363.9846743295025,7.218165602511474,adult tokens (study-specific log-rate)
babyview,babyview,babyview,S00270002,13.20766340171256,head-cam transcript,741.8067639170533,6.6090887832628455,adult tokens (study-specific log-rate)
babyview,babyview,babyview,S00270002,13.470502474383457,head-cam transcript,3530.0127713920806,8.169056767878894,adult tokens (study-specific log-rate)
babyview,babyview,babyview,S00300001,8.180866136881662,head-cam transcript,389.03497712618434,5.963669255067767,adult tokens (study-specific log-rate)
babyview,babyview,babyview,S00300001,8.180866136881662,head-cam transcript,425.1176893002473,6.05236604659084,adult tokens (study-specific log-rate)
babyview,babyview,babyview,S00300001,8.180866136881662,head-cam transcript,383.99001001599953,5.950616536665981,adult tokens (study-specific log-rate)
babyview,babyview,babyview,S00300001,8.180866136881662,head-cam transcript,472.2085587801277,6.157420749815672,adult tokens (study-specific log-rate)
babyview,babyview,babyview,S00300001,8.213721020965522,head-cam transcript,827.366141807062,6.718247331999615,adult tokens (study-specific log-rate)
babyview,babyview,babyview,S00300001,8.213721020965522,head-cam transcript,1055.6360798305273,6.961898783498008,adult tokens (study-specific log-rate)
babyview,babyview,babyview,S00300001,8.213721020965522,head-cam transcript,1355.2737827633619,7.2117587666036,adult tokens (study-specific log-rate)
babyview,babyview,babyview,S00300001,8.410850325468695,head-cam transcript,117.07012500487791,4.762773114269929,adult tokens (study-specific log-rate)
babyview,babyview,babyview,S00300001,8.410850325468695,head-cam transcript,812.4039452950213,6.69999768603986,adult tokens (study-specific log-rate)
babyview,babyview,babyview,S00300001,8.607979629971869,head-cam transcript,30.25827599870322,3.4097697337928152,adult tokens (study-specific log-rate)
babyview,babyview,babyview,S00300001,8.607979629971869,head-cam transcript,164.56684134240157,5.103316818024552,adult tokens (study-specific log-rate)
babyview,babyview,babyview,S00300001,8.607979629971869,head-cam transcript,55.5984555984556,4.018155423864554,adult tokens (study-specific log-rate)
babyview,babyview,babyview,S00300001,8.607979629971869,head-cam transcript,462.51936169446344,6.136688419199408,adult tokens (study-specific log-rate)
babyview,babyview,babyview,S00300001,8.64083451405573,head-cam transcript,145.61928646549632,4.98099558897857,adult tokens (study-specific log-rate)
babyview,babyview,babyview,S00300001,8.64083451405573,head-cam transcript,140.48415000585354,4.945094671063884,adult tokens (study-specific log-rate)
babyview,babyview,babyview,S00300001,8.64083451405573,head-cam transcript,2164.910105393677,7.680134117816421,adult tokens (study-specific log-rate)
babyview,babyview,babyview,S00300001,8.64083451405573,head-cam transcript,15.269549972429981,2.7258606474426164,adult tokens (study-specific log-rate)
babyview,babyview,babyview,S00300001,8.706544282223454,head-cam transcript,756.4568999675803,6.628645558661016,adult tokens (study-specific log-rate)
babyview,babyview,babyview,S00300001,8.706544282223454,head-cam transcript,756.4568999675803,6.628645558661016,adult tokens (study-specific log-rate)
babyview,babyview,babyview,S00300001,8.772254050391178,head-cam transcript,414.70147145123775,6.02755891547666,adult tokens (study-specific log-rate)
babyview,babyview,babyview,S00300001,8.80510893447504,head-cam transcript,590.6329308621089,6.381194726072535,adult tokens (study-specific log-rate)
babyview,babyview,babyview,S00300001,8.80510893447504,head-cam transcript,540.3263571197002,6.292173322039803,adult tokens (study-specific log-rate)
babyview,babyview,babyview,S00300001,8.837963818558903,head-cam transcript,113.83235598482234,4.734726804521007,adult tokens (study-specific log-rate)
babyview,babyview,babyview,S00300001,8.837963818558903,head-cam transcript,159.21537000663395,5.070257814017889,adult tokens (study-specific log-rate)
babyview,babyview,babyview,S00300001,8.870818702642765,head-cam transcript,357.2304604749695,5.878381121052384,adult tokens (study-specific log-rate)
babyview,babyview,babyview,S00300001,8.870818702642765,head-cam transcript,824.7044808943461,6.715025117187404,adult tokens (study-specific log-rate)
babyview,babyview,babyview,S00300001,8.870818702642765,head-cam transcript,413.42401605530154,6.0244737395498795,adult tokens (study-specific log-rate)
babyview,babyview,babyview,S00300001,9.067948007145937,head-cam transcript,151.29137999351605,5.019207646226915,adult tokens (study-specific log-rate)
babyview,babyview,babyview,S00300001,9.067948007145937,head-cam transcript,163.89817500682906,5.099245350891142,adult tokens (study-specific log-rate)
babyview,babyview,babyview,S00300001,9.067948007145937,head-cam transcript,446.244112056855,6.100866138736451,adult tokens (study-specific log-rate)
babyview,babyview,babyview,S00300001,9.067948007145937,head-cam transcript,666.2936340550079,6.501730465350567,adult tokens (study-specific log-rate)
babyview,babyview,babyview,S00300001,9.1008028912298,head-cam transcript,672.2118485825838,6.510573541708976,adult tokens (study-specific log-rate)
babyview,babyview,babyview,S00300001,9.1008028912298,head-cam transcript,708.9081805410467,6.5637260125617,adult tokens (study-specific log-rate)
babyview,babyview,babyview,S00300001,9.1008028912298,head-cam transcript,440.90630740967543,6.088832398021773,adult tokens (study-specific log-rate)
babyview,babyview,babyview,S00300001,9.330787079816831,head-cam transcript,300.60576616515107,5.70579965932103,adult tokens (study-specific log-rate)
babyview,babyview,babyview,S00300001,9.330787079816831,head-cam transcript,351.6686499831272,5.862689396988601,adult tokens (study-specific log-rate)
babyview,babyview,babyview,S00300001,9.330787079816831,head-cam transcript,634.1844129780353,6.452339784347211,adult tokens (study-specific log-rate)
babyview,babyview,babyview,S00300001,9.462206616152285,head-cam transcript,695.8362575790698,6.545114370556913,adult tokens (study-specific log-rate)
babyview,babyview,babyview,S00300001,9.527916384320006,head-cam transcript,475.9937195273119,6.165404659874022,adult tokens (study-specific log-rate)
babyview,babyview,babyview,S00300001,9.560771268403869,head-cam transcript,456.5764570447406,6.123756171322514,adult tokens (study-specific log-rate)
babyview,babyview,babyview,S00300001,9.560771268403869,head-cam transcript,458.91687985084315,6.128869104012256,adult tokens (study-specific log-rate)
babyview,babyview,babyview,S00300001,9.75790057290704,head-cam transcript,340.9090909090909,5.831615846166086,adult tokens (study-specific log-rate)
babyview,babyview,babyview,S00300001,9.75790057290704,head-cam transcript,170.38660821044238,5.138070020992529,adult tokens (study-specific log-rate)
babyview,babyview,babyview,S00300001,9.790755456990905,head-cam transcript,628.6706600846813,6.443607526707686,adult tokens (study-specific log-rate)
babyview,babyview,babyview,S00300001,9.790755456990905,head-cam transcript,687.295126256259,6.532763786957734,adult tokens (study-specific log-rate)
babyview,babyview,babyview,S00300001,9.790755456990905,head-cam transcript,793.740609939318,6.676756720139217,adult tokens (study-specific log-rate)
babyview,babyview,babyview,S00300001,9.9550298774102135,head-cam transcript,618.131868131868,6.426701813549816,adult tokens (study-specific log-rate)
babyview,babyview,babyview,S00300001,10.02073964557794,head-cam transcript,5944.4754153194335,8.690217565588043,adult tokens (study-specific log-rate)
babyview,babyview,babyview,S00300001,10.02073964557794,head-cam transcript,8575.819672131152,9.056701856052566,adult tokens (study-specific log-rate)
babyview,babyview,babyview,S00300001,10.21786895008111,head-cam transcript,591.5005106798703,6.382662546782178,adult tokens (study-specific log-rate)
babyview,babyview,babyview,S00300001,10.447853138668146,head-cam transcript,1431.611650485437,7.266556116945818,adult tokens (study-specific log-rate)
babyview,babyview,babyview,S00300001,10.447853138668146,head-cam transcript,56.194025482429595,4.028810443106712,adult tokens (study-specific log-rate)
babyview,babyview,babyview,S00300001,10.447853138668146,head-cam transcript,1037.4266056698248,6.944498508079493,adult tokens (study-specific log-rate)
babyview,babyview,babyview,S00300001,10.447853138668146,head-cam transcript,55.75776349415317,4.021016656145586,adult tokens (study-specific log-rate)
babyview,babyview,babyview,S00300001,10.480708022752006,head-cam transcript,172.90443427830408,5.152739038851438,adult tokens (study-specific log-rate)
babyview,babyview,babyview,S00300001,10.480708022752006,head-cam transcript,203.70334237380735,5.316664731413351,adult tokens (study-specific log-rate)
babyview,babyview,babyview,S00300001,10.67783732725518,head-cam transcript,1000.1925563227247,6.907947816768273,adult tokens (study-specific log-rate)
babyview,babyview,babyview,S00300001,10.67783732725518,head-cam transcript,402.00280969705693,5.996459077890758,adult tokens (study-specific log-rate)
babyview,babyview,babyview,S00300001,10.67783732725518,head-cam transcript,38.903497712618424,3.6610841620737213,adult tokens (study-specific log-rate)
babyview,babyview,babyview,S00300001,10.67783732725518,head-cam transcript,217.28271728271727,5.381199350195655,adult tokens (study-specific log-rate)
babyview,babyview,babyview,S00300001,10.710692211339042,head-cam transcript,102.17113665389523,4.626649217665215,adult tokens (study-specific log-rate)
babyview,babyview,babyview,S00300001,10.710692211339042,head-cam transcript,791.3940450329744,6.673796004324801,adult tokens (study-specific log-rate)
babyview,babyview,babyview,S00300001,10.710692211339042,head-cam transcript,337.1647509578544,5.82057168613765,adult tokens (study-specific log-rate)
babyview,babyview,babyview,S00300001,10.710692211339042,head-cam transcript,462.51936169446344,6.136688419199408,adult tokens (study-specific log-rate)
babyview,babyview,babyview,S00300001,10.874966631758353,head-cam transcript,351.212659265185,5.861391906855022,adult tokens (study-specific log-rate)
babyview,babyview,babyview,S00300001,10.874966631758353,head-cam transcript,738.346799254195,6.604413631912344,adult tokens (study-specific log-rate)
babyview,babyview,babyview,S00300001,10.907821515842214,head-cam transcript,56.19380619380618,4.028806540751446,adult tokens (study-specific log-rate)
babyview,babyview,babyview,S00300001,10.940676399926076,head-cam transcript,245.78691639831143,5.504464967067198,adult tokens (study-specific log-rate)
babyview,babyview,babyview,S00300001,10.940676399926076,head-cam transcript,3955.1889341162064,8.282783650013023,adult tokens (study-specific log-rate)
babyview,babyview,babyview,S00300001,10.940676399926076,head-cam transcript,4355.00055747575,8.379080017294804,adult tokens (study-specific log-rate)
babyview,babyview,babyview,S00300001,10.940676399926076,head-cam transcript,5826.87943517885,8.670236876209755,adult tokens (study-specific log-rate)
babyview,babyview,babyview,S00300001,11.072095936261524,head-cam transcript,345.1889842791839,5.844092047573752,adult tokens (study-specific log-rate)
babyview,babyview,babyview,S00300001,11.072095936261524,head-cam transcript,276.28549501151184,5.6214347333074475,adult tokens (study-specific log-rate)
babyview,babyview,babyview,S00300001,11.072095936261524,head-cam transcript,825.6186736789024,6.716133012784132,adult tokens (study-specific log-rate)
babyview,babyview,babyview,S00300001,11.072095936261524,head-cam transcript,697.7379450290722,6.547843595347187,adult tokens (study-specific log-rate)
babyview,babyview,babyview,S00300001,11.13780570442925,head-cam transcript,171.88662094041814,5.146835078879448,adult tokens (study-specific log-rate)
babyview,babyview,babyview,S00300001,11.13780570442925,head-cam transcript,505.7454702640393,6.226033519535258,adult tokens (study-specific log-rate)
babyview,babyview,babyview,S00300001,11.13780570442925,head-cam transcript,557.2537950232188,6.323020782513257,adult tokens (study-specific log-rate)
babyview,babyview,babyview,S00300001,11.13780570442925,head-cam transcript,510.23622047244106,6.234873795881775,adult tokens (study-specific log-rate)
babyview,babyview,babyview,S00300001,11.13780570442925,head-cam transcript,804.005619394114,6.689606258450703,adult tokens (study-specific log-rate)
babyview,babyview,babyview,S00300001,11.13780570442925,head-cam transcript,414.43093793291825,6.026906345332596,adult tokens (study-specific log-rate)
babyview,babyview,babyview,S00300001,11.367789893016283,head-cam transcript,542.1039583505493,6.295457788122219,adult tokens (study-specific log-rate)
babyview,babyview,babyview,S00300001,11.367789893016283,head-cam transcript,1534.40927158661,7.335900746594371,adult tokens (study-specific log-rate)
babyview,babyview,babyview,S00300001,11.367789893016283,head-cam transcript,309.0651300128778,5.733552031428154,adult tokens (study-specific log-rate)
babyview,babyview,babyview,S00300001,11.367789893016283,head-cam transcript,1693.8343182071578,7.434750065356256,adult tokens (study-specific log-rate)
babyview,babyview,babyview,S00300001,11.400644777100146,head-cam transcript,280.9677779016613,5.638239993369603,adult tokens (study-specific log-rate)
babyview,babyview,babyview,S00300001,11.400644777100146,head-cam transcript,301.0369048946372,5.707232864856555,adult tokens (study-specific log-rate)
babyview,babyview,babyview,S00300001,11.564919197519457,head-cam transcript,1461.0446625431703,7.286906981128195,adult tokens (study-specific log-rate)
babyview,babyview,babyview,S00300001,11.564919197519457,head-cam transcript,558.1918081918084,6.324702645594695,adult tokens (study-specific log-rate)
babyview,babyview,babyview,S00300001,11.63062896568718,head-cam transcript,200.19121578115556,5.299272988701482,adult tokens (study-specific log-rate)
babyview,babyview,babyview,S00300001,11.63062896568718,head-cam transcript,196.67832167832165,5.281569509246814,adult tokens (study-specific log-rate)
babyview,babyview,babyview,S00300001,11.79490338610649,head-cam transcript,456.5764570447406,6.123756171322514,adult tokens (study-specific log-rate)
babyview,babyview,babyview,S00300001,11.79490338610649,head-cam transcript,855.8769496776056,6.752126615432037,adult tokens (study-specific log-rate)
babyview,babyview,babyview,S00300001,11.79490338610649,head-cam transcript,627.6693517867762,6.442013517919525,adult tokens (study-specific log-rate)
babyview,babyview,babyview,S00300001,11.79490338610649,head-cam transcript,749.934901484246,6.619986404742185,adult tokens (study-specific log-rate)
babyview,babyview,babyview,S00300001,12.09059734286125,head-cam transcript,746.3772048846673,6.615231108987285,adult tokens (study-specific log-rate)
babyview,babyview,babyview,S00300001,12.09059734286125,head-cam transcript,228.28822852237028,5.430608990762568,adult tokens (study-specific log-rate)
babyview,babyview,babyview,S00300001,12.09059734286125,head-cam transcript,487.012987012987,6.188290790104818,adult tokens (study-specific log-rate)
babyview,babyview,babyview,S00300001,12.25487176328056,head-cam transcript,414.04936742457744,6.025985211703098,adult tokens (study-specific log-rate)
babyview,babyview,babyview,S00300001,12.320581531448283,head-cam transcript,290.33516888522746,5.671036010386776,adult tokens (study-specific log-rate)
babyview,babyview,babyview,S00300001,12.320581531448283,head-cam transcript,119.41230415016297,4.782582245483093,adult tokens (study-specific log-rate)
babyview,babyview,babyview,S00300001,12.320581531448283,head-cam transcript,206.26280878820592,5.329151126502009,adult tokens (study-specific log-rate)
babyview,babyview,babyview,S00300001,12.55056572003532,head-cam transcript,698.4056193555579,6.548800050534773,adult tokens (study-specific log-rate)
babyview,babyview,babyview,S00300001,12.55056572003532,head-cam transcript,682.3503177611774,6.525543188370506,adult tokens (study-specific log-rate)
babyview,babyview,babyview,S00300001,12.55056572003532,head-cam transcript,666.2950161667968,6.501732539676787,adult tokens (study-specific log-rate)
babyview,babyview,babyview,S00300001,12.55056572003532,head-cam transcript,782.6959527260561,6.6627443098839905,adult tokens (study-specific log-rate)
babyview,babyview,babyview,S00300001,12.55056572003532,head-cam transcript,1099.5281466037532,7.002636409124866,adult tokens (study-specific log-rate)
babyview,babyview,babyview,S00300001,12.55056572003532,head-cam transcript,228.64401397268963,5.432166269891213,adult tokens (study-specific log-rate)
babyview,babyview,babyview,S00300001,12.87911456087394,head-cam transcript,695.9403479701737,6.5452639497219645,adult tokens (study-specific log-rate)
babyview,babyview,babyview,S00300001,12.87911456087394,head-cam transcript,865.5878504568377,6.763408872015012,adult tokens (study-specific log-rate)
babyview,babyview,babyview,S00300001,12.87911456087394,head-cam transcript,284.8745195568619,5.652048801059334,adult tokens (study-specific log-rate)
babyview,babyview,babyview,S00300001,12.944824329041664,head-cam transcript,1386.1102800577548,7.234256743725789,adult tokens (study-specific log-rate)
babyview,babyview,babyview,S00300001,12.944824329041664,head-cam transcript,973.630831643002,6.881032208841384,adult tokens (study-specific log-rate)
babyview,babyview,babyview,S00300001,13.141953633544835,head-cam transcript,488.1855963786072,6.190695653997623,adult tokens (study-specific log-rate)
babyview,babyview,babyview,S00300001,13.141953633544835,head-cam transcript,273.4765234765235,5.611215780797627,adult tokens (study-specific log-rate)
babyview,babyview,babyview,S00300001,13.141953633544835,head-cam transcript,678.0719280719278,6.519253370915061,adult tokens (study-specific log-rate)
babyview,babyview,babyview,S00300001,13.141953633544835,head-cam transcript,536.8437291098884,6.2857070449138845,adult tokens (study-specific log-rate)
babyview,babyview,babyview,S00300001,13.141953633544835,head-cam transcript,561.9366000234141,6.3313890321837745,adult tokens (study-specific log-rate)
babyview,babyview,babyview,S00300001,13.634776894802767,head-cam transcript,1070.9858689364514,6.97633487609035,adult tokens (study-specific log-rate)
babyview,babyview,babyview,S00300001,13.634776894802767,head-cam transcript,3790.717853708874,8.24031068745222,adult tokens (study-specific log-rate)
babyview,babyview,babyview,S00300001,13.864761083389803,head-cam transcript,511.36363636363643,6.2370809542742505,adult tokens (study-specific log-rate)
babyview,babyview,babyview,S00300001,13.864761083389803,head-cam transcript,767.5360670883375,6.643185471306192,adult tokens (study-specific log-rate)
babyview,babyview,babyview,S00300001,13.864761083389803,head-cam transcript,1380.1347981120023,7.229936453172196,adult tokens (study-specific log-rate)
babyview,babyview,babyview,S00300001,13.897615967473664,head-cam transcript,393.3548890623258,5.974712229990816,adult tokens (study-specific log-rate)
babyview,babyview,babyview,S00300001,13.897615967473664,head-cam transcript,165.069949854637,5.10636932257699,adult tokens (study-specific log-rate)
babyview,babyview,babyview,S00300001,14.029035503809112,head-cam transcript,164.83516483516476,5.104945973567497,adult tokens (study-specific log-rate)
babyview,babyview,babyview,S00300001,14.029035503809112,head-cam transcript,84.2903333704984,4.434267189043667,adult tokens (study-specific log-rate)
babyview,babyview,babyview,S00300001,14.029035503809112,head-cam transcript,573.928754893451,6.352505268221308,adult tokens (study-specific log-rate)
babyview,babyview,babyview,S00300001,14.16045504014456,head-cam transcript,188.64979373397264,5.239892353030303,adult tokens (study-specific log-rate)
babyview,babyview,babyview,S00300001,14.16045504014456,head-cam transcript,198.8400994200498,5.292500981226597,adult tokens (study-specific log-rate)
babyview,babyview,babyview,S00300001,14.16045504014456,head-cam transcript,244.8433493143048,5.500618615493555,adult tokens (study-specific log-rate)
babyview,babyview,babyview,S00300001,14.324729460563873,head-cam transcript,91.31529140894811,4.514318258888413,adult tokens (study-specific log-rate)
babyview,babyview,babyview,S00300001,14.324729460563873,head-cam transcript,364.46908521152227,5.898441733617275,adult tokens (study-specific log-rate)
babyview,babyview,babyview,S00300001,14.357584344647734,head-cam transcript,100.34563496487903,4.608620576188445,adult tokens (study-specific log-rate)
babyview,babyview,babyview,S00300001,14.357584344647734,head-cam transcript,236.01398601398603,5.463891066040769,adult tokens (study-specific log-rate)
babyview,babyview,babyview,S00300001,14.357584344647734,head-cam transcript,311.7654336261288,5.742251089753761,adult tokens (study-specific log-rate)
babyview,babyview,babyview,S00300001,14.357584344647734,head-cam transcript,232.26773226773233,5.447890724694328,adult tokens (study-specific log-rate)
babyview,babyview,babyview,S00300001,14.357584344647734,head-cam transcript,236.8156985171145,5.467282195225963,adult tokens (study-specific log-rate)
babyview,babyview,babyview,S00300001,14.554713649150909,head-cam transcript,827.9220779220777,6.718919041166989,adult tokens (study-specific log-rate)
babyview,babyview,babyview,S00300001,14.554713649150909,head-cam transcript,1689.8204928085634,7.432377585002626,adult tokens (study-specific log-rate)
babyview,babyview,babyview,S00300001,14.554713649150909,head-cam transcript,44.631787751053814,3.7984463349989794,adult tokens (study-specific log-rate)
babyview,babyview,babyview,S00300001,14.554713649150909,head-cam transcript,596.520298260149,6.391113269894706,adult tokens (study-specific log-rate)
babyview,babyview,babyview,S00300001,14.554713649150909,head-cam transcript,559.7711158104241,6.327527978412587,adult tokens (study-specific log-rate)
babyview,babyview,babyview,S00300001,14.62042341731863,head-cam transcript,180.62214293678232,5.196407241090564,adult tokens (study-specific log-rate)
babyview,babyview,babyview,S00300001,14.62042341731863,head-cam transcript,103.02171000429256,4.634939742760044,adult tokens (study-specific log-rate)
babyview,babyview,babyview,S00300001,14.62042341731863,head-cam transcript,495.2098495639111,6.2049816112451,adult tokens (study-specific log-rate)
babyview,babyview,babyview,S00300001,14.62042341731863,head-cam transcript,77.64756632396289,4.352180207493272,adult tokens (study-specific log-rate)
babyview,babyview,babyview,S00320001,8.509414977720281,head-cam transcript,2171.136653895274,7.683006113035641,adult tokens (study-specific log-rate)
babyview,babyview,babyview,S00320001,8.509414977720281,head-cam transcript,1961.6858237547897,7.581559496698952,adult tokens (study-specific log-rate)
babyview,babyview,babyview,S00320001,8.509414977720281,head-cam transcript,4099.112002291611,8.318525644427599,adult tokens (study-specific log-rate)
babyview,babyview,babyview,S00320001,8.64083451405573,head-cam transcript,294.7454603935788,5.6861121377503725,adult tokens (study-specific log-rate)
babyview,babyview,babyview,S00320001,8.64083451405573,head-cam transcript,309.0651300128778,5.733552031428154,adult tokens (study-specific log-rate)
babyview,babyview,babyview,S00320001,8.772254050391178,head-cam transcript,1443.9444335746432,7.275133837808376,adult tokens (study-specific log-rate)
babyview,babyview,babyview,S00320001,8.80510893447504,head-cam transcript,3020.550179406325,8.013194272387773,adult tokens (study-specific log-rate)
babyview,babyview,babyview,S00320001,8.80510893447504,head-cam transcript,902.8471528471529,6.805553273139891,adult tokens (study-specific log-rate)
babyview,babyview,babyview,S00320001,8.837963818558903,head-cam transcript,4378.804798098048,8.384531088986185,adult tokens (study-specific log-rate)
babyview,babyview,babyview,S00320001,8.837963818558903,head-cam transcript,3512.750113575763,8.164154517818885,adult tokens (study-specific log-rate)
babyview,babyview,babyview,S00320001,8.969383354894351,head-cam transcript,786.7151759662837,6.667866271814297,adult tokens (study-specific log-rate)
babyview,babyview,babyview,S00320001,8.969383354894351,head-cam transcript,402.4563929003505,5.997586750369102,adult tokens (study-specific log-rate)
babyview,babyview,babyview,S00320001,8.969383354894351,head-cam transcript,2922.084939303338,7.980052660780466,adult tokens (study-specific log-rate)
babyview,babyview,babyview,S00320001,8.969383354894351,head-cam transcript,2400.2675883599068,7.783335505270876,adult tokens (study-specific log-rate)
babyview,babyview,babyview,S00320001,9.067948007145937,head-cam transcript,738.5438733415097,6.6046805089292295,adult tokens (study-specific log-rate)
babyview,babyview,babyview,S00320001,9.067948007145937,head-cam transcript,1018.9810189810187,6.926558405945233,adult tokens (study-specific log-rate)
babyview,babyview,babyview,S00320001,9.067948007145937,head-cam transcript,2061.885378768776,7.631376075625843,adult tokens (study-specific log-rate)
babyview,babyview,babyview,S00320001,9.1008028912298,head-cam transcript,270.8944186408574,5.601729145855022,adult tokens (study-specific log-rate)
babyview,babyview,babyview,S00320001,9.1008028912298,head-cam transcript,379.30720501580447,5.938346444074167,adult tokens (study-specific log-rate)
babyview,babyview,babyview,S00320001,9.1008028912298,head-cam transcript,153.2567049808429,5.03211432577338,adult tokens (study-specific log-rate)
babyview,babyview,babyview,S00320001,9.26507731164911,head-cam transcript,2659.833240110826,7.886018708122879,adult tokens (study-specific log-rate)
babyview,babyview,babyview,S00320001,9.26507731164911,head-cam transcript,123.04618175603724,4.81255974633561,adult tokens (study-specific log-rate)
babyview,babyview,babyview,S00320001,9.26507731164911,head-cam transcript,561.9366000234141,6.3313890321837745,adult tokens (study-specific log-rate)
babyview,babyview,babyview,S00320001,9.330787079816831,head-cam transcript,614.189610930023,6.420303693063963,adult tokens (study-specific log-rate)
babyview,babyview,babyview,S00320001,9.42935173206842,head-cam transcript,1062.9967350442914,6.968847306883131,adult tokens (study-specific log-rate)
babyview,babyview,babyview,S00320001,9.42935173206842,head-cam transcript,553.2941896905731,6.315889848657119,adult tokens (study-specific log-rate)
babyview,babyview,babyview,S00320001,9.42935173206842,head-cam transcript,1210.7279693486585,7.098977085246355,adult tokens (study-specific log-rate)
babyview,babyview,babyview,S00320001,9.42935173206842,head-cam transcript,870.4124715816826,6.768967204562539,adult tokens (study-specific log-rate)
babyview,babyview,babyview,S00320001,9.42935173206842,head-cam transcript,201.36061500839003,5.305097405095291,adult tokens (study-specific log-rate)
babyview,babyview,babyview,S00320001,9.560771268403869,head-cam transcript,1011.4909405280787,6.919180700095203,adult tokens (study-specific log-rate)
babyview,babyview,babyview,S00320001,9.560771268403869,head-cam transcript,669.6307050176937,6.5067263738851135,adult tokens (study-specific log-rate)
babyview,babyview,babyview,S00320001,9.659335920655456,head-cam transcript,884.1158841158839,6.784588144674846,adult tokens (study-specific log-rate)
babyview,babyview,babyview,S00320001,9.659335920655456,head-cam transcript,4919.691188215454,8.501001040893572,adult tokens (study-specific log-rate)
babyview,babyview,babyview,S00320001,9.659335920655456,head-cam transcript,855.8769496776056,6.752126615432037,adult tokens (study-specific log-rate)
babyview,babyview,babyview,S00320001,9.659335920655456,head-cam transcript,1177.9471089197673,7.071528464154106,adult tokens (study-specific log-rate)
babyview,babyview,babyview,S00320001,9.659335920655456,head-cam transcript,842.9049000351207,6.736854140291938,adult tokens (study-specific log-rate)
babyview,babyview,babyview,S00320001,9.75790057290704,head-cam transcript,1263.9561828523276,7.142001908641011,adult tokens (study-specific log-rate)
babyview,babyview,babyview,S00320001,9.75790057290704,head-cam transcript,1763.1742095474276,7.47487099178006,adult tokens (study-specific log-rate)
babyview,babyview,babyview,S00320001,9.790755456990905,head-cam transcript,1969.9120973788747,7.585744200116644,adult tokens (study-specific log-rate)
babyview,babyview,babyview,S00320001,9.790755456990905,head-cam transcript,1114.5075900464378,7.016167963073203,adult tokens (study-specific log-rate)
babyview,babyview,babyview,S00320001,9.790755456990905,head-cam transcript,3544.540902705237,8.173163924995801,adult tokens (study-specific log-rate)
babyview,babyview,babyview,S00320001,9.88932010924249,head-cam transcript,677.2063237942763,6.517975988364046,adult tokens (study-specific log-rate)
babyview,babyview,babyview,S00320001,9.88932010924249,head-cam transcript,1320.30684909178,7.185619449998611,adult tokens (study-specific log-rate)
babyview,babyview,babyview,S00320001,9.88932010924249,head-cam transcript,1254.9917400522918,7.134884269912585,adult tokens (study-specific log-rate)
babyview,babyview,babyview,S00320001,9.88932010924249,head-cam transcript,810.7927305162226,6.698012448721449,adult tokens (study-specific log-rate)
babyview,babyview,babyview,S00320001,9.88932010924249,head-cam transcript,2431.673052362707,7.796334798342644,adult tokens (study-specific log-rate)
babyview,babyview,babyview,S00320001,9.88932010924249,head-cam transcript,1469.6876913655847,7.292805202347709,adult tokens (study-specific log-rate)
babyview,babyview,babyview,S00320001,10.414998254584283,head-cam transcript,855.8769496776056,6.752126615432037,adult tokens (study-specific log-rate)
babyview,babyview,babyview,S00320001,10.414998254584283,head-cam transcript,1619.41251596424,7.389818717988505,adult tokens (study-specific log-rate)
babyview,babyview,babyview,S00320001,10.414998254584283,head-cam transcript,3091.6365765589935,8.036455866110781,adult tokens (study-specific log-rate)
babyview,babyview,babyview,S00320001,10.513562906835867,head-cam transcript,1539.7102897102893,7.33934955414547,adult tokens (study-specific log-rate)
babyview,babyview,babyview,S00320001,10.513562906835867,head-cam transcript,1417.4814573646572,7.256636954292119,adult tokens (study-specific log-rate)
babyview,babyview,babyview,S00320001,10.513562906835867,head-cam transcript,2848.600554735061,7.954583119240009,adult tokens (study-specific log-rate)
babyview,babyview,babyview,S00320001,10.546417790919731,head-cam transcript,726.7456907707437,6.588576609969385,adult tokens (study-specific log-rate)
babyview,babyview,babyview,S00320001,10.546417790919731,head-cam transcript,1273.7229600530718,7.1496993556977255,adult tokens (study-specific log-rate)
babyview,babyview,babyview,S00320001,10.546417790919731,head-cam transcript,1452.3972479377549,7.280970744700706,adult tokens (study-specific log-rate)
babyview,babyview,babyview,S00320001,10.546417790919731,head-cam transcript,2224.3323750926797,7.707212093436369,adult tokens (study-specific log-rate)
babyview,babyview,babyview,S00320001,10.776401979506764,head-cam transcript,887.0554130895308,6.787907452837997,adult tokens (study-specific log-rate)
babyview,babyview,babyview,S00320001,10.776401979506764,head-cam transcript,643.1442608307282,6.466369054953429,adult tokens (study-specific log-rate)
babyview,babyview,babyview,S00320001,10.776401979506764,head-cam transcript,1030.2171000429257,6.93752483575409,adult tokens (study-specific log-rate)
babyview,babyview,babyview,S00320001,10.907821515842214,head-cam transcript,1016.1686850423401,6.9237946429421875,adult tokens (study-specific log-rate)
babyview,babyview,babyview,S00320001,10.907821515842214,head-cam transcript,3151.979565772671,8.055785968016613,adult tokens (study-specific log-rate)
babyview,babyview,babyview,S00320001,10.907821515842214,head-cam transcript,2056.668970283346,7.628842948303636,adult tokens (study-specific log-rate)
babyview,babyview,babyview,S00320001,11.0063861680938,head-cam transcript,2245.425754076368,7.716650427664241,adult tokens (study-specific log-rate)
babyview,babyview,babyview,S00320001,11.0063861680938,head-cam transcript,1409.5243050587303,7.251007554150604,adult tokens (study-specific log-rate)
babyview,babyview,babyview,S00320001,11.0063861680938,head-cam transcript,927.1953900386335,6.832164320096264,adult tokens (study-specific log-rate)
babyview,babyview,babyview,S00320001,11.0063861680938,head-cam transcript,960.4086845466159,6.867358906941174,adult tokens (study-specific log-rate)
babyview,babyview,babyview,S00320001,11.0063861680938,head-cam transcript,2046.3857850852667,7.623830484497319,adult tokens (study-specific log-rate)
babyview,babyview,babyview,S00320001,11.13780570442925,head-cam transcript,3156.21057013151,8.057127400314036,adult tokens (study-specific log-rate)
babyview,babyview,babyview,S00320001,11.13780570442925,head-cam transcript,1859.5146871008942,7.528070811747965,adult tokens (study-specific log-rate)
babyview,babyview,babyview,S00320001,11.13780570442925,head-cam transcript,383.14176245210723,5.948405057647535,adult tokens (study-specific log-rate)
babyview,babyview,babyview,S00320001,11.499209429351732,head-cam transcript,679.0067250282922,6.520631031822303,adult tokens (study-specific log-rate)
babyview,babyview,babyview,S00320001,11.499209429351732,head-cam transcript,4316.564987017373,8.370215223051037,adult tokens (study-specific log-rate)
babyview,babyview,babyview,S00320001,11.499209429351732,head-cam transcript,605.1655199740643,6.405502007346806,adult tokens (study-specific log-rate)
babyview,babyview,babyview,S00320001,11.499209429351732,head-cam transcript,664.9583100277064,6.499724347002989,adult tokens (study-specific log-rate)
babyview,babyview,babyview,S00320001,11.63062896568718,head-cam transcript,84.2903333704984,4.434267189043667,adult tokens (study-specific log-rate)
babyview,babyview,babyview,S00320001,11.63062896568718,head-cam transcript,6108.433734939757,8.717425674776722,adult tokens (study-specific log-rate)
babyview,babyview,babyview,S00320001,11.63062896568718,head-cam transcript,1111.4856210648368,7.013452796806707,adult tokens (study-specific log-rate)
babyview,babyview,babyview,S00320001,11.63062896568718,head-cam transcript,2420.6620798962576,7.791796368466697,adult tokens (study-specific log-rate)
babyview,babyview,babyview,S00320001,11.63062896568718,head-cam transcript,1854.406130268199,7.525319778376075,adult tokens (study-specific log-rate)
babyview,babyview,babyview,S00320001,11.827758270190351,head-cam transcript,758.6144100316089,6.631493624634112,adult tokens (study-specific log-rate)
babyview,babyview,babyview,S00320001,11.827758270190351,head-cam transcript,1211.9666403121737,7.099999641755548,adult tokens (study-specific log-rate)
babyview,babyview,babyview,S00320001,11.827758270190351,head-cam transcript,2483.869764666393,7.817573011995469,adult tokens (study-specific log-rate)
babyview,babyview,babyview,S00320001,11.827758270190351,head-cam transcript,1479.7663800616567,7.29963950298864,adult tokens (study-specific log-rate)
babyview,babyview,babyview,S00320001,11.827758270190351,head-cam transcript,1225.0249750249754,7.11071651054649,adult tokens (study-specific log-rate)
babyview,babyview,babyview,S00320001,11.827758270190351,head-cam transcript,997.4374650415598,6.905189455111153,adult tokens (study-specific log-rate)
babyview,babyview,babyview,S00320001,11.860613154274215,head-cam transcript,1873.1220000780472,7.53536183650971,adult tokens (study-specific log-rate)
babyview,babyview,babyview,S00320001,11.860613154274215,head-cam transcript,622.8130650259508,6.434246417623482,adult tokens (study-specific log-rate)
babyview,babyview,babyview,S00320001,11.860613154274215,head-cam transcript,838.6508659981764,6.731794488749992,adult tokens (study-specific log-rate)
babyview,babyview,babyview,S00320001,11.92632292244194,head-cam transcript,1292.4648786717744,7.164306432838744,adult tokens (study-specific log-rate)
babyview,babyview,babyview,S00320001,11.92632292244194,head-cam transcript,2455.2429667519177,7.805981003458653,adult tokens (study-specific log-rate)
babyview,babyview,babyview,S00320001,11.92632292244194,head-cam transcript,1474.010302222542,7.295742062021018,adult tokens (study-specific log-rate)
babyview,babyview,babyview,S00320001,11.92632292244194,head-cam transcript,817.7915085981691,6.706607424651115,adult tokens (study-specific log-rate)
babyview,babyview,babyview,S00320001,12.057742458777389,head-cam transcript,753.9316050314136,6.625301654386191,adult tokens (study-specific log-rate)
babyview,babyview,babyview,S00320001,12.057742458777389,head-cam transcript,1617.9045212525948,7.388887085526575,adult tokens (study-specific log-rate)
babyview,babyview,babyview,S00320001,12.057742458777389,head-cam transcript,805.4424600335602,6.691391766215181,adult tokens (study-specific log-rate)
babyview,babyview,babyview,S00320001,12.057742458777389,head-cam transcript,1115.8281307381565,7.017352126366399,adult tokens (study-specific log-rate)
babyview,babyview,babyview,S00320001,12.057742458777389,head-cam transcript,1149.425287356322,7.047017346315645,adult tokens (study-specific log-rate)
babyview,babyview,babyview,S00320001,12.25487176328056,head-cam transcript,2098.1695656133315,7.648820608194251,adult tokens (study-specific log-rate)
babyview,babyview,babyview,S00320001,12.25487176328056,head-cam transcript,2733.4150964433056,7.913307057469757,adult tokens (study-specific log-rate)
babyview,babyview,babyview,S00320001,12.25487176328056,head-cam transcript,1292.4541800538523,7.164298155118878,adult tokens (study-specific log-rate)
babyview,babyview,babyview,S00320001,12.25487176328056,head-cam transcript,407.404035016975,6.0098054080563115,adult tokens (study-specific log-rate)
babyview,babyview,babyview,S00320001,12.25487176328056,head-cam transcript,1128.2217539309454,7.028398003100964,adult tokens (study-specific log-rate)
babyview,babyview,babyview,S00320001,12.287726647364424,head-cam transcript,1954.7329691158443,7.578008874402834,adult tokens (study-specific log-rate)
babyview,babyview,babyview,S00320001,12.287726647364424,head-cam transcript,1625.8741258741252,7.39380087374964,adult tokens (study-specific log-rate)
babyview,babyview,babyview,S00320001,12.287726647364424,head-cam transcript,655.041698256255,6.484698895068878,adult tokens (study-specific log-rate)
babyview,babyview,babyview,S00320001,12.419146183699873,head-cam transcript,1419.621139529741,7.258145311848945,adult tokens (study-specific log-rate)
babyview,babyview,babyview,S00320001,12.419146183699873,head-cam transcript,2736.212672454162,7.914330006881678,adult tokens (study-specific log-rate)
babyview,babyview,babyview,S00320001,12.419146183699873,head-cam transcript,803.2394017023387,6.688652803638569,adult tokens (study-specific log-rate)
babyview,babyview,babyview,S00320001,12.55056572003532,head-cam transcript,2940.8015401225343,7.986437455869927,adult tokens (study-specific log-rate)
babyview,babyview,babyview,S00320001,12.55056572003532,head-cam transcript,2204.5315370483772,7.698270310455873,adult tokens (study-specific log-rate)
babyview,babyview,babyview,S00320001,12.55056572003532,head-cam transcript,2705.9543964554596,7.9032099558376006,adult tokens (study-specific log-rate)
babyview,babyview,babyview,S00320001,12.55056572003532,head-cam transcript,4603.980412417445,8.434676515362142,adult tokens (study-specific log-rate)
babyview,babyview,babyview,S00320001,12.55056572003532,head-cam transcript,1220.7892609902665,7.107252863792834,adult tokens (study-specific log-rate)
babyview,babyview,babyview,S00320001,12.74769502453849,head-cam transcript,1966.7781000819498,7.5841520006791425,adult tokens (study-specific log-rate)
babyview,babyview,babyview,S00320001,12.74769502453849,head-cam transcript,943.8388298606319,6.849955420489452,adult tokens (study-specific log-rate)
babyview,babyview,babyview,S00320001,12.74769502453849,head-cam transcript,856.9533150357064,6.753383442243149,adult tokens (study-specific log-rate)
babyview,babyview,babyview,S00320001,12.74769502453849,head-cam transcript,711.7863600296575,6.567777810248004,adult tokens (study-specific log-rate)
babyview,babyview,babyview,S00320001,12.74769502453849,head-cam transcript,702.4194447541532,6.554530725243758,adult tokens (study-specific log-rate)
babyview,babyview,babyview,S00320001,12.780549908622351,head-cam transcript,1451.669550060486,7.28046958688092,adult tokens (study-specific log-rate)
babyview,babyview,babyview,S00320001,12.780549908622351,head-cam transcript,597.8275664933441,6.393302362024099,adult tokens (study-specific log-rate)
babyview,babyview,babyview,S00320001,12.780549908622351,head-cam transcript,3812.5427758366036,8.246051640744293,adult tokens (study-specific log-rate)
babyview,babyview,babyview,S00320001,12.977679213125526,head-cam transcript,1212.1752703757384,7.100171768695113,adult tokens (study-specific log-rate)
babyview,babyview,babyview,S00320001,12.977679213125526,head-cam transcript,1824.4255744255745,7.509020462731826,adult tokens (study-specific log-rate)
babyview,babyview,babyview,S00320001,12.977679213125526,head-cam transcript,350.03431708991064,5.858031198505303,adult tokens (study-specific log-rate)
babyview,babyview,babyview,S00320001,12.977679213125526,head-cam transcript,1222.0286747956588,7.108267604919127,adult tokens (study-specific log-rate)
babyview,babyview,babyview,S00320001,13.010534097209389,head-cam transcript,919.5463148003547,6.823880412324926,adult tokens (study-specific log-rate)
babyview,babyview,babyview,S00320001,13.010534097209389,head-cam transcript,2243.0635950934616,7.715597886812644,adult tokens (study-specific log-rate)
babyview,babyview,babyview,S00320001,13.010534097209389,head-cam transcript,1333.3333333333328,7.195437351433918,adult tokens (study-specific log-rate)
babyview,babyview,babyview,S00320001,13.010534097209389,head-cam transcript,980.8429118773948,6.888412316139006,adult tokens (study-specific log-rate)
babyview,babyview,babyview,S00320001,13.109098749460976,head-cam transcript,838.2220950349263,6.731283095242484,adult tokens (study-specific log-rate)
babyview,babyview,babyview,S00320001,13.109098749460976,head-cam transcript,2051.064778682127,7.626114341523948,adult tokens (study-specific log-rate)
babyview,babyview,babyview,S00320001,13.109098749460976,head-cam transcript,1946.0750174112025,7.573569811546205,adult tokens (study-specific log-rate)
babyview,babyview,babyview,S00320001,13.109098749460976,head-cam transcript,1451.669550060486,7.28046958688092,adult tokens (study-specific log-rate)
babyview,babyview,babyview,S00320001,13.109098749460976,head-cam transcript,866.3189250360967,6.764253114480053,adult tokens (study-specific log-rate)
babyview,babyview,babyview,S00320001,13.20766340171256,head-cam transcript,963.9422211015449,6.87103135619762,adult tokens (study-specific log-rate)
babyview,babyview,babyview,S00320001,13.20766340171256,head-cam transcript,923.0330943449977,6.827665089055084,adult tokens (study-specific log-rate)
babyview,babyview,babyview,S00320001,13.20766340171256,head-cam transcript,1284.9650349650346,7.158486786815176,adult tokens (study-specific log-rate)
babyview,babyview,babyview,S00320001,13.20766340171256,head-cam transcript,3034.472821584237,8.017792988763313,adult tokens (study-specific log-rate)
babyview,babyview,babyview,S00320001,13.437647590299596,head-cam transcript,337.1647509578544,5.82057168613765,adult tokens (study-specific log-rate)
babyview,babyview,babyview,S00320001,13.437647590299596,head-cam transcript,1119.1903950466328,7.020360841333239,adult tokens (study-specific log-rate)
babyview,babyview,babyview,S00320001,13.437647590299596,head-cam transcript,4544.732378641821,8.421724122290874,adult tokens (study-specific log-rate)
babyview,babyview,babyview,S00320001,13.437647590299596,head-cam transcript,2779.054916985951,7.929866190967167,adult tokens (study-specific log-rate)
babyview,babyview,babyview,S00320001,13.437647590299596,head-cam transcript,236.8156985171145,5.467282195225963,adult tokens (study-specific log-rate)
babyview,babyview,babyview,S00320001,13.470502474383457,head-cam transcript,291.18773946360164,5.673968211945775,adult tokens (study-specific log-rate)
babyview,babyview,babyview,S00320001,13.470502474383457,head-cam transcript,2178.5958719066307,7.68643585280887,adult tokens (study-specific log-rate)
babyview,babyview,babyview,S00320001,13.470502474383457,head-cam transcript,772.6628250321944,6.649842763302309,adult tokens (study-specific log-rate)
babyview,babyview,babyview,S00320001,13.470502474383457,head-cam transcript,1486.4144912093766,7.3041221172110395,adult tokens (study-specific log-rate)
babyview,babyview,babyview,S00320001,13.66763177888663,head-cam transcript,9518.664047151271,9.16100978675648,adult tokens (study-specific log-rate)
babyview,babyview,babyview,S00320001,13.66763177888663,head-cam transcript,3525.2247752247745,8.167699479234615,adult tokens (study-specific log-rate)
babyview,babyview,babyview,S00320001,13.700486662970492,head-cam transcript,1093.620546810274,6.997249073465023,adult tokens (study-specific log-rate)
babyview,babyview,babyview,S00320001,13.700486662970492,head-cam transcript,870.663133747088,6.76925514400224,adult tokens (study-specific log-rate)
babyview,babyview,babyview,S00320001,13.700486662970492,head-cam transcript,936.5610000390235,6.842214655949765,adult tokens (study-specific log-rate)
babyview,babyview,babyview,S00320001,13.700486662970492,head-cam transcript,1212.8464950505354,7.100725351101266,adult tokens (study-specific log-rate)
babyview,babyview,babyview,S00320001,13.700486662970492,head-cam transcript,1236.6686638705817,7.120176481921756,adult tokens (study-specific log-rate)
babyview,babyview,babyview,S00320001,13.700486662970492,head-cam transcript,398.46743295019166,5.9876257708008165,adult tokens (study-specific log-rate)
babyview,babyview,babyview,S00320001,13.700486662970492,head-cam transcript,1526.5944300636077,7.3307946707684355,adult tokens (study-specific log-rate)
babyview,babyview,babyview,S00320001,13.930470851557526,head-cam transcript,594.046158992084,6.386957025084359,adult tokens (study-specific log-rate)
babyview,babyview,babyview,S00320001,13.930470851557526,head-cam transcript,3268.5978901361927,8.092116392164101,adult tokens (study-specific log-rate)
babyview,babyview,babyview,S00320001,13.930470851557526,head-cam transcript,76.62835249042143,4.338967145213434,adult tokens (study-specific log-rate)
babyview,babyview,babyview,S00320001,13.930470851557526,head-cam transcript,2037.6862401402284,7.619570247141518,adult tokens (study-specific log-rate)
babyview,babyview,babyview,S00320001,13.930470851557526,head-cam transcript,207.48532113396493,5.335060595645393,adult tokens (study-specific log-rate)
babyview,babyview,babyview,S00320001,13.930470851557526,head-cam transcript,2584.4782770144807,7.857278939499003,adult tokens (study-specific log-rate)
babyview,babyview,babyview,S00320001,13.930470851557526,head-cam transcript,3453.384418901662,8.147110020154189,adult tokens (study-specific log-rate)
babyview,babyview,babyview,S00320001,13.930470851557526,head-cam transcript,661.3594611145132,6.4942975061299375,adult tokens (study-specific log-rate)
babyview,babyview,babyview,S00320001,14.029035503809112,head-cam transcript,2569.9944227551596,7.8516590077527315,adult tokens (study-specific log-rate)
babyview,babyview,babyview,S00320001,14.029035503809112,head-cam transcript,1011.4858800421451,6.919175697085893,adult tokens (study-specific log-rate)
babyview,babyview,babyview,S00320001,14.029035503809112,head-cam transcript,1843.156843156843,7.519235056141544,adult tokens (study-specific log-rate)
babyview,babyview,babyview,S00320001,14.16045504014456,head-cam transcript,2227.6730962203155,7.708712865066679,adult tokens (study-specific log-rate)
babyview,babyview,babyview,S00320001,14.16045504014456,head-cam transcript,3816.0919540229897,8.246982129244042,adult tokens (study-specific log-rate)
babyview,babyview,babyview,S00320001,14.16045504014456,head-cam transcript,5633.414415234726,8.636471005376407,adult tokens (study-specific log-rate)
babyview,babyview,babyview,S00320001,14.16045504014456,head-cam transcript,613.4474550255604,6.41909461260288,adult tokens (study-specific log-rate)
babyview,babyview,babyview,S00320001,14.16045504014456,head-cam transcript,283.003345582186,5.64545871941854,adult tokens (study-specific log-rate)
babyview,babyview,babyview,S00320001,14.324729460563873,head-cam transcript,1059.2850915431563,6.965349517627415,adult tokens (study-specific log-rate)
babyview,babyview,babyview,S00320001,14.324729460563873,head-cam transcript,894.7804473902238,6.796578378002871,adult tokens (study-specific log-rate)
babyview,babyview,babyview,S00320001,14.324729460563873,head-cam transcript,1713.906630071413,7.4465306228030945,adult tokens (study-specific log-rate)
babyview,babyview,babyview,S00320001,14.357584344647734,head-cam transcript,2458.472625102437,7.807295551993352,adult tokens (study-specific log-rate)
babyview,babyview,babyview,S00320001,14.357584344647734,head-cam transcript,4194.125159642404,8.341440053563653,adult tokens (study-specific log-rate)
babyview,babyview,babyview,S00320001,14.357584344647734,head-cam transcript,1106.5883793811463,7.0090370292170645,adult tokens (study-specific log-rate)
babyview,babyview,babyview,S00320001,14.357584344647734,head-cam transcript,2332.036890097169,7.754497366426381,adult tokens (study-specific log-rate)
babyview,babyview,babyview,S00320001,14.357584344647734,head-cam transcript,4050.7805098456497,8.306664860013171,adult tokens (study-specific log-rate)
babyview,babyview,babyview,S00320001,14.489003880983182,head-cam transcript,1731.5462066311813,7.456770049383718,adult tokens (study-specific log-rate)
babyview,babyview,babyview,S00320001,14.489003880983182,head-cam transcript,2689.81018981019,7.89722590869746,adult tokens (study-specific log-rate)
babyview,babyview,babyview,S00320001,14.489003880983182,head-cam transcript,2689.81018981019,7.89722590869746,adult tokens (study-specific log-rate)
babyview,babyview,babyview,S00320001,14.489003880983182,head-cam transcript,887.0554130895308,6.787907452837997,adult tokens (study-specific log-rate)
babyview,babyview,babyview,S00320001,14.489003880983182,head-cam transcript,887.0554130895308,6.787907452837997,adult tokens (study-specific log-rate)
babyview,babyview,babyview,S00320001,14.554713649150909,head-cam transcript,1490.4546500038332,7.306836486626284,adult tokens (study-specific log-rate)
babyview,babyview,babyview,S00320001,14.554713649150909,head-cam transcript,1489.129222878804,7.305946813927679,adult tokens (study-specific log-rate)
babyview,babyview,babyview,S00320001,14.554713649150909,head-cam transcript,1489.129222878804,7.305946813927679,adult tokens (study-specific log-rate)
babyview,babyview,babyview,S00320001,14.554713649150909,head-cam transcript,1490.4546500038332,7.306836486626284,adult tokens (study-specific log-rate)
babyview,babyview,babyview,S00320001,14.587568533234768,head-cam transcript,1538.8494650769069,7.338790315589533,adult tokens (study-specific log-rate)
babyview,babyview,babyview,S00320001,14.587568533234768,head-cam transcript,2308.274197615359,7.744255423697696,adult tokens (study-specific log-rate)
babyview,babyview,babyview,S00320001,14.587568533234768,head-cam transcript,2234.789813047081,7.711902459245931,adult tokens (study-specific log-rate)
babyview,babyview,babyview,S00320001,14.587568533234768,head-cam transcript,2234.789813047081,7.711902459245931,adult tokens (study-specific log-rate)
babyview,babyview,babyview,S00320001,14.587568533234768,head-cam transcript,778.3018867924532,6.657114478210706,adult tokens (study-specific log-rate)
babyview,babyview,babyview,S00320001,14.587568533234768,head-cam transcript,778.3018867924532,6.657114478210706,adult tokens (study-specific log-rate)
babyview,babyview,babyview,S00320001,14.587568533234768,head-cam transcript,2308.274197615359,7.744255423697696,adult tokens (study-specific log-rate)
babyview,babyview,babyview,S00320001,14.718988069570218,head-cam transcript,541.8664288103466,6.295019529758673,adult tokens (study-specific log-rate)
babyview,babyview,babyview,S00320001,14.718988069570218,head-cam transcript,1160.0571240250465,7.0562245277371005,adult tokens (study-specific log-rate)
babyview,babyview,babyview,S00320001,14.718988069570218,head-cam transcript,765.1021216814956,6.640009317311331,adult tokens (study-specific log-rate)
babyview,babyview,babyview,S00320001,14.718988069570218,head-cam transcript,2096.466265624438,7.6480084756749855,adult tokens (study-specific log-rate)
babyview,babyview,babyview,S00320001,14.817552721821803,head-cam transcript,98.7770460959549,4.592865250797713,adult tokens (study-specific log-rate)
babyview,babyview,babyview,S00320001,14.817552721821803,head-cam transcript,337.1619600140483,5.820563408417783,adult tokens (study-specific log-rate)
babyview,babyview,babyview,S00320001,14.817552721821803,head-cam transcript,280.9683000117071,5.638241851623829,adult tokens (study-specific log-rate)
babyview,babyview,babyview,S00320001,14.850407605905666,head-cam transcript,1075.2469198655938,6.980305607084615,adult tokens (study-specific log-rate)
babyview,babyview,babyview,S00320001,14.850407605905666,head-cam transcript,510.06808112099696,6.234544209203166,adult tokens (study-specific log-rate)
babyview,babyview,babyview,S00320001,14.850407605905666,head-cam transcript,2598.956775108291,7.862865403148163,adult tokens (study-specific log-rate)
babyview,babyview,babyview,S00320001,14.948972258157252,head-cam transcript,842.9049000351207,6.736854140291938,adult tokens (study-specific log-rate)
babyview,babyview,babyview,S00320001,14.948972258157252,head-cam transcript,965.5172413793107,6.872663959170867,adult tokens (study-specific log-rate)
babyview,babyview,babyview,S00320001,14.948972258157252,head-cam transcript,1332.2866434899634,7.194652025763894,adult tokens (study-specific log-rate)
babyview,babyview,babyview,S00320001,15.0803917944927,head-cam transcript,2273.30779054917,7.728991226277465,adult tokens (study-specific log-rate)
babyview,babyview,babyview,S00320001,15.0803917944927,head-cam transcript,60.927451201624706,4.109683831802059,adult tokens (study-specific log-rate)
babyview,babyview,babyview,S00320001,15.0803917944927,head-cam transcript,2370.370370370371,7.77080149633748,adult tokens (study-specific log-rate)
babyview,babyview,babyview,S00320001,15.0803917944927,head-cam transcript,1915.7088122605364,7.557842970081635,adult tokens (study-specific log-rate)
babyview,babyview,babyview,S00320001,15.0803917944927,head-cam transcript,1095.7763700456571,6.9992184047594295,adult tokens (study-specific log-rate)
babyview,babyview,babyview,S00320001,15.0803917944927,head-cam transcript,1450.8301404853123,7.27989118227243,adult tokens (study-specific log-rate)
babyview,babyview,babyview,S00320001,15.146101562660425,head-cam transcript,2020.746022414806,7.611222040241266,adult tokens (study-specific log-rate)
babyview,babyview,babyview,S00320001,15.277521098995871,head-cam transcript,220.09183500917055,5.394044891111787,adult tokens (study-specific log-rate)
babyview,babyview,babyview,S00320001,15.277521098995871,head-cam transcript,1619.41251596424,7.389818717988505,adult tokens (study-specific log-rate)
babyview,babyview,babyview,S00320001,15.277521098995871,head-cam transcript,742.3608073486218,6.609835388252782,adult tokens (study-specific log-rate)
babyview,babyview,babyview,S00320001,15.277521098995871,head-cam transcript,1016.6028097062581,6.924221768835717,adult tokens (study-specific log-rate)
babyview,babyview,babyview,S00320001,15.277521098995871,head-cam transcript,4645.342560193556,8.443620396686601,adult tokens (study-specific log-rate)
babyview,babyview,babyview,S00320001,15.310375983079734,head-cam transcript,618.1333525449372,6.426704214997409,adult tokens (study-specific log-rate)
babyview,babyview,babyview,S00320001,15.310375983079734,head-cam transcript,1261.813537675606,7.140305280739201,adult tokens (study-specific log-rate)
babyview,babyview,babyview,S00320001,15.507505287582909,head-cam transcript,1690.8128525633067,7.432964670132461,adult tokens (study-specific log-rate)
babyview,babyview,babyview,S00320001,15.54036017166677,head-cam transcript,1507.6819987555634,7.31832865017361,adult tokens (study-specific log-rate)
babyview,babyview,babyview,S00320001,15.54036017166677,head-cam transcript,1025.5342950427303,6.932969019218229,adult tokens (study-specific log-rate)
babyview,babyview,babyview,S00320001,15.54036017166677,head-cam transcript,1322.0152257736468,7.1869125375719705,adult tokens (study-specific log-rate)
babyview,babyview,babyview,S00320001,15.54036017166677,head-cam transcript,1097.9431576672314,7.001193851756039,adult tokens (study-specific log-rate)
babyview,babyview,babyview,S00320001,15.54036017166677,head-cam transcript,1088.1226053639843,6.992209109820649,adult tokens (study-specific log-rate)
babyview,babyview,babyview,S00320001,15.54036017166677,head-cam transcript,631.1011851158102,6.447466206445839,adult tokens (study-specific log-rate)
babyview,babyview,babyview,S00320001,15.54036017166677,head-cam transcript,810.1252650337552,6.697188883899507,adult tokens (study-specific log-rate)
babyview,babyview,babyview,S00320001,15.770344360253803,head-cam transcript,2833.760731408185,7.9493599888134865,adult tokens (study-specific log-rate)
babyview,babyview,babyview,S00320001,15.770344360253803,head-cam transcript,1579.9290494824995,7.365135219621912,adult tokens (study-specific log-rate)
babyview,babyview,babyview,S00320001,15.770344360253803,head-cam transcript,2623.8247901732657,7.872388375797001,adult tokens (study-specific log-rate)
babyview,babyview,babyview,S00320001,16.000328548840837,head-cam transcript,4102.961699488293,8.319464357640706,adult tokens (study-specific log-rate)
babyview,babyview,babyview,S00320001,16.000328548840837,head-cam transcript,1067.6775560263127,6.973241060101943,adult tokens (study-specific log-rate)
babyview,babyview,babyview,S00320001,16.000328548840837,head-cam transcript,622.1429367822499,6.43316986823949,adult tokens (study-specific log-rate)
babyview,babyview,babyview,S00320001,16.000328548840837,head-cam transcript,333.59073359073346,5.809914893092609,adult tokens (study-specific log-rate)
babyview,babyview,babyview,S00320001,16.000328548840837,head-cam transcript,1551.8172976477795,7.347181973225781,adult tokens (study-specific log-rate)
babyview,babyview,babyview,S00320001,16.000328548840837,head-cam transcript,657.0368502575559,6.487740105583779,adult tokens (study-specific log-rate)
babyview,babyview,babyview,S00320001,16.000328548840837,head-cam transcript,497.1002485501241,6.2087917131007515,adult tokens (study-specific log-rate)
babyview,babyview,babyview,S00320001,16.000328548840837,head-cam transcript,2673.207715464377,7.891034421860633,adult tokens (study-specific log-rate)
babyview,babyview,babyview,S00320001,16.066038317008562,head-cam transcript,1154.5338441890162,7.05145194338351,adult tokens (study-specific log-rate)
babyview,babyview,babyview,S00320001,16.066038317008562,head-cam transcript,1752.2349936143037,7.468647391277164,adult tokens (study-specific log-rate)
babyview,babyview,babyview,S00320001,16.066038317008562,head-cam transcript,1773.2610893630265,7.480575553756721,adult tokens (study-specific log-rate)
babyview,babyview,babyview,S00320001,16.066038317008562,head-cam transcript,1273.7229600530718,7.1496993556977255,adult tokens (study-specific log-rate)
babyview,babyview,babyview,S00320001,16.197457853344012,head-cam transcript,796.0768500331698,6.67969572645199,adult tokens (study-specific log-rate)
babyview,babyview,babyview,S00320001,16.197457853344012,head-cam transcript,2286.5401437645005,7.734795099805788,adult tokens (study-specific log-rate)
babyview,babyview,babyview,S00320001,16.197457853344012,head-cam transcript,2819.048610117461,7.9441547347105494,adult tokens (study-specific log-rate)
babyview,babyview,babyview,S00320001,16.197457853344012,head-cam transcript,596.520298260149,6.391113269894706,adult tokens (study-specific log-rate)
babyview,babyview,babyview,S00320001,16.197457853344012,head-cam transcript,1161.3356400483888,7.05732603556671,adult tokens (study-specific log-rate)
babyview,babyview,babyview,S00320001,16.427442041931045,head-cam transcript,1954.7329691158443,7.578008874402834,adult tokens (study-specific log-rate)
babyview,babyview,babyview,S00320001,16.427442041931045,head-cam transcript,583.5524656892761,6.369134363175931,adult tokens (study-specific log-rate)
babyview,babyview,babyview,S00320001,16.427442041931045,head-cam transcript,2065.117005086046,7.632942164848574,adult tokens (study-specific log-rate)
babyview,babyview,babyview,S00320001,16.427442041931045,head-cam transcript,101.78117048346058,4.622825121226812,adult tokens (study-specific log-rate)
babyview,babyview,babyview,S00320001,16.427442041931045,head-cam transcript,1362.696255056779,7.217220556573221,adult tokens (study-specific log-rate)
babyview,babyview,babyview,S00320001,16.46029692601491,head-cam transcript,870.5209936249724,6.769091875660659,adult tokens (study-specific log-rate)
babyview,babyview,babyview,S00320001,16.46029692601491,head-cam transcript,817.3690932311621,6.706090759345051,adult tokens (study-specific log-rate)
babyview,babyview,babyview,S00320001,16.46029692601491,head-cam transcript,1478.8071751428492,7.298991079054256,adult tokens (study-specific log-rate)
babyview,babyview,babyview,S00320001,16.558861578266495,head-cam transcript,2932.3116219667936,7.983546340430791,adult tokens (study-specific log-rate)
babyview,babyview,babyview,S00320001,16.558861578266495,head-cam transcript,2821.316614420063,7.944958939521603,adult tokens (study-specific log-rate)
babyview,babyview,babyview,S00320001,16.558861578266495,head-cam transcript,2290.98375418753,7.73673659128367,adult tokens (study-specific log-rate)
babyview,babyview,babyview,S00320001,16.558861578266495,head-cam transcript,2678.564460111608,7.893036280781526,adult tokens (study-specific log-rate)
babyview,babyview,babyview,S00320001,16.69028111460194,head-cam transcript,745.8492975734356,6.614523565819561,adult tokens (study-specific log-rate)
babyview,babyview,babyview,S00320001,16.69028111460194,head-cam transcript,1659.0468527120443,7.413998531329963,adult tokens (study-specific log-rate)
babyview,babyview,babyview,S00320001,16.69028111460194,head-cam transcript,2519.3490901049718,7.831755849563512,adult tokens (study-specific log-rate)
babyview,babyview,babyview,S00320001,16.69028111460194,head-cam transcript,3338.839965139117,8.113378709816024,adult tokens (study-specific log-rate)
babyview,babyview,babyview,S00320001,16.887410419105116,head-cam transcript,1439.429415366881,7.272002074717945,adult tokens (study-specific log-rate)
babyview,babyview,babyview,S00320001,16.887410419105116,head-cam transcript,5130.939087208672,8.54304397934717,adult tokens (study-specific log-rate)
babyview,babyview,babyview,S00320001,16.887410419105116,head-cam transcript,964.6578300401939,6.871773458191309,adult tokens (study-specific log-rate)
babyview,babyview,babyview,S00320001,16.887410419105116,head-cam transcript,1395.4758900581444,7.240990775907132,adult tokens (study-specific log-rate)
babyview,babyview,babyview,S00320001,16.920265303188977,head-cam transcript,2387.87805026471,7.778160405480146,adult tokens (study-specific log-rate)
babyview,babyview,babyview,S00320001,16.920265303188977,head-cam transcript,1243.048340768808,7.125321981155793,adult tokens (study-specific log-rate)
babyview,babyview,babyview,S00320001,16.920265303188977,head-cam transcript,2182.918482763589,7.6884180140128615,adult tokens (study-specific log-rate)
babyview,babyview,babyview,S00320001,16.920265303188977,head-cam transcript,1803.3205619412515,7.497385001044521,adult tokens (study-specific log-rate)
babyview,babyview,babyview,S00320001,17.117394607692148,head-cam transcript,3340.0323896119107,8.113735783412322,adult tokens (study-specific log-rate)
babyview,babyview,babyview,S00320001,17.117394607692148,head-cam transcript,718.4747463485336,6.577130557160999,adult tokens (study-specific log-rate)
babyview,babyview,babyview,S00320001,17.117394607692148,head-cam transcript,3616.858237547893,8.193361037804944,adult tokens (study-specific log-rate)
babyview,babyview,babyview,S00320001,17.117394607692148,head-cam transcript,1210.1879570103545,7.0985309628995354,adult tokens (study-specific log-rate)
babyview,babyview,babyview,S00320001,17.117394607692148,head-cam transcript,2355.822917041894,7.764645379400746,adult tokens (study-specific log-rate)
babyview,babyview,babyview,S00320001,17.150249491776012,head-cam transcript,1753.6130661365708,7.469433547761847,adult tokens (study-specific log-rate)
babyview,babyview,babyview,S00320001,17.150249491776012,head-cam transcript,485.48635543594884,6.185151183188045,adult tokens (study-specific log-rate)
babyview,babyview,babyview,S00320001,17.347378796279184,head-cam transcript,681.1731315042573,6.523816505122,adult tokens (study-specific log-rate)
babyview,babyview,babyview,S00320001,17.347378796279184,head-cam transcript,1942.057942057942,7.571503484687301,adult tokens (study-specific log-rate)
babyview,babyview,babyview,S00320001,17.347378796279184,head-cam transcript,1070.2350628986596,6.975633588280765,adult tokens (study-specific log-rate)
babyview,babyview,babyview,S00320001,17.380233680363045,head-cam transcript,1470.9528138170401,7.293665642464261,adult tokens (study-specific log-rate)
babyview,babyview,babyview,S00320001,17.380233680363045,head-cam transcript,2205.615500185362,7.69876188733513,adult tokens (study-specific log-rate)
babyview,babyview,babyview,S00320001,17.44594344853077,head-cam transcript,2329.6381745540484,7.7534682446100565,adult tokens (study-specific log-rate)
babyview,babyview,babyview,S00320001,17.44594344853077,head-cam transcript,1669.7513658155865,7.420430011581507,adult tokens (study-specific log-rate)
babyview,babyview,babyview,S00320001,17.511653216698495,head-cam transcript,4460.761817347406,8.403074841492002,adult tokens (study-specific log-rate)
babyview,babyview,babyview,S00320001,17.544508100782355,head-cam transcript,846.4526681660195,6.74105428526214,adult tokens (study-specific log-rate)
babyview,babyview,babyview,S00320001,17.544508100782355,head-cam transcript,2136.355254555512,7.666856503926636,adult tokens (study-specific log-rate)
babyview,babyview,babyview,S00320001,17.544508100782355,head-cam transcript,1620.9790713591012,7.390785610707913,adult tokens (study-specific log-rate)
babyview,babyview,babyview,S00320001,17.77449228936939,head-cam transcript,1212.8464950505354,7.100725351101266,adult tokens (study-specific log-rate)
babyview,babyview,babyview,S00320001,17.807347173453252,head-cam transcript,1758.8050377430268,7.472389901609482,adult tokens (study-specific log-rate)
babyview,babyview,babyview,S00320001,17.807347173453252,head-cam transcript,2123.3136358568395,7.660733183178543,adult tokens (study-specific log-rate)
babyview,babyview,babyview,S00320001,17.807347173453252,head-cam transcript,2368.8199206062795,7.77014718632914,adult tokens (study-specific log-rate)
babyview,babyview,babyview,S00320001,17.840202057537116,head-cam transcript,655.7377049180328,6.485760868922762,adult tokens (study-specific log-rate)
babyview,babyview,babyview,S00320001,17.840202057537116,head-cam transcript,4303.49779517931,8.367183411757415,adult tokens (study-specific log-rate)
babyview,babyview,babyview,S00320001,17.840202057537116,head-cam transcript,3100.570200809848,8.039341309304245,adult tokens (study-specific log-rate)
babyview,babyview,babyview,S00320001,17.840202057537116,head-cam transcript,2239.112423904038,7.713834826996985,adult tokens (study-specific log-rate)
babyview,babyview,babyview,S00320001,17.840202057537116,head-cam transcript,1977.919452651221,7.589800789741387,adult tokens (study-specific log-rate)
babyview,babyview,babyview,S00320001,17.971621593872563,head-cam transcript,2895.4958952740185,7.970911669042328,adult tokens (study-specific log-rate)
babyview,babyview,babyview,S00320001,17.971621593872563,head-cam transcript,1508.5911890782036,7.318931506939929,adult tokens (study-specific log-rate)
babyview,babyview,babyview,S00320001,18.037331362040288,head-cam transcript,306.2562437562438,5.724422149426599,adult tokens (study-specific log-rate)
babyview,babyview,babyview,S00320001,18.037331362040288,head-cam transcript,411.1996251171509,6.019078802460459,adult tokens (study-specific log-rate)
babyview,babyview,babyview,S00320001,18.037331362040288,head-cam transcript,1857.4653337633022,7.526968113571625,adult tokens (study-specific log-rate)
babyview,babyview,babyview,S00320001,18.037331362040288,head-cam transcript,418.9016602809704,6.037636191375477,adult tokens (study-specific log-rate)
babyview,babyview,babyview,S00320001,18.037331362040288,head-cam transcript,734.8438456827922,6.599658021787763,adult tokens (study-specific log-rate)
babyview,babyview,babyview,S00320001,18.037331362040288,head-cam transcript,1105.1419800460476,7.007729094427338,adult tokens (study-specific log-rate)
babyview,babyview,babyview,S00320001,18.037331362040288,head-cam transcript,650.9098950271214,6.47837122253242,adult tokens (study-specific log-rate)
babyview,babyview,babyview,S00320001,18.103041130208013,head-cam transcript,924.9313271288587,6.829719493814656,adult tokens (study-specific log-rate)
babyview,babyview,babyview,S00320001,18.135896014291873,head-cam transcript,1615.32437018666,7.387291063902207,adult tokens (study-specific log-rate)
babyview,babyview,babyview,S00320001,18.267315550627323,head-cam transcript,2709.332144051734,7.904457442192774,adult tokens (study-specific log-rate)
babyview,babyview,babyview,S00320001,18.267315550627323,head-cam transcript,1039.9257195914572,6.946904566114888,adult tokens (study-specific log-rate)
babyview,babyview,babyview,S00320001,18.267315550627323,head-cam transcript,1144.948651433851,7.043115069073432,adult tokens (study-specific log-rate)
babyview,babyview,babyview,S00320001,18.300170434711184,head-cam transcript,1547.8927203065132,7.344649749620594,adult tokens (study-specific log-rate)
babyview,babyview,babyview,S00320001,18.300170434711184,head-cam transcript,849.9346354217483,6.745159447023618,adult tokens (study-specific log-rate)
babyview,babyview,babyview,S00320001,18.300170434711184,head-cam transcript,1571.050308914386,7.359499661240261,adult tokens (study-specific log-rate)
babyview,babyview,babyview,S00320001,18.300170434711184,head-cam transcript,960.4086845466159,6.867358906941174,adult tokens (study-specific log-rate)
babyview,babyview,babyview,S00320001,18.300170434711184,head-cam transcript,740.4400422180729,6.60724466110903,adult tokens (study-specific log-rate)
babyview,babyview,babyview,S00320001,18.49729973921436,head-cam transcript,2022.988505747127,7.612331155365705,adult tokens (study-specific log-rate)
babyview,babyview,babyview,S00320001,18.49729973921436,head-cam transcript,2283.524904214559,7.733475538724793,adult tokens (study-specific log-rate)
babyview,babyview,babyview,S00320001,18.49729973921436,head-cam transcript,906.6061944262098,6.8097081710735345,adult tokens (study-specific log-rate)
babyview,babyview,babyview,S00320001,18.49729973921436,head-cam transcript,1311.8857437332053,7.179220880142663,adult tokens (study-specific log-rate)
babyview,babyview,babyview,S00320001,18.49729973921436,head-cam transcript,1742.0034600725837,7.462791143674875,adult tokens (study-specific log-rate)
babyview,babyview,babyview,S00320001,18.53015462329822,head-cam transcript,1097.9431576672314,7.001193851756039,adult tokens (study-specific log-rate)
babyview,babyview,babyview,S00320001,18.53015462329822,head-cam transcript,1966.7781000819498,7.5841520006791425,adult tokens (study-specific log-rate)
babyview,babyview,babyview,S00320001,18.53015462329822,head-cam transcript,287.6443669644804,5.6617248801677205,adult tokens (study-specific log-rate)
babyview,babyview,babyview,S00320001,18.53015462329822,head-cam transcript,1223.298872519001,7.109306482380739,adult tokens (study-specific log-rate)
babyview,babyview,babyview,S00320001,18.661574159633663,head-cam transcript,3134.972447827917,8.050375664456764,adult tokens (study-specific log-rate)
babyview,babyview,babyview,S00320001,18.661574159633663,head-cam transcript,1417.8163610820934,7.2568731931216455,adult tokens (study-specific log-rate)
babyview,babyview,babyview,S00320001,18.72728392780139,head-cam transcript,2245.238890745072,7.716567204646633,adult tokens (study-specific log-rate)
babyview,babyview,babyview,S00320001,18.72728392780139,head-cam transcript,1475.0931689137774,7.296476432144345,adult tokens (study-specific log-rate)
babyview,babyview,babyview,S00320001,18.760138811885255,head-cam transcript,298.72285157659286,5.699516225732695,adult tokens (study-specific log-rate)
babyview,babyview,babyview,S00320001,18.760138811885255,head-cam transcript,915.1521908796967,6.819090380274685,adult tokens (study-specific log-rate)
babyview,babyview,babyview,S00320001,18.760138811885255,head-cam transcript,744.1600223807527,6.6122560955509755,adult tokens (study-specific log-rate)
babyview,babyview,babyview,S00320001,18.760138811885255,head-cam transcript,489.98109640831774,6.194366811601958,adult tokens (study-specific log-rate)
babyview,babyview,babyview,S00320001,18.760138811885255,head-cam transcript,970.7713411417113,6.878090952549074,adult tokens (study-specific log-rate)
babyview,babyview,babyview,S00320001,18.990123000472288,head-cam transcript,2826.987500450271,7.9469669361947,adult tokens (study-specific log-rate)
babyview,babyview,babyview,S00320001,18.990123000472288,head-cam transcript,4078.1140589745605,8.313389920084747,adult tokens (study-specific log-rate)
babyview,babyview,babyview,S00320001,18.990123000472288,head-cam transcript,1513.2650686525483,7.3220248925299485,adult tokens (study-specific log-rate)
babyview,babyview,babyview,S00320001,18.990123000472288,head-cam transcript,6794.389858190964,8.823852529792921,adult tokens (study-specific log-rate)
babyview,babyview,babyview,S00320001,18.990123000472288,head-cam transcript,1943.3640750809736,7.5721758096324265,adult tokens (study-specific log-rate)
babyview,babyview,babyview,S00320001,18.990123000472288,head-cam transcript,1497.1568736759953,7.31132317096406,adult tokens (study-specific log-rate)
babyview,babyview,babyview,S00320001,18.990123000472288,head-cam transcript,2446.597745038002,7.802453662940684,adult tokens (study-specific log-rate)
babyview,babyview,babyview,S00320001,18.990123000472288,head-cam transcript,1908.9781323733303,7.554323368643549,adult tokens (study-specific log-rate)
babyview,babyview,babyview,S00320001,19.38438160947863,head-cam transcript,1214.9872680974897,7.102488876787637,adult tokens (study-specific log-rate)
babyview,babyview,babyview,S00320001,19.38438160947863,head-cam transcript,1587.470895066145,7.369897396782179,adult tokens (study-specific log-rate)
babyview,babyview,babyview,S00320001,19.417236493562495,head-cam transcript,1974.915560527505,7.588280922257948,adult tokens (study-specific log-rate)
babyview,babyview,babyview,S00320001,19.417236493562495,head-cam transcript,1301.1058679442383,7.170969849486378,adult tokens (study-specific log-rate)
babyview,babyview,babyview,S00320001,19.417236493562495,head-cam transcript,2017.8799489144324,7.609802709012347,adult tokens (study-specific log-rate)
babyview,babyview,babyview,S00320001,19.45009137764636,head-cam transcript,479.24631348989647,6.172214689647648,adult tokens (study-specific log-rate)
babyview,babyview,babyview,S00320001,19.45009137764636,head-cam transcript,1429.381735677821,7.264997277089735,adult tokens (study-specific log-rate)
babyview,babyview,babyview,S00320001,19.45009137764636,head-cam transcript,1362.7051179489185,7.217227060490205,adult tokens (study-specific log-rate)
babyview,babyview,babyview,S00320001,19.64722068214953,head-cam transcript,1452.3972479377549,7.280970744700706,adult tokens (study-specific log-rate)
babyview,babyview,babyview,S00320001,19.64722068214953,head-cam transcript,1378.9128633694754,7.229050687522347,adult tokens (study-specific log-rate)
babyview,babyview,babyview,S00320001,19.64722068214953,head-cam transcript,1844.4132140252252,7.519916464710066,adult tokens (study-specific log-rate)
babyview,babyview,babyview,S00320001,19.64722068214953,head-cam transcript,1824.1417816361077,7.508864898773513,adult tokens (study-specific log-rate)
babyview,babyview,babyview,S00320001,19.64722068214953,head-cam transcript,1504.268578221245,7.316062064511976,adult tokens (study-specific log-rate)
babyview,babyview,babyview,S00320001,19.68007556623339,head-cam transcript,1368.7144609209497,7.221627228603761,adult tokens (study-specific log-rate)
babyview,babyview,babyview,S00320001,19.68007556623339,head-cam transcript,1530.2042433629915,7.333156497871276,adult tokens (study-specific log-rate)
babyview,babyview,babyview,S00320001,19.68007556623339,head-cam transcript,2018.2889550840955,7.610005379505476,adult tokens (study-specific log-rate)
babyview,babyview,babyview,S00320001,19.910059754820427,head-cam transcript,1461.0472541507024,7.286908754931077,adult tokens (study-specific log-rate)
babyview,babyview,babyview,S00320001,19.910059754820427,head-cam transcript,955.2904448656484,6.862015424991719,adult tokens (study-specific log-rate)
babyview,babyview,babyview,S00320001,19.910059754820427,head-cam transcript,965.5172413793107,6.872663959170867,adult tokens (study-specific log-rate)
babyview,babyview,babyview,S00320001,19.910059754820427,head-cam transcript,1771.378256590874,7.479513198597017,adult tokens (study-specific log-rate)
babyview,babyview,babyview,S00320001,19.910059754820427,head-cam transcript,814.8065559148181,6.702950730362032,adult tokens (study-specific log-rate)
babyview,babyview,babyview,S00320001,19.910059754820427,head-cam transcript,1424.5381588600146,7.261602941125701,adult tokens (study-specific log-rate)
babyview,babyview,babyview,S00320001,19.910059754820427,head-cam transcript,552.5709900230238,6.314581913867393,adult tokens (study-specific log-rate)
babyview,babyview,babyview,S00320001,20.140043943407463,head-cam transcript,1269.0401550528763,7.146016110281429,adult tokens (study-specific log-rate)
babyview,babyview,babyview,S00320001,20.140043943407463,head-cam transcript,1716.076510212168,7.447795865424692,adult tokens (study-specific log-rate)
babyview,babyview,babyview,S00320001,20.140043943407463,head-cam transcript,1438.6030955449057,7.2714278492069075,adult tokens (study-specific log-rate)
babyview,babyview,babyview,S00320001,20.140043943407463,head-cam transcript,1213.3116085976383,7.101108766800434,adult tokens (study-specific log-rate)
babyview,babyview,babyview,S00320001,20.140043943407463,head-cam transcript,1418.2855590273057,7.2572040683600605,adult tokens (study-specific log-rate)
babyview,babyview,babyview,S00320001,20.140043943407463,head-cam transcript,1455.9386973180071,7.283406124379875,adult tokens (study-specific log-rate)
babyview,babyview,babyview,S00320001,20.140043943407463,head-cam transcript,964.6578300401939,6.871773458191309,adult tokens (study-specific log-rate)
babyview,babyview,babyview,S00320001,20.140043943407463,head-cam transcript,904.2145593869731,6.807066676685054,adult tokens (study-specific log-rate)
babyview,babyview,babyview,S00320001,20.140043943407463,head-cam transcript,868.3755760368668,6.766624312363183,adult tokens (study-specific log-rate)
babyview,babyview,babyview,S00320001,20.33717324791063,head-cam transcript,1359.8713553202467,7.215145382579734,adult tokens (study-specific log-rate)
babyview,babyview,babyview,S00320001,20.33717324791063,head-cam transcript,696.6274385909485,6.546250746462721,adult tokens (study-specific log-rate)
babyview,babyview,babyview,S00320001,20.33717324791063,head-cam transcript,342.27330779054915,5.8356095635021905,adult tokens (study-specific log-rate)
babyview,babyview,babyview,S00320001,20.370028131994495,head-cam transcript,1189.4324700495592,7.081231556420264,adult tokens (study-specific log-rate)
babyview,babyview,babyview,S00320001,20.370028131994495,head-cam transcript,1644.9553001277131,7.405468489655632,adult tokens (study-specific log-rate)
babyview,babyview,babyview,S00320001,20.370028131994495,head-cam transcript,223.7043788060814,5.410325442761732,adult tokens (study-specific log-rate)
babyview,babyview,babyview,S00320001,20.370028131994495,head-cam transcript,977.7987718469534,6.885303894106687,adult tokens (study-specific log-rate)
babyview,babyview,babyview,S00320001,20.370028131994495,head-cam transcript,614.1152859850599,6.42018267271268,adult tokens (study-specific log-rate)
babyview,babyview,babyview,S00320001,20.370028131994495,head-cam transcript,505.7471264367816,6.226036794245815,adult tokens (study-specific log-rate)
babyview,babyview,babyview,S00320001,20.797141625084706,head-cam transcript,1526.5944300636077,7.3307946707684355,adult tokens (study-specific log-rate)
babyview,babyview,babyview,S00320001,20.797141625084706,head-cam transcript,1266.5249810885773,7.144032193754569,adult tokens (study-specific log-rate)
babyview,babyview,babyview,S00320001,20.797141625084706,head-cam transcript,1067.6795400444864,6.973242918356169,adult tokens (study-specific log-rate)
babyview,babyview,babyview,S00320001,20.797141625084706,head-cam transcript,994.2004971002482,6.901938893660697,adult tokens (study-specific log-rate)
babyview,babyview,babyview,S00320001,20.797141625084706,head-cam transcript,886.1100630625772,6.78684116756543,adult tokens (study-specific log-rate)
babyview,babyview,babyview,S00320001,20.797141625084706,head-cam transcript,2009.46922501869,7.6056258990263705,adult tokens (study-specific log-rate)
babyview,babyview,babyview,S00320001,20.797141625084706,head-cam transcript,1812.2455350755097,7.50232198243151,adult tokens (study-specific log-rate)
babyview,babyview,babyview,S00320001,20.829996509168566,head-cam transcript,1732.6378500721935,7.4574002950399985,adult tokens (study-specific log-rate)
babyview,babyview,babyview,S00320001,20.829996509168566,head-cam transcript,1787.6290885538483,7.488645489333396,adult tokens (study-specific log-rate)
babyview,babyview,babyview,S00320001,20.961416045504013,head-cam transcript,1763.0597014925377,7.474806045405078,adult tokens (study-specific log-rate)
babyview,babyview,babyview,S00320001,20.961416045504013,head-cam transcript,416.7696450173655,6.032533659133868,adult tokens (study-specific log-rate)
babyview,babyview,babyview,S00320001,20.961416045504013,head-cam transcript,828.8564850345358,6.7200470219755575,adult tokens (study-specific log-rate)
babyview,babyview,babyview,S00320001,21.0599806977556,head-cam transcript,2397.5961600999008,7.782221914441236,adult tokens (study-specific log-rate)
babyview,babyview,babyview,S00320001,21.0599806977556,head-cam transcript,529.0825843649311,6.271144533785161,adult tokens (study-specific log-rate)
babyview,babyview,babyview,S00320001,21.0599806977556,head-cam transcript,2254.6643697626214,7.720756402616528,adult tokens (study-specific log-rate)
babyview,babyview,babyview,S00320001,21.0599806977556,head-cam transcript,1089.2979359533163,6.993288672248926,adult tokens (study-specific log-rate)
babyview,babyview,babyview,S00320001,21.0599806977556,head-cam transcript,1659.8825690717185,7.414502137325228,adult tokens (study-specific log-rate)
babyview,babyview,babyview,S00320001,21.22425511817491,head-cam transcript,1176.376823144975,7.070194504976901,adult tokens (study-specific log-rate)
babyview,babyview,babyview,S00320001,21.22425511817491,head-cam transcript,771.3920817369094,6.648196780926149,adult tokens (study-specific log-rate)
babyview,babyview,babyview,S00320001,21.22425511817491,head-cam transcript,2711.3440951129724,7.905199766974723,adult tokens (study-specific log-rate)
babyview,babyview,babyview,S00320001,21.22425511817491,head-cam transcript,1501.9157088122606,7.314496711449906,adult tokens (study-specific log-rate)
babyview,babyview,babyview,S00320001,21.22425511817491,head-cam transcript,855.8769496776056,6.752126615432037,adult tokens (study-specific log-rate)
babyview,babyview,babyview,S00320001,21.22425511817491,head-cam transcript,298.64366004396686,5.6992510902369835,adult tokens (study-specific log-rate)
babyview,babyview,babyview,S00320001,21.22425511817491,head-cam transcript,475.4871942653362,6.164339950529918,adult tokens (study-specific log-rate)
babyview,babyview,babyview,S00320001,21.51994907492967,head-cam transcript,2636.015325670499,7.8770237095927875,adult tokens (study-specific log-rate)
babyview,babyview,babyview,S00320001,21.51994907492967,head-cam transcript,3053.265694356373,8.023967016251325,adult tokens (study-specific log-rate)
babyview,babyview,babyview,S00320001,21.51994907492967,head-cam transcript,3073.3763192968554,8.030532014540743,adult tokens (study-specific log-rate)
babyview,babyview,babyview,S00320001,21.51994907492967,head-cam transcript,1694.6288473144236,7.435219026701276,adult tokens (study-specific log-rate)
babyview,babyview,babyview,S00320001,21.51994907492967,head-cam transcript,1703.108677641296,7.440210494035436,adult tokens (study-specific log-rate)
babyview,babyview,babyview,S00320001,21.51994907492967,head-cam transcript,4000.6225680933844,8.29420527001441,adult tokens (study-specific log-rate)
babyview,babyview,babyview,S00320001,21.51994907492967,head-cam transcript,2392.9133550997058,7.780266879605433,adult tokens (study-specific log-rate)
babyview,babyview,babyview,S00320001,21.51994907492967,head-cam transcript,5015.8000574547505,8.52034822056429,adult tokens (study-specific log-rate)
babyview,babyview,babyview,S00320001,21.51994907492967,head-cam transcript,2428.943700381796,7.795211750628079,adult tokens (study-specific log-rate)
babyview,babyview,babyview,S00320001,21.51994907492967,head-cam transcript,5127.671475213657,8.54240693165233,adult tokens (study-specific log-rate)
babyview,babyview,babyview,S00320001,21.651368611265116,head-cam transcript,1541.6028586013267,7.340577971406511,adult tokens (study-specific log-rate)
babyview,babyview,babyview,S00320001,21.651368611265116,head-cam transcript,3964.240102171135,8.285069464294443,adult tokens (study-specific log-rate)
babyview,babyview,babyview,S00320001,21.651368611265116,head-cam transcript,945.0830140485311,6.851272769189549,adult tokens (study-specific log-rate)
babyview,babyview,babyview,S00320001,21.651368611265116,head-cam transcript,2224.3323750926797,7.707212093436369,adult tokens (study-specific log-rate)
babyview,babyview,babyview,S00320001,21.651368611265116,head-cam transcript,2022.988505747127,7.612331155365705,adult tokens (study-specific log-rate)
babyview,babyview,babyview,S00320001,21.749933263516706,head-cam transcript,925.038723388927,6.829835599759353,adult tokens (study-specific log-rate)
babyview,babyview,babyview,S00320001,21.749933263516706,head-cam transcript,1624.2943672998474,7.392828764948511,adult tokens (study-specific log-rate)
babyview,babyview,babyview,S00320001,21.749933263516706,head-cam transcript,1158.218792004509,7.0546385798409545,adult tokens (study-specific log-rate)
babyview,babyview,babyview,S00320001,21.84849791576829,head-cam transcript,1250.3089350520959,7.131145947801977,adult tokens (study-specific log-rate)
babyview,babyview,babyview,S00320001,21.84849791576829,head-cam transcript,1171.5199461370144,7.066057283954861,adult tokens (study-specific log-rate)
babyview,babyview,babyview,S00320001,21.84849791576829,head-cam transcript,2800.31739011668,7.93748804335236,adult tokens (study-specific log-rate)
babyview,babyview,babyview,S00320001,21.84849791576829,head-cam transcript,2266.4776200944366,7.72598219611836,adult tokens (study-specific log-rate)
babyview,babyview,babyview,S00320001,21.979917452103734,head-cam transcript,1915.267245079803,7.55761244544453,adult tokens (study-specific log-rate)
babyview,babyview,babyview,S00320001,21.979917452103734,head-cam transcript,1507.8632100628274,7.318448834946136,adult tokens (study-specific log-rate)
babyview,babyview,babyview,S00320001,21.979917452103734,head-cam transcript,3145.1268818952026,8.053609512325577,adult tokens (study-specific log-rate)
babyview,babyview,babyview,S00320001,21.979917452103734,head-cam transcript,2453.789820102242,7.805388973722771,adult tokens (study-specific log-rate)
babyview,babyview,babyview,S00320001,22.177046756606913,head-cam transcript,1318.0076628352492,7.183876529032842,adult tokens (study-specific log-rate)
babyview,babyview,babyview,S00320001,22.177046756606913,head-cam transcript,970.6257982120053,6.877941016271711,adult tokens (study-specific log-rate)
babyview,babyview,babyview,S00320001,22.177046756606913,head-cam transcript,1149.425287356322,7.047017346315645,adult tokens (study-specific log-rate)
babyview,babyview,babyview,S00320001,22.177046756606913,head-cam transcript,2355.044699872287,7.764314987107873,adult tokens (study-specific log-rate)
babyview,babyview,babyview,S00320001,22.177046756606913,head-cam transcript,1808.4291187739464,7.500213857244999,adult tokens (study-specific log-rate)
babyview,babyview,babyview,S00320001,22.177046756606913,head-cam transcript,1805.8858501783595,7.498806526098048,adult tokens (study-specific log-rate)
babyview,babyview,babyview,S00320001,22.407030945193945,head-cam transcript,1704.5410200710232,7.441051157038469,adult tokens (study-specific log-rate)
babyview,babyview,babyview,S00320001,22.407030945193945,head-cam transcript,3486.033519553076,8.15651984151081,adult tokens (study-specific log-rate)
babyview,babyview,babyview,S00320001,22.407030945193945,head-cam transcript,864.5221713915205,6.7621769512855385,adult tokens (study-specific log-rate)
babyview,babyview,babyview,S00320001,22.43988582927781,head-cam transcript,472.8764345301193,6.158834116583526,adult tokens (study-specific log-rate)
babyview,babyview,babyview,S00320001,22.43988582927781,head-cam transcript,985.5552753863332,6.893205213691942,adult tokens (study-specific log-rate)
babyview,babyview,babyview,S00320001,22.43988582927781,head-cam transcript,1521.9116250634133,7.327722471731466,adult tokens (study-specific log-rate)
babyview,babyview,babyview,S00320001,22.43988582927781,head-cam transcript,1206.0084290911711,7.095071366558868,adult tokens (study-specific log-rate)
babyview,babyview,babyview,S00320001,22.43988582927781,head-cam transcript,3204.459629563027,8.072298752819373,adult tokens (study-specific log-rate)
babyview,babyview,babyview,S00320001,22.43988582927781,head-cam transcript,1869.7318007662832,7.533550277512591,adult tokens (study-specific log-rate)
babyview,babyview,babyview,S00320001,22.43988582927781,head-cam transcript,1710.7259803530073,7.444673109314929,adult tokens (study-specific log-rate)
babyview,babyview,babyview,S00320001,22.63701513378098,head-cam transcript,994.6468658262821,6.902387765446284,adult tokens (study-specific log-rate)
babyview,babyview,babyview,S00320001,22.63701513378098,head-cam transcript,540.5405405405404,6.292569639891903,adult tokens (study-specific log-rate)
babyview,babyview,babyview,S00320001,22.63701513378098,head-cam transcript,2851.8282451188256,7.955715557111625,adult tokens (study-specific log-rate)
babyview,babyview,babyview,S00320001,22.66987001786484,head-cam transcript,618.1353767560662,6.426707489707965,adult tokens (study-specific log-rate)
babyview,babyview,babyview,S00320001,22.66987001786484,head-cam transcript,407.404035016975,6.0098054080563115,adult tokens (study-specific log-rate)
babyview,babyview,babyview,S00320001,22.66987001786484,head-cam transcript,1813.5376756066403,7.50303473358664,adult tokens (study-specific log-rate)
babyview,babyview,babyview,S00320001,22.66987001786484,head-cam transcript,1002.845718814164,6.910596956403812,adult tokens (study-specific log-rate)
babyview,babyview,babyview,S00320001,22.66987001786484,head-cam transcript,1286.9678258043543,7.160044207908621,adult tokens (study-specific log-rate)
babyview,babyview,babyview,S00320001,22.66987001786484,head-cam transcript,2009.9564405724955,7.605868329461327,adult tokens (study-specific log-rate)
babyview,babyview,babyview,S00320001,22.702724901948702,head-cam transcript,1809.2697152075448,7.500678570582013,adult tokens (study-specific log-rate)
babyview,babyview,babyview,S00320001,22.702724901948702,head-cam transcript,834.2638953928176,6.726549773642388,adult tokens (study-specific log-rate)
babyview,babyview,babyview,S00320001,22.702724901948702,head-cam transcript,604.4030436784101,6.404241266253559,adult tokens (study-specific log-rate)
babyview,babyview,babyview,S00320001,22.702724901948702,head-cam transcript,185.87226684917687,5.225059700431064,adult tokens (study-specific log-rate)
babyview,babyview,babyview,S00320001,22.702724901948702,head-cam transcript,2178.5958719066307,7.68643585280887,adult tokens (study-specific log-rate)
babyview,babyview,babyview,S00320001,22.702724901948702,head-cam transcript,313.9820114472608,5.749335695882691,adult tokens (study-specific log-rate)
babyview,babyview,babyview,S00320001,22.702724901948702,head-cam transcript,1471.2643678160912,7.29387742424717,adult tokens (study-specific log-rate)
babyview,babyview,babyview,S00320001,22.702724901948702,head-cam transcript,1210.7279693486585,7.098977085246355,adult tokens (study-specific log-rate)
babyview,babyview,babyview,S00320001,23.064128626871188,head-cam transcript,2109.4340981953096,7.654174990590649,adult tokens (study-specific log-rate)
babyview,babyview,babyview,S00320001,23.064128626871188,head-cam transcript,2257.112010094045,7.721841403452328,adult tokens (study-specific log-rate)
babyview,babyview,babyview,S00320001,23.064128626871188,head-cam transcript,5818.6452706127675,8.668822742257646,adult tokens (study-specific log-rate)
babyview,babyview,babyview,S00320001,23.129838395038913,head-cam transcript,2480.8169047337983,7.8163431819898035,adult tokens (study-specific log-rate)
babyview,babyview,babyview,S00320001,23.129838395038913,head-cam transcript,597.1662250892753,6.392195508622439,adult tokens (study-specific log-rate)
babyview,babyview,babyview,S00320001,23.129838395038913,head-cam transcript,899.1030582471816,6.80139766443882,adult tokens (study-specific log-rate)
babyview,babyview,babyview,S00320001,23.129838395038913,head-cam transcript,883.0415876909356,6.783372297672606,adult tokens (study-specific log-rate)
babyview,babyview,babyview,S00320001,23.129838395038913,head-cam transcript,2692.2094508301416,7.898117492652587,adult tokens (study-specific log-rate)
babyview,babyview,babyview,S00320001,23.162693279122777,head-cam transcript,1609.195402298851,7.383489582936858,adult tokens (study-specific log-rate)
babyview,babyview,babyview,S00320001,23.162693279122777,head-cam transcript,1635.1927324767448,7.399515955574818,adult tokens (study-specific log-rate)
babyview,babyview,babyview,S00320001,23.162693279122777,head-cam transcript,3259.2322801358036,8.089246949736149,adult tokens (study-specific log-rate)
babyview,babyview,babyview,S00320001,23.2284030472905,head-cam transcript,4054.6089838262287,8.307609533743726,adult tokens (study-specific log-rate)
babyview,babyview,babyview,S00320001,23.2284030472905,head-cam transcript,6511.9678421341105,8.781396969422964,adult tokens (study-specific log-rate)
babyview,babyview,babyview,S00320001,23.359822583625945,head-cam transcript,679.4380587484037,6.5212660723329785,adult tokens (study-specific log-rate)
babyview,babyview,babyview,S00320001,23.359822583625945,head-cam transcript,144.9222323879232,4.976197270185924,adult tokens (study-specific log-rate)
babyview,babyview,babyview,S00320001,23.359822583625945,head-cam transcript,2140.2815934065943,7.668692685063274,adult tokens (study-specific log-rate)
babyview,babyview,babyview,S00320001,23.359822583625945,head-cam transcript,1203.480885050145,7.092973374296948,adult tokens (study-specific log-rate)
babyview,babyview,babyview,S00320001,23.58980677221298,head-cam transcript,1194.115275049755,7.085160834560154,adult tokens (study-specific log-rate)
babyview,babyview,babyview,S00320001,23.58980677221298,head-cam transcript,1086.698542542773,6.99089951889074,adult tokens (study-specific log-rate)
babyview,babyview,babyview,S00320001,23.58980677221298,head-cam transcript,3708.79120879121,8.218461282777872,adult tokens (study-specific log-rate)
babyview,babyview,babyview,S00320001,23.58980677221298,head-cam transcript,5400.319545535238,8.594213405900707,adult tokens (study-specific log-rate)
babyview,babyview,babyview,S00320001,23.58980677221298,head-cam transcript,5091.147121729933,8.53525845187998,adult tokens (study-specific log-rate)
babyview,babyview,babyview,S00320001,23.58980677221298,head-cam transcript,1106.5883793811463,7.0090370292170645,adult tokens (study-specific log-rate)
babyview,babyview,babyview,S00320001,23.655516540380702,head-cam transcript,776.5006385696043,6.654797464957501,adult tokens (study-specific log-rate)
babyview,babyview,babyview,S00320001,23.655516540380702,head-cam transcript,1086.4107600452676,6.9906346610680385,adult tokens (study-specific log-rate)
babyview,babyview,babyview,S00320001,23.655516540380702,head-cam transcript,1325.2338150552177,7.1893441870449655,adult tokens (study-specific log-rate)
babyview,babyview,babyview,S00320001,23.786936076716152,head-cam transcript,2594.273970108094,7.861061976149012,adult tokens (study-specific log-rate)
babyview,babyview,babyview,S00320001,23.786936076716152,head-cam transcript,808.3282302510714,6.694968201592088,adult tokens (study-specific log-rate)
babyview,babyview,babyview,S00320001,23.786936076716152,head-cam transcript,724.7571306967884,6.585836606589912,adult tokens (study-specific log-rate)
babyview,babyview,babyview,S00320001,23.786936076716152,head-cam transcript,1185.8088566103222,7.078180400135848,adult tokens (study-specific log-rate)
babyview,babyview,babyview,S00320001,23.786936076716152,head-cam transcript,2177.5043250907297,7.6859346949890845,adult tokens (study-specific log-rate)
babyview,babyview,babyview,S00320001,24.016920265303188,head-cam transcript,3580.6026273379916,8.183286396887219,adult tokens (study-specific log-rate)
babyview,babyview,babyview,S00320001,24.016920265303188,head-cam transcript,3229.270729270732,8.08001161031293,adult tokens (study-specific log-rate)
babyview,babyview,babyview,S00320001,24.04977514938705,head-cam transcript,1568.7396750653645,7.358027821226795,adult tokens (study-specific log-rate)
babyview,babyview,babyview,S00320001,24.04977514938705,head-cam transcript,2792.4066135946123,7.934659088520104,adult tokens (study-specific log-rate)
babyview,babyview,babyview,S00320001,24.04977514938705,head-cam transcript,1657.6648331134732,7.413165163941135,adult tokens (study-specific log-rate)
babyview,babyview,babyview,S00320001,24.04977514938705,head-cam transcript,561.542824730573,6.330688039712903,adult tokens (study-specific log-rate)
babyview,babyview,babyview,S00320001,24.04977514938705,head-cam transcript,1452.3972479377549,7.280970744700706,adult tokens (study-specific log-rate)
babyview,babyview,babyview,S00320001,24.04977514938705,head-cam transcript,1058.3139300440964,6.964432288674014,adult tokens (study-specific log-rate)
babyview,babyview,babyview,S00320001,24.04977514938705,head-cam transcript,1642.5921256438883,7.404030837457933,adult tokens (study-specific log-rate)
babyview,babyview,babyview,S00320001,24.04977514938705,head-cam transcript,1826.293950076095,7.51004402852542,adult tokens (study-specific log-rate)
babyview,babyview,babyview,S00320001,24.246904453890224,head-cam transcript,1316.534730739213,7.182758359704388,adult tokens (study-specific log-rate)
babyview,babyview,babyview,S00320001,24.246904453890224,head-cam transcript,271.60269001131684,5.604340299948148,adult tokens (study-specific log-rate)
babyview,babyview,babyview,S00320001,24.246904453890224,head-cam transcript,2568.840911170067,7.851210068828049,adult tokens (study-specific log-rate)
babyview,babyview,babyview,S00320001,24.279759337974085,head-cam transcript,1884.6583336335152,7.5415018280865365,adult tokens (study-specific log-rate)
babyview,babyview,babyview,S00320001,24.279759337974085,head-cam transcript,4556.832694763727,8.424383076691234,adult tokens (study-specific log-rate)
babyview,babyview,babyview,S00320001,24.279759337974085,head-cam transcript,873.1673931054355,6.772127282138706,adult tokens (study-specific log-rate)
babyview,babyview,babyview,S00320001,24.279759337974085,head-cam transcript,936.4716206475072,6.842119217791778,adult tokens (study-specific log-rate)
babyview,babyview,babyview,S00320001,24.279759337974085,head-cam transcript,3762.0916048327585,8.232730359599808,adult tokens (study-specific log-rate)
babyview,babyview,babyview,S00320001,24.279759337974085,head-cam transcript,1619.5292066259808,7.389890772796393,adult tokens (study-specific log-rate)
babyview,babyview,babyview,S00320001,24.476888642477256,head-cam transcript,2784.1634738186467,7.931702738774469,adult tokens (study-specific log-rate)
babyview,babyview,babyview,S00320001,24.476888642477256,head-cam transcript,2213.136453216459,7.702165997985885,adult tokens (study-specific log-rate)
babyview,babyview,babyview,S00320001,24.50974352656112,head-cam transcript,1254.9917400522918,7.134884269912585,adult tokens (study-specific log-rate)
babyview,babyview,babyview,S00320001,24.50974352656112,head-cam transcript,1403.4353995519048,7.246678366635668,adult tokens (study-specific log-rate)
babyview,babyview,babyview,S00320001,24.50974352656112,head-cam transcript,991.0600255427845,6.898775103174553,adult tokens (study-specific log-rate)
babyview,babyview,babyview,S00320001,24.50974352656112,head-cam transcript,1379.3103448275856,7.229338903109599,adult tokens (study-specific log-rate)
babyview,babyview,babyview,S00320001,24.50974352656112,head-cam transcript,1200.5108556832697,7.090502458255384,adult tokens (study-specific log-rate)
babyview,babyview,babyview,S00320001,24.50974352656112,head-cam transcript,1809.359655856665,7.500728280369845,adult tokens (study-specific log-rate)
babyview,babyview,babyview,S00320001,24.739727715148156,head-cam transcript,2166.0280970625804,7.6806503993431825,adult tokens (study-specific log-rate)
babyview,babyview,babyview,S00320001,24.739727715148156,head-cam transcript,1819.8191707791507,7.506492418419883,adult tokens (study-specific log-rate)
babyview,babyview,babyview,S00320001,24.739727715148156,head-cam transcript,1531.75887471851,7.33417194543165,adult tokens (study-specific log-rate)
babyview,babyview,babyview,S00320001,24.739727715148156,head-cam transcript,2014.336659342243,7.608045218863148,adult tokens (study-specific log-rate)
babyview,babyview,babyview,S00320001,24.739727715148156,head-cam transcript,2598.956775108291,7.862865403148163,adult tokens (study-specific log-rate)
babyview,babyview,babyview,S00320001,24.739727715148156,head-cam transcript,1612.3338496451854,7.385438004381317,adult tokens (study-specific log-rate)
babyview,babyview,babyview,S00320001,24.936857019651328,head-cam transcript,1644.9553001277131,7.405468489655632,adult tokens (study-specific log-rate)
babyview,babyview,babyview,S00320001,24.936857019651328,head-cam transcript,2508.301404853129,7.827361071905745,adult tokens (study-specific log-rate)
babyview,babyview,babyview,S00320001,24.936857019651328,head-cam transcript,3500.612456421371,8.160693219717933,adult tokens (study-specific log-rate)
babyview,babyview,babyview,S00320001,24.96971190373519,head-cam transcript,1490.9556002192578,7.307172535796371,adult tokens (study-specific log-rate)
babyview,babyview,babyview,S00320001,24.96971190373519,head-cam transcript,1919.239220489176,7.559684147169727,adult tokens (study-specific log-rate)
babyview,babyview,babyview,S00320001,24.96971190373519,head-cam transcript,3012.8597672994506,8.010644995498026,adult tokens (study-specific log-rate)
babyview,babyview,babyview,S00320001,24.96971190373519,head-cam transcript,3262.569832402234,8.090270455969609,adult tokens (study-specific log-rate)
babyview,babyview,babyview,S00320001,25.10113144007064,head-cam transcript,163.4738186462324,5.096652846910951,adult tokens (study-specific log-rate)
babyview,babyview,babyview,S00320001,25.10113144007064,head-cam transcript,2569.604086845467,7.851507114210964,adult tokens (study-specific log-rate)
babyview,babyview,babyview,S00320001,25.10113144007064,head-cam transcript,1437.6211350599012,7.2707450369889255,adult tokens (study-specific log-rate)
babyview,babyview,babyview,S00320001,25.10113144007064,head-cam transcript,287.859268801919,5.662471710714294,adult tokens (study-specific log-rate)
babyview,babyview,babyview,S00320001,25.1339863241545,head-cam transcript,929.757343550447,6.83492363118802,adult tokens (study-specific log-rate)
babyview,babyview,babyview,S00320001,25.1339863241545,head-cam transcript,798.6303682091102,6.6828982207144225,adult tokens (study-specific log-rate)
babyview,babyview,babyview,S00320001,25.166841208238363,head-cam transcript,3499.3614303959116,8.16033578237345,adult tokens (study-specific log-rate)
babyview,babyview,babyview,S00320001,25.166841208238363,head-cam transcript,1044.2655150435107,6.951069060861847,adult tokens (study-specific log-rate)
babyview,babyview,babyview,S00320001,25.166841208238363,head-cam transcript,2344.9026711467345,7.759999175177552,adult tokens (study-specific log-rate)
babyview,babyview,babyview,S00320001,25.396825396825395,head-cam transcript,3118.1102362204747,8.044982403778027,adult tokens (study-specific log-rate)
babyview,babyview,babyview,S00320001,25.396825396825395,head-cam transcript,3188.9902051328722,8.06745959555124,adult tokens (study-specific log-rate)
babyview,babyview,babyview,S00320001,25.396825396825395,head-cam transcript,1384.4189016602816,7.233035764990926,adult tokens (study-specific log-rate)
babyview,babyview,babyview,S00320001,25.396825396825395,head-cam transcript,1563.218390804598,7.3545020460636055,adult tokens (study-specific log-rate)
babyview,babyview,babyview,S00320001,25.396825396825395,head-cam transcript,2498.0842911877385,7.823279433586096,adult tokens (study-specific log-rate)
babyview,babyview,babyview,S00320001,25.396825396825395,head-cam transcript,1818.6231378379193,7.5058349760954695,adult tokens (study-specific log-rate)
babyview,babyview,babyview,S00320001,25.42968028090926,head-cam transcript,1446.986745060291,7.277238566299474,adult tokens (study-specific log-rate)
babyview,babyview,babyview,S00320001,25.42968028090926,head-cam transcript,1275.7988844814042,7.15132783743955,adult tokens (study-specific log-rate)
babyview,babyview,babyview,S00320001,25.62680958541243,head-cam transcript,2806.370146568724,7.939647164496114,adult tokens (study-specific log-rate)
babyview,babyview,babyview,S00320001,25.62680958541243,head-cam transcript,1734.5154845154848,7.45848339373547,adult tokens (study-specific log-rate)
babyview,babyview,babyview,S00320001,25.62680958541243,head-cam transcript,1703.108677641296,7.440210494035436,adult tokens (study-specific log-rate)
babyview,babyview,babyview,S00320001,25.62680958541243,head-cam transcript,2526.8741159830274,7.834738290549029,adult tokens (study-specific log-rate)
babyview,babyview,babyview,S00320001,25.659664469496292,head-cam transcript,2486.569455103608,7.8186593106436675,adult tokens (study-specific log-rate)
babyview,babyview,babyview,S00320001,25.659664469496292,head-cam transcript,1971.3148417261643,7.586456031446428,adult tokens (study-specific log-rate)
babyview,babyview,babyview,S00320001,25.659664469496292,head-cam transcript,1834.3182071579888,7.514428142214449,adult tokens (study-specific log-rate)
babyview,babyview,babyview,S00320001,25.659664469496292,head-cam transcript,1612.090680100756,7.385287174648664,adult tokens (study-specific log-rate)
babyview,babyview,babyview,S00320001,25.692519353580156,head-cam transcript,2845.8022076039683,7.953600277852371,adult tokens (study-specific log-rate)
babyview,babyview,babyview,S00320001,25.692519353580156,head-cam transcript,2552.1287251063395,7.844683084064973,adult tokens (study-specific log-rate)
babyview,babyview,babyview,S00320001,25.692519353580156,head-cam transcript,3397.5836945494793,8.130819779879198,adult tokens (study-specific log-rate)
babyview,babyview,babyview,S00320001,25.856793773999467,head-cam transcript,2420.6620798962576,7.791796368466697,adult tokens (study-specific log-rate)
babyview,babyview,babyview,S00320001,25.856793773999467,head-cam transcript,2224.3323750926797,7.707212093436369,adult tokens (study-specific log-rate)
babyview,babyview,babyview,S00320001,25.856793773999467,head-cam transcript,2282.3385324736146,7.732955868443764,adult tokens (study-specific log-rate)
babyview,babyview,babyview,S00320001,25.856793773999467,head-cam transcript,1231.5270935960596,7.116010217802597,adult tokens (study-specific log-rate)
babyview,babyview,babyview,S00320001,26.119632846670363,head-cam transcript,1149.425287356322,7.047017346315645,adult tokens (study-specific log-rate)
babyview,babyview,babyview,S00320001,26.119632846670363,head-cam transcript,737.0839684236868,6.602701818431771,adult tokens (study-specific log-rate)
babyview,babyview,babyview,S00320001,26.119632846670363,head-cam transcript,1482.6555239364575,7.301590031903442,adult tokens (study-specific log-rate)
babyview,babyview,babyview,S00320001,26.119632846670363,head-cam transcript,4789.356984478935,8.47415144015767,adult tokens (study-specific log-rate)
babyview,babyview,babyview,S00320001,26.119632846670363,head-cam transcript,1568.3269476372923,7.357764691698422,adult tokens (study-specific log-rate)
babyview,babyview,babyview,S00320001,26.119632846670363,head-cam transcript,1437.4844022959815,7.270649922035929,adult tokens (study-specific log-rate)
babyview,babyview,babyview,S00320001,26.119632846670363,head-cam transcript,1659.8825690717185,7.414502137325228,adult tokens (study-specific log-rate)
babyview,babyview,babyview,S00320001,26.119632846670363,head-cam transcript,982.9454759304381,6.890553651600105,adult tokens (study-specific log-rate)
babyview,babyview,babyview,S00320001,26.316762151173535,head-cam transcript,712.9616983083257,6.569427699908719,adult tokens (study-specific log-rate)
babyview,babyview,babyview,S00320001,26.316762151173535,head-cam transcript,702.4207500292678,6.554532583497984,adult tokens (study-specific log-rate)
babyview,babyview,babyview,S00320001,26.316762151173535,head-cam transcript,1021.4903711973208,6.929017988072595,adult tokens (study-specific log-rate)
babyview,babyview,babyview,S00320001,26.349617035257396,head-cam transcript,1343.9650350559984,7.203379505161349,adult tokens (study-specific log-rate)
babyview,babyview,babyview,S00320001,26.349617035257396,head-cam transcript,1593.8697318007669,7.373920131920707,adult tokens (study-specific log-rate)
babyview,babyview,babyview,S00320001,26.349617035257396,head-cam transcript,1282.2477650063854,7.156369883243008,adult tokens (study-specific log-rate)
babyview,babyview,babyview,S00320001,26.349617035257396,head-cam transcript,1798.2120051085567,7.4945481197093216,adult tokens (study-specific log-rate)
babyview,babyview,babyview,S00320001,26.349617035257396,head-cam transcript,1046.964915537405,6.953650700793708,adult tokens (study-specific log-rate)
babyview,babyview,babyview,S00320001,26.448181687508985,head-cam transcript,2406.96177010029,7.786120554856893,adult tokens (study-specific log-rate)
babyview,babyview,babyview,S00320001,26.448181687508985,head-cam transcript,1623.3794389281531,7.392265328808993,adult tokens (study-specific log-rate)
babyview,babyview,babyview,S00320001,26.776730528347603,head-cam transcript,1358.176778564829,7.213898475320183,adult tokens (study-specific log-rate)
babyview,babyview,babyview,S00320001,26.776730528347603,head-cam transcript,614.1152859850599,6.42018267271268,adult tokens (study-specific log-rate)
babyview,babyview,babyview,S00320001,26.776730528347603,head-cam transcript,1211.9773977783377,7.1000085177576295,adult tokens (study-specific log-rate)
babyview,babyview,babyview,S00320001,26.809585412431467,head-cam transcript,1426.8961958816078,7.263256871930879,adult tokens (study-specific log-rate)
babyview,babyview,babyview,S00320001,26.809585412431467,head-cam transcript,1410.5831779967282,7.251758499278845,adult tokens (study-specific log-rate)
babyview,babyview,babyview,S00320001,27.00671471693464,head-cam transcript,2200.9183500917043,7.696629984105832,adult tokens (study-specific log-rate)
babyview,babyview,babyview,S00320001,27.00671471693464,head-cam transcript,704.5855696840895,6.5576097855442645,adult tokens (study-specific log-rate)
babyview,babyview,babyview,S00320001,27.00671471693464,head-cam transcript,2654.0830661719683,7.8838545128846444,adult tokens (study-specific log-rate)
babyview,babyview,babyview,S00320001,27.00671471693464,head-cam transcript,782.0284350325844,6.661891101818483,adult tokens (study-specific log-rate)
babyview,babyview,babyview,S00320001,27.00671471693464,head-cam transcript,467.7349501948895,6.147901789745907,adult tokens (study-specific log-rate)
babyview,babyview,babyview,S00320001,27.00671471693464,head-cam transcript,248.1488893336002,5.514028926237015,adult tokens (study-specific log-rate)
babyview,babyview,babyview,S00320001,27.00671471693464,head-cam transcript,3661.251395843092,8.205560279389557,adult tokens (study-specific log-rate)
babyview,babyview,babyview,S00320001,27.00671471693464,head-cam transcript,983.0215204931328,6.890631012576023,adult tokens (study-specific log-rate)
babyview,babyview,babyview,S00320001,27.072424485102363,head-cam transcript,1638.2695147869317,7.4013957898199285,adult tokens (study-specific log-rate)
babyview,babyview,babyview,S00320001,27.072424485102363,head-cam transcript,5120.337877705662,8.540975707595582,adult tokens (study-specific log-rate)
babyview,babyview,babyview,S00320001,27.269553789605535,head-cam transcript,585.3506250243896,6.372211026704029,adult tokens (study-specific log-rate)
babyview,babyview,babyview,S00320001,27.269553789605535,head-cam transcript,2123.4228440916245,7.660784614782705,adult tokens (study-specific log-rate)
babyview,babyview,babyview,S00320001,27.269553789605535,head-cam transcript,2125.993470088583,7.661994487443076,adult tokens (study-specific log-rate)
babyview,babyview,babyview,S00320001,27.269553789605535,head-cam transcript,1157.5924075924072,7.054097616546981,adult tokens (study-specific log-rate)
babyview,babyview,babyview,S00320001,27.269553789605535,head-cam transcript,1016.1686850423401,6.9237946429421875,adult tokens (study-specific log-rate)
babyview,babyview,babyview,S00320001,27.269553789605535,head-cam transcript,1048.4826126633398,6.955099267146143,adult tokens (study-specific log-rate)
babyview,babyview,babyview,S00320001,27.269553789605535,head-cam transcript,1540.642845064193,7.3399550401671,adult tokens (study-specific log-rate)
babyview,babyview,babyview,S00320001,27.269553789605535,head-cam transcript,1157.8601903511649,7.05432891712311,adult tokens (study-specific log-rate)
babyview,babyview,babyview,S00320001,27.43382821002485,head-cam transcript,2385.6960408684536,7.777246201780121,adult tokens (study-specific log-rate)
babyview,babyview,babyview,S00320001,27.43382821002485,head-cam transcript,2878.808768785331,7.9651318656153,adult tokens (study-specific log-rate)
babyview,babyview,babyview,S00320001,27.49953797819257,head-cam transcript,4715.197956577266,8.458546178614077,adult tokens (study-specific log-rate)
babyview,babyview,babyview,S00320001,27.49953797819257,head-cam transcript,3156.21057013151,8.057127400314036,adult tokens (study-specific log-rate)
babyview,babyview,babyview,S00320001,27.49953797819257,head-cam transcript,1698.1869221085526,7.437316444504255,adult tokens (study-specific log-rate)
babyview,babyview,babyview,S00320001,27.49953797819257,head-cam transcript,1052.3627075351208,6.958793112900805,adult tokens (study-specific log-rate)
babyview,babyview,babyview,S00320001,27.49953797819257,head-cam transcript,3524.904214559386,8.16760854170253,adult tokens (study-specific log-rate)
babyview,babyview,babyview,S00320001,27.49953797819257,head-cam transcript,2406.481030590111,7.785920806139942,adult tokens (study-specific log-rate)
babyview,babyview,babyview,S00320001,27.49953797819257,head-cam transcript,1421.5010141987834,7.259468644561629,adult tokens (study-specific log-rate)
babyview,babyview,babyview,S00320001,27.49953797819257,head-cam transcript,1152.744227852368,7.04990066378941,adult tokens (study-specific log-rate)
babyview,babyview,babyview,S00320001,27.729522166779606,head-cam transcript,1623.7728840541265,7.392507661221374,adult tokens (study-specific log-rate)
babyview,babyview,babyview,S00320001,27.729522166779606,head-cam transcript,1386.1102800577548,7.234256743725789,adult tokens (study-specific log-rate)
babyview,babyview,babyview,S00320001,27.729522166779606,head-cam transcript,805.4424600335602,6.691391766215181,adult tokens (study-specific log-rate)
babyview,babyview,babyview,S00320001,27.729522166779606,head-cam transcript,173.26378500721933,5.154815202045953,adult tokens (study-specific log-rate)
babyview,babyview,babyview,S00320001,27.729522166779606,head-cam transcript,2051.068590085461,7.626116199778174,adult tokens (study-specific log-rate)
babyview,babyview,babyview,S00320001,27.729522166779606,head-cam transcript,1475.0835750614613,7.296469928227361,adult tokens (study-specific log-rate)
babyview,babyview,babyview,S00320001,27.729522166779606,head-cam transcript,925.3410389086756,6.830162360274787,adult tokens (study-specific log-rate)
babyview,babyview,babyview,S00320001,27.729522166779606,head-cam transcript,2435.0586001014617,7.797726100977202,adult tokens (study-specific log-rate)
babyview,babyview,babyview,S00320001,27.762377050863467,head-cam transcript,3065.727336068749,8.028040123992694,adult tokens (study-specific log-rate)
babyview,babyview,babyview,S00320001,27.762377050863467,head-cam transcript,1726.9816149651965,7.454130432441604,adult tokens (study-specific log-rate)
babyview,babyview,babyview,S00320001,27.828086819031192,head-cam transcript,1920.8173690932317,7.560506087501119,adult tokens (study-specific log-rate)
babyview,babyview,babyview,S00320001,27.828086819031192,head-cam transcript,2237.5478927203053,7.71313585448767,adult tokens (study-specific log-rate)
babyview,babyview,babyview,S00320001,27.828086819031192,head-cam transcript,4891.439634905267,8.495241943006711,adult tokens (study-specific log-rate)
babyview,babyview,babyview,S00320001,27.893796587198914,head-cam transcript,1496.408934255873,7.310823472955949,adult tokens (study-specific log-rate)
babyview,babyview,babyview,S00320001,27.926651471282774,head-cam transcript,1695.1754100706323,7.435541501227499,adult tokens (study-specific log-rate)
babyview,babyview,babyview,S00320001,27.926651471282774,head-cam transcript,1599.7156061144678,7.377581146250691,adult tokens (study-specific log-rate)
babyview,babyview,babyview,S00320001,27.95950635536664,head-cam transcript,1905.4916985951463,7.55249536375504,adult tokens (study-specific log-rate)
babyview,babyview,babyview,S00320001,27.95950635536664,head-cam transcript,3942.3351893283116,8.279528514368804,adult tokens (study-specific log-rate)
babyview,babyview,babyview,S00320001,28.18949054395367,head-cam transcript,3520.317145688799,8.166306362740588,adult tokens (study-specific log-rate)
babyview,babyview,babyview,S00320001,28.18949054395367,head-cam transcript,445.22891826663323,6.098588572967138,adult tokens (study-specific log-rate)
babyview,babyview,babyview,S00320001,28.18949054395367,head-cam transcript,1866.9240409686106,7.53204745764101,adult tokens (study-specific log-rate)
babyview,babyview,babyview,S00320001,28.18949054395367,head-cam transcript,763.2972150318037,6.63764749020849,adult tokens (study-specific log-rate)
babyview,babyview,babyview,S00320001,28.18949054395367,head-cam transcript,398.0384250165849,5.986548545892044,adult tokens (study-specific log-rate)
babyview,babyview,babyview,S00320001,28.18949054395367,head-cam transcript,4508.743915812158,8.413773882798964,adult tokens (study-specific log-rate)
babyview,babyview,babyview,S00320001,28.18949054395367,head-cam transcript,536.2053162236482,6.284517140380923,adult tokens (study-specific log-rate)
babyview,babyview,babyview,S00320001,28.18949054395367,head-cam transcript,2232.634096078698,7.710937376379586,adult tokens (study-specific log-rate)
babyview,babyview,babyview,S00320001,28.18949054395367,head-cam transcript,841.3836086008099,6.7350476898647,adult tokens (study-specific log-rate)
babyview,babyview,babyview,S00320001,28.2552003121214,head-cam transcript,1277.1392081736906,7.152377861973471,adult tokens (study-specific log-rate)
babyview,babyview,babyview,S00320001,28.2552003121214,head-cam transcript,1369.0932311621968,7.221903924622081,adult tokens (study-specific log-rate)
babyview,babyview,babyview,S00320001,28.2552003121214,head-cam transcript,1573.42248006556,7.361008449364933,adult tokens (study-specific log-rate)
babyview,babyview,babyview,S00320001,28.2552003121214,head-cam transcript,124.22360248447204,4.822083187551665,adult tokens (study-specific log-rate)
babyview,babyview,babyview,S00320001,28.2552003121214,head-cam transcript,2983.174743210034,8.00074336248727,adult tokens (study-specific log-rate)
babyview,babyview,babyview,S00320001,28.28805519620526,head-cam transcript,3049.808429118775,8.022834057503827,adult tokens (study-specific log-rate)
babyview,babyview,babyview,S00320001,28.28805519620526,head-cam transcript,786.7177522349933,6.667869546524853,adult tokens (study-specific log-rate)
babyview,babyview,babyview,S00320001,28.28805519620526,head-cam transcript,98.86488465763453,4.5937541165068065,adult tokens (study-specific log-rate)
babyview,babyview,babyview,S00320001,28.32091008028912,head-cam transcript,265.6449553001277,5.582160662692652,adult tokens (study-specific log-rate)
babyview,babyview,babyview,S00320001,28.32091008028912,head-cam transcript,1015.3125448142897,6.922951770001839,adult tokens (study-specific log-rate)
babyview,babyview,babyview,S00320001,28.61660403704388,head-cam transcript,3088.2103956205233,8.0353470421205,adult tokens (study-specific log-rate)
babyview,babyview,babyview,S00320001,28.61660403704388,head-cam transcript,1456.3523550606817,7.283690201580963,adult tokens (study-specific log-rate)
babyview,babyview,babyview,S00320001,28.61660403704388,head-cam transcript,1190.2937420178798,7.081955397676925,adult tokens (study-specific log-rate)
babyview,babyview,babyview,S00320001,28.649458921127746,head-cam transcript,1322.2902412675553,7.187120543415719,adult tokens (study-specific log-rate)
babyview,babyview,babyview,S00320001,28.649458921127746,head-cam transcript,2188.6926422295196,7.691059677536306,adult tokens (study-specific log-rate)
babyview,babyview,babyview,S00320001,28.649458921127746,head-cam transcript,2772.22056011551,7.927403924285734,adult tokens (study-specific log-rate)
babyview,babyview,babyview,S00320001,28.649458921127746,head-cam transcript,1273.7229600530718,7.1496993556977255,adult tokens (study-specific log-rate)
babyview,babyview,babyview,S00320001,28.649458921127746,head-cam transcript,1322.1868550841234,7.187042353149955,adult tokens (study-specific log-rate)
babyview,babyview,babyview,S00320001,28.649458921127746,head-cam transcript,1454.2050241847408,7.2822146551575475,adult tokens (study-specific log-rate)
babyview,babyview,babyview,S00320001,28.649458921127746,head-cam transcript,2200.9183500917043,7.696629984105832,adult tokens (study-specific log-rate)
babyview,babyview,babyview,S00320001,28.649458921127746,head-cam transcript,3371.375977910723,8.123076242064467,adult tokens (study-specific log-rate)
babyview,babyview,babyview,S00320001,28.846588225630917,head-cam transcript,3488.3469615647873,8.157183253007451,adult tokens (study-specific log-rate)
babyview,babyview,babyview,S00320001,28.846588225630917,head-cam transcript,1598.978288633461,7.377120134651378,adult tokens (study-specific log-rate)
babyview,babyview,babyview,S00320001,28.846588225630917,head-cam transcript,1522.8259078173928,7.328323037640078,adult tokens (study-specific log-rate)
babyview,babyview,babyview,S00320001,28.879443109714774,head-cam transcript,1205.6194125159639,7.094748749136834,adult tokens (study-specific log-rate)
babyview,babyview,babyview,S00320001,28.879443109714774,head-cam transcript,691.6177371132164,6.539033399971329,adult tokens (study-specific log-rate)
babyview,babyview,babyview,S00320001,28.879443109714774,head-cam transcript,873.5632183908044,6.772580500613884,adult tokens (study-specific log-rate)
babyview,babyview,babyview,S00320001,28.879443109714774,head-cam transcript,1307.7905491698596,7.176094388590787,adult tokens (study-specific log-rate)
babyview,babyview,babyview,S00320001,28.879443109714774,head-cam transcript,2187.648716916206,7.6905826007968825,adult tokens (study-specific log-rate)
babyview,babyview,babyview,S00320001,29.07657241421795,head-cam transcript,2365.261813537676,7.768643998197459,adult tokens (study-specific log-rate)
babyview,babyview,babyview,S00320001,29.07657241421795,head-cam transcript,1824.227014917412,7.508911622822573,adult tokens (study-specific log-rate)
babyview,babyview,babyview,S00320001,29.07657241421795,head-cam transcript,899.1060025542782,6.801400939149376,adult tokens (study-specific log-rate)
babyview,babyview,babyview,S00320001,29.07657241421795,head-cam transcript,1803.3205619412515,7.497385001044521,adult tokens (study-specific log-rate)
babyview,babyview,babyview,S00320001,29.07657241421795,head-cam transcript,1546.3579775035498,7.343657753122116,adult tokens (study-specific log-rate)
babyview,babyview,babyview,S00320001,29.07657241421795,head-cam transcript,786.7112400327799,6.667861268804987,adult tokens (study-specific log-rate)
babyview,babyview,babyview,S00320001,29.07657241421795,head-cam transcript,2575.5427501073145,7.853815567628245,adult tokens (study-specific log-rate)
babyview,babyview,babyview,S00320001,29.07657241421795,head-cam transcript,2913.776015857285,7.977205118961256,adult tokens (study-specific log-rate)
babyview,babyview,babyview,S00320001,29.306556602804985,head-cam transcript,1457.0186196900438,7.284147585585095,adult tokens (study-specific log-rate)
babyview,babyview,babyview,S00320001,29.306556602804985,head-cam transcript,1108.24230387289,7.010530529204831,adult tokens (study-specific log-rate)
babyview,babyview,babyview,S00320001,29.33941148688885,head-cam transcript,1517.228820063218,7.324640805194058,adult tokens (study-specific log-rate)
babyview,babyview,babyview,S00320001,29.33941148688885,head-cam transcript,1598.7241004770876,7.376961152903874,adult tokens (study-specific log-rate)
babyview,babyview,babyview,S00320001,29.33941148688885,head-cam transcript,1988.4009942004966,7.595086074220642,adult tokens (study-specific log-rate)
babyview,babyview,babyview,S00320001,29.33941148688885,head-cam transcript,1662.3957750692662,7.416015078877144,adult tokens (study-specific log-rate)
babyview,babyview,babyview,S00320001,29.33941148688885,head-cam transcript,996.1685823754791,6.903916502674972,adult tokens (study-specific log-rate)
babyview,babyview,babyview,S00320001,29.53654079139202,head-cam transcript,1707.4312884982523,7.442745349638623,adult tokens (study-specific log-rate)
babyview,babyview,babyview,S00320001,29.53654079139202,head-cam transcript,1980.8265150825346,7.591269468448006,adult tokens (study-specific log-rate)
babyview,babyview,babyview,S00320001,29.53654079139202,head-cam transcript,432.34914232625584,6.069233461655786,adult tokens (study-specific log-rate)
babyview,babyview,babyview,S00320001,29.56939567547588,head-cam transcript,4786.717752234989,8.473600226349646,adult tokens (study-specific log-rate)
babyview,babyview,babyview,S00320001,29.56939567547588,head-cam transcript,500.7991475759191,6.216205117659678,adult tokens (study-specific log-rate)
babyview,babyview,babyview,S00320001,29.56939567547588,head-cam transcript,1768.6752693263875,7.477986109941448,adult tokens (study-specific log-rate)
babyview,babyview,babyview,S00320001,29.56939567547588,head-cam transcript,3678.541839270919,8.210271713310876,adult tokens (study-specific log-rate)
babyview,babyview,babyview,S00320001,29.56939567547588,head-cam transcript,3544.8833851477043,8.173260542839177,adult tokens (study-specific log-rate)
babyview,babyview,babyview,S00320001,29.56939567547588,head-cam transcript,3564.7373107747126,8.178845644516286,adult tokens (study-specific log-rate)
babyview,babyview,babyview,S00320001,29.56939567547588,head-cam transcript,5162.894802287983,8.549252709364687,adult tokens (study-specific log-rate)
babyview,babyview,babyview,S00320002,7.950881948294626,head-cam transcript,627.278061269847,6.441389921224495,adult tokens (study-specific log-rate)
babyview,babyview,babyview,S00320002,7.950881948294626,head-cam transcript,504.28239814295983,6.2231364249299315,adult tokens (study-specific log-rate)
babyview,babyview,babyview,S00320002,8.01659171646235,head-cam transcript,108.72300800322142,4.688803436892284,adult tokens (study-specific log-rate)
babyview,babyview,babyview,S00320002,8.01659171646235,head-cam transcript,561.9355558033227,6.331387173929548,adult tokens (study-specific log-rate)
babyview,babyview,babyview,S00320002,8.01659171646235,head-cam transcript,219.61715388039772,5.391885820794081,adult tokens (study-specific log-rate)
babyview,babyview,babyview,S00320002,8.476560093636419,head-cam transcript,373.61292211075323,5.9232202938474146,adult tokens (study-specific log-rate)
babyview,babyview,babyview,S00320002,8.542269861804144,head-cam transcript,973.2323040018282,6.880622803948514,adult tokens (study-specific log-rate)
babyview,babyview,babyview,S00320002,8.542269861804144,head-cam transcript,2442.275134181045,7.800685315883943,adult tokens (study-specific log-rate)
babyview,babyview,babyview,S00320002,8.542269861804144,head-cam transcript,839.160839160839,6.732402391504276,adult tokens (study-specific log-rate)
babyview,babyview,babyview,S00320002,8.64083451405573,head-cam transcript,917.8337597016864,6.822016284572201,adult tokens (study-specific log-rate)
babyview,babyview,babyview,S00320002,8.706544282223454,head-cam transcript,238.88520238885192,5.475983111805797,adult tokens (study-specific log-rate)
babyview,babyview,babyview,S00320002,8.706544282223454,head-cam transcript,426.1352550177557,6.054756795918578,adult tokens (study-specific log-rate)
babyview,babyview,babyview,S00320002,8.870818702642765,head-cam transcript,111.96403579456297,4.718177710751451,adult tokens (study-specific log-rate)
babyview,babyview,babyview,S00320002,8.870818702642765,head-cam transcript,367.8160919540231,5.90758306312728,adult tokens (study-specific log-rate)
babyview,babyview,babyview,S00320002,8.936528470810488,head-cam transcript,250.99862008860472,5.5254474414617105,adult tokens (study-specific log-rate)
babyview,babyview,babyview,S00320002,8.936528470810488,head-cam transcript,393.35562001638993,5.974714088245042,adult tokens (study-specific log-rate)
babyview,babyview,babyview,S00320002,9.232222427565247,head-cam transcript,285.0116228144055,5.652529961242027,adult tokens (study-specific log-rate)
babyview,babyview,babyview,S00320002,9.232222427565247,head-cam transcript,70.935960591133,4.2617775065223045,adult tokens (study-specific log-rate)
babyview,babyview,babyview,S00320002,9.232222427565247,head-cam transcript,1023.7675142708872,6.93124474297785,adult tokens (study-specific log-rate)
babyview,babyview,babyview,S00320002,9.232222427565247,head-cam transcript,380.1338732336172,5.940523488661271,adult tokens (study-specific log-rate)
babyview,babyview,babyview,S00320002,9.396496847984558,head-cam transcript,919.8270867685729,6.824185703213834,adult tokens (study-specific log-rate)
babyview,babyview,babyview,S00320002,9.396496847984558,head-cam transcript,312.1477499349693,5.7434766332004,adult tokens (study-specific log-rate)
babyview,babyview,babyview,S00320002,9.396496847984558,head-cam transcript,286.0791826309067,5.6562686348463735,adult tokens (study-specific log-rate)
babyview,babyview,babyview,S00320002,9.42935173206842,head-cam transcript,648.7867177522351,6.475104030569816,adult tokens (study-specific log-rate)
babyview,babyview,babyview,S00320002,9.42935173206842,head-cam transcript,416.7155081467587,6.032403754310783,adult tokens (study-specific log-rate)
babyview,babyview,babyview,S00320002,9.560771268403869,head-cam transcript,111.80587187875277,4.716764080618663,adult tokens (study-specific log-rate)
babyview,babyview,babyview,S00320002,9.560771268403869,head-cam transcript,426.41104040988347,6.055403764659693,adult tokens (study-specific log-rate)
babyview,babyview,babyview,S00320002,9.626481036571592,head-cam transcript,752.0027564820396,6.622739989477749,adult tokens (study-specific log-rate)
babyview,babyview,babyview,S00320002,9.626481036571592,head-cam transcript,449.5492800187314,6.108245480869565,adult tokens (study-specific log-rate)
babyview,babyview,babyview,S00320002,9.856465225158628,head-cam transcript,180.62214293678232,5.196407241090564,adult tokens (study-specific log-rate)
babyview,babyview,babyview,S00320002,9.856465225158628,head-cam transcript,431.86400878021385,6.068110744195678,adult tokens (study-specific log-rate)
babyview,babyview,babyview,S00320002,9.922174993326353,head-cam transcript,1891.8532200788272,7.545312167362878,adult tokens (study-specific log-rate)
babyview,babyview,babyview,S00320002,9.922174993326353,head-cam transcript,353.1188291323036,5.86680462672445,adult tokens (study-specific log-rate)
babyview,babyview,babyview,S00320002,10.02073964557794,head-cam transcript,1026.8437232592778,6.934245030150463,adult tokens (study-specific log-rate)
babyview,babyview,babyview,S00320002,10.086449413745662,head-cam transcript,463.623949463213,6.139073769887992,adult tokens (study-specific log-rate)
babyview,babyview,babyview,S00320002,10.152159181913389,head-cam transcript,431.4954822054215,6.067257040492824,adult tokens (study-specific log-rate)
babyview,babyview,babyview,S00320002,10.185014065997247,head-cam transcript,388.43839916296116,5.9621345965225245,adult tokens (study-specific log-rate)
babyview,babyview,babyview,S00320002,10.250723834164972,head-cam transcript,656.0158348649796,6.486184927166448,adult tokens (study-specific log-rate)
babyview,babyview,babyview,S00320002,10.250723834164972,head-cam transcript,161.84404119666502,5.086633162868208,adult tokens (study-specific log-rate)
babyview,babyview,babyview,S00320002,10.250723834164972,head-cam transcript,277.22277722277715,5.624821432853405,adult tokens (study-specific log-rate)
babyview,babyview,babyview,S00320002,10.250723834164972,head-cam transcript,365.2581112721598,5.900604257837094,adult tokens (study-specific log-rate)
babyview,babyview,babyview,S00320002,11.072095936261524,head-cam transcript,886.1352256763083,6.78686956387591,adult tokens (study-specific log-rate)
babyview,babyview,babyview,S00320002,11.072095936261524,head-cam transcript,2622.370800109266,7.871834073130923,adult tokens (study-specific log-rate)
babyview,babyview,babyview,S00320002,11.072095936261524,head-cam transcript,2074.5408565150697,7.637495134211461,adult tokens (study-specific log-rate)
babyview,babyview,babyview,S00320002,11.13780570442925,head-cam transcript,1223.6093862343944,7.109560283246341,adult tokens (study-specific log-rate)
babyview,babyview,babyview,S00320002,11.13780570442925,head-cam transcript,1689.8204928085634,7.432377585002626,adult tokens (study-specific log-rate)
babyview,babyview,babyview,S00320002,11.17066058851311,head-cam transcript,1257.879759374662,7.137182851908994,adult tokens (study-specific log-rate)
babyview,babyview,babyview,S00320002,11.17066058851311,head-cam transcript,445.53461924406304,6.0992749526325785,adult tokens (study-specific log-rate)
babyview,babyview,babyview,S00320002,11.17066058851311,head-cam transcript,429.89809050120004,6.063548181764528,adult tokens (study-specific log-rate)
babyview,babyview,babyview,S00320002,11.17066058851311,head-cam transcript,85.2104619511618,4.445124219150856,adult tokens (study-specific log-rate)
babyview,babyview,babyview,S00320002,11.433499661184008,head-cam transcript,891.6083916083912,6.79302701332071,adult tokens (study-specific log-rate)
babyview,babyview,babyview,S00320002,11.433499661184008,head-cam transcript,1283.8154245164076,7.157591723540201,adult tokens (study-specific log-rate)
babyview,babyview,babyview,S00320002,11.433499661184008,head-cam transcript,445.12303642852464,6.098350730307167,adult tokens (study-specific log-rate)
babyview,babyview,babyview,S00320002,11.63062896568718,head-cam transcript,218.16378811668454,5.385246102324446,adult tokens (study-specific log-rate)
babyview,babyview,babyview,S00320002,11.762048502022628,head-cam transcript,187.31220000780468,5.2327767435156645,adult tokens (study-specific log-rate)
babyview,babyview,babyview,S00320002,11.762048502022628,head-cam transcript,134.86513486513488,4.904275278105346,adult tokens (study-specific log-rate)
babyview,babyview,babyview,S00320002,11.860613154274215,head-cam transcript,382.11788211788206,5.945729152933507,adult tokens (study-specific log-rate)
babyview,babyview,babyview,S00320002,11.860613154274215,head-cam transcript,543.2067932067932,6.29749008206981,adult tokens (study-specific log-rate)
babyview,babyview,babyview,S00320002,11.860613154274215,head-cam transcript,116.4009365592597,4.757040581306718,adult tokens (study-specific log-rate)
babyview,babyview,babyview,S00320002,12.09059734286125,head-cam transcript,284.7152847152848,5.651489679935567,adult tokens (study-specific log-rate)
babyview,babyview,babyview,S00320002,12.09059734286125,head-cam transcript,1142.3097647129255,7.040807600994467,adult tokens (study-specific log-rate)
babyview,babyview,babyview,S00320002,12.09059734286125,head-cam transcript,38.4368994234465,3.6490179206888054,adult tokens (study-specific log-rate)
babyview,babyview,babyview,S00320002,12.09059734286125,head-cam transcript,621.4362449384349,6.43203332312797,adult tokens (study-specific log-rate)
babyview,babyview,babyview,S00320002,12.320581531448283,head-cam transcript,497.7143494257999,6.210026316925281,adult tokens (study-specific log-rate)
babyview,babyview,babyview,S00320002,12.320581531448283,head-cam transcript,903.7813650376572,6.806587478306613,adult tokens (study-specific log-rate)
babyview,babyview,babyview,S00320002,12.320581531448283,head-cam transcript,2133.6660687826566,7.665596938259508,adult tokens (study-specific log-rate)
babyview,babyview,babyview,S00320002,12.320581531448283,head-cam transcript,1123.8788228089768,7.02454121575303,adult tokens (study-specific log-rate)
babyview,babyview,babyview,S00320002,12.74769502453849,head-cam transcript,203.77183729127543,5.317000923267635,adult tokens (study-specific log-rate)
babyview,babyview,babyview,S00320002,12.74769502453849,head-cam transcript,333.3333333333334,5.809142990314028,adult tokens (study-specific log-rate)
babyview,babyview,babyview,S00320002,12.74769502453849,head-cam transcript,224.77464000936567,5.415098300309619,adult tokens (study-specific log-rate)
babyview,babyview,babyview,S00320002,12.74769502453849,head-cam transcript,1737.9863975917056,7.460482479322734,adult tokens (study-specific log-rate)
babyview,babyview,babyview,S00320002,12.780549908622351,head-cam transcript,1121.254430243798,7.022203364530237,adult tokens (study-specific log-rate)
babyview,babyview,babyview,S00320002,12.87911456087394,head-cam transcript,1796.4811194567346,7.49358509687226,adult tokens (study-specific log-rate)
babyview,babyview,babyview,S00320002,12.87911456087394,head-cam transcript,817.3690932311621,6.706090759345051,adult tokens (study-specific log-rate)
babyview,babyview,babyview,S00320002,12.87911456087394,head-cam transcript,1021.4031898190229,6.928932637195766,adult tokens (study-specific log-rate)
babyview,babyview,babyview,S00320002,13.569067126635044,head-cam transcript,948.0114021989958,6.854366529818762,adult tokens (study-specific log-rate)
babyview,babyview,babyview,S00320002,13.569067126635044,head-cam transcript,1217.5293000507309,7.104578920417256,adult tokens (study-specific log-rate)
babyview,babyview,babyview,S00320002,13.569067126635044,head-cam transcript,1206.0084290911711,7.095071366558868,adult tokens (study-specific log-rate)
babyview,babyview,babyview,S00320002,13.569067126635044,head-cam transcript,1107.9140290739858,7.010234273208424,adult tokens (study-specific log-rate)
babyview,babyview,babyview,S00320002,14.061890387892976,head-cam transcript,2252.873563218391,7.719961819558071,adult tokens (study-specific log-rate)
babyview,babyview,babyview,S00320002,14.061890387892976,head-cam transcript,1251.6514845977326,7.132219145974059,adult tokens (study-specific log-rate)
babyview,babyview,babyview,S00320002,14.1276001560607,head-cam transcript,975.7343550447001,6.883190372157855,adult tokens (study-specific log-rate)
babyview,babyview,babyview,S00320002,14.1276001560607,head-cam transcript,230.66429663924598,5.440963392211425,adult tokens (study-specific log-rate)
babyview,babyview,babyview,S00320002,14.16045504014456,head-cam transcript,263.6792622744139,5.574733448910814,adult tokens (study-specific log-rate)
babyview,babyview,babyview,S00320002,14.16045504014456,head-cam transcript,219.1113816189897,5.389580192395025,adult tokens (study-specific log-rate)
babyview,babyview,babyview,S00320002,14.16045504014456,head-cam transcript,324.1958142718202,5.781347698273812,adult tokens (study-specific log-rate)
babyview,babyview,babyview,S00320002,14.16045504014456,head-cam transcript,353.2166350763742,5.8670815657984505,adult tokens (study-specific log-rate)
babyview,babyview,babyview,S00320002,14.521858765067044,head-cam transcript,3100.6291424149667,8.03936031904796,adult tokens (study-specific log-rate)
babyview,babyview,babyview,S00320002,14.554713649150909,head-cam transcript,1081.7279550450721,6.986314999923522,adult tokens (study-specific log-rate)
babyview,babyview,babyview,S00320002,14.554713649150909,head-cam transcript,322.8047132519166,5.777047537441356,adult tokens (study-specific log-rate)
babyview,babyview,babyview,S00320002,14.554713649150909,head-cam transcript,1181.5462798761282,7.074579266300894,adult tokens (study-specific log-rate)
babyview,babyview,babyview,S00320002,14.554713649150909,head-cam transcript,425.1150682357993,6.052359881068694,adult tokens (study-specific log-rate)
babyview,babyview,babyview,S00320002,14.718988069570218,head-cam transcript,577.990857397703,6.359558050896244,adult tokens (study-specific log-rate)
babyview,babyview,babyview,S00320002,14.718988069570218,head-cam transcript,739.8831900308282,6.606492322428695,adult tokens (study-specific log-rate)
babyview,babyview,babyview,S00320002,14.751842953654078,head-cam transcript,1067.6883780332057,6.973251196076036,adult tokens (study-specific log-rate)
babyview,babyview,babyview,S00320002,14.751842953654078,head-cam transcript,770.7657770017464,6.647384536231422,adult tokens (study-specific log-rate)
babyview,babyview,babyview,S00320002,14.916117374073387,head-cam transcript,1978.601788069764,7.590145706593234,adult tokens (study-specific log-rate)
babyview,babyview,babyview,S00320002,14.916117374073387,head-cam transcript,1999.5577350833146,7.600681302630353,adult tokens (study-specific log-rate)
babyview,babyview,babyview,S00320002,15.047536910408835,head-cam transcript,1742.0178799489152,7.462799421394742,adult tokens (study-specific log-rate)
babyview,babyview,babyview,S00320002,15.047536910408835,head-cam transcript,185.3679467925338,5.222342751413452,adult tokens (study-specific log-rate)
babyview,babyview,babyview,S00320002,15.047536910408835,head-cam transcript,1012.877394221405,6.920550464565735,adult tokens (study-specific log-rate)
babyview,babyview,babyview,S00320002,15.0803917944927,head-cam transcript,3881.8412468285615,8.264064868206646,adult tokens (study-specific log-rate)
babyview,babyview,babyview,S00320002,15.0803917944927,head-cam transcript,959.3042702642435,6.866208303251755,adult tokens (study-specific log-rate)
babyview,babyview,babyview,S00320002,15.0803917944927,head-cam transcript,3783.706440157655,8.238459347922824,adult tokens (study-specific log-rate)
babyview,babyview,babyview,S00320002,15.0803917944927,head-cam transcript,914.4316730523628,6.81830274995198,adult tokens (study-specific log-rate)
babyview,babyview,babyview,S00320002,15.310375983079734,head-cam transcript,2175.558539860824,7.685040710491336,adult tokens (study-specific log-rate)
babyview,babyview,babyview,S00320002,15.310375983079734,head-cam transcript,1236.2667050898744,7.119851395557355,adult tokens (study-specific log-rate)
babyview,babyview,babyview,S00320002,15.310375983079734,head-cam transcript,426.1352550177557,6.054756795918578,adult tokens (study-specific log-rate)
babyview,babyview,babyview,S00320002,15.343230867163596,head-cam transcript,2666.2232341579484,7.888418230975846,adult tokens (study-specific log-rate)
babyview,babyview,babyview,S00320002,15.54036017166677,head-cam transcript,4008.481080167018,8.29616766554347,adult tokens (study-specific log-rate)
babyview,babyview,babyview,S00320002,15.54036017166677,head-cam transcript,2971.8128058115444,7.99692741792244,adult tokens (study-specific log-rate)
babyview,babyview,babyview,S00320002,15.54036017166677,head-cam transcript,1988.4009942004966,7.595086074220642,adult tokens (study-specific log-rate)
babyview,babyview,babyview,S00320002,15.54036017166677,head-cam transcript,1425.287356321839,7.26212872593259,adult tokens (study-specific log-rate)
babyview,babyview,babyview,S00320002,15.803199244337666,head-cam transcript,2978.2788804437896,7.999100855751161,adult tokens (study-specific log-rate)
babyview,babyview,babyview,S00320002,15.803199244337666,head-cam transcript,1006.1975938753188,6.913933746755729,adult tokens (study-specific log-rate)
babyview,babyview,babyview,S00320002,16.197457853344012,head-cam transcript,515.1085500214629,6.244377655194144,adult tokens (study-specific log-rate)
babyview,babyview,babyview,S00320002,16.197457853344012,head-cam transcript,887.8310368065614,6.7887814510213165,adult tokens (study-specific log-rate)
babyview,babyview,babyview,S00320002,16.197457853344012,head-cam transcript,1961.6858237547897,7.581559496698952,adult tokens (study-specific log-rate)
babyview,babyview,babyview,S00320002,16.197457853344012,head-cam transcript,2320.6955218755365,7.7496222136430095,adult tokens (study-specific log-rate)
babyview,babyview,babyview,S00320002,16.263167621511734,head-cam transcript,1432.9383300597062,7.267482391354109,adult tokens (study-specific log-rate)
babyview,babyview,babyview,S00320002,16.263167621511734,head-cam transcript,2402.8871900345375,7.784426289164058,adult tokens (study-specific log-rate)
babyview,babyview,babyview,S00320002,16.263167621511734,head-cam transcript,2217.4993696192505,7.704135429908272,adult tokens (study-specific log-rate)
babyview,babyview,babyview,S00320002,16.263167621511734,head-cam transcript,1062.9967350442914,6.968847306883131,adult tokens (study-specific log-rate)
babyview,babyview,babyview,S00320002,16.263167621511734,head-cam transcript,546.3797875189716,6.3033143154767695,adult tokens (study-specific log-rate)
babyview,babyview,babyview,S00320002,16.52600669418263,head-cam transcript,3755.193905817173,8.230895202230395,adult tokens (study-specific log-rate)
babyview,babyview,babyview,S00320002,16.62457134643422,head-cam transcript,946.7962829479266,6.85308395172161,adult tokens (study-specific log-rate)
babyview,babyview,babyview,S00320002,16.62457134643422,head-cam transcript,1765.4174850735585,7.476142476849739,adult tokens (study-specific log-rate)
babyview,babyview,babyview,S00320002,16.62457134643422,head-cam transcript,3558.931800148288,8.177215722682105,adult tokens (study-specific log-rate)
babyview,babyview,babyview,S00320002,17.051684839524427,head-cam transcript,788.0354939178468,6.6695431318864244,adult tokens (study-specific log-rate)
babyview,babyview,babyview,S00320002,17.051684839524427,head-cam transcript,1019.8773917889654,6.927437694924756,adult tokens (study-specific log-rate)
babyview,babyview,babyview,S00320002,17.051684839524427,head-cam transcript,596.1815988076368,6.390545316640923,adult tokens (study-specific log-rate)
babyview,babyview,babyview,S00320002,17.051684839524427,head-cam transcript,495.5300127713922,6.205627922614608,adult tokens (study-specific log-rate)
babyview,babyview,babyview,S00320002,17.051684839524427,head-cam transcript,585.3506250243896,6.372211026704029,adult tokens (study-specific log-rate)
babyview,babyview,babyview,S00320002,17.347378796279184,head-cam transcript,1800.4872452596715,7.495812599064767,adult tokens (study-specific log-rate)
babyview,babyview,babyview,S00320002,17.347378796279184,head-cam transcript,1369.818652849741,7.222433639877794,adult tokens (study-specific log-rate)
babyview,babyview,babyview,S00320002,17.347378796279184,head-cam transcript,913.1469750380475,6.816896847965475,adult tokens (study-specific log-rate)
babyview,babyview,babyview,S00320002,17.347378796279184,head-cam transcript,976.2447120078103,6.8837132845019,adult tokens (study-specific log-rate)
babyview,babyview,babyview,S00320002,17.347378796279184,head-cam transcript,270.75351213282244,5.601208857663346,adult tokens (study-specific log-rate)
babyview,babyview,babyview,S00320002,17.347378796279184,head-cam transcript,500.6385696040867,6.215884422781796,adult tokens (study-specific log-rate)
babyview,babyview,babyview,S00320002,17.544508100782355,head-cam transcript,1737.320655072389,7.460099352009164,adult tokens (study-specific log-rate)
babyview,babyview,babyview,S00320002,17.544508100782355,head-cam transcript,2124.9294256531334,7.6614938693496555,adult tokens (study-specific log-rate)
babyview,babyview,babyview,S00320002,17.57736298486622,head-cam transcript,204.3422733077905,5.319796398225161,adult tokens (study-specific log-rate)
babyview,babyview,babyview,S00320002,17.57736298486622,head-cam transcript,509.49050949050934,6.233411225385288,adult tokens (study-specific log-rate)
babyview,babyview,babyview,S00320002,17.57736298486622,head-cam transcript,849.7677606030607,6.744963089332279,adult tokens (study-specific log-rate)
babyview,babyview,babyview,S00320002,17.675927637117805,head-cam transcript,3855.683031401988,8.257303450951817,adult tokens (study-specific log-rate)
babyview,babyview,babyview,S00320002,17.708782521201666,head-cam transcript,4614.494669861996,8.436957643620339,adult tokens (study-specific log-rate)
babyview,babyview,babyview,S00320002,17.708782521201666,head-cam transcript,4406.7432621067355,8.390891206305131,adult tokens (study-specific log-rate)
babyview,babyview,babyview,S00320002,17.74163740528553,head-cam transcript,3909.088553139659,8.271059519191944,adult tokens (study-specific log-rate)
babyview,babyview,babyview,S00320002,17.74163740528553,head-cam transcript,1450.1510574018123,7.2794230075070105,adult tokens (study-specific log-rate)
babyview,babyview,babyview,S00320002,18.267315550627323,head-cam transcript,1484.4491850618524,7.302799063279009,adult tokens (study-specific log-rate)
babyview,babyview,babyview,S00320002,18.267315550627323,head-cam transcript,505.7429400210725,6.226028516525948,adult tokens (study-specific log-rate)
babyview,babyview,babyview,S00320002,18.267315550627323,head-cam transcript,1537.6756066411237,7.3380272088601,adult tokens (study-specific log-rate)
babyview,babyview,babyview,S00320002,18.267315550627323,head-cam transcript,329.9293008641006,5.798878391702145,adult tokens (study-specific log-rate)
babyview,babyview,babyview,S00320002,18.267315550627323,head-cam transcript,240.1021711366539,5.481064545821283,adult tokens (study-specific log-rate)
babyview,babyview,babyview,S00320002,18.33302531879505,head-cam transcript,2477.203845103216,7.814885721260027,adult tokens (study-specific log-rate)
babyview,babyview,babyview,S00320002,18.33302531879505,head-cam transcript,1006.3361908311597,6.914071480548934,adult tokens (study-specific log-rate)
babyview,babyview,babyview,S00320002,18.33302531879505,head-cam transcript,753.8483671414186,6.625191243196739,adult tokens (study-specific log-rate)
babyview,babyview,babyview,S00320002,18.33302531879505,head-cam transcript,2771.6378989196555,7.927193723681839,adult tokens (study-specific log-rate)
babyview,babyview,babyview,S00320002,18.33302531879505,head-cam transcript,1813.5376756066403,7.50303473358664,adult tokens (study-specific log-rate)
babyview,babyview,babyview,S00320002,18.661574159633663,head-cam transcript,3448.4416718336797,8.145677718659483,adult tokens (study-specific log-rate)
babyview,babyview,babyview,S00320002,18.69442904371753,head-cam transcript,133.65509560051976,4.895262568311704,adult tokens (study-specific log-rate)
babyview,babyview,babyview,S00320002,18.69442904371753,head-cam transcript,374.62440001560935,5.92592392407561,adult tokens (study-specific log-rate)
babyview,babyview,babyview,S00320002,18.69442904371753,head-cam transcript,603.1468531468533,6.402160704633699,adult tokens (study-specific log-rate)
babyview,babyview,babyview,S00320002,18.825848580052977,head-cam transcript,3902.4038894390897,8.269348024139893,adult tokens (study-specific log-rate)
babyview,babyview,babyview,S00320002,18.85870346413684,head-cam transcript,3230.6424394646965,8.080436294106272,adult tokens (study-specific log-rate)
babyview,babyview,babyview,S00320002,18.891558348220705,head-cam transcript,1859.0735850774613,7.5278335700889185,adult tokens (study-specific log-rate)
babyview,babyview,babyview,S00320002,18.891558348220705,head-cam transcript,1926.9906394772245,7.563714810840152,adult tokens (study-specific log-rate)
babyview,babyview,babyview,S00320002,19.055832768640013,head-cam transcript,29.749607470456986,3.39281593763424,adult tokens (study-specific log-rate)
babyview,babyview,babyview,S00320002,19.055832768640013,head-cam transcript,8.993929097858944,2.1965498050462555,adult tokens (study-specific log-rate)
babyview,babyview,babyview,S00320002,19.055832768640013,head-cam transcript,4310.615265657796,8.368835925962399,adult tokens (study-specific log-rate)
babyview,babyview,babyview,S00320002,19.1543974208916,head-cam transcript,1899.3982867474879,7.549292423811756,adult tokens (study-specific log-rate)
babyview,babyview,babyview,S00320002,19.351526725394773,head-cam transcript,1481.737073002415,7.300970376487773,adult tokens (study-specific log-rate)
babyview,babyview,babyview,S00320002,19.351526725394773,head-cam transcript,452.83018867924517,6.115517195777961,adult tokens (study-specific log-rate)
babyview,babyview,babyview,S00320002,19.38438160947863,head-cam transcript,2378.875254737025,7.774383072920166,adult tokens (study-specific log-rate)
babyview,babyview,babyview,S00320002,19.417236493562495,head-cam transcript,3276.32198336733,8.094476725664418,adult tokens (study-specific log-rate)
babyview,babyview,babyview,S00320002,19.45009137764636,head-cam transcript,324.28183039077595,5.781612984579881,adult tokens (study-specific log-rate)
babyview,babyview,babyview,S00320002,19.58151091398181,head-cam transcript,1291.970047275613,7.163923500850602,adult tokens (study-specific log-rate)
babyview,babyview,babyview,S00320002,19.58151091398181,head-cam transcript,1022.0288384616891,6.929544988038424,adult tokens (study-specific log-rate)
babyview,babyview,babyview,S00320002,19.61436579806567,head-cam transcript,2133.393726644775,7.665469289643689,adult tokens (study-specific log-rate)
babyview,babyview,babyview,S00320002,19.68007556623339,head-cam transcript,1123.8732000468285,7.02453621274372,adult tokens (study-specific log-rate)
babyview,babyview,babyview,S00320002,19.68007556623339,head-cam transcript,643.6781609195403,6.467198851062703,adult tokens (study-specific log-rate)
babyview,babyview,babyview,S00320002,19.68007556623339,head-cam transcript,2058.5155953380818,7.629740417250283,adult tokens (study-specific log-rate)
babyview,babyview,babyview,S00320002,19.68007556623339,head-cam transcript,501.9420376456528,6.218484650168115,adult tokens (study-specific log-rate)
babyview,babyview,babyview,S00320002,19.942914638904288,head-cam transcript,454.8413032658218,6.119948574080492,adult tokens (study-specific log-rate)
babyview,babyview,babyview,S00320002,19.942914638904288,head-cam transcript,654.4913643500538,6.483858390992556,adult tokens (study-specific log-rate)
babyview,babyview,babyview,S00320002,20.041479291155877,head-cam transcript,3487.4192140352825,8.156917261426994,adult tokens (study-specific log-rate)
babyview,babyview,babyview,S00320002,20.074334175239738,head-cam transcript,312.36270977945696,5.744165043937588,adult tokens (study-specific log-rate)
babyview,babyview,babyview,S00320002,20.172898827491323,head-cam transcript,4168.814028030924,8.335386868593883,adult tokens (study-specific log-rate)
babyview,babyview,babyview,S00320002,20.304318363826773,head-cam transcript,131.11854000546327,4.876101799576932,adult tokens (study-specific log-rate)
babyview,babyview,babyview,S00320002,20.304318363826773,head-cam transcript,1050.746268656716,6.957255922755167,adult tokens (study-specific log-rate)
babyview,babyview,babyview,S00320002,20.304318363826773,head-cam transcript,104.89510489510485,4.6529608498244395,adult tokens (study-specific log-rate)
babyview,babyview,babyview,S00320002,20.53430255241381,head-cam transcript,2294.986960301362,7.738482440692605,adult tokens (study-specific log-rate)
babyview,babyview,babyview,S00320002,20.53430255241381,head-cam transcript,3540.2005801475116,8.171938665581262,adult tokens (study-specific log-rate)
babyview,babyview,babyview,S00320002,20.53430255241381,head-cam transcript,1265.777957655629,7.143442198424083,adult tokens (study-specific log-rate)
babyview,babyview,babyview,S00320002,20.56715743649767,head-cam transcript,1272.0306513409962,7.148369840575932,adult tokens (study-specific log-rate)
babyview,babyview,babyview,S00320002,20.56715743649767,head-cam transcript,1679.713413825129,7.426378470836834,adult tokens (study-specific log-rate)
babyview,babyview,babyview,S00320002,20.698576972833116,head-cam transcript,1153.054221002059,7.050169545184237,adult tokens (study-specific log-rate)
babyview,babyview,babyview,S00320002,20.698576972833116,head-cam transcript,69.41575076439962,4.240113798021444,adult tokens (study-specific log-rate)
babyview,babyview,babyview,S00320002,20.698576972833116,head-cam transcript,471.1645834083787,6.155207466966646,adult tokens (study-specific log-rate)
babyview,babyview,babyview,S00320002,20.73143185691698,head-cam transcript,464.0238313473879,6.1399359115698156,adult tokens (study-specific log-rate)
babyview,babyview,babyview,S00320002,21.158545350007188,head-cam transcript,1358.0025148194723,7.213770159972208,adult tokens (study-specific log-rate)
babyview,babyview,babyview,S00320002,21.158545350007188,head-cam transcript,2918.577198493687,7.978851515722379,adult tokens (study-specific log-rate)
babyview,babyview,babyview,S00320002,21.19140023409105,head-cam transcript,1701.1494252873567,7.439059434091669,adult tokens (study-specific log-rate)
babyview,babyview,babyview,S00320002,21.19140023409105,head-cam transcript,1350.099272005295,7.20793340354766,adult tokens (study-specific log-rate)
babyview,babyview,babyview,S00320002,21.19140023409105,head-cam transcript,1708.3658237718619,7.443292533950929,adult tokens (study-specific log-rate)
babyview,babyview,babyview,S00320002,21.38852953859422,head-cam transcript,2694.8649030980337,7.89910335336603,adult tokens (study-specific log-rate)
babyview,babyview,babyview,S00320002,21.454239306761945,head-cam transcript,3359.9843357373643,8.119691590963455,adult tokens (study-specific log-rate)
babyview,babyview,babyview,S00320002,21.454239306761945,head-cam transcript,989.0986439776656,6.896794067778993,adult tokens (study-specific log-rate)
babyview,babyview,babyview,S00320002,21.454239306761945,head-cam transcript,2844.2779438781013,7.953064516062819,adult tokens (study-specific log-rate)
babyview,babyview,babyview,S00320002,21.454239306761945,head-cam transcript,922.006378660481,6.826552141819518,adult tokens (study-specific log-rate)
babyview,babyview,babyview,S00320002,21.651368611265116,head-cam transcript,3619.9271230285653,8.194209172857105,adult tokens (study-specific log-rate)
babyview,babyview,babyview,S00320002,21.68422349534898,head-cam transcript,5349.278240110664,8.584716922398567,adult tokens (study-specific log-rate)
babyview,babyview,babyview,S00320002,21.749933263516706,head-cam transcript,1195.2648321657653,7.086123056687336,adult tokens (study-specific log-rate)
babyview,babyview,babyview,S00320002,21.84849791576829,head-cam transcript,3190.2558997482,8.067856411918292,adult tokens (study-specific log-rate)
babyview,babyview,babyview,S00320002,21.947062568019877,head-cam transcript,5364.8458805057435,8.587622927812612,adult tokens (study-specific log-rate)
babyview,babyview,babyview,S00320002,21.947062568019877,head-cam transcript,5339.163318364451,8.582824237724118,adult tokens (study-specific log-rate)
babyview,babyview,babyview,S00320002,22.177046756606913,head-cam transcript,398.0384250165849,5.986548545892044,adult tokens (study-specific log-rate)
babyview,babyview,babyview,S00320002,22.177046756606913,head-cam transcript,393.87308533916826,5.976028738978142,adult tokens (study-specific log-rate)
babyview,babyview,babyview,S00320002,22.177046756606913,head-cam transcript,1538.8494650769069,7.338790315589533,adult tokens (study-specific log-rate)
babyview,babyview,babyview,S00320002,22.177046756606913,head-cam transcript,460.90983383274306,6.133202435651471,adult tokens (study-specific log-rate)
babyview,babyview,babyview,S00320002,22.177046756606913,head-cam transcript,942.3170140571982,6.84834175093127,adult tokens (study-specific log-rate)
babyview,babyview,babyview,S00320002,22.374176061110084,head-cam transcript,4987.388472687572,8.5146676995822,adult tokens (study-specific log-rate)
babyview,babyview,babyview,S00320002,22.407030945193945,head-cam transcript,1756.993006993007,7.471359108095515,adult tokens (study-specific log-rate)
babyview,babyview,babyview,S00320002,22.407030945193945,head-cam transcript,5661.397329838641,8.641426018791218,adult tokens (study-specific log-rate)
babyview,babyview,babyview,S00320002,22.407030945193945,head-cam transcript,4283.866517202724,8.362611272632794,adult tokens (study-specific log-rate)
babyview,babyview,babyview,S00320002,22.60416024969712,head-cam transcript,852.2705100355115,6.747903976478524,adult tokens (study-specific log-rate)
babyview,babyview,babyview,S00320002,22.60416024969712,head-cam transcript,389.3410636637305,5.9644557298236265,adult tokens (study-specific log-rate)
babyview,babyview,babyview,S00320002,22.60416024969712,head-cam transcript,201.55520995334362,5.306063338662692,adult tokens (study-specific log-rate)
babyview,babyview,babyview,S00320002,22.63701513378098,head-cam transcript,3497.9659079447283,8.1599369093746,adult tokens (study-specific log-rate)
babyview,babyview,babyview,S00320002,22.702724901948702,head-cam transcript,5407.756433490395,8.595589578522603,adult tokens (study-specific log-rate)
babyview,babyview,babyview,S00320002,22.768434670116427,head-cam transcript,607.9182630906766,6.4100404372227535,adult tokens (study-specific log-rate)
babyview,babyview,babyview,S00320002,22.768434670116427,head-cam transcript,867.1328671328674,6.765192214327267,adult tokens (study-specific log-rate)
babyview,babyview,babyview,S00320002,22.768434670116427,head-cam transcript,607.9182630906766,6.4100404372227535,adult tokens (study-specific log-rate)
babyview,babyview,babyview,S00320002,22.834144438284152,head-cam transcript,318.4307400132679,5.763404994577835,adult tokens (study-specific log-rate)
babyview,babyview,babyview,S00320002,22.834144438284152,head-cam transcript,342.27330779054915,5.8356095635021905,adult tokens (study-specific log-rate)
babyview,babyview,babyview,S00320002,22.834144438284152,head-cam transcript,5.108556832694764,1.6309169441112246,adult tokens (study-specific log-rate)
babyview,babyview,babyview,S00320002,22.834144438284152,head-cam transcript,940.8501786761957,6.846783911899968,adult tokens (study-specific log-rate)
babyview,babyview,babyview,S00320002,22.998418858703463,head-cam transcript,5169.8910746220145,8.550606898542037,adult tokens (study-specific log-rate)
babyview,babyview,babyview,S00320002,23.064128626871188,head-cam transcript,333.73138080573193,5.810336420310265,adult tokens (study-specific log-rate)
babyview,babyview,babyview,S00320002,23.064128626871188,head-cam transcript,839.160839160839,6.732402391504276,adult tokens (study-specific log-rate)
babyview,babyview,babyview,S00320002,23.064128626871188,head-cam transcript,627.2687672426313,6.441375104675595,adult tokens (study-specific log-rate)
babyview,babyview,babyview,S00320002,23.58980677221298,head-cam transcript,469.4724362774155,6.151609588250595,adult tokens (study-specific log-rate)
babyview,babyview,babyview,S00320002,23.75408119263229,head-cam transcript,222.89641508265746,5.406707157187825,adult tokens (study-specific log-rate)
babyview,babyview,babyview,S00320002,23.75408119263229,head-cam transcript,1697.223677317968,7.436749064042765,adult tokens (study-specific log-rate)
babyview,babyview,babyview,S00320002,23.786936076716152,head-cam transcript,316.7574931880108,5.758136475395032,adult tokens (study-specific log-rate)
babyview,babyview,babyview,S00320002,23.786936076716152,head-cam transcript,316.73052362707546,5.7580513291563165,adult tokens (study-specific log-rate)
babyview,babyview,babyview,S00320002,23.786936076716152,head-cam transcript,178.75985351623117,5.186043304621142,adult tokens (study-specific log-rate)
babyview,babyview,babyview,S00320002,23.786936076716152,head-cam transcript,737.6864832446208,6.603518914887392,adult tokens (study-specific log-rate)
babyview,babyview,babyview,S00320002,24.21404956980636,head-cam transcript,4581.841052429286,8.429856172850261,adult tokens (study-specific log-rate)
babyview,babyview,babyview,S00320002,24.246904453890224,head-cam transcript,298.2601491300745,5.697966089334761,adult tokens (study-specific log-rate)
babyview,babyview,babyview,S00320002,24.246904453890224,head-cam transcript,194.12515964240103,5.2685031038376104,adult tokens (study-specific log-rate)
babyview,babyview,babyview,S00320002,24.246904453890224,head-cam transcript,349.26266770151886,5.855824268636107,adult tokens (study-specific log-rate)
babyview,babyview,babyview,S00320002,24.279759337974085,head-cam transcript,3556.315282098172,8.176480254710912,adult tokens (study-specific log-rate)
babyview,babyview,babyview,S00320002,24.279759337974085,head-cam transcript,4268.6804451510325,8.359060029224661,adult tokens (study-specific log-rate)
babyview,babyview,babyview,S00320002,24.34546910614181,head-cam transcript,3593.7672671013347,8.18695630929275,adult tokens (study-specific log-rate)
babyview,babyview,babyview,S00320002,24.411178874309535,head-cam transcript,3556.315282098172,8.176480254710912,adult tokens (study-specific log-rate)
babyview,babyview,babyview,S00320002,24.444033758393395,head-cam transcript,4268.6804451510325,8.359060029224661,adult tokens (study-specific log-rate)
babyview,babyview,babyview,S00320002,24.80543748331588,head-cam transcript,2694.5642795513363,7.898991792925464,adult tokens (study-specific log-rate)
babyview,babyview,babyview,S00320002,24.871147251483603,head-cam transcript,5055.157731759241,8.52816433408532,adult tokens (study-specific log-rate)
babyview,babyview,babyview,S00320002,25.002566787819053,head-cam transcript,857.8921078921076,6.754478343203475,adult tokens (study-specific log-rate)
babyview,babyview,babyview,S00320002,25.002566787819053,head-cam transcript,389.03497712618434,5.963669255067767,adult tokens (study-specific log-rate)
babyview,babyview,babyview,S00320002,25.002566787819053,head-cam transcript,19.252366436707845,2.9576339849553324,adult tokens (study-specific log-rate)
babyview,babyview,babyview,S00320002,25.166841208238363,head-cam transcript,3465.286969077125,8.150550727553147,adult tokens (study-specific log-rate)
babyview,babyview,babyview,S00320003,8.01659171646235,head-cam transcript,1939.8136440562573,7.570347187678523,adult tokens (study-specific log-rate)
babyview,babyview,babyview,S00320003,8.01659171646235,head-cam transcript,2727.9665636925315,7.91131176217729,adult tokens (study-specific log-rate)
babyview,babyview,babyview,S00320003,8.01659171646235,head-cam transcript,6384.672924257415,8.761655541509677,adult tokens (study-specific log-rate)
babyview,babyview,babyview,S00320003,8.049446600546212,head-cam transcript,2753.512132822477,7.9206325150202215,adult tokens (study-specific log-rate)
babyview,babyview,babyview,S00320003,8.082301484630074,head-cam transcript,2007.6628352490425,7.604726555980486,adult tokens (study-specific log-rate)
babyview,babyview,babyview,S00320003,8.082301484630074,head-cam transcript,3273.068501720362,8.093483203619275,adult tokens (study-specific log-rate)
babyview,babyview,babyview,S00320003,8.082301484630074,head-cam transcript,7649.609713790107,8.942409907713914,adult tokens (study-specific log-rate)
babyview,babyview,babyview,S00320003,8.246575905049385,head-cam transcript,3817.4325674325655,8.24733337287196,adult tokens (study-specific log-rate)
babyview,babyview,babyview,S00320003,8.246575905049385,head-cam transcript,2415.3483675530124,7.7895988072581615,adult tokens (study-specific log-rate)
babyview,babyview,babyview,S00320003,8.246575905049385,head-cam transcript,4914.808544360797,8.500008078488039,adult tokens (study-specific log-rate)
babyview,babyview,babyview,S00320003,8.279430789133247,head-cam transcript,2974.525474525474,7.997839800896371,adult tokens (study-specific log-rate)
babyview,babyview,babyview,S00320003,8.279430789133247,head-cam transcript,2922.84664580215,7.980313299076067,adult tokens (study-specific log-rate)
babyview,babyview,babyview,S00320003,8.31228567321711,head-cam transcript,2140.0359066427286,7.668577886680148,adult tokens (study-specific log-rate)
babyview,babyview,babyview,S00320003,8.31228567321711,head-cam transcript,2749.750249750249,7.919265368263751,adult tokens (study-specific log-rate)
babyview,babyview,babyview,S00320003,8.31228567321711,head-cam transcript,2551.198801198801,7.844318645798748,adult tokens (study-specific log-rate)
babyview,babyview,babyview,S00320003,8.31228567321711,head-cam transcript,2458.4886148562955,7.807302055910336,adult tokens (study-specific log-rate)
babyview,babyview,babyview,S00320003,8.31228567321711,head-cam transcript,1938.6812700807789,7.569763263227043,adult tokens (study-specific log-rate)
babyview,babyview,babyview,S00320003,8.607979629971869,head-cam transcript,2184.5427406294516,7.689161813606111,adult tokens (study-specific log-rate)
babyview,babyview,babyview,S00320003,8.607979629971869,head-cam transcript,3760.954398483664,8.232428033558666,adult tokens (study-specific log-rate)
babyview,babyview,babyview,S00320003,8.607979629971869,head-cam transcript,2374.1975766326523,7.772414796909896,adult tokens (study-specific log-rate)
babyview,babyview,babyview,S00320003,8.607979629971869,head-cam transcript,1135.321100917431,7.034670798201793,adult tokens (study-specific log-rate)
babyview,babyview,babyview,S00320003,8.772254050391178,head-cam transcript,2269.4183864915567,7.727278860241561,adult tokens (study-specific log-rate)
babyview,babyview,babyview,S00320003,8.772254050391178,head-cam transcript,2286.6611433305725,7.734848016595802,adult tokens (study-specific log-rate)
babyview,babyview,babyview,S00320003,8.837963818558903,head-cam transcript,2397.649363369246,7.782244104449688,adult tokens (study-specific log-rate)
babyview,babyview,babyview,S00320003,8.837963818558903,head-cam transcript,1512.5460150630233,7.321549612624385,adult tokens (study-specific log-rate)
babyview,babyview,babyview,S00320003,8.837963818558903,head-cam transcript,1910.5844400796082,7.55516446380589,adult tokens (study-specific log-rate)
babyview,babyview,babyview,S00320003,8.837963818558903,head-cam transcript,1529.1262135922325,7.332451749018189,adult tokens (study-specific log-rate)
babyview,babyview,babyview,S00320003,8.837963818558903,head-cam transcript,1465.717965061072,7.290100479941882,adult tokens (study-specific log-rate)
babyview,babyview,babyview,S00320003,8.837963818558903,head-cam transcript,1581.1042138571408,7.365878751455259,adult tokens (study-specific log-rate)
babyview,babyview,babyview,S00320003,9.035093123062076,head-cam transcript,2433.6299124671295,7.797139212877192,adult tokens (study-specific log-rate)
babyview,babyview,babyview,S00320003,9.035093123062076,head-cam transcript,1711.2398181692315,7.444973426647328,adult tokens (study-specific log-rate)
babyview,babyview,babyview,S00320003,9.035093123062076,head-cam transcript,3797.7548551582427,8.242165343517142,adult tokens (study-specific log-rate)
babyview,babyview,babyview,S00320003,9.067948007145937,head-cam transcript,5127.184526400893,8.54231196224212,adult tokens (study-specific log-rate)
babyview,babyview,babyview,S00320003,9.067948007145937,head-cam transcript,3676.0019251531644,8.209581007184136,adult tokens (study-specific log-rate)
babyview,babyview,babyview,S00320003,9.067948007145937,head-cam transcript,2278.0159216166576,7.731060133278865,adult tokens (study-specific log-rate)
babyview,babyview,babyview,S00320003,9.067948007145937,head-cam transcript,2060.2684223854144,7.630591555423884,adult tokens (study-specific log-rate)
babyview,babyview,babyview,S00320003,9.067948007145937,head-cam transcript,2956.46407712515,7.991749264713585,adult tokens (study-specific log-rate)
babyview,babyview,babyview,S00320003,9.067948007145937,head-cam transcript,3245.2457396888126,8.084946354988578,adult tokens (study-specific log-rate)
babyview,babyview,babyview,S00320003,9.067948007145937,head-cam transcript,5174.9680715197965,8.551588448359908,adult tokens (study-specific log-rate)
babyview,babyview,babyview,S00320003,9.297932195732972,head-cam transcript,1761.5109849782255,7.473927233911848,adult tokens (study-specific log-rate)
babyview,babyview,babyview,S00320003,9.297932195732972,head-cam transcript,3268.5978901361927,8.092116392164101,adult tokens (study-specific log-rate)
babyview,babyview,babyview,S00320003,9.297932195732972,head-cam transcript,2444.424210101851,7.801564877284367,adult tokens (study-specific log-rate)
babyview,babyview,babyview,S00320003,9.297932195732972,head-cam transcript,3624.491070151023,8.195469162991456,adult tokens (study-specific log-rate)
babyview,babyview,babyview,S00320003,9.495061500236144,head-cam transcript,1585.4222846292541,7.368606076459973,adult tokens (study-specific log-rate)
babyview,babyview,babyview,S00320003,9.495061500236144,head-cam transcript,2225.2747252747245,7.70763565901188,adult tokens (study-specific log-rate)
babyview,babyview,babyview,S00320003,9.495061500236144,head-cam transcript,5333.71489522224,8.58180325284891,adult tokens (study-specific log-rate)
babyview,babyview,babyview,S00320003,9.495061500236144,head-cam transcript,2861.193855119216,7.958994248573323,adult tokens (study-specific log-rate)
babyview,babyview,babyview,S00320003,9.527916384320006,head-cam transcript,1938.6812700807789,7.569763263227043,adult tokens (study-specific log-rate)
babyview,babyview,babyview,S00320003,9.527916384320006,head-cam transcript,4832.694763729242,8.483159513163102,adult tokens (study-specific log-rate)
babyview,babyview,babyview,S00320003,9.527916384320006,head-cam transcript,2351.5003061849357,7.7628088315934445,adult tokens (study-specific log-rate)
babyview,babyview,babyview,S00320003,9.75790057290704,head-cam transcript,2378.3695607846334,7.774170473411877,adult tokens (study-specific log-rate)
babyview,babyview,babyview,S00320003,9.75790057290704,head-cam transcript,1952.729685081363,7.576983511200529,adult tokens (study-specific log-rate)
babyview,babyview,babyview,S00320003,9.75790057290704,head-cam transcript,1141.85551521222,7.040409863133125,adult tokens (study-specific log-rate)
babyview,babyview,babyview,S00320003,9.75790057290704,head-cam transcript,2332.036890097169,7.754497366426381,adult tokens (study-specific log-rate)
babyview,babyview,babyview,S00320003,9.75790057290704,head-cam transcript,1577.7529627895253,7.363756938319994,adult tokens (study-specific log-rate)
babyview,babyview,babyview,S00320003,9.987884761494076,head-cam transcript,2445.389868077651,7.801959844443819,adult tokens (study-specific log-rate)
babyview,babyview,babyview,S00320003,9.987884761494076,head-cam transcript,2291.9362756035525,7.737152274482829,adult tokens (study-specific log-rate)
babyview,babyview,babyview,S00320003,9.987884761494076,head-cam transcript,2584.908360107705,7.857445335678824,adult tokens (study-specific log-rate)
babyview,babyview,babyview,S00320003,9.987884761494076,head-cam transcript,2589.591165107899,7.859255290924063,adult tokens (study-specific log-rate)
babyview,babyview,babyview,S00320003,9.987884761494076,head-cam transcript,3948.914431673055,8.281195992698647,adult tokens (study-specific log-rate)
babyview,babyview,babyview,S00320003,10.21786895008111,head-cam transcript,2767.1158631223657,7.925560852102305,adult tokens (study-specific log-rate)
babyview,babyview,babyview,S00320003,10.21786895008111,head-cam transcript,3182.556541297014,8.065440096588594,adult tokens (study-specific log-rate)
babyview,babyview,babyview,S00320003,10.21786895008111,head-cam transcript,2986.9241021577054,8.001999408505172,adult tokens (study-specific log-rate)
babyview,babyview,babyview,S00320003,10.21786895008111,head-cam transcript,2488.9522451888797,7.8196171158391685,adult tokens (study-specific log-rate)
babyview,babyview,babyview,S00320003,10.447853138668146,head-cam transcript,1479.7663800616567,7.29963950298864,adult tokens (study-specific log-rate)
babyview,babyview,babyview,S00320003,10.447853138668146,head-cam transcript,1901.948777061345,7.550634311649809,adult tokens (study-specific log-rate)
babyview,babyview,babyview,S00320003,10.447853138668146,head-cam transcript,1756.7804024496936,7.471238095998946,adult tokens (study-specific log-rate)
babyview,babyview,babyview,S00320003,10.447853138668146,head-cam transcript,4044.198895027628,8.305038761677624,adult tokens (study-specific log-rate)
babyview,babyview,babyview,S00320003,10.447853138668146,head-cam transcript,3797.5304603810614,8.242106255604595,adult tokens (study-specific log-rate)
babyview,babyview,babyview,S00320003,10.644982443171315,head-cam transcript,1499.9459673642873,7.313184364684361,adult tokens (study-specific log-rate)
babyview,babyview,babyview,S00320003,10.644982443171315,head-cam transcript,1609.5439848366593,7.383706178626813,adult tokens (study-specific log-rate)
babyview,babyview,babyview,S00320003,10.644982443171315,head-cam transcript,164.56684134240157,5.103316818024552,adult tokens (study-specific log-rate)
babyview,babyview,babyview,S00320003,10.644982443171315,head-cam transcript,2448.552493896058,7.803252310118624,adult tokens (study-specific log-rate)
babyview,babyview,babyview,S00320003,10.874966631758353,head-cam transcript,3412.322274881519,8.135148357516172,adult tokens (study-specific log-rate)
babyview,babyview,babyview,S00320003,10.907821515842214,head-cam transcript,1634.018155757286,7.398797386592788,adult tokens (study-specific log-rate)
babyview,babyview,babyview,S00320003,10.907821515842214,head-cam transcript,1416.8803657040924,7.256212808253541,adult tokens (study-specific log-rate)
babyview,babyview,babyview,S00320003,10.907821515842214,head-cam transcript,2002.8988738989851,7.6023508470717625,adult tokens (study-specific log-rate)
babyview,babyview,babyview,S00320003,11.13780570442925,head-cam transcript,4107.279693486588,8.32051621329019,adult tokens (study-specific log-rate)
babyview,babyview,babyview,S00320003,11.13780570442925,head-cam transcript,2806.186081317037,7.939581573972196,adult tokens (study-specific log-rate)
babyview,babyview,babyview,S00320003,11.13780570442925,head-cam transcript,6993.614303959132,8.852752769399673,adult tokens (study-specific log-rate)
babyview,babyview,babyview,S00320003,11.13780570442925,head-cam transcript,356.64162470073467,5.876731425203491,adult tokens (study-specific log-rate)
babyview,babyview,babyview,S00320003,11.13780570442925,head-cam transcript,3203.0386201334577,8.071855207024278,adult tokens (study-specific log-rate)
babyview,babyview,babyview,S00320003,11.13780570442925,head-cam transcript,1454.088501929809,7.282134524143296,adult tokens (study-specific log-rate)
babyview,babyview,babyview,S00320003,11.33493500893242,head-cam transcript,2457.212713936431,7.806782943432512,adult tokens (study-specific log-rate)
babyview,babyview,babyview,S00320003,11.33493500893242,head-cam transcript,1658.3357835930603,7.413569838467046,adult tokens (study-specific log-rate)
babyview,babyview,babyview,S00320003,11.33493500893242,head-cam transcript,2056.6933066933066,7.628854781158767,adult tokens (study-specific log-rate)
babyview,babyview,babyview,S00320003,11.33493500893242,head-cam transcript,1742.0079920079916,7.462793745236592,adult tokens (study-specific log-rate)
babyview,babyview,babyview,S00320003,11.367789893016283,head-cam transcript,1340.617683130784,7.2008857442969445,adult tokens (study-specific log-rate)
babyview,babyview,babyview,S00320003,11.367789893016283,head-cam transcript,2416.45177592619,7.790055534920562,adult tokens (study-specific log-rate)
babyview,babyview,babyview,S00320003,11.367789893016283,head-cam transcript,3166.005136586504,8.060225862861152,adult tokens (study-specific log-rate)
babyview,babyview,babyview,S00320003,11.367789893016283,head-cam transcript,2769.269082306064,7.926338695158194,adult tokens (study-specific log-rate)
babyview,babyview,babyview,S00320003,11.367789893016283,head-cam transcript,3911.962825546633,8.271794528437429,adult tokens (study-specific log-rate)
babyview,babyview,babyview,S00320003,11.597774081603315,head-cam transcript,2828.4142201178497,7.947471487336543,adult tokens (study-specific log-rate)
babyview,babyview,babyview,S00320003,11.597774081603315,head-cam transcript,3029.7748351262403,8.016243583902629,adult tokens (study-specific log-rate)
babyview,babyview,babyview,S00320003,11.597774081603315,head-cam transcript,2074.85321133965,7.637645688639439,adult tokens (study-specific log-rate)
babyview,babyview,babyview,S00320003,11.597774081603315,head-cam transcript,2210.819764857986,7.70111866005755,adult tokens (study-specific log-rate)
babyview,babyview,babyview,S00320003,11.79490338610649,head-cam transcript,2029.2347377472063,7.615414024483129,adult tokens (study-specific log-rate)
babyview,babyview,babyview,S00320003,11.79490338610649,head-cam transcript,2851.5113303869834,7.9556044240717725,adult tokens (study-specific log-rate)
babyview,babyview,babyview,S00320003,11.79490338610649,head-cam transcript,1854.4000576348121,7.525316503665519,adult tokens (study-specific log-rate)
babyview,babyview,babyview,S00320003,11.79490338610649,head-cam transcript,5221.713915204782,8.560580963232262,adult tokens (study-specific log-rate)
babyview,babyview,babyview,S00320003,11.992032690609664,head-cam transcript,2321.2420301862317,7.749857679246366,adult tokens (study-specific log-rate)
babyview,babyview,babyview,S00320003,11.992032690609664,head-cam transcript,2485.501242750621,7.818229625534852,adult tokens (study-specific log-rate)
babyview,babyview,babyview,S00320003,11.992032690609664,head-cam transcript,4296.675191815856,8.365596791394076,adult tokens (study-specific log-rate)
babyview,babyview,babyview,S00320003,11.992032690609664,head-cam transcript,5440.683464907535,8.601659968889862,adult tokens (study-specific log-rate)
babyview,babyview,babyview,S00320003,12.419146183699873,head-cam transcript,1694.4634559273802,7.435121424527964,adult tokens (study-specific log-rate)
babyview,babyview,babyview,S00320003,12.419146183699873,head-cam transcript,3962.8096369189007,8.28470855694181,adult tokens (study-specific log-rate)
babyview,babyview,babyview,S00320003,12.419146183699873,head-cam transcript,3362.9912467130116,8.120586108915893,adult tokens (study-specific log-rate)
babyview,babyview,babyview,S00320003,12.419146183699873,head-cam transcript,3634.261318153519,8.19816115560399,adult tokens (study-specific log-rate)
babyview,babyview,babyview,S00320003,12.452001067783732,head-cam transcript,2139.692374194014,7.6684173473061925,adult tokens (study-specific log-rate)
babyview,babyview,babyview,S00320003,12.452001067783732,head-cam transcript,1548.8831929696084,7.345289429548756,adult tokens (study-specific log-rate)
babyview,babyview,babyview,S00320003,12.71484014045463,head-cam transcript,2697.3091747415433,7.900009953106929,adult tokens (study-specific log-rate)
babyview,babyview,babyview,S00320003,12.71484014045463,head-cam transcript,1521.5590216490762,7.327490760335599,adult tokens (study-specific log-rate)
babyview,babyview,babyview,S00320003,12.71484014045463,head-cam transcript,1351.1991892804865,7.20874776549377,adult tokens (study-specific log-rate)
babyview,babyview,babyview,S00320003,12.74769502453849,head-cam transcript,2640.9586726071584,7.878897263786644,adult tokens (study-specific log-rate)
babyview,babyview,babyview,S00320003,12.74769502453849,head-cam transcript,2239.714572416101,7.714103713701555,adult tokens (study-specific log-rate)
babyview,babyview,babyview,S00320003,12.74769502453849,head-cam transcript,3050.507302932325,8.023063184600622,adult tokens (study-specific log-rate)
babyview,babyview,babyview,S00320003,12.74769502453849,head-cam transcript,2825.05070993915,7.946281593840372,adult tokens (study-specific log-rate)
babyview,babyview,babyview,S00320003,12.74769502453849,head-cam transcript,610.2384450220363,6.4138497742671525,adult tokens (study-specific log-rate)
babyview,babyview,babyview,S00320003,12.813404792706216,head-cam transcript,2390.6633297816984,7.779326150259104,adult tokens (study-specific log-rate)
babyview,babyview,babyview,S00320003,12.813404792706216,head-cam transcript,1910.5939987752604,7.5551694668152,adult tokens (study-specific log-rate)
babyview,babyview,babyview,S00320003,12.846259676790078,head-cam transcript,2760.989010989011,7.9233442318385725,adult tokens (study-specific log-rate)
babyview,babyview,babyview,S00320003,12.846259676790078,head-cam transcript,2336.046381982384,7.756215199051682,adult tokens (study-specific log-rate)
babyview,babyview,babyview,S00320003,12.846259676790078,head-cam transcript,2904.7944958755097,7.974117925260652,adult tokens (study-specific log-rate)
babyview,babyview,babyview,S00320003,12.846259676790078,head-cam transcript,4631.448104412682,8.440624863711234,adult tokens (study-specific log-rate)
babyview,babyview,babyview,S00320003,12.944824329041664,head-cam transcript,1659.59040959041,7.414326109694372,adult tokens (study-specific log-rate)
babyview,babyview,babyview,S00320003,12.944824329041664,head-cam transcript,3758.7850391792526,8.23185105628902,adult tokens (study-specific log-rate)
babyview,babyview,babyview,S00320003,13.174808517628698,head-cam transcript,1162.7823205215955,7.058570964339341,adult tokens (study-specific log-rate)
babyview,babyview,babyview,S00320003,13.174808517628698,head-cam transcript,4158.351644393211,8.332874035403208,adult tokens (study-specific log-rate)
babyview,babyview,babyview,S00320003,13.174808517628698,head-cam transcript,1089.201549506379,6.993200183408195,adult tokens (study-specific log-rate)
babyview,babyview,babyview,S00320003,13.371937822131873,head-cam transcript,2736.212672454162,7.914330006881678,adult tokens (study-specific log-rate)
babyview,babyview,babyview,S00320003,13.371937822131873,head-cam transcript,4015.091836311625,8.297815499422292,adult tokens (study-specific log-rate)
babyview,babyview,babyview,S00320003,13.371937822131873,head-cam transcript,1491.3007456503726,7.3074040017688615,adult tokens (study-specific log-rate)
babyview,babyview,babyview,S00320003,13.371937822131873,head-cam transcript,2152.6602067648864,7.674459661762155,adult tokens (study-specific log-rate)
babyview,babyview,babyview,S00320003,13.66763177888663,head-cam transcript,2839.6603396603405,7.951439725291608,adult tokens (study-specific log-rate)
babyview,babyview,babyview,S00320003,13.66763177888663,head-cam transcript,1505.9940059940063,7.317208428268257,adult tokens (study-specific log-rate)
babyview,babyview,babyview,S00320003,13.66763177888663,head-cam transcript,835.278357064925,6.727765031052573,adult tokens (study-specific log-rate)
babyview,babyview,babyview,S00320003,13.864761083389803,head-cam transcript,2667.0508987428398,7.888728608642889,adult tokens (study-specific log-rate)
babyview,babyview,babyview,S00320003,13.864761083389803,head-cam transcript,2006.9126992975812,7.604352849742436,adult tokens (study-specific log-rate)
babyview,babyview,babyview,S00320003,13.864761083389803,head-cam transcript,427.07292707292686,6.056954788043731,adult tokens (study-specific log-rate)
babyview,babyview,babyview,S00320003,13.864761083389803,head-cam transcript,5717.121588089333,8.651220738851237,adult tokens (study-specific log-rate)
babyview,babyview,babyview,S00320003,14.1276001560607,head-cam transcript,1723.6233398000295,7.452183946958906,adult tokens (study-specific log-rate)
babyview,babyview,babyview,S00320003,14.1276001560607,head-cam transcript,1438.561438561439,7.271398892236963,adult tokens (study-specific log-rate)
babyview,babyview,babyview,S00320003,14.1276001560607,head-cam transcript,2653.138588471402,7.88349859117193,adult tokens (study-specific log-rate)
babyview,babyview,babyview,S00320003,14.324729460563873,head-cam transcript,341.17515888058864,5.83239600781056,adult tokens (study-specific log-rate)
babyview,babyview,babyview,S00320003,14.324729460563873,head-cam transcript,576.2188802653093,6.356487588974608,adult tokens (study-specific log-rate)
babyview,babyview,babyview,S00320003,14.324729460563873,head-cam transcript,826.8480321106031,6.717620920109825,adult tokens (study-specific log-rate)
babyview,babyview,babyview,S00320003,14.587568533234768,head-cam transcript,1142.607392607392,7.041068116256647,adult tokens (study-specific log-rate)
babyview,babyview,babyview,S00320003,14.587568533234768,head-cam transcript,1910.8142263946556,7.555284726743825,adult tokens (study-specific log-rate)
babyview,babyview,babyview,S00320003,14.587568533234768,head-cam transcript,1733.9601769911496,7.458163191097036,adult tokens (study-specific log-rate)
babyview,babyview,babyview,S00320003,14.587568533234768,head-cam transcript,1374.2437337942952,7.225658847002737,adult tokens (study-specific log-rate)
babyview,babyview,babyview,S00320003,14.587568533234768,head-cam transcript,1197.6351680942817,7.0881041981504485,adult tokens (study-specific log-rate)
babyview,babyview,babyview,S00320003,14.78469783773794,head-cam transcript,2158.7731050899483,7.677295332398376,adult tokens (study-specific log-rate)
babyview,babyview,babyview,S00320003,14.78469783773794,head-cam transcript,2191.5486676329574,7.692363727065149,adult tokens (study-specific log-rate)
babyview,babyview,babyview,S00320003,14.817552721821803,head-cam transcript,2269.3706999027418,7.727257847329126,adult tokens (study-specific log-rate)
babyview,babyview,babyview,S00320003,14.817552721821803,head-cam transcript,3026.660275083887,8.015215071168575,adult tokens (study-specific log-rate)
babyview,babyview,babyview,S00320003,14.817552721821803,head-cam transcript,1774.1108261790619,7.481054633397942,adult tokens (study-specific log-rate)
babyview,babyview,babyview,S00320003,14.817552721821803,head-cam transcript,1172.0370163897867,7.066498553588525,adult tokens (study-specific log-rate)
babyview,babyview,babyview,S00320003,15.014682026324977,head-cam transcript,1219.2143762239377,7.105961976385121,adult tokens (study-specific log-rate)
babyview,babyview,babyview,S00320003,15.014682026324977,head-cam transcript,1196.1199687813578,7.086838237825648,adult tokens (study-specific log-rate)
babyview,babyview,babyview,S00320003,15.014682026324977,head-cam transcript,1793.2286937345957,7.4917730135667115,adult tokens (study-specific log-rate)
babyview,babyview,babyview,S00320003,15.014682026324977,head-cam transcript,1607.1428571428576,7.382213258577253,adult tokens (study-specific log-rate)
babyview,babyview,babyview,S00320003,15.047536910408835,head-cam transcript,658.6442340337244,6.490183531418622,adult tokens (study-specific log-rate)
babyview,babyview,babyview,S00320003,15.047536910408835,head-cam transcript,349.20280967777893,5.855652869974827,adult tokens (study-specific log-rate)
babyview,babyview,babyview,S00320003,15.047536910408835,head-cam transcript,1344.6315085293795,7.203875283145311,adult tokens (study-specific log-rate)
babyview,babyview,babyview,S00320003,15.047536910408835,head-cam transcript,3025.8275998703193,8.014939919780906,adult tokens (study-specific log-rate)
babyview,babyview,babyview,S00320003,15.24466621491201,head-cam transcript,1178.3482565531424,7.071868954266788,adult tokens (study-specific log-rate)
babyview,babyview,babyview,S00320003,15.24466621491201,head-cam transcript,400.11794860162865,5.991759375145996,adult tokens (study-specific log-rate)
babyview,babyview,babyview,S00320003,15.24466621491201,head-cam transcript,929.3613342458846,6.834497612865165,adult tokens (study-specific log-rate)
babyview,babyview,babyview,S00320003,15.24466621491201,head-cam transcript,1086.4107600452676,6.9906346610680385,adult tokens (study-specific log-rate)
babyview,babyview,babyview,S00320003,15.24466621491201,head-cam transcript,403.71750087008087,6.000715378096077,adult tokens (study-specific log-rate)
babyview,babyview,babyview,S00320003,15.277521098995871,head-cam transcript,1770.0970007804656,7.47878962676709,adult tokens (study-specific log-rate)
babyview,babyview,babyview,S00320003,15.277521098995871,head-cam transcript,1400.5259176542631,7.244603100529831,adult tokens (study-specific log-rate)
babyview,babyview,babyview,S00320003,15.277521098995871,head-cam transcript,2378.8711288711293,7.774381338541928,adult tokens (study-specific log-rate)
babyview,babyview,babyview,S00320003,15.474650403499044,head-cam transcript,798.7512543204367,6.683049576044736,adult tokens (study-specific log-rate)
babyview,babyview,babyview,S00320003,15.474650403499044,head-cam transcript,1089.2979359533163,6.993288672248926,adult tokens (study-specific log-rate)
babyview,babyview,babyview,S00320003,15.474650403499044,head-cam transcript,1554.691260064779,7.349032258318217,adult tokens (study-specific log-rate)
babyview,babyview,babyview,S00320003,15.507505287582909,head-cam transcript,884.011583600061,6.78447016617177,adult tokens (study-specific log-rate)
babyview,babyview,babyview,S00320003,15.507505287582909,head-cam transcript,786.2926002636041,6.667328988122213,adult tokens (study-specific log-rate)
babyview,babyview,babyview,S00320003,15.507505287582909,head-cam transcript,1834.3182071579888,7.514428142214449,adult tokens (study-specific log-rate)
babyview,babyview,babyview,S00320003,15.507505287582909,head-cam transcript,2001.3688267713708,7.601586638823736,adult tokens (study-specific log-rate)
babyview,babyview,babyview,S00320003,15.70463459208608,head-cam transcript,1617.5716356338503,7.388681313266927,adult tokens (study-specific log-rate)
babyview,babyview,babyview,S00320003,15.70463459208608,head-cam transcript,1696.5474848888437,7.436350573746423,adult tokens (study-specific log-rate)
babyview,babyview,babyview,S00320003,15.70463459208608,head-cam transcript,2576.27607074673,7.854100251802851,adult tokens (study-specific log-rate)
babyview,babyview,babyview,S00320003,15.70463459208608,head-cam transcript,1272.3826513546665,7.148646525197525,adult tokens (study-specific log-rate)
babyview,babyview,babyview,S00320003,15.73748947616994,head-cam transcript,1339.2822300558037,7.199889100221581,adult tokens (study-specific log-rate)
babyview,babyview,babyview,S00320003,15.73748947616994,head-cam transcript,3026.070469268445,8.015020182004585,adult tokens (study-specific log-rate)
babyview,babyview,babyview,S00320003,15.73748947616994,head-cam transcript,1737.320655072389,7.460099352009164,adult tokens (study-specific log-rate)
babyview,babyview,babyview,S00320003,15.73748947616994,head-cam transcript,1594.190732034923,7.374121508424624,adult tokens (study-specific log-rate)
babyview,babyview,babyview,S00320003,15.934618780673114,head-cam transcript,1196.1199687813578,7.086838237825648,adult tokens (study-specific log-rate)
babyview,babyview,babyview,S00320003,15.934618780673114,head-cam transcript,1694.7134895297875,7.43526897280112,adult tokens (study-specific log-rate)
babyview,babyview,babyview,S00320003,15.934618780673114,head-cam transcript,1716.076510212168,7.447795865424692,adult tokens (study-specific log-rate)
babyview,babyview,babyview,S00320003,15.934618780673114,head-cam transcript,3827.8843287290097,8.250067534960866,adult tokens (study-specific log-rate)
babyview,babyview,babyview,S00320003,15.967473664756977,head-cam transcript,1019.5116512431706,6.92707901833878,adult tokens (study-specific log-rate)
babyview,babyview,babyview,S00320003,15.967473664756977,head-cam transcript,2107.9782976074,7.6534846143556,adult tokens (study-specific log-rate)
babyview,babyview,babyview,S00320003,15.967473664756977,head-cam transcript,1432.935667298473,7.267480533099883,adult tokens (study-specific log-rate)
babyview,babyview,babyview,S00320003,16.197457853344012,head-cam transcript,1756.0518750731694,7.470823315372139,adult tokens (study-specific log-rate)
babyview,babyview,babyview,S00320003,16.197457853344012,head-cam transcript,2122.401930766183,7.660303712532023,adult tokens (study-specific log-rate)
babyview,babyview,babyview,S00320003,16.197457853344012,head-cam transcript,769.5741032206536,6.645837249124021,adult tokens (study-specific log-rate)
babyview,babyview,babyview,S00320003,16.197457853344012,head-cam transcript,2083.848225086826,7.641971571567968,adult tokens (study-specific log-rate)
babyview,babyview,babyview,S00320003,16.427442041931045,head-cam transcript,1311.185400054633,7.178686892570978,adult tokens (study-specific log-rate)
babyview,babyview,babyview,S00320003,16.427442041931045,head-cam transcript,1790.7092907092904,7.490367072140692,adult tokens (study-specific log-rate)
babyview,babyview,babyview,S00320003,16.427442041931045,head-cam transcript,1406.399829527293,7.248788405718798,adult tokens (study-specific log-rate)
babyview,babyview,babyview,S00320003,16.427442041931045,head-cam transcript,1811.1739490652355,7.50173050465964,adult tokens (study-specific log-rate)
babyview,babyview,babyview,S00320003,16.427442041931045,head-cam transcript,1593.488683242279,7.373681032007434,adult tokens (study-specific log-rate)
babyview,babyview,babyview,S00320003,16.427442041931045,head-cam transcript,1289.863135640369,7.1622913953242815,adult tokens (study-specific log-rate)
babyview,babyview,babyview,S00320003,16.46029692601491,head-cam transcript,1857.9149675128294,7.527210152725231,adult tokens (study-specific log-rate)
babyview,babyview,babyview,S00320003,16.46029692601491,head-cam transcript,1353.0201342281878,7.210094509233891,adult tokens (study-specific log-rate)
babyview,babyview,babyview,S00320003,16.62457134643422,head-cam transcript,1750.657397067829,7.467746651844041,adult tokens (study-specific log-rate)
babyview,babyview,babyview,S00320003,16.62457134643422,head-cam transcript,1749.5004995004986,7.467085597318133,adult tokens (study-specific log-rate)
babyview,babyview,babyview,S00320003,16.62457134643422,head-cam transcript,1338.7403456225077,7.1994844102495,adult tokens (study-specific log-rate)
babyview,babyview,babyview,S00320003,16.62457134643422,head-cam transcript,1260.341175158881,7.139137737228498,adult tokens (study-specific log-rate)
babyview,babyview,babyview,S00320003,16.65742623051808,head-cam transcript,1231.5777150513154,7.1160513215794925,adult tokens (study-specific log-rate)
babyview,babyview,babyview,S00320003,16.65742623051808,head-cam transcript,3202.7649769585237,8.071769771006469,adult tokens (study-specific log-rate)
babyview,babyview,babyview,S00320003,16.65742623051808,head-cam transcript,2022.9717600842905,7.6123228776458385,adult tokens (study-specific log-rate)
babyview,babyview,babyview,S00320003,16.65742623051808,head-cam transcript,812.6508411080296,6.7003015475674514,adult tokens (study-specific log-rate)
babyview,babyview,babyview,S00320003,16.85455553502125,head-cam transcript,903.4256691041392,6.806193836702313,adult tokens (study-specific log-rate)
babyview,babyview,babyview,S00320003,16.85455553502125,head-cam transcript,1962.4653290587512,7.58195678277885,adult tokens (study-specific log-rate)
babyview,babyview,babyview,S00320003,16.85455553502125,head-cam transcript,3905.4593701627264,8.270130691760475,adult tokens (study-specific log-rate)
babyview,babyview,babyview,S00320003,16.85455553502125,head-cam transcript,314.72261735419636,5.751691671059511,adult tokens (study-specific log-rate)
babyview,babyview,babyview,S00320003,16.85455553502125,head-cam transcript,1136.2301820317086,7.035471203783331,adult tokens (study-specific log-rate)
babyview,babyview,babyview,S00320003,16.85455553502125,head-cam transcript,1439.429415366881,7.272002074717945,adult tokens (study-specific log-rate)
babyview,babyview,babyview,S00320003,16.85455553502125,head-cam transcript,2701.6317855985017,7.901611234473903,adult tokens (study-specific log-rate)
babyview,babyview,babyview,S00320003,16.85455553502125,head-cam transcript,1128.201433665934,7.028379992060195,adult tokens (study-specific log-rate)
babyview,babyview,babyview,S00320003,17.084539723608287,head-cam transcript,2046.3857850852667,7.623830484497319,adult tokens (study-specific log-rate)
babyview,babyview,babyview,S00320003,17.084539723608287,head-cam transcript,1043.5946036347414,6.950426382335771,adult tokens (study-specific log-rate)
babyview,babyview,babyview,S00320003,17.084539723608287,head-cam transcript,2867.7545669966216,7.961284621696635,adult tokens (study-specific log-rate)
babyview,babyview,babyview,S00320003,17.084539723608287,head-cam transcript,1043.5946036347414,6.950426382335771,adult tokens (study-specific log-rate)
babyview,babyview,babyview,S00320003,17.084539723608287,head-cam transcript,596.520298260149,6.391113269894706,adult tokens (study-specific log-rate)
babyview,babyview,babyview,S00320003,17.117394607692148,head-cam transcript,1834.3182071579888,7.514428142214449,adult tokens (study-specific log-rate)
babyview,babyview,babyview,S00320003,17.117394607692148,head-cam transcript,2341.402500097559,7.75850538782392,adult tokens (study-specific log-rate)
babyview,babyview,babyview,S00320003,17.117394607692148,head-cam transcript,677.7093769271548,6.518718548444685,adult tokens (study-specific log-rate)
babyview,babyview,babyview,S00320003,17.314523912195323,head-cam transcript,1270.8475919455352,7.147439352076184,adult tokens (study-specific log-rate)
babyview,babyview,babyview,S00320003,17.314523912195323,head-cam transcript,1222.2200542428445,7.108424200641406,adult tokens (study-specific log-rate)
babyview,babyview,babyview,S00320003,17.314523912195323,head-cam transcript,2065.117005086046,7.632942164848574,adult tokens (study-specific log-rate)
babyview,babyview,babyview,S00320003,17.314523912195323,head-cam transcript,907.7482799610966,6.810967115454971,adult tokens (study-specific log-rate)
babyview,babyview,babyview,S00320003,17.314523912195323,head-cam transcript,2118.079319909225,7.658264975842174,adult tokens (study-specific log-rate)
babyview,babyview,babyview,S00320003,17.314523912195323,head-cam transcript,943.2489686698625,6.849330265464403,adult tokens (study-specific log-rate)
babyview,babyview,babyview,S00320003,17.314523912195323,head-cam transcript,3492.5933653244315,8.158399823865972,adult tokens (study-specific log-rate)
babyview,babyview,babyview,S00320003,17.314523912195323,head-cam transcript,1539.3457320857951,7.3391127558387055,adult tokens (study-specific log-rate)
babyview,babyview,babyview,S00320003,17.314523912195323,head-cam transcript,260.7885749767154,5.563710021488298,adult tokens (study-specific log-rate)
babyview,babyview,babyview,S00320003,17.544508100782355,head-cam transcript,437.5069684468727,6.081092633549388,adult tokens (study-specific log-rate)
babyview,babyview,babyview,S00320003,17.544508100782355,head-cam transcript,1145.4918770937647,7.043589410723724,adult tokens (study-specific log-rate)
babyview,babyview,babyview,S00320003,17.544508100782355,head-cam transcript,2043.4227330779054,7.6223814912192065,adult tokens (study-specific log-rate)
babyview,babyview,babyview,S00320003,17.544508100782355,head-cam transcript,2004.5146726862297,7.603157251929171,adult tokens (study-specific log-rate)
babyview,babyview,babyview,S00320003,17.544508100782355,head-cam transcript,3071.9930082662695,8.030081818309982,adult tokens (study-specific log-rate)
babyview,babyview,babyview,S00320003,17.544508100782355,head-cam transcript,1704.5410200710232,7.441051157038469,adult tokens (study-specific log-rate)
babyview,babyview,babyview,S00320003,17.544508100782355,head-cam transcript,1880.779188756011,7.539441432062563,adult tokens (study-specific log-rate)
babyview,babyview,babyview,S00320003,17.544508100782355,head-cam transcript,1521.667385951106,7.327561977055988,adult tokens (study-specific log-rate)
babyview,babyview,babyview,S00320003,17.77449228936939,head-cam transcript,2814.3658051172642,7.942492223936935,adult tokens (study-specific log-rate)
babyview,babyview,babyview,S00320003,17.77449228936939,head-cam transcript,1314.0737005151107,7.180887286143723,adult tokens (study-specific log-rate)
babyview,babyview,babyview,S00320003,17.77449228936939,head-cam transcript,815.977419492794,6.704386682391021,adult tokens (study-specific log-rate)
babyview,babyview,babyview,S00320003,17.77449228936939,head-cam transcript,1766.352761516925,7.476672112924527,adult tokens (study-specific log-rate)
babyview,babyview,babyview,S00320003,17.77449228936939,head-cam transcript,1111.8296354108593,7.013762257507582,adult tokens (study-specific log-rate)
babyview,babyview,babyview,S00320003,17.77449228936939,head-cam transcript,765.1021216814956,6.640009317311331,adult tokens (study-specific log-rate)
babyview,babyview,babyview,S00320003,17.971621593872563,head-cam transcript,1461.0324450886394,7.286898618956985,adult tokens (study-specific log-rate)
babyview,babyview,babyview,S00320003,17.971621593872563,head-cam transcript,752.9970029970032,6.624061247708312,adult tokens (study-specific log-rate)
babyview,babyview,babyview,S00320003,17.971621593872563,head-cam transcript,87.63230494599615,4.473149707882811,adult tokens (study-specific log-rate)
babyview,babyview,babyview,S00320003,18.004476477956427,head-cam transcript,759.013282732448,6.632019277548757,adult tokens (study-specific log-rate)
babyview,babyview,babyview,S00320003,18.004476477956427,head-cam transcript,1653.3590819623425,7.4105643046971394,adult tokens (study-specific log-rate)
babyview,babyview,babyview,S00320003,18.037331362040288,head-cam transcript,1340.617683130784,7.2008857442969445,adult tokens (study-specific log-rate)
babyview,babyview,babyview,S00320003,18.037331362040288,head-cam transcript,1616.733312826822,7.388162918842678,adult tokens (study-specific log-rate)
babyview,babyview,babyview,S00320003,18.037331362040288,head-cam transcript,381.31341286654015,5.943621642920784,adult tokens (study-specific log-rate)
babyview,babyview,babyview,S00320003,18.23446066654346,head-cam transcript,2043.0371278849377,7.622192767870767,adult tokens (study-specific log-rate)
babyview,babyview,babyview,S00320003,18.23446066654346,head-cam transcript,2900.2298053158725,7.972545256047358,adult tokens (study-specific log-rate)
babyview,babyview,babyview,S00320003,18.23446066654346,head-cam transcript,427.07292707292686,6.056954788043731,adult tokens (study-specific log-rate)
babyview,babyview,babyview,S00320003,18.23446066654346,head-cam transcript,3449.7681607418867,8.146062307982438,adult tokens (study-specific log-rate)
babyview,babyview,babyview,S00320003,18.267315550627323,head-cam transcript,1193.040596520298,7.084260450454652,adult tokens (study-specific log-rate)
babyview,babyview,babyview,S00320003,18.267315550627323,head-cam transcript,1586.3981845034398,7.369221432792072,adult tokens (study-specific log-rate)
babyview,babyview,babyview,S00320003,18.267315550627323,head-cam transcript,875.6845350364866,6.775005906256315,adult tokens (study-specific log-rate)
babyview,babyview,babyview,S00320003,18.33302531879505,head-cam transcript,1629.6131118296348,7.396097910921976,adult tokens (study-specific log-rate)
babyview,babyview,babyview,S00320003,18.33302531879505,head-cam transcript,3817.571765875484,8.247369836097613,adult tokens (study-specific log-rate)
babyview,babyview,babyview,S00320003,18.33302531879505,head-cam transcript,1161.3386613386608,7.057328637128427,adult tokens (study-specific log-rate)
babyview,babyview,babyview,S00320003,18.33302531879505,head-cam transcript,1612.0661060272,7.385271930927477,adult tokens (study-specific log-rate)
babyview,babyview,babyview,S00320003,18.39873508696277,head-cam transcript,1494.6472687345595,7.309645517340634,adult tokens (study-specific log-rate)
babyview,babyview,babyview,S00320003,18.39873508696277,head-cam transcript,1128.201433665934,7.028379992060195,adult tokens (study-specific log-rate)
babyview,babyview,babyview,S00320003,18.39873508696277,head-cam transcript,277.22277722277715,5.624821432853405,adult tokens (study-specific log-rate)
babyview,babyview,babyview,S00320003,18.628719275549805,head-cam transcript,1459.7907509440963,7.2860483831597405,adult tokens (study-specific log-rate)
babyview,babyview,babyview,S00320003,18.628719275549805,head-cam transcript,1168.023190991192,7.0630680184917365,adult tokens (study-specific log-rate)
babyview,babyview,babyview,S00320003,18.628719275549805,head-cam transcript,1212.8464950505354,7.100725351101266,adult tokens (study-specific log-rate)
babyview,babyview,babyview,S00320003,18.661574159633663,head-cam transcript,1620.2505300675105,7.3903360644594525,adult tokens (study-specific log-rate)
babyview,babyview,babyview,S00320003,18.661574159633663,head-cam transcript,3708.812260536395,8.21846695893602,adult tokens (study-specific log-rate)
babyview,babyview,babyview,S00320003,18.661574159633663,head-cam transcript,2878.8588307337623,7.965149255277891,adult tokens (study-specific log-rate)
babyview,babyview,babyview,S00320003,18.69442904371753,head-cam transcript,1642.326629391638,7.403869191905865,adult tokens (study-specific log-rate)
babyview,babyview,babyview,S00320003,18.72728392780139,head-cam transcript,2172.601086300544,7.683680385999776,adult tokens (study-specific log-rate)
babyview,babyview,babyview,S00320003,18.92441323230457,head-cam transcript,3119.211233940842,8.04533543920744,adult tokens (study-specific log-rate)
babyview,babyview,babyview,S00320003,18.92441323230457,head-cam transcript,1105.1419800460476,7.007729094427338,adult tokens (study-specific log-rate)
babyview,babyview,babyview,S00320003,18.92441323230457,head-cam transcript,1812.2455350755097,7.50232198243151,adult tokens (study-specific log-rate)
babyview,babyview,babyview,S00320003,18.92441323230457,head-cam transcript,1437.4295377677563,7.270611754265084,adult tokens (study-specific log-rate)
babyview,babyview,babyview,S00320003,18.92441323230457,head-cam transcript,1870.4426357453456,7.53393038544589,adult tokens (study-specific log-rate)
babyview,babyview,babyview,S00320003,18.92441323230457,head-cam transcript,44.91765097321577,3.8048308349413498,adult tokens (study-specific log-rate)
babyview,babyview,babyview,S00320003,18.957268116388427,head-cam transcript,2336.7196950973625,7.7565033851532466,adult tokens (study-specific log-rate)
babyview,babyview,babyview,S00320003,18.957268116388427,head-cam transcript,1383.428571428571,7.2323201690026355,adult tokens (study-specific log-rate)
babyview,babyview,babyview,S00320003,18.957268116388427,head-cam transcript,2205.601155091901,7.698755383418146,adult tokens (study-specific log-rate)
babyview,babyview,babyview,S00320003,19.1543974208916,head-cam transcript,812.2605363984676,6.699821146331456,adult tokens (study-specific log-rate)
babyview,babyview,babyview,S00320003,19.1543974208916,head-cam transcript,2232.439335887612,7.710850139206815,adult tokens (study-specific log-rate)
babyview,babyview,babyview,S00320003,19.1543974208916,head-cam transcript,4035.0262697022763,8.302768091141909,adult tokens (study-specific log-rate)
babyview,babyview,babyview,S00320003,19.1543974208916,head-cam transcript,2416.3273801006794,7.7900040548832905,adult tokens (study-specific log-rate)
babyview,babyview,babyview,S00320003,19.187252304975463,head-cam transcript,2537.372573034112,7.838884404565598,adult tokens (study-specific log-rate)
babyview,babyview,babyview,S00320003,19.187252304975463,head-cam transcript,1912.7080955566928,7.556275367915734,adult tokens (study-specific log-rate)
babyview,babyview,babyview,S00320003,19.187252304975463,head-cam transcript,758.6130003344854,6.631491766379886,adult tokens (study-specific log-rate)
babyview,babyview,babyview,S00320003,19.187252304975463,head-cam transcript,306.9053708439899,5.726539461778818,adult tokens (study-specific log-rate)
babyview,babyview,babyview,S00320003,19.38438160947863,head-cam transcript,1723.2722400718028,7.451980227570659,adult tokens (study-specific log-rate)
babyview,babyview,babyview,S00320003,19.38438160947863,head-cam transcript,2680.2382433994144,7.893660966344643,adult tokens (study-specific log-rate)
babyview,babyview,babyview,S00320003,19.38438160947863,head-cam transcript,2088.5310300870215,7.644216241421792,adult tokens (study-specific log-rate)
babyview,babyview,babyview,S00320003,19.38438160947863,head-cam transcript,1540.642845064193,7.3399550401671,adult tokens (study-specific log-rate)
babyview,babyview,babyview,S00320003,19.61436579806567,head-cam transcript,1569.4057308507076,7.3584523113056095,adult tokens (study-specific log-rate)
babyview,babyview,babyview,S00320003,19.61436579806567,head-cam transcript,427.07292707292686,6.056954788043731,adult tokens (study-specific log-rate)
babyview,babyview,babyview,S00320003,19.61436579806567,head-cam transcript,1885.057471264368,7.541713588151752,adult tokens (study-specific log-rate)
babyview,babyview,babyview,S00320003,19.61436579806567,head-cam transcript,2161.3054284788013,7.678467683159694,adult tokens (study-specific log-rate)
babyview,babyview,babyview,S00320003,19.61436579806567,head-cam transcript,3086.739780658025,8.034870725729819,adult tokens (study-specific log-rate)
babyview,babyview,babyview,S00320003,19.61436579806567,head-cam transcript,1759.302618781744,7.472672770180097,adult tokens (study-specific log-rate)
babyview,babyview,babyview,S00320003,19.61436579806567,head-cam transcript,794.7374289218416,6.678011782014779,adult tokens (study-specific log-rate)
babyview,babyview,babyview,S00320003,19.61436579806567,head-cam transcript,1054.3271342802755,6.960658055025195,adult tokens (study-specific log-rate)
babyview,babyview,babyview,S00320003,19.844349986652706,head-cam transcript,2731.8305046978876,7.912727178025916,adult tokens (study-specific log-rate)
babyview,babyview,babyview,S00320003,19.844349986652706,head-cam transcript,2018.2889550840955,7.610005379505476,adult tokens (study-specific log-rate)
babyview,babyview,babyview,S00320003,19.844349986652706,head-cam transcript,1478.2982380747749,7.29864686604729,adult tokens (study-specific log-rate)
babyview,babyview,babyview,S00320003,19.844349986652706,head-cam transcript,1720.3991210691263,7.45031159002194,adult tokens (study-specific log-rate)
babyview,babyview,babyview,S00320003,19.877204870736566,head-cam transcript,1119.5562119520189,7.02068764643704,adult tokens (study-specific log-rate)
babyview,babyview,babyview,S00320003,19.877204870736566,head-cam transcript,310.9390609390608,5.7395969474458335,adult tokens (study-specific log-rate)
babyview,babyview,babyview,S00320003,19.877204870736566,head-cam transcript,994.7073474470739,6.90244857072712,adult tokens (study-specific log-rate)
babyview,babyview,babyview,S00320003,19.877204870736566,head-cam transcript,2922.0703201217525,7.980047657771156,adult tokens (study-specific log-rate)
babyview,babyview,babyview,S00320003,20.074334175239738,head-cam transcript,1896.5360250790225,7.547784356508267,adult tokens (study-specific log-rate)
babyview,babyview,babyview,S00320003,20.074334175239738,head-cam transcript,1772.2704513526166,7.480016744435855,adult tokens (study-specific log-rate)
babyview,babyview,babyview,S00320003,20.074334175239738,head-cam transcript,2013.05677216759,7.607409628007918,adult tokens (study-specific log-rate)
babyview,babyview,babyview,S00320003,20.1071890593236,head-cam transcript,1344.25889430557,7.203598132224022,adult tokens (study-specific log-rate)
babyview,babyview,babyview,S00320003,20.1071890593236,head-cam transcript,647.7661722110066,6.473529785878539,adult tokens (study-specific log-rate)
babyview,babyview,babyview,S00320003,20.1071890593236,head-cam transcript,1569.9205869153768,7.3587803154805,adult tokens (study-specific log-rate)
babyview,babyview,babyview,S00320003,20.1071890593236,head-cam transcript,613.1126554498901,6.41854869629413,adult tokens (study-specific log-rate)
babyview,babyview,babyview,S00320003,20.1071890593236,head-cam transcript,1672.8504016425916,7.422284277767283,adult tokens (study-specific log-rate)
babyview,babyview,babyview,S00320003,20.1071890593236,head-cam transcript,1143.940238599621,7.042233931588894,adult tokens (study-specific log-rate)
babyview,babyview,babyview,S00320003,20.172898827491323,head-cam transcript,1102.2384045678352,7.005098304398486,adult tokens (study-specific log-rate)
babyview,babyview,babyview,S00320003,20.172898827491323,head-cam transcript,259.3566514174562,5.558204146959603,adult tokens (study-specific log-rate)
babyview,babyview,babyview,S00320003,20.172898827491323,head-cam transcript,2183.521016835768,7.688693998176187,adult tokens (study-specific log-rate)
babyview,babyview,babyview,S00320003,20.172898827491323,head-cam transcript,1254.9917400522918,7.134884269912585,adult tokens (study-specific log-rate)
babyview,babyview,babyview,S00320003,20.205753711575188,head-cam transcript,2080.5953606206963,7.640409362806709,adult tokens (study-specific log-rate)
babyview,babyview,babyview,S00320003,20.205753711575188,head-cam transcript,789.7829663872127,6.6717581816248055,adult tokens (study-specific log-rate)
babyview,babyview,babyview,S00320003,20.205753711575188,head-cam transcript,1062.9967350442914,6.968847306883131,adult tokens (study-specific log-rate)
babyview,babyview,babyview,S00320003,20.205753711575188,head-cam transcript,1443.752026223839,7.275000577714202,adult tokens (study-specific log-rate)
babyview,babyview,babyview,S00320003,20.53430255241381,head-cam transcript,2227.3307790549175,7.708559187460259,adult tokens (study-specific log-rate)
babyview,babyview,babyview,S00320003,20.53430255241381,head-cam transcript,371.7445336983538,5.9182068809910096,adult tokens (study-specific log-rate)
babyview,babyview,babyview,S00320003,20.56715743649767,head-cam transcript,3693.316335822253,8.214280069408384,adult tokens (study-specific log-rate)
babyview,babyview,babyview,S00320003,20.56715743649767,head-cam transcript,1620.263763868536,7.390344232175948,adult tokens (study-specific log-rate)
babyview,babyview,babyview,S00320003,20.56715743649767,head-cam transcript,1047.2541507024262,6.953926923249632,adult tokens (study-specific log-rate)
babyview,babyview,babyview,S00320003,20.56715743649767,head-cam transcript,610.1014605864643,6.41362527216652,adult tokens (study-specific log-rate)
babyview,babyview,babyview,S00320003,20.76428674100084,head-cam transcript,1727.9550450719987,7.454693933442256,adult tokens (study-specific log-rate)
babyview,babyview,babyview,S00320003,20.76428674100084,head-cam transcript,654.253539971011,6.483494952127006,adult tokens (study-specific log-rate)
babyview,babyview,babyview,S00320003,20.76428674100084,head-cam transcript,38.14468490900903,3.641386427159643,adult tokens (study-specific log-rate)
babyview,babyview,babyview,S00320003,20.76428674100084,head-cam transcript,93.65610000390232,4.539629562955719,adult tokens (study-specific log-rate)
babyview,babyview,babyview,S00320003,20.797141625084706,head-cam transcript,2204.5315370483772,7.698270310455873,adult tokens (study-specific log-rate)
babyview,babyview,babyview,S00320003,20.797141625084706,head-cam transcript,769.4247325384534,6.645643135029587,adult tokens (study-specific log-rate)
babyview,babyview,babyview,S00320003,20.797141625084706,head-cam transcript,1392.3232491712363,7.238729033167862,adult tokens (study-specific log-rate)
babyview,babyview,babyview,S00320003,20.994270929587877,head-cam transcript,1175.3840550489745,7.069350228533512,adult tokens (study-specific log-rate)
babyview,babyview,babyview,S00320003,20.994270929587877,head-cam transcript,252.87147001053626,5.532881335966002,adult tokens (study-specific log-rate)
babyview,babyview,babyview,S00320003,20.994270929587877,head-cam transcript,871.0017300362917,6.769643963114929,adult tokens (study-specific log-rate)
babyview,babyview,babyview,S00320003,21.027125813671734,head-cam transcript,1674.575424575424,7.423314934262804,adult tokens (study-specific log-rate)
babyview,babyview,babyview,S00320003,21.027125813671734,head-cam transcript,1329.916620055413,7.192871527562934,adult tokens (study-specific log-rate)
babyview,babyview,babyview,S00320003,21.027125813671734,head-cam transcript,385.3272382651353,5.95409294278808,adult tokens (study-specific log-rate)
babyview,babyview,babyview,S00320003,21.027125813671734,head-cam transcript,2122.7658951069434,7.660475184830212,adult tokens (study-specific log-rate)
babyview,babyview,babyview,S00320003,21.027125813671734,head-cam transcript,891.0692384881262,6.792422133192524,adult tokens (study-specific log-rate)
babyview,babyview,babyview,S00320003,21.027125813671734,head-cam transcript,1011.4866539955376,6.919176462250402,adult tokens (study-specific log-rate)
babyview,babyview,babyview,S00320003,21.027125813671734,head-cam transcript,1657.7129700690718,7.413194202535503,adult tokens (study-specific log-rate)
babyview,babyview,babyview,S00320003,21.19140023409105,head-cam transcript,2594.273970108094,7.861061976149012,adult tokens (study-specific log-rate)
babyview,babyview,babyview,S00320003,21.19140023409105,head-cam transcript,2191.31825654241,7.692258585341822,adult tokens (study-specific log-rate)
babyview,babyview,babyview,S00320003,21.19140023409105,head-cam transcript,1899.3506493506486,7.549267343240419,adult tokens (study-specific log-rate)
babyview,babyview,babyview,S00320003,21.19140023409105,head-cam transcript,1240.316882090895,7.123122176025027,adult tokens (study-specific log-rate)
babyview,babyview,babyview,S00320003,21.19140023409105,head-cam transcript,1752.7376804380283,7.468934233357785,adult tokens (study-specific log-rate)
babyview,babyview,babyview,S00320003,21.22425511817491,head-cam transcript,970.2797202797201,6.8775844013487735,adult tokens (study-specific log-rate)
babyview,babyview,babyview,S00320003,21.22425511817491,head-cam transcript,2293.4232715008434,7.737800858714509,adult tokens (study-specific log-rate)
babyview,babyview,babyview,S00320003,21.22425511817491,head-cam transcript,660.2755050275114,6.492657179779896,adult tokens (study-specific log-rate)
babyview,babyview,babyview,S00320003,21.22425511817491,head-cam transcript,644.4582814445826,6.468410090174899,adult tokens (study-specific log-rate)
babyview,babyview,babyview,S00320003,21.257110002258777,head-cam transcript,730.5236270753511,6.593761574371132,adult tokens (study-specific log-rate)
babyview,babyview,babyview,S00320003,21.257110002258777,head-cam transcript,997.6811266331088,6.90543371286483,adult tokens (study-specific log-rate)
babyview,babyview,babyview,S00320003,21.257110002258777,head-cam transcript,419.7305139313963,6.039612871845872,adult tokens (study-specific log-rate)
babyview,babyview,babyview,S00320003,21.257110002258777,head-cam transcript,697.7379450290722,6.547843595347187,adult tokens (study-specific log-rate)
babyview,babyview,babyview,S00320003,21.257110002258777,head-cam transcript,419.923014114079,6.040071394747582,adult tokens (study-specific log-rate)
babyview,babyview,babyview,S00320003,21.454239306761945,head-cam transcript,1057.471264367816,6.963635737376594,adult tokens (study-specific log-rate)
babyview,babyview,babyview,S00320003,21.454239306761945,head-cam transcript,1113.6653895274585,7.015412006900314,adult tokens (study-specific log-rate)
babyview,babyview,babyview,S00320003,21.454239306761945,head-cam transcript,3360.5947955390316,8.119873259772474,adult tokens (study-specific log-rate)
babyview,babyview,babyview,S00320003,21.454239306761945,head-cam transcript,2857.865452706121,7.957830279952007,adult tokens (study-specific log-rate)
babyview,babyview,babyview,S00320003,21.454239306761945,head-cam transcript,1100.3565970453387,7.003389585383887,adult tokens (study-specific log-rate)
babyview,babyview,babyview,S00320003,21.454239306761945,head-cam transcript,454.23208501892617,6.118608267905111,adult tokens (study-specific log-rate)
babyview,babyview,babyview,S00320003,21.454239306761945,head-cam transcript,168.13700051894142,5.1247791263601,adult tokens (study-specific log-rate)
babyview,babyview,babyview,S00320003,21.48709419084581,head-cam transcript,968.3119330898811,6.875554280294395,adult tokens (study-specific log-rate)
babyview,babyview,babyview,S00320003,21.48709419084581,head-cam transcript,1923.2162260050711,7.561754181287967,adult tokens (study-specific log-rate)
babyview,babyview,babyview,S00320003,21.48709419084581,head-cam transcript,753.0425963488844,6.6241217950563565,adult tokens (study-specific log-rate)
babyview,babyview,babyview,S00320003,21.48709419084581,head-cam transcript,1016.1686850423401,6.9237946429421875,adult tokens (study-specific log-rate)
babyview,babyview,babyview,S00320003,21.48709419084581,head-cam transcript,2278.4163473818635,7.731235896131288,adult tokens (study-specific log-rate)
babyview,babyview,babyview,S00320003,21.48709419084581,head-cam transcript,518.1512873820567,6.250267260201214,adult tokens (study-specific log-rate)
babyview,babyview,babyview,S00320003,21.48709419084581,head-cam transcript,671.6649967176867,6.509759699433186,adult tokens (study-specific log-rate)
babyview,babyview,babyview,S00320003,21.48709419084581,head-cam transcript,2912.704710121364,7.976837382140908,adult tokens (study-specific log-rate)
babyview,babyview,babyview,S00320003,21.48709419084581,head-cam transcript,679.2357190126863,6.520968223444562,adult tokens (study-specific log-rate)
babyview,babyview,babyview,S00320003,21.68422349534898,head-cam transcript,1097.9431576672314,7.001193851756039,adult tokens (study-specific log-rate)
babyview,babyview,babyview,S00320003,21.68422349534898,head-cam transcript,2206.896551724137,7.699342532355335,adult tokens (study-specific log-rate)
babyview,babyview,babyview,S00320003,21.68422349534898,head-cam transcript,1556.1399085047362,7.349963616187657,adult tokens (study-specific log-rate)
babyview,babyview,babyview,S00320003,21.68422349534898,head-cam transcript,1137.5353400964577,7.0366192185591645,adult tokens (study-specific log-rate)
babyview,babyview,babyview,S00320003,21.71707837943284,head-cam transcript,745.8492975734356,6.614523565819561,adult tokens (study-specific log-rate)
babyview,babyview,babyview,S00320003,21.71707837943284,head-cam transcript,2590.0383141762445,7.859427947702407,adult tokens (study-specific log-rate)
babyview,babyview,babyview,S00320003,21.71707837943284,head-cam transcript,1333.3333333333328,7.195437351433918,adult tokens (study-specific log-rate)
babyview,babyview,babyview,S00320003,21.71707837943284,head-cam transcript,308.02250710598054,5.730172855323143,adult tokens (study-specific log-rate)
babyview,babyview,babyview,S00320003,21.71707837943284,head-cam transcript,496.3773300206825,6.207336383513796,adult tokens (study-specific log-rate)
babyview,babyview,babyview,S00320003,21.71707837943284,head-cam transcript,1960.3485064011372,7.580877545806683,adult tokens (study-specific log-rate)
babyview,babyview,babyview,S00320003,21.71707837943284,head-cam transcript,2500.6178701041918,7.824293128361923,adult tokens (study-specific log-rate)
babyview,babyview,babyview,S00320003,21.71707837943284,head-cam transcript,1215.8365261813533,7.103187617782699,adult tokens (study-specific log-rate)
babyview,babyview,babyview,S00320003,21.71707837943284,head-cam transcript,770.3624448308142,6.646861111672158,adult tokens (study-specific log-rate)
babyview,babyview,babyview,S00320003,22.571305365613256,head-cam transcript,2690.938675887319,7.897645361870928,adult tokens (study-specific log-rate)
babyview,babyview,babyview,S00320003,22.60416024969712,head-cam transcript,1240.5893159468317,7.123341800497123,adult tokens (study-specific log-rate)
babyview,babyview,babyview,S00320003,22.60416024969712,head-cam transcript,1724.7217319260828,7.452821001627365,adult tokens (study-specific log-rate)
babyview,babyview,babyview,S00320003,22.60416024969712,head-cam transcript,1966.7879399157096,7.5841570036884525,adult tokens (study-specific log-rate)
babyview,babyview,babyview,S00320003,22.60416024969712,head-cam transcript,3090.676883780334,8.036145402142067,adult tokens (study-specific log-rate)
babyview,babyview,babyview,S00320003,22.60416024969712,head-cam transcript,2931.4208874943974,7.983242529000849,adult tokens (study-specific log-rate)
babyview,babyview,babyview,S00320003,22.60416024969712,head-cam transcript,2739.4409251141433,7.915509136633585,adult tokens (study-specific log-rate)
babyview,babyview,babyview,S00320003,22.60416024969712,head-cam transcript,2303.892215568863,7.742355239284371,adult tokens (study-specific log-rate)
babyview,babyview,babyview,S00320003,22.60416024969712,head-cam transcript,2177.5043250907297,7.6859346949890845,adult tokens (study-specific log-rate)
babyview,babyview,babyview,S00320003,22.63701513378098,head-cam transcript,322.7459016393443,5.776865331394678,adult tokens (study-specific log-rate)
babyview,babyview,babyview,S00320003,22.63701513378098,head-cam transcript,1333.3333333333328,7.195437351433918,adult tokens (study-specific log-rate)
babyview,babyview,babyview,S00320003,22.63701513378098,head-cam transcript,2701.6317855985017,7.901611234473903,adult tokens (study-specific log-rate)
babyview,babyview,babyview,S00320003,22.63701513378098,head-cam transcript,160.47309846807633,5.0781263177310105,adult tokens (study-specific log-rate)
babyview,babyview,babyview,S00320003,22.63701513378098,head-cam transcript,168.58098000702427,5.127416227857839,adult tokens (study-specific log-rate)
babyview,babyview,babyview,S00320003,22.834144438284152,head-cam transcript,577.266922094508,6.358304762823565,adult tokens (study-specific log-rate)
babyview,babyview,babyview,S00320003,22.834144438284152,head-cam transcript,2995.569323871617,8.004889583927405,adult tokens (study-specific log-rate)
babyview,babyview,babyview,S00320003,22.834144438284152,head-cam transcript,310.30661248614706,5.737560881205195,adult tokens (study-specific log-rate)
babyview,babyview,babyview,S00320003,22.834144438284152,head-cam transcript,3072.677354652404,8.030304563013456,adult tokens (study-specific log-rate)
babyview,babyview,babyview,S00320003,22.834144438284152,head-cam transcript,1997.0462159144126,7.599424475819241,adult tokens (study-specific log-rate)
babyview,babyview,babyview,S00320003,22.834144438284152,head-cam transcript,1286.4718964435738,7.159658786511234,adult tokens (study-specific log-rate)
babyview,babyview,babyview,S00320003,22.866999322368017,head-cam transcript,1519.4724054147862,7.326118451885785,adult tokens (study-specific log-rate)
babyview,babyview,babyview,S00320003,22.866999322368017,head-cam transcript,1855.6701030927832,7.526001151368964,adult tokens (study-specific log-rate)
babyview,babyview,babyview,S00320003,22.866999322368017,head-cam transcript,1624.2346116661295,7.392791975599171,adult tokens (study-specific log-rate)
babyview,babyview,babyview,S00320003,22.9655639746196,head-cam transcript,1517.2413793103453,7.324649082913925,adult tokens (study-specific log-rate)
babyview,babyview,babyview,S00320003,22.9655639746196,head-cam transcript,1144.316730523627,7.042562995966264,adult tokens (study-specific log-rate)
babyview,babyview,babyview,S00320003,22.9655639746196,head-cam transcript,1680.7151979565776,7.426974694876597,adult tokens (study-specific log-rate)
babyview,babyview,babyview,S00320003,22.998418858703463,head-cam transcript,611.7106773823191,6.4162594213558135,adult tokens (study-specific log-rate)
babyview,babyview,babyview,S00320003,23.064128626871188,head-cam transcript,2313.3922217105546,7.746470220579585,adult tokens (study-specific log-rate)
babyview,babyview,babyview,S00320003,23.064128626871188,head-cam transcript,2784.1634738186467,7.931702738774469,adult tokens (study-specific log-rate)
babyview,babyview,babyview,S00320003,23.064128626871188,head-cam transcript,3279.693486590036,8.095505247801185,adult tokens (study-specific log-rate)
babyview,babyview,babyview,S00320003,23.064128626871188,head-cam transcript,1131.4941884890072,7.031294328948168,adult tokens (study-specific log-rate)
babyview,babyview,babyview,S00320003,23.09698351095505,head-cam transcript,3266.277731166224,8.091406307014234,adult tokens (study-specific log-rate)
babyview,babyview,babyview,S00320003,23.09698351095505,head-cam transcript,885.0501450368769,6.78564430446137,adult tokens (study-specific log-rate)
babyview,babyview,babyview,S00320003,23.09698351095505,head-cam transcript,807.1519795657729,6.693511977138192,adult tokens (study-specific log-rate)
babyview,babyview,babyview,S00320003,23.09698351095505,head-cam transcript,520.2938696856557,6.254393785958262,adult tokens (study-specific log-rate)
babyview,babyview,babyview,S00320003,23.294112815458224,head-cam transcript,646.2270900269261,6.471150974558933,adult tokens (study-specific log-rate)
babyview,babyview,babyview,S00320003,23.294112815458224,head-cam transcript,1031.928480204342,6.939184641512429,adult tokens (study-specific log-rate)
babyview,babyview,babyview,S00320003,23.294112815458224,head-cam transcript,858.2375478927204,6.7548809235144835,adult tokens (study-specific log-rate)
babyview,babyview,babyview,S00320003,23.294112815458224,head-cam transcript,1305.4284788011964,7.174286602112372,adult tokens (study-specific log-rate)
babyview,babyview,babyview,S00320003,23.294112815458224,head-cam transcript,293.657807083135,5.682415167970081,adult tokens (study-specific log-rate)
babyview,babyview,babyview,S00320003,23.294112815458224,head-cam transcript,1470.400770061267,7.293290275309982,adult tokens (study-specific log-rate)
babyview,babyview,babyview,S00320003,23.294112815458224,head-cam transcript,1093.167701863354,6.996834909035826,adult tokens (study-specific log-rate)
babyview,babyview,babyview,S00320003,23.294112815458224,head-cam transcript,1180.0766283524904,7.073334654633018,adult tokens (study-specific log-rate)
babyview,babyview,babyview,S00320003,23.294112815458224,head-cam transcript,1925.9259259259265,7.563162131559236,adult tokens (study-specific log-rate)
babyview,babyview,babyview,S00320003,23.294112815458224,head-cam transcript,1443.8502673796788,7.275068621125925,adult tokens (study-specific log-rate)
babyview,babyview,babyview,S00320003,23.326967699542084,head-cam transcript,1703.108677641296,7.440210494035436,adult tokens (study-specific log-rate)
babyview,babyview,babyview,S00320003,23.326967699542084,head-cam transcript,2182.918482763589,7.6884180140128615,adult tokens (study-specific log-rate)
babyview,babyview,babyview,S00320003,23.326967699542084,head-cam transcript,745.5044955044956,6.614061164373728,adult tokens (study-specific log-rate)
babyview,babyview,babyview,S00320003,23.326967699542084,head-cam transcript,1049.0111779879624,6.955603264190775,adult tokens (study-specific log-rate)
babyview,babyview,babyview,S00320003,23.326967699542084,head-cam transcript,545.963602426505,6.302552311300362,adult tokens (study-specific log-rate)
babyview,babyview,babyview,S00320003,23.458387235877534,head-cam transcript,3081.285690128386,8.033102220727045,adult tokens (study-specific log-rate)
babyview,babyview,babyview,S00320003,23.458387235877534,head-cam transcript,2283.8666518006457,7.7336251854465745,adult tokens (study-specific log-rate)
babyview,babyview,babyview,S00320003,23.458387235877534,head-cam transcript,2599.27797833935,7.8629889848048995,adult tokens (study-specific log-rate)
babyview,babyview,babyview,S00320003,23.524097004045256,head-cam transcript,1620.2505300675105,7.3903360644594525,adult tokens (study-specific log-rate)
babyview,babyview,babyview,S00320003,23.524097004045256,head-cam transcript,1240.9433250517063,7.123627115387951,adult tokens (study-specific log-rate)
babyview,babyview,babyview,S00320003,23.524097004045256,head-cam transcript,2294.5744500956075,7.738302680506401,adult tokens (study-specific log-rate)
babyview,babyview,babyview,S00320003,23.524097004045256,head-cam transcript,1471.466750510926,7.2940149717749705,adult tokens (study-specific log-rate)
babyview,babyview,babyview,S00320003,23.55695188812912,head-cam transcript,393.35887611749666,5.974722365964908,adult tokens (study-specific log-rate)
babyview,babyview,babyview,S00320003,23.55695188812912,head-cam transcript,2275.839001003457,7.730104055047996,adult tokens (study-specific log-rate)
babyview,babyview,babyview,S00320003,23.55695188812912,head-cam transcript,1164.0093655925973,7.059625674300764,adult tokens (study-specific log-rate)
babyview,babyview,babyview,S00320003,23.55695188812912,head-cam transcript,2796.7292244515684,7.936205879238402,adult tokens (study-specific log-rate)
babyview,babyview,babyview,S00320003,23.55695188812912,head-cam transcript,1708.6653196599436,7.443467829917678,adult tokens (study-specific log-rate)
babyview,babyview,babyview,S00320003,23.55695188812912,head-cam transcript,64.92920912616108,4.1732975860390225,adult tokens (study-specific log-rate)
babyview,babyview,babyview,S00320003,23.75408119263229,head-cam transcript,988.0718550411694,6.895755422877794,adult tokens (study-specific log-rate)
babyview,babyview,babyview,S00320003,23.75408119263229,head-cam transcript,1685.8098000702416,7.430001320851884,adult tokens (study-specific log-rate)
babyview,babyview,babyview,S00320003,23.75408119263229,head-cam transcript,1868.4391950778513,7.5328587062915915,adult tokens (study-specific log-rate)
babyview,babyview,babyview,S00320003,23.75408119263229,head-cam transcript,3398.5735611212494,8.131111081725678,adult tokens (study-specific log-rate)
babyview,babyview,babyview,S00320003,23.786936076716152,head-cam transcript,776.5006385696043,6.654797464957501,adult tokens (study-specific log-rate)
babyview,babyview,babyview,S00320003,23.786936076716152,head-cam transcript,997.4374650415598,6.905189455111153,adult tokens (study-specific log-rate)
babyview,babyview,babyview,S00320003,23.786936076716152,head-cam transcript,1020.136162241994,6.927691389763112,adult tokens (study-specific log-rate)
babyview,babyview,babyview,S00320003,23.786936076716152,head-cam transcript,2003.6790717418999,7.602740305538994,adult tokens (study-specific log-rate)
babyview,babyview,babyview,S00320003,23.819790960800017,head-cam transcript,1599.366017074313,7.377362590375772,adult tokens (study-specific log-rate)
babyview,babyview,babyview,S00320003,23.819790960800017,head-cam transcript,1512.5460150630233,7.321549612624385,adult tokens (study-specific log-rate)
babyview,babyview,babyview,S00320003,23.819790960800017,head-cam transcript,2688.6639530276293,7.8967996774766815,adult tokens (study-specific log-rate)
babyview,babyview,babyview,S00320003,23.819790960800017,head-cam transcript,1163.5257491860543,7.0592101132976826,adult tokens (study-specific log-rate)
babyview,babyview,babyview,S00320003,23.984065381219327,head-cam transcript,3441.884060798817,8.14377429253155,adult tokens (study-specific log-rate)
babyview,babyview,babyview,S00320003,23.984065381219327,head-cam transcript,4365.836965527182,8.381565194572808,adult tokens (study-specific log-rate)
babyview,babyview,babyview,S00320003,23.984065381219327,head-cam transcript,1137.9216150474138,7.036958732742277,adult tokens (study-specific log-rate)
babyview,babyview,babyview,S00320003,23.984065381219327,head-cam transcript,1082.9201501981206,6.987416514087145,adult tokens (study-specific log-rate)
babyview,babyview,babyview,S00320003,24.14833980163864,head-cam transcript,1634.7381864623244,7.399237939904997,adult tokens (study-specific log-rate)
babyview,babyview,babyview,S00320003,24.14833980163864,head-cam transcript,2715.630020656416,7.906779257255331,adult tokens (study-specific log-rate)
babyview,babyview,babyview,S00320003,24.14833980163864,head-cam transcript,1149.8144879507227,7.047355893519201,adult tokens (study-specific log-rate)
babyview,babyview,babyview,S00320003,24.14833980163864,head-cam transcript,572.1583652618134,6.349415815406319,adult tokens (study-specific log-rate)
babyview,babyview,babyview,S00320003,24.14833980163864,head-cam transcript,4743.848325937882,8.464603968399565,adult tokens (study-specific log-rate)
babyview,babyview,babyview,S00320003,24.14833980163864,head-cam transcript,2714.967126466418,7.906535124179232,adult tokens (study-specific log-rate)
babyview,babyview,babyview,S00320003,24.14833980163864,head-cam transcript,3980.3842501658496,8.28913363888609,adult tokens (study-specific log-rate)
babyview,babyview,babyview,S00320003,24.21404956980636,head-cam transcript,3611.7496807152,8.191947610007798,adult tokens (study-specific log-rate)
babyview,babyview,babyview,S00320003,24.21404956980636,head-cam transcript,1573.4355044699869,7.361016727084799,adult tokens (study-specific log-rate)
babyview,babyview,babyview,S00320003,24.21404956980636,head-cam transcript,2033.2056194125164,7.6173689493956624,adult tokens (study-specific log-rate)
babyview,babyview,babyview,S00320003,24.246904453890224,head-cam transcript,1367.8278688524583,7.220979263403394,adult tokens (study-specific log-rate)
babyview,babyview,babyview,S00320003,24.246904453890224,head-cam transcript,974.0234400405847,6.8814353691030465,adult tokens (study-specific log-rate)
babyview,babyview,babyview,S00320003,24.246904453890224,head-cam transcript,523.0359136918697,6.259650130334243,adult tokens (study-specific log-rate)
babyview,babyview,babyview,S00320003,24.246904453890224,head-cam transcript,1017.939767838299,6.925536028207075,adult tokens (study-specific log-rate)
babyview,babyview,babyview,S00320003,24.34546910614181,head-cam transcript,2509.4840667678304,7.827832459908795,adult tokens (study-specific log-rate)
babyview,babyview,babyview,S00320003,24.37832399022567,head-cam transcript,753.9316050314136,6.625301654386191,adult tokens (study-specific log-rate)
babyview,babyview,babyview,S00320003,24.37832399022567,head-cam transcript,4472.292293921396,8.405656373593771,adult tokens (study-specific log-rate)
babyview,babyview,babyview,S00320003,24.411178874309535,head-cam transcript,1699.0010032357886,7.4377957121578016,adult tokens (study-specific log-rate)
babyview,babyview,babyview,S00320003,24.411178874309535,head-cam transcript,2901.6602809706246,7.9730383628323755,adult tokens (study-specific log-rate)
babyview,babyview,babyview,S00320003,24.411178874309535,head-cam transcript,3948.5934826721837,8.281114714147355,adult tokens (study-specific log-rate)
babyview,babyview,babyview,S00320003,24.444033758393395,head-cam transcript,3123.430935130141,8.046687335317351,adult tokens (study-specific log-rate)
babyview,babyview,babyview,S00320003,24.444033758393395,head-cam transcript,2238.675958188153,7.713639879991891,adult tokens (study-specific log-rate)
babyview,babyview,babyview,S00320003,24.476888642477256,head-cam transcript,2021.8478059618594,7.611767127688142,adult tokens (study-specific log-rate)
babyview,babyview,babyview,S00320003,24.54259841064498,head-cam transcript,1662.3957750692662,7.416015078877144,adult tokens (study-specific log-rate)
babyview,babyview,babyview,S00320003,24.54259841064498,head-cam transcript,2871.008939974457,7.962418794004916,adult tokens (study-specific log-rate)
babyview,babyview,babyview,S00320003,24.54259841064498,head-cam transcript,4493.356596430005,8.41035527303182,adult tokens (study-specific log-rate)
babyview,babyview,babyview,S00320003,24.641163062896567,head-cam transcript,1329.916620055413,7.192871527562934,adult tokens (study-specific log-rate)
babyview,babyview,babyview,S00320003,24.641163062896567,head-cam transcript,1252.5640692753097,7.132947984764764,adult tokens (study-specific log-rate)
babyview,babyview,babyview,S00320003,24.706872831064292,head-cam transcript,4472.776946594682,8.405764735566324,adult tokens (study-specific log-rate)
babyview,babyview,babyview,S00320003,24.739727715148156,head-cam transcript,1845.8652493356262,7.520703416372253,adult tokens (study-specific log-rate)
babyview,babyview,babyview,S00320003,24.772582599232017,head-cam transcript,2851.8282451188256,7.955715557111625,adult tokens (study-specific log-rate)
babyview,babyview,babyview,S00320003,24.772582599232017,head-cam transcript,1606.1569349171823,7.38159960761381,adult tokens (study-specific log-rate)
babyview,babyview,babyview,S00320003,24.80543748331588,head-cam transcript,2738.1864623243937,7.915051105182027,adult tokens (study-specific log-rate)
babyview,babyview,babyview,S00320003,24.80543748331588,head-cam transcript,1821.5495821097809,7.507442836561146,adult tokens (study-specific log-rate)
babyview,babyview,babyview,S00320003,24.936857019651328,head-cam transcript,2075.592568866112,7.63800196725308,adult tokens (study-specific log-rate)
babyview,babyview,babyview,S00320003,24.936857019651328,head-cam transcript,1724.6555987283643,7.452782656621071,adult tokens (study-specific log-rate)
babyview,babyview,babyview,S00320003,24.936857019651328,head-cam transcript,3157.3721661426443,8.057495367622856,adult tokens (study-specific log-rate)
babyview,babyview,babyview,S00320003,25.002566787819053,head-cam transcript,1088.1226053639843,6.992209109820649,adult tokens (study-specific log-rate)
babyview,babyview,babyview,S00320003,25.002566787819053,head-cam transcript,5216.771588074596,8.559634019827886,adult tokens (study-specific log-rate)
babyview,babyview,babyview,S00320003,25.035421671902913,head-cam transcript,1790.1661277734415,7.490063703340308,adult tokens (study-specific log-rate)
babyview,babyview,babyview,S00320003,25.035421671902913,head-cam transcript,3643.2222901517985,8.200623813580119,adult tokens (study-specific log-rate)
babyview,babyview,babyview,S00320003,25.10113144007064,head-cam transcript,2010.014048485285,7.605896990324858,adult tokens (study-specific log-rate)
babyview,babyview,babyview,S00320003,25.10113144007064,head-cam transcript,1141.7575368826167,7.040324053210491,adult tokens (study-specific log-rate)
babyview,babyview,babyview,S00320003,25.10113144007064,head-cam transcript,1971.9029374201796,7.586754313576056,adult tokens (study-specific log-rate)
babyview,babyview,babyview,S00320003,25.10113144007064,head-cam transcript,3186.7504283266694,8.066757002071641,adult tokens (study-specific log-rate)
babyview,babyview,babyview,S00320003,25.10113144007064,head-cam transcript,2779.6161482461935,7.930068120980857,adult tokens (study-specific log-rate)
babyview,babyview,babyview,S00320003,25.363970512741535,head-cam transcript,1701.1494252873567,7.439059434091669,adult tokens (study-specific log-rate)
babyview,babyview,babyview,S00320003,25.363970512741535,head-cam transcript,3399.7164301416556,8.131447304226525,adult tokens (study-specific log-rate)
babyview,babyview,babyview,S00320003,25.363970512741535,head-cam transcript,1890.1660280970623,7.544419949749495,adult tokens (study-specific log-rate)
babyview,babyview,babyview,S00320003,25.363970512741535,head-cam transcript,2873.7060041407854,7.963357766396314,adult tokens (study-specific log-rate)
babyview,babyview,babyview,S00320003,25.363970512741535,head-cam transcript,3136.8448568814524,8.050972751080367,adult tokens (study-specific log-rate)
babyview,babyview,babyview,S00320003,25.42968028090926,head-cam transcript,1507.0242656449548,7.317892300451044,adult tokens (study-specific log-rate)
babyview,babyview,babyview,S00320003,25.42968028090926,head-cam transcript,224.60438999489534,5.414340587949903,adult tokens (study-specific log-rate)
babyview,babyview,babyview,S00320003,25.42968028090926,head-cam transcript,2472.5415070242652,7.813001850827856,adult tokens (study-specific log-rate)
babyview,babyview,babyview,S00320003,25.62680958541243,head-cam transcript,2385.6960408684536,7.777246201780121,adult tokens (study-specific log-rate)
babyview,babyview,babyview,S00320003,25.62680958541243,head-cam transcript,1374.2017879948917,7.225628323713064,adult tokens (study-specific log-rate)
babyview,babyview,babyview,S00320003,25.62680958541243,head-cam transcript,802.6284909645625,6.687891955538876,adult tokens (study-specific log-rate)
babyview,babyview,babyview,S00360001,9.133657775313662,head-cam transcript,280.97062579821187,5.638250129343695,adult tokens (study-specific log-rate)
babyview,babyview,babyview,S00360001,9.133657775313662,head-cam transcript,2000.1078806839628,7.600956398429336,adult tokens (study-specific log-rate)
babyview,babyview,babyview,S00360001,9.133657775313662,head-cam transcript,1943.2548179871524,7.572119587452246,adult tokens (study-specific log-rate)
babyview,babyview,babyview,S00360001,9.166512659397524,head-cam transcript,762.1452978755016,6.636137217136239,adult tokens (study-specific log-rate)
babyview,babyview,babyview,S00360001,9.166512659397524,head-cam transcript,424.01021711366525,6.049757551907822,adult tokens (study-specific log-rate)
babyview,babyview,babyview,S00360001,9.363641963900696,head-cam transcript,565.2953021374077,6.337348253258261,adult tokens (study-specific log-rate)
babyview,babyview,babyview,S00360001,9.363641963900696,head-cam transcript,565.9337294052796,6.3384769854917025,adult tokens (study-specific log-rate)
babyview,babyview,babyview,S00360001,9.363641963900696,head-cam transcript,1128.9910600255425,7.029079645628977,adult tokens (study-specific log-rate)
babyview,babyview,babyview,S00360001,9.626481036571592,head-cam transcript,163.23357947920718,5.095182177977807,adult tokens (study-specific log-rate)
babyview,babyview,babyview,S00360001,9.626481036571592,head-cam transcript,384.1314838113741,5.95098489973904,adult tokens (study-specific log-rate)
babyview,babyview,babyview,S00360001,9.72504568882318,head-cam transcript,1011.4942528735634,6.91918397480576,adult tokens (study-specific log-rate)
babyview,babyview,babyview,S00360001,9.72504568882318,head-cam transcript,421.64279405552776,6.044158496002751,adult tokens (study-specific log-rate)
babyview,babyview,babyview,S00360001,9.790755456990905,head-cam transcript,194.12515964240103,5.2685031038376104,adult tokens (study-specific log-rate)
babyview,babyview,babyview,S00360001,9.790755456990905,head-cam transcript,169.63794863739895,5.133666452086913,adult tokens (study-specific log-rate)
babyview,babyview,babyview,S00360001,9.88932010924249,head-cam transcript,1490.5219423526353,7.30688163448084,adult tokens (study-specific log-rate)
babyview,babyview,babyview,S00360001,9.88932010924249,head-cam transcript,480.2043422733079,6.174211726381229,adult tokens (study-specific log-rate)
babyview,babyview,babyview,S00360001,9.9550298774102135,head-cam transcript,604.8877087177642,6.40504283537884,adult tokens (study-specific log-rate)
babyview,babyview,babyview,S00360001,9.9550298774102135,head-cam transcript,730.5236270753511,6.593761574371132,adult tokens (study-specific log-rate)
babyview,babyview,babyview,S00360001,9.987884761494076,head-cam transcript,1662.0864021105851,7.415828960893599,adult tokens (study-specific log-rate)
babyview,babyview,babyview,S00360001,9.987884761494076,head-cam transcript,3162.1966794380596,8.059022216795821,adult tokens (study-specific log-rate)
babyview,babyview,babyview,S00360001,10.119304297829524,head-cam transcript,1246.4878671775218,7.128085169404426,adult tokens (study-specific log-rate)
babyview,babyview,babyview,S00360001,10.119304297829524,head-cam transcript,674.1573033707863,6.513463471472098,adult tokens (study-specific log-rate)
babyview,babyview,babyview,S00360001,10.250723834164972,head-cam transcript,1072.7969348659003,6.978024474828693,adult tokens (study-specific log-rate)
babyview,babyview,babyview,S00360001,10.349288486416558,head-cam transcript,452.16792842395034,6.114053633896464,adult tokens (study-specific log-rate)
babyview,babyview,babyview,S00360001,10.349288486416558,head-cam transcript,515.964240102171,6.246037460952484,adult tokens (study-specific log-rate)
babyview,babyview,babyview,S00360001,10.480708022752006,head-cam transcript,757.5685111674401,6.630113977079131,adult tokens (study-specific log-rate)
babyview,babyview,babyview,S00360001,10.480708022752006,head-cam transcript,301.2705094717622,5.708008563721508,adult tokens (study-specific log-rate)
babyview,babyview,babyview,S00360001,10.579272675003594,head-cam transcript,170.11557620744642,5.136478066093917,adult tokens (study-specific log-rate)
babyview,babyview,babyview,S00360001,10.579272675003594,head-cam transcript,61.302681992337156,4.115823593899225,adult tokens (study-specific log-rate)
babyview,babyview,babyview,S00360001,10.579272675003594,head-cam transcript,337.1647509578544,5.82057168613765,adult tokens (study-specific log-rate)
babyview,babyview,babyview,S00360001,10.579272675003594,head-cam transcript,50.568900126422236,3.9233367653284192,adult tokens (study-specific log-rate)
babyview,babyview,babyview,S00360001,10.579272675003594,head-cam transcript,8.280240126963681,2.1138719688176764,adult tokens (study-specific log-rate)
babyview,babyview,babyview,S00360001,10.809256863590628,head-cam transcript,136.2640927893585,4.914594861510889,adult tokens (study-specific log-rate)
babyview,babyview,babyview,S00360001,10.809256863590628,head-cam transcript,280.97062579821187,5.638250129343695,adult tokens (study-specific log-rate)
babyview,babyview,babyview,S00360001,10.809256863590628,head-cam transcript,189.0166028097062,5.241834856755449,adult tokens (study-specific log-rate)
babyview,babyview,babyview,S00360001,10.809256863590628,head-cam transcript,792.5774492844788,6.675290228780144,adult tokens (study-specific log-rate)
babyview,babyview,babyview,S00360001,10.809256863590628,head-cam transcript,127.71392081736904,4.849792768979425,adult tokens (study-specific log-rate)
babyview,babyview,babyview,S00360001,10.809256863590628,head-cam transcript,140.5597989213988,4.94563301332431,adult tokens (study-specific log-rate)
babyview,babyview,babyview,S00360001,11.269225240764698,head-cam transcript,454.661558109834,6.119553313843364,adult tokens (study-specific log-rate)
babyview,babyview,babyview,S00360001,11.269225240764698,head-cam transcript,137.93103448275866,4.926753810115554,adult tokens (study-specific log-rate)
babyview,babyview,babyview,S00360001,11.269225240764698,head-cam transcript,282.49834473626123,5.6436726912286614,adult tokens (study-specific log-rate)
babyview,babyview,babyview,S00360001,11.269225240764698,head-cam transcript,410.4585773088293,6.017275015905273,adult tokens (study-specific log-rate)
babyview,babyview,babyview,S00360001,11.269225240764698,head-cam transcript,40.758562128502696,3.7076659311989926,adult tokens (study-specific log-rate)
babyview,babyview,babyview,S00360001,11.269225240764698,head-cam transcript,589.7521463459028,6.379702357697699,adult tokens (study-specific log-rate)
babyview,babyview,babyview,S00360001,11.499209429351732,head-cam transcript,1266.922094508301,7.144345690276206,adult tokens (study-specific log-rate)
babyview,babyview,babyview,S00360001,11.499209429351732,head-cam transcript,2254.288047917233,7.720589480541775,adult tokens (study-specific log-rate)
babyview,babyview,babyview,S00360001,11.499209429351732,head-cam transcript,271.80067950169877,5.605069001720168,adult tokens (study-specific log-rate)
babyview,babyview,babyview,S00360001,11.9591778065258,head-cam transcript,516.0012509121234,6.246109189726925,adult tokens (study-specific log-rate)
babyview,babyview,babyview,S00360001,11.9591778065258,head-cam transcript,224.77576456179534,5.415103303318929,adult tokens (study-specific log-rate)
babyview,babyview,babyview,S00360001,11.9591778065258,head-cam transcript,224.77576456179534,5.415103303318929,adult tokens (study-specific log-rate)
babyview,babyview,babyview,S00360001,11.9591778065258,head-cam transcript,1222.2200542428445,7.108424200641406,adult tokens (study-specific log-rate)
babyview,babyview,babyview,S00360001,12.517710835951457,head-cam transcript,688.3768121597626,6.534336380097448,adult tokens (study-specific log-rate)
babyview,babyview,babyview,S00360001,12.517710835951457,head-cam transcript,1071.198610758815,6.976533497474343,adult tokens (study-specific log-rate)
babyview,babyview,babyview,S00360001,12.681985256370767,head-cam transcript,733.8236509379391,6.5982687421703,adult tokens (study-specific log-rate)
babyview,babyview,babyview,S00360001,12.681985256370767,head-cam transcript,601.6031732914635,6.399598047374816,adult tokens (study-specific log-rate)
babyview,babyview,babyview,S00360001,12.681985256370767,head-cam transcript,225.25475239854595,5.417231994594609,adult tokens (study-specific log-rate)
babyview,babyview,babyview,S00360001,12.87911456087394,head-cam transcript,1100.735476406909,7.003733850278465,adult tokens (study-specific log-rate)
babyview,babyview,babyview,S00360001,12.87911456087394,head-cam transcript,1631.030407220372,7.396967245746048,adult tokens (study-specific log-rate)
babyview,babyview,babyview,S00360001,12.87911456087394,head-cam transcript,522.2708867035784,6.258186393324988,adult tokens (study-specific log-rate)
babyview,babyview,babyview,S00360001,12.944824329041664,head-cam transcript,1474.2583257582023,7.295910312318085,adult tokens (study-specific log-rate)
babyview,babyview,babyview,S00360001,12.944824329041664,head-cam transcript,2858.763471355645,7.958144457649682,adult tokens (study-specific log-rate)
babyview,babyview,babyview,S00360001,12.944824329041664,head-cam transcript,686.8143780080645,6.532064063585881,adult tokens (study-specific log-rate)
babyview,babyview,babyview,S00360001,13.109098749460976,head-cam transcript,2700.603255929263,7.901230455158024,adult tokens (study-specific log-rate)
babyview,babyview,babyview,S00360001,13.109098749460976,head-cam transcript,1299.066192876622,7.169400972167282,adult tokens (study-specific log-rate)
babyview,babyview,babyview,S00360001,13.109098749460976,head-cam transcript,151.4126360062175,5.020008798592117,adult tokens (study-specific log-rate)
babyview,babyview,babyview,S00360001,13.339082938048008,head-cam transcript,2067.9320679320676,7.634304385926331,adult tokens (study-specific log-rate)
babyview,babyview,babyview,S00360001,13.339082938048008,head-cam transcript,1527.146516816792,7.33115625137976,adult tokens (study-specific log-rate)
babyview,babyview,babyview,S00360001,13.339082938048008,head-cam transcript,1163.814180929095,7.059457977170755,adult tokens (study-specific log-rate)
babyview,babyview,babyview,S00360001,13.437647590299596,head-cam transcript,704.0740434674818,6.556883526007446,adult tokens (study-specific log-rate)
babyview,babyview,babyview,S00360001,13.437647590299596,head-cam transcript,2817.6192209683304,7.943647559470636,adult tokens (study-specific log-rate)
babyview,babyview,babyview,S00360001,13.437647590299596,head-cam transcript,1219.7339062887365,7.106388004338548,adult tokens (study-specific log-rate)
babyview,babyview,babyview,S00360001,13.569067126635044,head-cam transcript,2142.397221517628,7.669680678034288,adult tokens (study-specific log-rate)
babyview,babyview,babyview,S00360001,13.569067126635044,head-cam transcript,1014.6121493300955,6.922261699563257,adult tokens (study-specific log-rate)
babyview,babyview,babyview,S00360001,13.569067126635044,head-cam transcript,782.4484588852314,6.6624280530056454,adult tokens (study-specific log-rate)
babyview,babyview,babyview,S00360001,13.66763177888663,head-cam transcript,1766.7273582289317,7.476884163996518,adult tokens (study-specific log-rate)
babyview,babyview,babyview,S00360001,13.66763177888663,head-cam transcript,3101.2077813115866,8.039546921470892,adult tokens (study-specific log-rate)
babyview,babyview,babyview,S00360001,13.66763177888663,head-cam transcript,2703.9087678704236,7.902453696900768,adult tokens (study-specific log-rate)
babyview,babyview,babyview,S00360001,13.766196431138216,head-cam transcript,756.7432567432564,6.62902403705044,adult tokens (study-specific log-rate)
babyview,babyview,babyview,S00360001,13.766196431138216,head-cam transcript,806.5449136435002,6.692759585591222,adult tokens (study-specific log-rate)
babyview,babyview,babyview,S00360001,13.766196431138216,head-cam transcript,1348.6353095082352,7.206848478301075,adult tokens (study-specific log-rate)
babyview,babyview,babyview,S00360001,13.766196431138216,head-cam transcript,1123.876123876124,7.024538814305437,adult tokens (study-specific log-rate)
babyview,babyview,babyview,S00360001,13.897615967473664,head-cam transcript,2891.8266633046355,7.96964364486573,adult tokens (study-specific log-rate)
babyview,babyview,babyview,S00360001,13.897615967473664,head-cam transcript,1093.9845494819313,6.997581859922353,adult tokens (study-specific log-rate)
babyview,babyview,babyview,S00360001,13.897615967473664,head-cam transcript,1699.0331377572095,7.437814625753186,adult tokens (study-specific log-rate)
babyview,babyview,babyview,S00360001,14.029035503809112,head-cam transcript,1764.845417885664,7.4758183835974075,adult tokens (study-specific log-rate)
babyview,babyview,babyview,S00360001,14.029035503809112,head-cam transcript,1975.6494306698864,7.588652448939554,adult tokens (study-specific log-rate)
babyview,babyview,babyview,S00360001,14.029035503809112,head-cam transcript,1358.0193383341282,7.213782548322204,adult tokens (study-specific log-rate)
babyview,babyview,babyview,S00360001,14.1276001560607,head-cam transcript,1822.7937015863106,7.50812560403282,adult tokens (study-specific log-rate)
babyview,babyview,babyview,S00360001,14.1276001560607,head-cam transcript,2262.8745384333515,7.724391203722536,adult tokens (study-specific log-rate)
babyview,babyview,babyview,S00360001,14.1276001560607,head-cam transcript,968.5149987604327,6.875763969315088,adult tokens (study-specific log-rate)
babyview,babyview,babyview,S00360001,14.259019692396148,head-cam transcript,1284.9650349650346,7.158486786815176,adult tokens (study-specific log-rate)
babyview,babyview,babyview,S00360001,14.259019692396148,head-cam transcript,3554.2721117636715,8.175905570714342,adult tokens (study-specific log-rate)
babyview,babyview,babyview,S00360001,14.259019692396148,head-cam transcript,957.5754319030599,6.8644044980072305,adult tokens (study-specific log-rate)
babyview,babyview,babyview,S00360001,14.357584344647734,head-cam transcript,1657.7237517316732,7.4132007064524865,adult tokens (study-specific log-rate)
babyview,babyview,babyview,S00360001,14.357584344647734,head-cam transcript,1824.7069515974918,7.509174678656004,adult tokens (study-specific log-rate)
babyview,babyview,babyview,S00360001,14.357584344647734,head-cam transcript,2910.839160839161,7.9761966900168835,adult tokens (study-specific log-rate)
babyview,babyview,babyview,S00360001,14.489003880983182,head-cam transcript,2702.6868816952515,7.902001698536114,adult tokens (study-specific log-rate)
babyview,babyview,babyview,S00360001,14.489003880983182,head-cam transcript,470.624963415348,6.154061520817843,adult tokens (study-specific log-rate)
babyview,babyview,babyview,S00360001,14.489003880983182,head-cam transcript,1373.241497726874,7.224929280852297,adult tokens (study-specific log-rate)
babyview,babyview,babyview,S00360001,14.587568533234768,head-cam transcript,4471.40149403501,8.405457171807473,adult tokens (study-specific log-rate)
babyview,babyview,babyview,S00360001,14.587568533234768,head-cam transcript,4680.577849117175,8.451176853323233,adult tokens (study-specific log-rate)
babyview,babyview,babyview,S00360001,14.587568533234768,head-cam transcript,988.3480704074041,6.896034933688707,adult tokens (study-specific log-rate)
babyview,babyview,babyview,S00360001,14.718988069570218,head-cam transcript,713.128038897893,6.569660981989056,adult tokens (study-specific log-rate)
babyview,babyview,babyview,S00360001,14.718988069570218,head-cam transcript,412.0886268048388,6.02123843981989,adult tokens (study-specific log-rate)
babyview,babyview,babyview,S00360001,14.718988069570218,head-cam transcript,2001.1273468325885,7.6014659741541895,adult tokens (study-specific log-rate)
babyview,babyview,babyview,S00360001,14.817552721821803,head-cam transcript,2265.472354030806,7.725538561000648,adult tokens (study-specific log-rate)
babyview,babyview,babyview,S00360001,14.817552721821803,head-cam transcript,1136.365607249707,7.03559038487026,adult tokens (study-specific log-rate)
babyview,babyview,babyview,S00360001,14.817552721821803,head-cam transcript,106.47212500616158,4.667883213859018,adult tokens (study-specific log-rate)
babyview,babyview,babyview,S00360001,14.948972258157252,head-cam transcript,1785.7173828209682,7.487575508613317,adult tokens (study-specific log-rate)
babyview,babyview,babyview,S00360001,14.948972258157252,head-cam transcript,433.0220642922072,6.070788683499172,adult tokens (study-specific log-rate)
babyview,babyview,babyview,S00360001,14.948972258157252,head-cam transcript,1085.6980933489863,6.9899784630872235,adult tokens (study-specific log-rate)
babyview,babyview,babyview,S00360001,15.047536910408835,head-cam transcript,2075.666816257245,7.63803773827303,adult tokens (study-specific log-rate)
babyview,babyview,babyview,S00360001,15.047536910408835,head-cam transcript,3656.123782950576,8.2041587894819,adult tokens (study-specific log-rate)
babyview,babyview,babyview,S00360001,15.047536910408835,head-cam transcript,3806.4972771526404,8.244464695430798,adult tokens (study-specific log-rate)
babyview,babyview,babyview,S00360001,15.178956446744284,head-cam transcript,2177.658522807513,7.6860055064476835,adult tokens (study-specific log-rate)
babyview,babyview,babyview,S00360001,15.178956446744284,head-cam transcript,904.72027972027945,6.807625812741863,adult tokens (study-specific log-rate)
babyview,babyview,babyview,S00360001,15.178956446744284,head-cam transcript,263.4094944488888,5.573709834403242,adult tokens (study-specific log-rate)
babyview,babyview,babyview,S00360001,15.277521098995871,head-cam transcript,633.7423578892597,6.451642496275307,adult tokens (study-specific log-rate)
babyview,babyview,babyview,S00360001,15.277521098995871,head-cam transcript,2588.781944905409,7.858942752529519,adult tokens (study-specific log-rate)
babyview,babyview,babyview,S00360001,15.277521098995871,head-cam transcript,314.68531468531467,5.7515731384925495,adult tokens (study-specific log-rate)
babyview,babyview,babyview,S00360001,15.40894063533132,head-cam transcript,360.3008015866457,5.8869392425271645,adult tokens (study-specific log-rate)
babyview,babyview,babyview,S00360001,15.40894063533132,head-cam transcript,765.6435971981035,6.64071678365602,adult tokens (study-specific log-rate)
babyview,babyview,babyview,S00360001,15.40894063533132,head-cam transcript,727.8962181747597,6.590158480582153,adult tokens (study-specific log-rate)
babyview,babyview,babyview,S00360001,15.507505287582909,head-cam transcript,713.0281690140845,6.569520927367525,adult tokens (study-specific log-rate)
babyview,babyview,babyview,S00360001,15.507505287582909,head-cam transcript,128.91496570531362,4.859153006427667,adult tokens (study-specific log-rate)
babyview,babyview,babyview,S00360001,15.507505287582909,head-cam transcript,730.518138996777,6.5937540618157735,adult tokens (study-specific log-rate)
babyview,babyview,babyview,S00360001,15.638924823918355,head-cam transcript,1070.4177897574125,6.975804308964382,adult tokens (study-specific log-rate)
babyview,babyview,babyview,S00360001,15.638924823918355,head-cam transcript,270.07979630345335,5.598717457199123,adult tokens (study-specific log-rate)
babyview,babyview,babyview,S00360001,15.638924823918355,head-cam transcript,639.7464068297252,6.461071858501617,adult tokens (study-specific log-rate)
babyview,babyview,babyview,S00360001,15.638924823918355,head-cam transcript,1467.9779323578794,7.291641176607712,adult tokens (study-specific log-rate)
babyview,babyview,babyview,S00360001,15.73748947616994,head-cam transcript,1583.3402198165438,7.367291957708936,adult tokens (study-specific log-rate)
babyview,babyview,babyview,S00360001,15.73748947616994,head-cam transcript,1623.5139668878996,7.392348194455018,adult tokens (study-specific log-rate)
babyview,babyview,babyview,S00360001,15.73748947616994,head-cam transcript,718.4747463485336,6.577130557160999,adult tokens (study-specific log-rate)
babyview,babyview,babyview,S00360001,15.868909012505387,head-cam transcript,774.9703548298824,6.652824776789317,adult tokens (study-specific log-rate)
babyview,babyview,babyview,S00360001,15.868909012505387,head-cam transcript,12.098603619498915,2.4930900425960196,adult tokens (study-specific log-rate)
babyview,babyview,babyview,S00360001,15.868909012505387,head-cam transcript,1642.8394347574588,7.40418138639465,adult tokens (study-specific log-rate)
babyview,babyview,babyview,S00360001,15.868909012505387,head-cam transcript,383.439385174779,5.9491815514043855,adult tokens (study-specific log-rate)
babyview,babyview,babyview,S00360001,15.967473664756977,head-cam transcript,1636.2284108751346,7.400149122866711,adult tokens (study-specific log-rate)
babyview,babyview,babyview,S00360001,15.967473664756977,head-cam transcript,2402.5100851636034,7.784269338614452,adult tokens (study-specific log-rate)
babyview,babyview,babyview,S00360001,15.967473664756977,head-cam transcript,2195.079120407406,7.693973370603333,adult tokens (study-specific log-rate)
babyview,babyview,babyview,S00360001,16.098893201092423,head-cam transcript,1903.974878109248,7.5516990209939125,adult tokens (study-specific log-rate)
babyview,babyview,babyview,S00360001,16.098893201092423,head-cam transcript,277.22277722277715,5.624821432853405,adult tokens (study-specific log-rate)
babyview,babyview,babyview,S00360001,16.098893201092423,head-cam transcript,1004.7161363500687,6.912460329203302,adult tokens (study-specific log-rate)
babyview,babyview,babyview,S00360001,16.197457853344012,head-cam transcript,1763.0875495112289,7.47482184055866,adult tokens (study-specific log-rate)
babyview,babyview,babyview,S00360001,16.197457853344012,head-cam transcript,1455.4022034510922,7.283037569895001,adult tokens (study-specific log-rate)
babyview,babyview,babyview,S00360001,16.197457853344012,head-cam transcript,1431.0689310689302,7.2661769482558105,adult tokens (study-specific log-rate)
babyview,babyview,babyview,S00360001,16.32887738967946,head-cam transcript,2180.3196803196797,7.6872267873806734,adult tokens (study-specific log-rate)
babyview,babyview,babyview,S00360001,16.32887738967946,head-cam transcript,905.7102718783575,6.8087194666860915,adult tokens (study-specific log-rate)
babyview,babyview,babyview,S00360001,16.32887738967946,head-cam transcript,816.033809310367,6.704455787084176,adult tokens (study-specific log-rate)
babyview,babyview,babyview,S00360001,16.427442041931045,head-cam transcript,1326.8005029701255,7.190525686157937,adult tokens (study-specific log-rate)
babyview,babyview,babyview,S00360001,16.427442041931045,head-cam transcript,1145.7312578589085,7.04379836528809,adult tokens (study-specific log-rate)
babyview,babyview,babyview,S00360001,16.427442041931045,head-cam transcript,3969.2403064161435,8.286329996784492,adult tokens (study-specific log-rate)
babyview,babyview,babyview,S00360001,16.49315181009877,head-cam transcript,1864.3087348153038,7.530645611796079,adult tokens (study-specific log-rate)
babyview,babyview,babyview,S00360001,16.49315181009877,head-cam transcript,985.0425584662428,6.892684846803426,adult tokens (study-specific log-rate)
babyview,babyview,babyview,S00360001,16.49315181009877,head-cam transcript,864.1674324400354,6.761766537576012,adult tokens (study-specific log-rate)
babyview,babyview,babyview,S00360001,16.65742623051808,head-cam transcript,1722.1717213453437,7.451341402051388,adult tokens (study-specific log-rate)
babyview,babyview,babyview,S00360001,16.65742623051808,head-cam transcript,940.5037708877608,6.846415658183085,adult tokens (study-specific log-rate)
babyview,babyview,babyview,S00360001,16.65742623051808,head-cam transcript,159.7751312966935,5.073767397295942,adult tokens (study-specific log-rate)
babyview,babyview,babyview,S00360001,16.78884576685353,head-cam transcript,1712.2551855218576,7.445566602557504,adult tokens (study-specific log-rate)
babyview,babyview,babyview,S00360001,16.78884576685353,head-cam transcript,1336.816680632917,7.198046455235139,adult tokens (study-specific log-rate)
babyview,babyview,babyview,S00360001,16.78884576685353,head-cam transcript,1003.3489919309526,6.911098675528731,adult tokens (study-specific log-rate)
babyview,babyview,babyview,S00360001,16.887410419105116,head-cam transcript,862.7386166432523,6.760111767620714,adult tokens (study-specific log-rate)
babyview,babyview,babyview,S00360001,16.887410419105116,head-cam transcript,1362.7051179489185,7.217227060490205,adult tokens (study-specific log-rate)
babyview,babyview,babyview,S00360001,16.887410419105116,head-cam transcript,2250.069964862092,7.718716590209274,adult tokens (study-specific log-rate)
babyview,babyview,babyview,S00360001,17.018829955440562,head-cam transcript,1980.8393982556431,7.59127597236499,adult tokens (study-specific log-rate)
babyview,babyview,babyview,S00360001,17.018829955440562,head-cam transcript,3170.922064890177,8.061777696781311,adult tokens (study-specific log-rate)
babyview,babyview,babyview,S00360001,17.018829955440562,head-cam transcript,4494.573624526486,8.410626086906428,adult tokens (study-specific log-rate)
babyview,babyview,babyview,S00360001,17.248814144027598,head-cam transcript,505.7433269977688,6.226029281690456,adult tokens (study-specific log-rate)
babyview,babyview,babyview,S00360001,17.248814144027598,head-cam transcript,1348.651348651349,7.206860371099392,adult tokens (study-specific log-rate)
babyview,babyview,babyview,S00360001,17.248814144027598,head-cam transcript,642.2120637752259,6.464918566554071,adult tokens (study-specific log-rate)
babyview,babyview,babyview,S00360001,17.347378796279184,head-cam transcript,410.9188113402667,6.018395655664688,adult tokens (study-specific log-rate)
babyview,babyview,babyview,S00360001,17.347378796279184,head-cam transcript,704.2957042957045,6.557198302479185,adult tokens (study-specific log-rate)
babyview,babyview,babyview,S00360001,17.347378796279184,head-cam transcript,639.4092008553498,6.460544626349155,adult tokens (study-specific log-rate)
babyview,babyview,babyview,S00360001,17.478798332614634,head-cam transcript,755.1072174201478,6.626859748994594,adult tokens (study-specific log-rate)
babyview,babyview,babyview,S00360001,17.478798332614634,head-cam transcript,1499.678055062341,7.313005734095556,adult tokens (study-specific log-rate)
babyview,babyview,babyview,S00360001,17.478798332614634,head-cam transcript,961.8945197733847,6.868904797848843,adult tokens (study-specific log-rate)
babyview,babyview,babyview,S00360001,17.57736298486622,head-cam transcript,1165.5819733786839,7.06097578923179,adult tokens (study-specific log-rate)
babyview,babyview,babyview,S00360001,17.57736298486622,head-cam transcript,1320.064675084693,7.185436010656421,adult tokens (study-specific log-rate)
babyview,babyview,babyview,S00360001,17.57736298486622,head-cam transcript,2659.9855620196186,7.886075973948841,adult tokens (study-specific log-rate)
babyview,babyview,babyview,S00360001,17.57736298486622,head-cam transcript,2899.6003996003983,7.972328213238963,adult tokens (study-specific log-rate)
babyview,babyview,babyview,S00360001,17.643072753033945,head-cam transcript,3417.2991746502544,8.136605803052937,adult tokens (study-specific log-rate)
babyview,babyview,babyview,S00360001,17.643072753033945,head-cam transcript,3251.778093883355,8.086957231526227,adult tokens (study-specific log-rate)
babyview,babyview,babyview,S00360001,17.643072753033945,head-cam transcript,1240.415221885562,7.123201458906529,adult tokens (study-specific log-rate)
babyview,babyview,babyview,S00360001,17.643072753033945,head-cam transcript,4115.4470397290215,8.322502743839806,adult tokens (study-specific log-rate)
babyview,babyview,babyview,S00360001,17.708782521201666,head-cam transcript,1576.7291959342197,7.363107851186362,adult tokens (study-specific log-rate)
babyview,babyview,babyview,S00360001,17.708782521201666,head-cam transcript,1352.3976023976022,7.209634297982117,adult tokens (study-specific log-rate)
babyview,babyview,babyview,S00360001,17.708782521201666,head-cam transcript,696.1732262018247,6.545598517587897,adult tokens (study-specific log-rate)
babyview,babyview,babyview,S00360001,17.938766709788702,head-cam transcript,2289.8976023976034,7.736262380438318,adult tokens (study-specific log-rate)
babyview,babyview,babyview,S00360001,17.938766709788702,head-cam transcript,577.5484542340542,6.358792342311844,adult tokens (study-specific log-rate)
babyview,babyview,babyview,S00360001,17.938766709788702,head-cam transcript,7140.131744717617,8.873486506804523,adult tokens (study-specific log-rate)
babyview,babyview,babyview,S00360001,18.037331362040288,head-cam transcript,1899.3506493506486,7.549267343240419,adult tokens (study-specific log-rate)
babyview,babyview,babyview,S00360001,18.037331362040288,head-cam transcript,2576.033913343521,7.854006252255411,adult tokens (study-specific log-rate)
babyview,babyview,babyview,S00360001,18.037331362040288,head-cam transcript,1656.9200779727087,7.412715783295729,adult tokens (study-specific log-rate)
babyview,babyview,babyview,S00360001,18.037331362040288,head-cam transcript,1424.4888986590454,7.261568360758453,adult tokens (study-specific log-rate)
babyview,babyview,babyview,S00360001,18.168750898375738,head-cam transcript,2581.4130455991103,7.856092220079768,adult tokens (study-specific log-rate)
babyview,babyview,babyview,S00360001,18.168750898375738,head-cam transcript,1236.2685606134514,7.119852896465028,adult tokens (study-specific log-rate)
babyview,babyview,babyview,S00360001,18.168750898375738,head-cam transcript,484.6581028776576,6.183443699828377,adult tokens (study-specific log-rate)
babyview,babyview,babyview,S00360001,18.267315550627323,head-cam transcript,1110.6520122303943,7.012702520261225,adult tokens (study-specific log-rate)
babyview,babyview,babyview,S00360001,18.39873508696277,head-cam transcript,1529.7229328361436,7.3328419083381915,adult tokens (study-specific log-rate)
babyview,babyview,babyview,S00360001,18.39873508696277,head-cam transcript,780.1008181142053,6.659423165323631,adult tokens (study-specific log-rate)
babyview,babyview,babyview,S00360001,18.39873508696277,head-cam transcript,596.913684924538,6.391772521573776,adult tokens (study-specific log-rate)
babyview,babyview,babyview,S00360001,18.49729973921436,head-cam transcript,1248.7534145601173,7.129901064341501,adult tokens (study-specific log-rate)
babyview,babyview,babyview,S00360001,18.49729973921436,head-cam transcript,2583.6084397875698,7.85694232083032,adult tokens (study-specific log-rate)
babyview,babyview,babyview,S00360001,18.49729973921436,head-cam transcript,1601.5297262492436,7.378714530381317,adult tokens (study-specific log-rate)
babyview,babyview,babyview,S00360001,18.628719275549805,head-cam transcript,1921.298705160035,7.560756645297927,adult tokens (study-specific log-rate)
babyview,babyview,babyview,S00360001,18.628719275549805,head-cam transcript,717.1421350736615,6.575274056760558,adult tokens (study-specific log-rate)
babyview,babyview,babyview,S00360001,18.72728392780139,head-cam transcript,1036.4653340848974,6.943571486150008,adult tokens (study-specific log-rate)
babyview,babyview,babyview,S00360001,18.72728392780139,head-cam transcript,2147.8558730434024,7.672225355166863,adult tokens (study-specific log-rate)
babyview,babyview,babyview,S00360001,18.72728392780139,head-cam transcript,3801.6044972770374,8.243178492723425,adult tokens (study-specific log-rate)
babyview,babyview,babyview,S00360001,18.85870346413684,head-cam transcript,1060.2409638554216,6.966251485663745,adult tokens (study-specific log-rate)
babyview,babyview,babyview,S00360001,18.85870346413684,head-cam transcript,2114.300208776414,7.656479166175752,adult tokens (study-specific log-rate)
babyview,babyview,babyview,S00360001,18.85870346413684,head-cam transcript,750.9415741187835,6.621327851292728,adult tokens (study-specific log-rate)
babyview,babyview,babyview,S00360001,18.957268116388427,head-cam transcript,2413.2159736374265,7.788715565820941,adult tokens (study-specific log-rate)
babyview,babyview,babyview,S00360001,18.957268116388427,head-cam transcript,4220.7865412132,8.34777677383643,adult tokens (study-specific log-rate)
babyview,babyview,babyview,S00360001,18.957268116388427,head-cam transcript,1266.7889180750362,7.14424056665893,adult tokens (study-specific log-rate)
babyview,babyview,babyview,S00360001,19.088687652723873,head-cam transcript,917.834896754724,6.822017523415642,adult tokens (study-specific log-rate)
babyview,babyview,babyview,S00360001,19.088687652723873,head-cam transcript,1421.3063866323234,7.259331718249486,adult tokens (study-specific log-rate)
babyview,babyview,babyview,S00360001,19.187252304975463,head-cam transcript,2001.9121578115544,7.601858081695527,adult tokens (study-specific log-rate)
babyview,babyview,babyview,S00360001,19.187252304975463,head-cam transcript,1264.3550005574755,7.142317390145877,adult tokens (study-specific log-rate)
babyview,babyview,babyview,S00360001,19.187252304975463,head-cam transcript,3025.785513035417,8.01492601048627,adult tokens (study-specific log-rate)
babyview,babyview,babyview,S00360001,19.31867184131091,head-cam transcript,836.6647877552788,6.729423497744376,adult tokens (study-specific log-rate)
babyview,babyview,babyview,S00360001,19.31867184131091,head-cam transcript,1467.2852621081386,7.291169211937624,adult tokens (study-specific log-rate)
babyview,babyview,babyview,S00360001,19.31867184131091,head-cam transcript,4232.958106651289,8.350656343626046,adult tokens (study-specific log-rate)
babyview,babyview,babyview,S00360001,19.45009137764636,head-cam transcript,899.102458483285,6.801396997369466,adult tokens (study-specific log-rate)
babyview,babyview,babyview,S00360001,19.45009137764636,head-cam transcript,2974.9607470457,7.997986123622332,adult tokens (study-specific log-rate)
babyview,babyview,babyview,S00360001,19.45009137764636,head-cam transcript,1600.902405692097,7.378322752795205,adult tokens (study-specific log-rate)
babyview,babyview,babyview,S00360001,19.51580114581408,head-cam transcript,793.322865878853,6.676230283640012,adult tokens (study-specific log-rate)
babyview,babyview,babyview,S00360001,19.51580114581408,head-cam transcript,2911.5529453083855,7.976441876002227,adult tokens (study-specific log-rate)
babyview,babyview,babyview,S00360001,19.51580114581408,head-cam transcript,2555.0637718356347,7.845832461948876,adult tokens (study-specific log-rate)
babyview,babyview,babyview,S00360001,19.548656029897945,head-cam transcript,1545.3357007668142,7.342996447779238,adult tokens (study-specific log-rate)
babyview,babyview,babyview,S00360001,19.548656029897945,head-cam transcript,1123.8740599950413,7.024536977908228,adult tokens (study-specific log-rate)
babyview,babyview,babyview,S00360001,19.548656029897945,head-cam transcript,643.258095511016,6.466546036408762,adult tokens (study-specific log-rate)
babyview,babyview,babyview,S00360001,19.877204870736566,head-cam transcript,735.6321839080462,6.6007302436872255,adult tokens (study-specific log-rate)
babyview,babyview,babyview,S00360001,19.877204870736566,head-cam transcript,383.14176245210723,5.948405057647535,adult tokens (study-specific log-rate)
babyview,babyview,babyview,S00360001,19.877204870736566,head-cam transcript,311.6219667943807,5.741790808284536,adult tokens (study-specific log-rate)
babyview,babyview,babyview,S00360001,19.877204870736566,head-cam transcript,618.5876582753615,6.427438908993686,adult tokens (study-specific log-rate)
babyview,babyview,babyview,S00360001,19.910059754820427,head-cam transcript,1105.146771885704,7.007733430367294,adult tokens (study-specific log-rate)
babyview,babyview,babyview,S00360001,19.910059754820427,head-cam transcript,2114.300208776414,7.656479166175752,adult tokens (study-specific log-rate)
babyview,babyview,babyview,S00360001,19.910059754820427,head-cam transcript,1798.1203527798398,7.494497149821327,adult tokens (study-specific log-rate)
babyview,babyview,babyview,S00360001,20.008624407072013,head-cam transcript,353.2166350763742,5.8670815657984505,adult tokens (study-specific log-rate)
babyview,babyview,babyview,S00360001,20.008624407072013,head-cam transcript,209.79020979020973,5.346108030384385,adult tokens (study-specific log-rate)
babyview,babyview,babyview,S00360001,20.008624407072013,head-cam transcript,262.2377622377621,5.569251581698595,adult tokens (study-specific log-rate)
babyview,babyview,babyview,S00360001,20.1071890593236,head-cam transcript,1734.3877829288251,7.458409767244979,adult tokens (study-specific log-rate)
babyview,babyview,babyview,S00360001,20.1071890593236,head-cam transcript,657.7968762912157,6.488896185022513,adult tokens (study-specific log-rate)
babyview,babyview,babyview,S00360001,20.1071890593236,head-cam transcript,1486.0311983452411,7.303864219906065,adult tokens (study-specific log-rate)
babyview,babyview,babyview,S00360001,20.1071890593236,head-cam transcript,1640.3645254501005,7.402673767735483,adult tokens (study-specific log-rate)
babyview,babyview,babyview,S00360001,20.23860859565905,head-cam transcript,1080.9024047599376,6.9855515311952745,adult tokens (study-specific log-rate)
babyview,babyview,babyview,S00360001,20.23860859565905,head-cam transcript,867.4952683850075,6.765610057494909,adult tokens (study-specific log-rate)
babyview,babyview,babyview,S00360001,20.23860859565905,head-cam transcript,989.3858984078851,6.8970844460216165,adult tokens (study-specific log-rate)
babyview,babyview,babyview,S00360001,20.33717324791063,head-cam transcript,1262.2023702316203,7.140613387005784,adult tokens (study-specific log-rate)
babyview,babyview,babyview,S00360001,20.33717324791063,head-cam transcript,2637.0832868770212,7.877428769804855,adult tokens (study-specific log-rate)
babyview,babyview,babyview,S00360001,20.33717324791063,head-cam transcript,1113.6653895274585,7.015412006900314,adult tokens (study-specific log-rate)
babyview,babyview,babyview,S00360001,20.33717324791063,head-cam transcript,2704.57391176254,7.902699660116283,adult tokens (study-specific log-rate)
babyview,babyview,babyview,S00360001,20.468592784246084,head-cam transcript,1265.835263962143,7.143487470984705,adult tokens (study-specific log-rate)
babyview,babyview,babyview,S00360001,20.468592784246084,head-cam transcript,618.1291113836548,6.426697353733873,adult tokens (study-specific log-rate)
babyview,babyview,babyview,S00360001,20.468592784246084,head-cam transcript,1184.626850979454,7.077183110291579,adult tokens (study-specific log-rate)
babyview,babyview,babyview,S00360001,20.501447668329945,head-cam transcript,1750.040881858861,7.467394427706901,adult tokens (study-specific log-rate)
babyview,babyview,babyview,S00360001,20.501447668329945,head-cam transcript,1490.7858854640106,7.307058699800699,adult tokens (study-specific log-rate)
babyview,babyview,babyview,S00360001,20.501447668329945,head-cam transcript,906.8269643623869,6.809951653923948,adult tokens (study-specific log-rate)
babyview,babyview,babyview,S00360001,20.698576972833116,head-cam transcript,535.1806978161657,6.282604442797739,adult tokens (study-specific log-rate)
babyview,babyview,babyview,S00360001,20.698576972833116,head-cam transcript,573.766451422093,6.352222434466237,adult tokens (study-specific log-rate)
babyview,babyview,babyview,S00360001,20.698576972833116,head-cam transcript,504.5651129264777,6.223696895740072,adult tokens (study-specific log-rate)
babyview,babyview,babyview,S00360001,20.797141625084706,head-cam transcript,405.39636525811125,6.004865268161503,adult tokens (study-specific log-rate)
babyview,babyview,babyview,S00360001,20.797141625084706,head-cam transcript,303.44655344655337,5.715205494321674,adult tokens (study-specific log-rate)
babyview,babyview,babyview,S00360001,20.797141625084706,head-cam transcript,654.253539971011,6.483494952127006,adult tokens (study-specific log-rate)
babyview,babyview,babyview,S00360001,21.0599806977556,head-cam transcript,505.7451328968475,6.226032852465903,adult tokens (study-specific log-rate)
babyview,babyview,babyview,S00360001,21.0599806977556,head-cam transcript,1022.0288384616891,6.929544988038424,adult tokens (study-specific log-rate)
babyview,babyview,babyview,S00360001,21.0599806977556,head-cam transcript,3782.816617326525,8.238224147995863,adult tokens (study-specific log-rate)
babyview,babyview,babyview,S00360002,8.213721020965522,head-cam transcript,814.8133694952295,6.702959092533241,adult tokens (study-specific log-rate)
babyview,babyview,babyview,S00360002,8.213721020965522,head-cam transcript,2083.848225086826,7.641971571567968,adult tokens (study-specific log-rate)
babyview,babyview,babyview,S00360002,8.246575905049385,head-cam transcript,806.7789051176271,6.693049659379319,adult tokens (study-specific log-rate)
babyview,babyview,babyview,S00360002,8.246575905049385,head-cam transcript,1858.7226684917691,7.52764479342511,adult tokens (study-specific log-rate)
babyview,babyview,babyview,S00360002,8.246575905049385,head-cam transcript,1849.7079750770706,7.52278305430285,adult tokens (study-specific log-rate)
babyview,babyview,babyview,S00360002,8.246575905049385,head-cam transcript,1738.3213552361397,7.4606751881789615,adult tokens (study-specific log-rate)
babyview,babyview,babyview,S00360002,8.31228567321711,head-cam transcript,370.8791208791209,5.915876189783826,adult tokens (study-specific log-rate)
babyview,babyview,babyview,S00360002,8.31228567321711,head-cam transcript,454.23208501892617,6.118608267905111,adult tokens (study-specific log-rate)
babyview,babyview,babyview,S00360002,8.31228567321711,head-cam transcript,420.1820789008569,6.040688138526768,adult tokens (study-specific log-rate)
babyview,babyview,babyview,S00360002,8.31228567321711,head-cam transcript,449.5484446426581,6.108243622615339,adult tokens (study-specific log-rate)
babyview,babyview,babyview,S00360002,8.34514055730097,head-cam transcript,1356.6729847251643,7.2127906468032625,adult tokens (study-specific log-rate)
babyview,babyview,babyview,S00360002,8.34514055730097,head-cam transcript,670.0046828284281,6.507284701656748,adult tokens (study-specific log-rate)
babyview,babyview,babyview,S00360002,8.34514055730097,head-cam transcript,1845.7548359208956,7.520643597966126,adult tokens (study-specific log-rate)
babyview,babyview,babyview,S00360002,8.34514055730097,head-cam transcript,2813.42189252135,7.942156776810825,adult tokens (study-specific log-rate)
babyview,babyview,babyview,S00360002,8.377995441384833,head-cam transcript,1146.3536463536466,7.044341441601617,adult tokens (study-specific log-rate)
babyview,babyview,babyview,S00360002,8.377995441384833,head-cam transcript,847.625656785962,6.742439095858107,adult tokens (study-specific log-rate)
babyview,babyview,babyview,S00360002,8.377995441384833,head-cam transcript,714.4609209499384,6.571528301612329,adult tokens (study-specific log-rate)
babyview,babyview,babyview,S00360002,8.377995441384833,head-cam transcript,653.2555462332441,6.481968394580132,adult tokens (study-specific log-rate)
babyview,babyview,babyview,S00360002,8.377995441384833,head-cam transcript,550.6993006993007,6.311188926427972,adult tokens (study-specific log-rate)
babyview,babyview,babyview,S00360002,8.377995441384833,head-cam transcript,1231.1983265265467,7.115743223302292,adult tokens (study-specific log-rate)
babyview,babyview,babyview,S00360002,8.377995441384833,head-cam transcript,545.8802542089419,6.302399637056296,adult tokens (study-specific log-rate)
babyview,babyview,babyview,S00360002,8.377995441384833,head-cam transcript,868.8447822484784,6.767164492796578,adult tokens (study-specific log-rate)
babyview,babyview,babyview,S00360002,8.410850325468695,head-cam transcript,2645.4378444580534,7.880591867249828,adult tokens (study-specific log-rate)
babyview,babyview,babyview,S00360002,8.410850325468695,head-cam transcript,3882.7225130890038,8.264291865187152,adult tokens (study-specific log-rate)
babyview,babyview,babyview,S00360002,8.410850325468695,head-cam transcript,3461.7796669221693,8.149538090418567,adult tokens (study-specific log-rate)
babyview,babyview,babyview,S00360002,8.410850325468695,head-cam transcript,867.5588371019842,6.765683333269773,adult tokens (study-specific log-rate)
babyview,babyview,babyview,S00360002,8.410850325468695,head-cam transcript,1732.6378500721935,7.4574002950399985,adult tokens (study-specific log-rate)
babyview,babyview,babyview,S00370001,9.560771268403869,head-cam transcript,2382.6266804550164,7.775958805344625,adult tokens (study-specific log-rate)
babyview,babyview,babyview,S00370001,9.593626152487731,head-cam transcript,1465.0462704872332,7.289642104902735,adult tokens (study-specific log-rate)
babyview,babyview,babyview,S00370001,9.626481036571592,head-cam transcript,684.2409718205106,6.52831015356339,adult tokens (study-specific log-rate)
babyview,babyview,babyview,S00370001,9.626481036571592,head-cam transcript,2065.5834177918723,7.633167992267684,adult tokens (study-specific log-rate)
babyview,babyview,babyview,S00370001,9.626481036571592,head-cam transcript,2416.3430957444734,7.790010558800275,adult tokens (study-specific log-rate)
babyview,babyview,babyview,S00370001,9.659335920655456,head-cam transcript,2773.324518634823,7.927802066765227,adult tokens (study-specific log-rate)
babyview,babyview,babyview,S00370001,9.659335920655456,head-cam transcript,1979.958750859357,7.590831290572258,adult tokens (study-specific log-rate)
babyview,babyview,babyview,S00370001,9.987884761494076,head-cam transcript,2318.6292380605187,7.748731444378702,adult tokens (study-specific log-rate)
babyview,babyview,babyview,S00370001,9.987884761494076,head-cam transcript,2382.6173826173813,7.7759549029893575,adult tokens (study-specific log-rate)
babyview,babyview,babyview,S00370001,10.02073964557794,head-cam transcript,2051.064778682127,7.626114341523948,adult tokens (study-specific log-rate)
babyview,babyview,babyview,S00370001,10.02073964557794,head-cam transcript,1485.8706591430798,7.30375618188192,adult tokens (study-specific log-rate)
babyview,babyview,babyview,S00370001,10.02073964557794,head-cam transcript,3496.9921832787004,8.159658501795994,adult tokens (study-specific log-rate)
babyview,babyview,babyview,S00370001,10.02073964557794,head-cam transcript,1918.6085405284873,7.5593554838117,adult tokens (study-specific log-rate)
babyview,babyview,babyview,S00370001,10.185014065997247,head-cam transcript,1754.2499584694617,7.469796670458156,adult tokens (study-specific log-rate)
babyview,babyview,babyview,S00370001,10.21786895008111,head-cam transcript,1477.5638376993631,7.298149954911589,adult tokens (study-specific log-rate)
babyview,babyview,babyview,S00370001,10.21786895008111,head-cam transcript,1545.3323505181456,7.34299427980221,adult tokens (study-specific log-rate)
babyview,babyview,babyview,S00370001,10.21786895008111,head-cam transcript,794.9526813880127,6.67828259261628,adult tokens (study-specific log-rate)
babyview,babyview,babyview,S00370001,10.21786895008111,head-cam transcript,1348.6453339279735,7.206855911283448,adult tokens (study-specific log-rate)
babyview,babyview,babyview,S00370001,10.250723834164972,head-cam transcript,1863.0452793487266,7.52996767484125,adult tokens (study-specific log-rate)
babyview,babyview,babyview,S00370001,10.250723834164972,head-cam transcript,1758.0555245846804,7.47196366169669,adult tokens (study-specific log-rate)
babyview,babyview,babyview,S00370001,10.250723834164972,head-cam transcript,4653.211009174315,8.44531279987601,adult tokens (study-specific log-rate)
babyview,babyview,babyview,S00370001,10.447853138668146,head-cam transcript,1984.0783833435387,7.592909794798047,adult tokens (study-specific log-rate)
babyview,babyview,babyview,S00370001,10.447853138668146,head-cam transcript,2365.503080082136,7.768745997155384,adult tokens (study-specific log-rate)
babyview,babyview,babyview,S00370001,10.447853138668146,head-cam transcript,1461.0341598067735,7.286899792590831,adult tokens (study-specific log-rate)
babyview,babyview,babyview,S00370001,10.447853138668146,head-cam transcript,2727.3379059818844,7.911081286420373,adult tokens (study-specific log-rate)
babyview,babyview,babyview,S00370001,10.480708022752006,head-cam transcript,3026.424350540751,8.0151371193282,adult tokens (study-specific log-rate)
babyview,babyview,babyview,S00370001,10.480708022752006,head-cam transcript,2049.5193082335254,7.625360560848308,adult tokens (study-specific log-rate)
babyview,babyview,babyview,S00370001,10.480708022752006,head-cam transcript,2646.333668158158,7.880930439581051,adult tokens (study-specific log-rate)
babyview,babyview,babyview,S00370001,10.480708022752006,head-cam transcript,2268.370607028755,7.726817058477345,adult tokens (study-specific log-rate)
babyview,babyview,babyview,S00370001,10.480708022752006,head-cam transcript,1581.447207046493,7.3660956606181776,adult tokens (study-specific log-rate)
babyview,babyview,babyview,S00370001,10.907821515842214,head-cam transcript,1454.0204093578664,7.282087694692246,adult tokens (study-specific log-rate)
babyview,babyview,babyview,S00370001,10.907821515842214,head-cam transcript,1012.2726340763303,6.919953214826603,adult tokens (study-specific log-rate)
babyview,babyview,babyview,S00370001,10.907821515842214,head-cam transcript,1749.5004995004986,7.467085597318133,adult tokens (study-specific log-rate)
babyview,babyview,babyview,S00370001,10.907821515842214,head-cam transcript,1325.2338150552177,7.1893441870449655,adult tokens (study-specific log-rate)
babyview,babyview,babyview,S00370001,11.13780570442925,head-cam transcript,722.1107853726276,6.582178569466113,adult tokens (study-specific log-rate)
babyview,babyview,babyview,S00370001,11.13780570442925,head-cam transcript,1436.4597763946067,7.269936876909733,adult tokens (study-specific log-rate)
babyview,babyview,babyview,S00370001,11.13780570442925,head-cam transcript,1962.760619913034,7.582107240795116,adult tokens (study-specific log-rate)
babyview,babyview,babyview,S00370001,11.17066058851311,head-cam transcript,1357.2998090846872,7.213252570645755,adult tokens (study-specific log-rate)
babyview,babyview,babyview,S00370001,11.17066058851311,head-cam transcript,1693.3066933066928,7.434438519481467,adult tokens (study-specific log-rate)
babyview,babyview,babyview,S00370001,11.17066058851311,head-cam transcript,3479.701739850869,8.154701862156065,adult tokens (study-specific log-rate)
babyview,babyview,babyview,S00370001,11.367789893016283,head-cam transcript,1720.3991210691263,7.45031159002194,adult tokens (study-specific log-rate)
babyview,babyview,babyview,S00370001,11.367789893016283,head-cam transcript,2295.306365044488,7.738621605979441,adult tokens (study-specific log-rate)
babyview,babyview,babyview,S00370001,11.367789893016283,head-cam transcript,1802.1389022324483,7.496729517457559,adult tokens (study-specific log-rate)
babyview,babyview,babyview,S00370001,11.400644777100146,head-cam transcript,2363.4410379307496,7.7678739029920285,adult tokens (study-specific log-rate)
babyview,babyview,babyview,S00370001,11.400644777100146,head-cam transcript,3100.729927007298,8.03939282308174,adult tokens (study-specific log-rate)
babyview,babyview,babyview,S00370001,11.597774081603315,head-cam transcript,3663.654391944046,8.206216396002324,adult tokens (study-specific log-rate)
babyview,babyview,babyview,S00370001,11.597774081603315,head-cam transcript,2753.4914469878513,7.920625002464863,adult tokens (study-specific log-rate)
babyview,babyview,babyview,S00370001,11.63062896568718,head-cam transcript,3447.8760173932437,8.1455136733045,adult tokens (study-specific log-rate)
babyview,babyview,babyview,S00370001,11.63062896568718,head-cam transcript,2191.5527400913147,7.692365585319375,adult tokens (study-specific log-rate)
babyview,babyview,babyview,S00370001,11.63062896568718,head-cam transcript,2122.384810738905,7.660295646153982,adult tokens (study-specific log-rate)
babyview,babyview,babyview,S00370001,11.63062896568718,head-cam transcript,2990.264255910988,8.003117042382799,adult tokens (study-specific log-rate)
babyview,babyview,babyview,S00370001,11.63062896568718,head-cam transcript,1673.7651912141819,7.422830973119045,adult tokens (study-specific log-rate)
babyview,babyview,babyview,S00370001,11.663483849771042,head-cam transcript,1737.6895644969554,7.4603116733565225,adult tokens (study-specific log-rate)
babyview,babyview,babyview,S00370001,11.9591778065258,head-cam transcript,1187.098788316326,7.07926761634995,adult tokens (study-specific log-rate)
babyview,babyview,babyview,S00370001,11.9591778065258,head-cam transcript,934.92517235581,6.840466496520172,adult tokens (study-specific log-rate)
babyview,babyview,babyview,S00370001,12.024887574693524,head-cam transcript,1532.8448163725443,7.33488064502804,adult tokens (study-specific log-rate)
babyview,babyview,babyview,S00370001,12.024887574693524,head-cam transcript,2352.7361449982586,7.763334246867348,adult tokens (study-specific log-rate)
babyview,babyview,babyview,S00370001,12.024887574693524,head-cam transcript,1101.3986013986014,7.0043361069879175,adult tokens (study-specific log-rate)
babyview,babyview,babyview,S00370001,12.024887574693524,head-cam transcript,3021.504989013365,8.013510326971312,adult tokens (study-specific log-rate)
babyview,babyview,babyview,S00370001,12.057742458777389,head-cam transcript,1646.735934130563,7.406550385890616,adult tokens (study-specific log-rate)
babyview,babyview,babyview,S00370001,12.057742458777389,head-cam transcript,1556.8961242872492,7.350449454314439,adult tokens (study-specific log-rate)
babyview,babyview,babyview,S00370001,12.156307111028974,head-cam transcript,2060.8997998103455,7.630897962440453,adult tokens (study-specific log-rate)
babyview,babyview,babyview,S00370001,12.25487176328056,head-cam transcript,1665.3895274584934,7.4178143254779325,adult tokens (study-specific log-rate)
babyview,babyview,babyview,S00370001,12.25487176328056,head-cam transcript,608.1814890792808,6.410473339198509,adult tokens (study-specific log-rate)
babyview,babyview,babyview,S00370001,12.320581531448283,head-cam transcript,2422.8266310695817,7.792690166902739,adult tokens (study-specific log-rate)
babyview,babyview,babyview,S00370001,12.320581531448283,head-cam transcript,1547.8927203065132,7.344649749620594,adult tokens (study-specific log-rate)
babyview,babyview,babyview,S00370001,12.386291299616008,head-cam transcript,2692.2094508301416,7.898117492652587,adult tokens (study-specific log-rate)
babyview,babyview,babyview,S00370001,12.386291299616008,head-cam transcript,1533.2940891305097,7.335173699436224,adult tokens (study-specific log-rate)
babyview,babyview,babyview,S00370001,12.386291299616008,head-cam transcript,1670.2494548491354,7.420728268416751,adult tokens (study-specific log-rate)
babyview,babyview,babyview,S00370001,12.55056572003532,head-cam transcript,3443.167305236268,8.14414705502353,adult tokens (study-specific log-rate)
babyview,babyview,babyview,S00370001,12.55056572003532,head-cam transcript,3629.3994362939916,8.196822469024328,adult tokens (study-specific log-rate)
babyview,babyview,babyview,S00370001,12.583420604119182,head-cam transcript,3766.7552740229658,8.233969239832529,adult tokens (study-specific log-rate)
babyview,babyview,babyview,S00370001,12.649130372286905,head-cam transcript,618.291112065264,6.426959401667842,adult tokens (study-specific log-rate)
babyview,babyview,babyview,S00370001,12.649130372286905,head-cam transcript,475.0957854406129,6.16351643726448,adult tokens (study-specific log-rate)
babyview,babyview,babyview,S00370001,12.681985256370767,head-cam transcript,2012.7713920817375,7.607267853409159,adult tokens (study-specific log-rate)
babyview,babyview,babyview,S00370001,12.681985256370767,head-cam transcript,1963.7228440384283,7.582597360849608,adult tokens (study-specific log-rate)
babyview,babyview,babyview,S00370001,12.74769502453849,head-cam transcript,2461.3745338305807,7.808475226471413,adult tokens (study-specific log-rate)
babyview,babyview,babyview,S00370001,12.74769502453849,head-cam transcript,1272.0306513409962,7.148369840575932,adult tokens (study-specific log-rate)
babyview,babyview,babyview,S00370001,12.9119694449578,head-cam transcript,559.0062111801245,6.32616058432794,adult tokens (study-specific log-rate)
babyview,babyview,babyview,S00370001,12.9119694449578,head-cam transcript,1600.7588782830378,7.3782330947105885,adult tokens (study-specific log-rate)
babyview,babyview,babyview,S00370001,12.977679213125526,head-cam transcript,2482.7586206896553,7.817125568011718,adult tokens (study-specific log-rate)
babyview,babyview,babyview,S00370001,12.977679213125526,head-cam transcript,2522.8323465001217,7.83313749637375,adult tokens (study-specific log-rate)
babyview,babyview,babyview,S00370001,13.010534097209389,head-cam transcript,2187.5277211035227,7.690527290655941,adult tokens (study-specific log-rate)
babyview,babyview,babyview,S00370001,13.010534097209389,head-cam transcript,2324.3933588761174,7.751214363062175,adult tokens (study-specific log-rate)
babyview,babyview,babyview,S00370001,13.010534097209389,head-cam transcript,1142.4596791722813,7.0409388303926645,adult tokens (study-specific log-rate)
babyview,babyview,babyview,S00370001,13.141953633544835,head-cam transcript,1220.9450830140481,7.107380496042735,adult tokens (study-specific log-rate)
babyview,babyview,babyview,S00370001,13.141953633544835,head-cam transcript,662.3916053341105,6.495856929884028,adult tokens (study-specific log-rate)
babyview,babyview,babyview,S00370001,13.20766340171256,head-cam transcript,2334.6104725415066,7.755600335005429,adult tokens (study-specific log-rate)
babyview,babyview,babyview,S00370001,13.240518285796425,head-cam transcript,2659.693686963019,7.885966239867806,adult tokens (study-specific log-rate)
babyview,babyview,babyview,S00370001,13.240518285796425,head-cam transcript,2048.531289910601,7.624878371417794,adult tokens (study-specific log-rate)
babyview,babyview,babyview,S00370001,13.240518285796425,head-cam transcript,4028.132992327365,8.301058270256505,adult tokens (study-specific log-rate)
babyview,babyview,babyview,S00370001,13.240518285796425,head-cam transcript,2752.0130465803677,7.920087939805212,adult tokens (study-specific log-rate)
babyview,babyview,babyview,S00370001,13.306228053964146,head-cam transcript,810.8716870635932,6.698109825893417,adult tokens (study-specific log-rate)
babyview,babyview,babyview,S00370001,13.306228053964146,head-cam transcript,924.6487867177519,6.82941397537705,adult tokens (study-specific log-rate)
babyview,babyview,babyview,S00370001,13.306228053964146,head-cam transcript,2469.99972664899,7.811973318953592,adult tokens (study-specific log-rate)
babyview,babyview,babyview,S00370001,13.371937822131873,head-cam transcript,206.7302170667279,5.331414644037777,adult tokens (study-specific log-rate)
babyview,babyview,babyview,S00370001,13.371937822131873,head-cam transcript,2595.1468710089407,7.861398391689707,adult tokens (study-specific log-rate)
babyview,babyview,babyview,S00370001,13.371937822131873,head-cam transcript,725.116862387413,6.586332831364923,adult tokens (study-specific log-rate)
babyview,babyview,babyview,S00370001,13.700486662970492,head-cam transcript,1603.3966033966033,7.379879535231033,adult tokens (study-specific log-rate)
babyview,babyview,babyview,S00370001,13.700486662970492,head-cam transcript,3438.5665529010234,8.142809963785908,adult tokens (study-specific log-rate)
babyview,babyview,babyview,S00370001,13.864761083389803,head-cam transcript,1127.8849370052405,7.02809942065399,adult tokens (study-specific log-rate)
babyview,babyview,babyview,S00370001,13.864761083389803,head-cam transcript,833.0384123267903,6.725079754341103,adult tokens (study-specific log-rate)
babyview,babyview,babyview,S00370001,13.864761083389803,head-cam transcript,1341.4546757434614,7.201509883043298,adult tokens (study-specific log-rate)
babyview,babyview,babyview,S00370001,14.357584344647734,head-cam transcript,3582.769885284511,8.183891491208037,adult tokens (study-specific log-rate)
babyview,babyview,babyview,S00370001,14.357584344647734,head-cam transcript,2127.3274612554364,7.662621757866412,adult tokens (study-specific log-rate)
babyview,babyview,babyview,S00370001,14.357584344647734,head-cam transcript,2139.3689374512214,7.668266175486089,adult tokens (study-specific log-rate)
babyview,babyview,babyview,S00370001,14.357584344647734,head-cam transcript,1970.303018477688,7.5859426263896275,adult tokens (study-specific log-rate)
babyview,babyview,babyview,S00370001,14.390439228731596,head-cam transcript,1933.9984650805832,7.567344882362761,adult tokens (study-specific log-rate)
babyview,babyview,babyview,S00370001,14.390439228731596,head-cam transcript,2960.7292166403963,7.993190873950317,adult tokens (study-specific log-rate)
babyview,babyview,babyview,S00370001,14.390439228731596,head-cam transcript,1950.7191437172476,7.575953375220737,adult tokens (study-specific log-rate)
babyview,babyview,babyview,S00370001,14.587568533234768,head-cam transcript,4701.548451548455,8.455647191215121,adult tokens (study-specific log-rate)
babyview,babyview,babyview,S00370001,14.587568533234768,head-cam transcript,3820.254790707632,8.248072398514456,adult tokens (study-specific log-rate)
babyview,babyview,babyview,S00370001,14.587568533234768,head-cam transcript,785.3071564281194,6.666074923325578,adult tokens (study-specific log-rate)
babyview,babyview,babyview,S00370001,14.62042341731863,head-cam transcript,1724.7217319260828,7.452821001627365,adult tokens (study-specific log-rate)
babyview,babyview,babyview,S00370001,15.967473664756977,head-cam transcript,2502.497502497502,7.8250445131858815,adult tokens (study-specific log-rate)
babyview,babyview,babyview,S00370001,16.197457853344012,head-cam transcript,3086.9130869130886,8.034926869558708,adult tokens (study-specific log-rate)
babyview,babyview,babyview,S00370001,16.197457853344012,head-cam transcript,1685.8066674099684,7.429999462597658,adult tokens (study-specific log-rate)
babyview,babyview,babyview,S00370001,16.197457853344012,head-cam transcript,1699.642257428634,7.43817307109269,adult tokens (study-specific log-rate)
babyview,babyview,babyview,S00370001,16.394587157847184,head-cam transcript,923.179841676887,6.827824060243439,adult tokens (study-specific log-rate)
babyview,babyview,babyview,S00370001,16.394587157847184,head-cam transcript,2117.200274276069,7.657849869530428,adult tokens (study-specific log-rate)
babyview,babyview,babyview,S00370001,16.62457134643422,head-cam transcript,1898.5394135355116,7.548840139812177,adult tokens (study-specific log-rate)
babyview,babyview,babyview,S00370001,16.62457134643422,head-cam transcript,816.9990518085589,6.70563793428229,adult tokens (study-specific log-rate)
babyview,babyview,babyview,S00370001,16.62457134643422,head-cam transcript,3811.719733628624,8.245835739938109,adult tokens (study-specific log-rate)
babyview,babyview,babyview,S00370001,16.69028111460194,head-cam transcript,1950.7191437172476,7.575953375220737,adult tokens (study-specific log-rate)
babyview,babyview,babyview,S00370001,16.69028111460194,head-cam transcript,2966.216969561825,7.995042672268446,adult tokens (study-specific log-rate)
babyview,babyview,babyview,S00370001,16.69028111460194,head-cam transcript,1721.8243898550527,7.451139699447637,adult tokens (study-specific log-rate)
babyview,babyview,babyview,S00370001,16.82170065093739,head-cam transcript,1191.3086913086906,7.082807722429412,adult tokens (study-specific log-rate)
babyview,babyview,babyview,S00370001,16.82170065093739,head-cam transcript,2057.7494499512327,7.629368164546793,adult tokens (study-specific log-rate)
babyview,babyview,babyview,S00370001,16.82170065093739,head-cam transcript,747.811678253665,6.617151179235281,adult tokens (study-specific log-rate)
babyview,babyview,babyview,S00370001,16.920265303188977,head-cam transcript,824.8997517662783,6.715261865940805,adult tokens (study-specific log-rate)
babyview,babyview,babyview,S00370001,16.920265303188977,head-cam transcript,1854.406130268199,7.525319778376075,adult tokens (study-specific log-rate)
babyview,babyview,babyview,S00370001,16.920265303188977,head-cam transcript,694.7637292464876,6.543571829847276,adult tokens (study-specific log-rate)
babyview,babyview,babyview,S00370001,17.150249491776012,head-cam transcript,2798.410779063741,7.936806956123608,adult tokens (study-specific log-rate)
babyview,babyview,babyview,S00370001,17.150249491776012,head-cam transcript,1949.4974964878782,7.57532692424018,adult tokens (study-specific log-rate)
babyview,babyview,babyview,S00370001,17.150249491776012,head-cam transcript,2833.760731408185,7.9493599888134865,adult tokens (study-specific log-rate)
babyview,babyview,babyview,S00370001,17.347378796279184,head-cam transcript,2263.4612338398188,7.724650440084694,adult tokens (study-specific log-rate)
babyview,babyview,babyview,S00370001,17.347378796279184,head-cam transcript,1288.4379529490475,7.16118587445026,adult tokens (study-specific log-rate)
babyview,babyview,babyview,S00370001,17.380233680363045,head-cam transcript,1449.919668992231,7.279263433184932,adult tokens (study-specific log-rate)
babyview,babyview,babyview,S00370001,17.380233680363045,head-cam transcript,1664.2051799286767,7.417102919025286,adult tokens (study-specific log-rate)
babyview,babyview,babyview,S00370001,18.070186246124152,head-cam transcript,2608.8518895609986,7.866665514480077,adult tokens (study-specific log-rate)
babyview,babyview,babyview,S00370001,18.070186246124152,head-cam transcript,3439.8483665960557,8.143182669918025,adult tokens (study-specific log-rate)
babyview,babyview,babyview,S00370001,18.070186246124152,head-cam transcript,4214.54558553366,8.346297055735349,adult tokens (study-specific log-rate)
babyview,babyview,babyview,S00370001,18.070186246124152,head-cam transcript,1649.6822388226115,7.408337965816479,adult tokens (study-specific log-rate)
babyview,babyview,babyview,S00370001,18.267315550627323,head-cam transcript,2507.1142970354103,7.826887688277967,adult tokens (study-specific log-rate)
babyview,babyview,babyview,S00370001,18.464444855130495,head-cam transcript,1610.8891108891107,7.384541548336844,adult tokens (study-specific log-rate)
babyview,babyview,babyview,S00370001,18.464444855130495,head-cam transcript,1355.6808647636149,7.2120590903317625,adult tokens (study-specific log-rate)
babyview,babyview,babyview,S00370001,18.464444855130495,head-cam transcript,1000.1578531965267,6.907913119721159,adult tokens (study-specific log-rate)
babyview,babyview,babyview,S00370001,18.990123000472288,head-cam transcript,3671.9362970135066,8.208474403282029,adult tokens (study-specific log-rate)
babyview,babyview,babyview,S00370001,18.990123000472288,head-cam transcript,2779.0351991258754,7.929859095774515,adult tokens (study-specific log-rate)
babyview,babyview,babyview,S00370001,19.417236493562495,head-cam transcript,2353.37568326193,7.763606037377624,adult tokens (study-specific log-rate)
babyview,babyview,babyview,S00370001,19.417236493562495,head-cam transcript,3160.8933751317063,8.058609980274259,adult tokens (study-specific log-rate)
babyview,babyview,babyview,S00370001,19.45009137764636,head-cam transcript,3844.0243613066496,8.254275107558824,adult tokens (study-specific log-rate)
babyview,babyview,babyview,S00370001,19.45009137764636,head-cam transcript,1990.8573977032001,7.5963206780451715,adult tokens (study-specific log-rate)
babyview,babyview,babyview,S00370001,19.68007556623339,head-cam transcript,1124.6346329317516,7.025213491161755,adult tokens (study-specific log-rate)
babyview,babyview,babyview,S00370001,19.68007556623339,head-cam transcript,2444.208289054197,7.801476541313998,adult tokens (study-specific log-rate)
babyview,babyview,babyview,S00370001,19.68007556623339,head-cam transcript,1902.5532389341065,7.550952073015321,adult tokens (study-specific log-rate)
babyview,babyview,babyview,S00370001,19.910059754820427,head-cam transcript,2149.407495089558,7.672947499462273,adult tokens (study-specific log-rate)
babyview,babyview,babyview,S00370001,20.33717324791063,head-cam transcript,1176.3236763236762,7.070149325557489,adult tokens (study-specific log-rate)
babyview,babyview,babyview,S00370001,20.33717324791063,head-cam transcript,2697.302697302696,7.900007551659336,adult tokens (study-specific log-rate)
babyview,babyview,babyview,S00370001,20.33717324791063,head-cam transcript,600.9771986970683,6.398556994875522,adult tokens (study-specific log-rate)
babyview,babyview,babyview,S00370001,20.33717324791063,head-cam transcript,3134.7976363028233,8.05031990115993,adult tokens (study-specific log-rate)
babyview,babyview,babyview,S00370001,20.370028131994495,head-cam transcript,2972.07016117765,7.997014012953902,adult tokens (study-specific log-rate)
babyview,babyview,babyview,S00370001,20.961416045504013,head-cam transcript,3447.648954631847,8.145447815298793,adult tokens (study-specific log-rate)
babyview,babyview,babyview,S00370001,20.961416045504013,head-cam transcript,2882.4762211832985,7.966405002736525,adult tokens (study-specific log-rate)
babyview,babyview,babyview,S00370001,21.28996488634263,head-cam transcript,1479.5828177479225,7.299515447122502,adult tokens (study-specific log-rate)
babyview,babyview,babyview,S00370001,21.28996488634263,head-cam transcript,1950.7191437172476,7.575953375220737,adult tokens (study-specific log-rate)
babyview,babyview,babyview,S00370001,21.28996488634263,head-cam transcript,933.0273866318898,6.838434553719749,adult tokens (study-specific log-rate)
babyview,babyview,babyview,S00370001,21.28996488634263,head-cam transcript,2968.071519795657,7.995667700963136,adult tokens (study-specific log-rate)
babyview,babyview,babyview,S00370001,21.28996488634263,head-cam transcript,1534.5268542199483,7.335977374212917,adult tokens (study-specific log-rate)
babyview,babyview,babyview,S00370001,21.71707837943284,head-cam transcript,1716.4750957854408,7.448028104074429,adult tokens (study-specific log-rate)
babyview,babyview,babyview,S00370001,21.71707837943284,head-cam transcript,2781.885054055058,7.9308840538925685,adult tokens (study-specific log-rate)
babyview,babyview,babyview,S00370001,21.71707837943284,head-cam transcript,1660.2809706257983,7.414742126440962,adult tokens (study-specific log-rate)
babyview,babyview,babyview,S00370001,21.749933263516706,head-cam transcript,817.3690932311621,6.706090759345051,adult tokens (study-specific log-rate)
babyview,babyview,babyview,S00370001,21.749933263516706,head-cam transcript,1513.9879319802517,7.322502463014669,adult tokens (study-specific log-rate)
babyview,babyview,babyview,S00370001,21.749933263516706,head-cam transcript,567.0498084291188,6.340447145423559,adult tokens (study-specific log-rate)
babyview,babyview,babyview,S00370001,21.749933263516706,head-cam transcript,684.5466155810983,6.528756744062136,adult tokens (study-specific log-rate)
babyview,babyview,babyview,S00370001,22.43988582927781,head-cam transcript,2514.666285104777,7.829895383910593,adult tokens (study-specific log-rate)
babyview,babyview,babyview,S00370001,22.66987001786484,head-cam transcript,3484.623934790661,8.156115407699263,adult tokens (study-specific log-rate)
babyview,babyview,babyview,S00370001,22.66987001786484,head-cam transcript,2869.8851599955415,7.962027294014252,adult tokens (study-specific log-rate)
babyview,babyview,babyview,S00380001,12.649130372286905,head-cam transcript,2722.8607918263087,7.909438368277069,adult tokens (study-specific log-rate)
babyview,babyview,babyview,S00380001,12.649130372286905,head-cam transcript,3010.0834059504523,8.009723066977108,adult tokens (study-specific log-rate)
babyview,babyview,babyview,S00380001,12.649130372286905,head-cam transcript,1605.9557087612066,7.381474315521931,adult tokens (study-specific log-rate)
babyview,babyview,babyview,S00380001,12.649130372286905,head-cam transcript,1578.8070050671172,7.364424780735472,adult tokens (study-specific log-rate)
babyview,babyview,babyview,S00380001,12.681985256370767,head-cam transcript,1783.950130198059,7.486585358824382,adult tokens (study-specific log-rate)
babyview,babyview,babyview,S00380001,12.681985256370767,head-cam transcript,2288.633461047254,7.73571017652621,adult tokens (study-specific log-rate)
babyview,babyview,babyview,S00380001,12.71484014045463,head-cam transcript,2533.277287375649,7.8372691139572375,adult tokens (study-specific log-rate)
babyview,babyview,babyview,S00380001,12.71484014045463,head-cam transcript,4315.396909962707,8.369944583056158,adult tokens (study-specific log-rate)
babyview,babyview,babyview,S00380001,12.71484014045463,head-cam transcript,2101.602285430382,7.650455325842371,adult tokens (study-specific log-rate)
babyview,babyview,babyview,S00380001,12.813404792706216,head-cam transcript,2611.1283804787067,7.867537736574516,adult tokens (study-specific log-rate)
babyview,babyview,babyview,S00380001,12.813404792706216,head-cam transcript,2926.4327326920475,7.981539462884341,adult tokens (study-specific log-rate)
babyview,babyview,babyview,S00380001,12.846259676790078,head-cam transcript,2120.0510855683265,7.659195464341923,adult tokens (study-specific log-rate)
babyview,babyview,babyview,S00380001,12.87911456087394,head-cam transcript,1496.9374035157605,7.311176568926642,adult tokens (study-specific log-rate)
babyview,babyview,babyview,S00380001,12.944824329041664,head-cam transcript,3274.94526118236,8.094056433786879,adult tokens (study-specific log-rate)
babyview,babyview,babyview,S00380001,12.944824329041664,head-cam transcript,2570.364238410595,7.851802894854956,adult tokens (study-specific log-rate)
babyview,babyview,babyview,S00380001,12.944824329041664,head-cam transcript,2865.900383141762,7.960637849633921,adult tokens (study-specific log-rate)
babyview,babyview,babyview,S00380001,12.944824329041664,head-cam transcript,2865.900383141762,7.960637849633921,adult tokens (study-specific log-rate)
babyview,babyview,babyview,S00380001,12.944824329041664,head-cam transcript,2733.0779054916984,7.913183691007231,adult tokens (study-specific log-rate)
babyview,babyview,babyview,S00380001,12.944824329041664,head-cam transcript,1613.9184133958795,7.386420298231218,adult tokens (study-specific log-rate)
babyview,babyview,babyview,S00380001,13.076243865377112,head-cam transcript,2222.222222222223,7.706262975199909,adult tokens (study-specific log-rate)
babyview,babyview,babyview,S00380001,13.076243865377112,head-cam transcript,2467.4329501915704,7.810933597763797,adult tokens (study-specific log-rate)
babyview,babyview,babyview,S00380001,13.109098749460976,head-cam transcript,1367.690782953419,7.220879036779778,adult tokens (study-specific log-rate)
babyview,babyview,babyview,S00380001,13.109098749460976,head-cam transcript,4132.400864120683,8.326613840083942,adult tokens (study-specific log-rate)
babyview,babyview,babyview,S00380001,13.109098749460976,head-cam transcript,2452.1072796934873,7.804703048013161,adult tokens (study-specific log-rate)
babyview,babyview,babyview,S00380001,13.109098749460976,head-cam transcript,3765.006385696041,8.233504836300561,adult tokens (study-specific log-rate)
babyview,babyview,babyview,S00380001,13.109098749460976,head-cam transcript,2647.248726594448,7.881276163280869,adult tokens (study-specific log-rate)
babyview,babyview,babyview,S00380001,13.109098749460976,head-cam transcript,2104.725415070242,7.6519402934607506,adult tokens (study-specific log-rate)
babyview,babyview,babyview,S00380001,13.141953633544835,head-cam transcript,3611.7496807152,8.191947610007798,adult tokens (study-specific log-rate)
babyview,babyview,babyview,S00380001,13.141953633544835,head-cam transcript,3424.930983223612,8.138836599609677,adult tokens (study-specific log-rate)
babyview,babyview,babyview,S00380001,13.174808517628698,head-cam transcript,1757.3435504469987,7.471558601484623,adult tokens (study-specific log-rate)
babyview,babyview,babyview,S00380001,13.174808517628698,head-cam transcript,2824.3862961963855,7.9460463796959875,adult tokens (study-specific log-rate)
babyview,babyview,babyview,S00380001,13.174808517628698,head-cam transcript,2100.5206986964067,7.649940544736751,adult tokens (study-specific log-rate)
babyview,babyview,babyview,S00380001,13.273373169880283,head-cam transcript,2985.0002668991638,8.001355115240154,adult tokens (study-specific log-rate)
babyview,babyview,babyview,S00380001,13.273373169880283,head-cam transcript,2084.2911877394636,7.642184118515386,adult tokens (study-specific log-rate)
babyview,babyview,babyview,S00380001,13.273373169880283,head-cam transcript,1125.2913106203534,7.025797223892274,adult tokens (study-specific log-rate)
babyview,babyview,babyview,S00380001,13.273373169880283,head-cam transcript,3295.01915708812,8.100167260906996,adult tokens (study-specific log-rate)
babyview,babyview,babyview,S00380001,13.273373169880283,head-cam transcript,1513.6328888133858,7.32226792692874,adult tokens (study-specific log-rate)
babyview,babyview,babyview,S00380001,13.273373169880283,head-cam transcript,1608.1603939500528,7.382846192245839,adult tokens (study-specific log-rate)
babyview,babyview,babyview,S00380001,13.306228053964146,head-cam transcript,1752.2349936143037,7.468647391277164,adult tokens (study-specific log-rate)
babyview,babyview,babyview,S00380001,13.306228053964146,head-cam transcript,2257.9821200510855,7.722226826188923,adult tokens (study-specific log-rate)
babyview,babyview,babyview,S00380001,13.306228053964146,head-cam transcript,2789.272030651342,7.93353591985613,adult tokens (study-specific log-rate)
babyview,babyview,babyview,S00380001,13.306228053964146,head-cam transcript,1317.9599394041404,7.183840319611244,adult tokens (study-specific log-rate)
babyview,babyview,babyview,S00380001,13.306228053964146,head-cam transcript,1762.452107279693,7.474461361142584,adult tokens (study-specific log-rate)
babyview,babyview,babyview,S00380001,13.306228053964146,head-cam transcript,3275.173518419645,8.094126129389373,adult tokens (study-specific log-rate)
babyview,babyview,babyview,S00380001,13.339082938048008,head-cam transcript,2712.64367816092,7.905678965353164,adult tokens (study-specific log-rate)
babyview,babyview,babyview,S00380001,13.339082938048008,head-cam transcript,4503.4841883131685,8.41260664024021,adult tokens (study-specific log-rate)
babyview,babyview,babyview,S00380001,13.339082938048008,head-cam transcript,2306.8244279225855,7.743627151212927,adult tokens (study-specific log-rate)
babyview,babyview,babyview,S00380001,13.371937822131873,head-cam transcript,3365.949119373779,8.121465258585932,adult tokens (study-specific log-rate)
babyview,babyview,babyview,S00380001,13.371937822131873,head-cam transcript,3300.127713920818,8.101716447893827,adult tokens (study-specific log-rate)
babyview,babyview,babyview,S00380001,13.371937822131873,head-cam transcript,2916.985951468709,7.978306153767234,adult tokens (study-specific log-rate)
babyview,babyview,babyview,S00380001,13.404792706215732,head-cam transcript,1784.0795677461545,7.4866579128999415,adult tokens (study-specific log-rate)
babyview,babyview,babyview,S00380001,13.404792706215732,head-cam transcript,1879.9489144316724,7.538999882280155,adult tokens (study-specific log-rate)
babyview,babyview,babyview,S00380001,13.404792706215732,head-cam transcript,2452.1072796934873,7.804703048013161,adult tokens (study-specific log-rate)
babyview,babyview,babyview,S00380001,13.404792706215732,head-cam transcript,1786.8647689172305,7.488217837375529,adult tokens (study-specific log-rate)
babyview,babyview,babyview,S00380001,13.404792706215732,head-cam transcript,2382.6009041664965,7.775947986852512,adult tokens (study-specific log-rate)
babyview,babyview,babyview,S00380001,13.50335735846732,head-cam transcript,2043.4227330779054,7.6223814912192065,adult tokens (study-specific log-rate)
babyview,babyview,babyview,S00380001,13.50335735846732,head-cam transcript,2411.238825031928,7.78789592969678,adult tokens (study-specific log-rate)
babyview,babyview,babyview,S00380001,13.50335735846732,head-cam transcript,2135.376756066412,7.666398376635981,adult tokens (study-specific log-rate)
babyview,babyview,babyview,S00380001,13.50335735846732,head-cam transcript,2380.5874840357596,7.77510257823687,adult tokens (study-specific log-rate)
babyview,babyview,babyview,S00380001,13.50335735846732,head-cam transcript,2068.965517241379,7.6348040112177635,adult tokens (study-specific log-rate)
babyview,babyview,babyview,S00380001,13.536212242551182,head-cam transcript,780.9675319979756,6.66053357662979,adult tokens (study-specific log-rate)
babyview,babyview,babyview,S00380001,13.536212242551182,head-cam transcript,1123.8825031928477,7.024544490463586,adult tokens (study-specific log-rate)
babyview,babyview,babyview,S00380001,13.536212242551182,head-cam transcript,2355.044699872287,7.764314987107873,adult tokens (study-specific log-rate)
babyview,babyview,babyview,S00380001,13.536212242551182,head-cam transcript,2692.2094508301416,7.898117492652587,adult tokens (study-specific log-rate)
babyview,babyview,babyview,S00380001,13.536212242551182,head-cam transcript,1125.9718209168632,7.026401782557766,adult tokens (study-specific log-rate)
babyview,babyview,babyview,S00380001,13.536212242551182,head-cam transcript,2564.4955300127713,7.849517063802954,adult tokens (study-specific log-rate)
babyview,babyview,babyview,S00380001,13.569067126635044,head-cam transcript,2017.8799489144324,7.609802709012347,adult tokens (study-specific log-rate)
babyview,babyview,babyview,S00380001,13.569067126635044,head-cam transcript,3756.113465927616,8.231140049117768,adult tokens (study-specific log-rate)
babyview,babyview,babyview,S00380001,13.569067126635044,head-cam transcript,2416.347381864623,7.790012332603157,adult tokens (study-specific log-rate)
babyview,babyview,babyview,S00380001,13.66763177888663,head-cam transcript,1971.87748548104,7.586741406194604,adult tokens (study-specific log-rate)
babyview,babyview,babyview,S00380001,13.66763177888663,head-cam transcript,3371.6475095785445,8.123156779131696,adult tokens (study-specific log-rate)
babyview,babyview,babyview,S00380001,13.700486662970492,head-cam transcript,1823.7547892720304,7.5086527258908635,adult tokens (study-specific log-rate)
babyview,babyview,babyview,S00380001,13.700486662970492,head-cam transcript,1506.0524296358644,7.317247221589087,adult tokens (study-specific log-rate)
babyview,babyview,babyview,S00380001,13.700486662970492,head-cam transcript,2355.044699872287,7.764314987107873,adult tokens (study-specific log-rate)
babyview,babyview,babyview,S00380001,13.733341547054351,head-cam transcript,2887.1575159711538,7.968027738607944,adult tokens (study-specific log-rate)
babyview,babyview,babyview,S00380001,13.733341547054351,head-cam transcript,2084.2911877394636,7.642184118515386,adult tokens (study-specific log-rate)
babyview,babyview,babyview,S00380001,13.766196431138216,head-cam transcript,873.275298489488,6.77225085376772,adult tokens (study-specific log-rate)
babyview,babyview,babyview,S00380001,13.766196431138216,head-cam transcript,929.757343550447,6.83492363118802,adult tokens (study-specific log-rate)
babyview,babyview,babyview,S00380001,13.799051315222078,head-cam transcript,1864.623243933589,7.530814297693716,adult tokens (study-specific log-rate)
babyview,babyview,babyview,S00380001,13.799051315222078,head-cam transcript,3038.7256248283447,8.019193504151298,adult tokens (study-specific log-rate)
babyview,babyview,babyview,S00380001,13.799051315222078,head-cam transcript,985.9514687100897,6.89360713301611,adult tokens (study-specific log-rate)
babyview,babyview,babyview,S00380001,13.799051315222078,head-cam transcript,1024.111587785909,6.931580772109564,adult tokens (study-specific log-rate)
babyview,babyview,babyview,S00380001,13.83190619930594,head-cam transcript,2712.64367816092,7.905678965353164,adult tokens (study-specific log-rate)
babyview,babyview,babyview,S00380001,13.83190619930594,head-cam transcript,1731.8007662835248,7.456917051491675,adult tokens (study-specific log-rate)
babyview,babyview,babyview,S00380001,13.83190619930594,head-cam transcript,1819.3979933110365,7.506260952447393,adult tokens (study-specific log-rate)
babyview,babyview,babyview,S00380001,13.864761083389803,head-cam transcript,2268.1992337164756,7.7267415065434495,adult tokens (study-specific log-rate)
babyview,babyview,babyview,S00380001,13.864761083389803,head-cam transcript,2533.665177762027,7.8374222202495645,adult tokens (study-specific log-rate)
babyview,babyview,babyview,S00380001,13.996180619725251,head-cam transcript,1266.922094508301,7.144345690276206,adult tokens (study-specific log-rate)
babyview,babyview,babyview,S00380001,13.996180619725251,head-cam transcript,2012.7713920817375,7.607267853409159,adult tokens (study-specific log-rate)
babyview,babyview,babyview,S00380001,13.996180619725251,head-cam transcript,4003.9419963395767,8.295034653901505,adult tokens (study-specific log-rate)
babyview,babyview,babyview,S00380001,13.996180619725251,head-cam transcript,3039.5913154533837,8.019478349656854,adult tokens (study-specific log-rate)
babyview,babyview,babyview,S00380001,13.996180619725251,head-cam transcript,2048.531289910601,7.624878371417794,adult tokens (study-specific log-rate)
babyview,babyview,babyview,S00380001,13.996180619725251,head-cam transcript,1615.2103416107682,7.387220469659389,adult tokens (study-specific log-rate)
babyview,babyview,babyview,S00380001,14.029035503809112,head-cam transcript,3014.04853128991,8.01103948101099,adult tokens (study-specific log-rate)
babyview,babyview,babyview,S00380001,14.029035503809112,head-cam transcript,2043.4227330779054,7.6223814912192065,adult tokens (study-specific log-rate)
babyview,babyview,babyview,S00380001,14.029035503809112,head-cam transcript,3770.114942528733,8.234860768711696,adult tokens (study-specific log-rate)
babyview,babyview,babyview,S00380001,14.029035503809112,head-cam transcript,4143.20251313751,8.329224321678698,adult tokens (study-specific log-rate)
babyview,babyview,babyview,S00380001,14.029035503809112,head-cam transcript,1052.3627075351208,6.958793112900805,adult tokens (study-specific log-rate)
babyview,babyview,babyview,S00380001,14.029035503809112,head-cam transcript,3085.5683269476385,8.03449114204604,adult tokens (study-specific log-rate)
babyview,babyview,babyview,S00380001,14.029035503809112,head-cam transcript,2942.482341069626,7.987008837780698,adult tokens (study-specific log-rate)
babyview,babyview,babyview,S00380001,14.061890387892976,head-cam transcript,3088.3614526737206,8.035395955031072,adult tokens (study-specific log-rate)
babyview,babyview,babyview,S00380001,14.061890387892976,head-cam transcript,2513.409961685824,7.829395660603533,adult tokens (study-specific log-rate)
babyview,babyview,babyview,S00380001,14.061890387892976,head-cam transcript,1122.5911065837893,7.023394780317258,adult tokens (study-specific log-rate)
babyview,babyview,babyview,S00380001,14.094745271976835,head-cam transcript,1900.3831417624517,7.549810798384371,adult tokens (study-specific log-rate)
babyview,babyview,babyview,S00380001,14.094745271976835,head-cam transcript,5517.241379310349,8.61563326422949,adult tokens (study-specific log-rate)
babyview,babyview,babyview,S00380001,14.094745271976835,head-cam transcript,2324.716748527484,7.751353482009422,adult tokens (study-specific log-rate)
babyview,babyview,babyview,S00380001,14.094745271976835,head-cam transcript,3197.956577266922,8.070267315211323,adult tokens (study-specific log-rate)
babyview,babyview,babyview,S00380001,14.094745271976835,head-cam transcript,3692.5808121902537,8.214080899661042,adult tokens (study-specific log-rate)
babyview,babyview,babyview,S00380001,14.1276001560607,head-cam transcript,1742.0178799489152,7.462799421394742,adult tokens (study-specific log-rate)
babyview,babyview,babyview,S00380001,14.1276001560607,head-cam transcript,2641.1238825031933,7.878959818619654,adult tokens (study-specific log-rate)
babyview,babyview,babyview,S00380001,14.1276001560607,head-cam transcript,3667.0964045265728,8.20715545747939,adult tokens (study-specific log-rate)
babyview,babyview,babyview,S00380001,15.014682026324977,head-cam transcript,2809.7062579821195,7.940835222337741,adult tokens (study-specific log-rate)
babyview,babyview,babyview,S00380001,15.014682026324977,head-cam transcript,2130.7546422691366,7.664231488101963,adult tokens (study-specific log-rate)
babyview,babyview,babyview,S00380001,15.014682026324977,head-cam transcript,2948.4184276151723,7.989024179334665,adult tokens (study-specific log-rate)
babyview,babyview,babyview,S00380001,15.047536910408835,head-cam transcript,2441.8901660280967,7.80052767660268,adult tokens (study-specific log-rate)
babyview,babyview,babyview,S00380001,15.047536910408835,head-cam transcript,2588.5341542700903,7.858847030873448,adult tokens (study-specific log-rate)
babyview,babyview,babyview,S00380001,15.047536910408835,head-cam transcript,1589.500105845707,7.371174846941423,adult tokens (study-specific log-rate)
babyview,babyview,babyview,S00380001,15.0803917944927,head-cam transcript,1256.7049808429117,7.136248480043587,adult tokens (study-specific log-rate)
babyview,babyview,babyview,S00380001,15.0803917944927,head-cam transcript,2395.913154533844,7.781519712557504,adult tokens (study-specific log-rate)
babyview,babyview,babyview,S00380001,15.0803917944927,head-cam transcript,1019.9296600234464,6.927488943139087,adult tokens (study-specific log-rate)
babyview,babyview,babyview,S00380001,15.0803917944927,head-cam transcript,1648.1360366252457,7.407400253558544,adult tokens (study-specific log-rate)
babyview,babyview,babyview,S00380001,15.113246678576562,head-cam transcript,1598.978288633461,7.377120134651378,adult tokens (study-specific log-rate)
babyview,babyview,babyview,S00380001,15.113246678576562,head-cam transcript,2492.975734355044,7.8212323499643714,adult tokens (study-specific log-rate)
babyview,babyview,babyview,S00380001,15.113246678576562,head-cam transcript,1997.6301262969284,7.599716820097802,adult tokens (study-specific log-rate)
babyview,babyview,babyview,S00380001,15.113246678576562,head-cam transcript,1226.0536398467434,7.111555867453216,adult tokens (study-specific log-rate)
babyview,babyview,babyview,S00380001,15.113246678576562,head-cam transcript,1147.0328490536629,7.044933755824478,adult tokens (study-specific log-rate)
babyview,babyview,babyview,S00380001,15.146101562660425,head-cam transcript,1445.7215836526186,7.2763638417544625,adult tokens (study-specific log-rate)
babyview,babyview,babyview,S00380001,15.146101562660425,head-cam transcript,679.7583081570996,6.521737305809494,adult tokens (study-specific log-rate)
babyview,babyview,babyview,S00380001,15.146101562660425,head-cam transcript,2687.100893997447,7.896218156848935,adult tokens (study-specific log-rate)
babyview,babyview,babyview,S00380001,15.146101562660425,head-cam transcript,1454.6529676990162,7.282522640985021,adult tokens (study-specific log-rate)
babyview,babyview,babyview,S00380001,15.146101562660425,head-cam transcript,3108.141375065941,8.041780197925968,adult tokens (study-specific log-rate)
babyview,babyview,babyview,S00380001,15.178956446744284,head-cam transcript,2079.1826309067683,7.639730129553819,adult tokens (study-specific log-rate)
babyview,babyview,babyview,S00380001,15.178956446744284,head-cam transcript,1492.9146430709864,7.308485624485543,adult tokens (study-specific log-rate)
babyview,babyview,babyview,S00380001,15.211811330828148,head-cam transcript,2586.605080831408,7.858101515268787,adult tokens (study-specific log-rate)
babyview,babyview,babyview,S00380001,15.24466621491201,head-cam transcript,1719.53046953047,7.449806549709781,adult tokens (study-specific log-rate)
babyview,babyview,babyview,S00380001,15.24466621491201,head-cam transcript,1504.0315069586743,7.315904453066077,adult tokens (study-specific log-rate)
babyview,babyview,babyview,S00380001,15.277521098995871,head-cam transcript,2182.1871300909247,7.688082923527374,adult tokens (study-specific log-rate)
babyview,babyview,babyview,S00380001,15.277521098995871,head-cam transcript,3085.9684951285835,8.034620823904236,adult tokens (study-specific log-rate)
babyview,babyview,babyview,S00380001,15.310375983079734,head-cam transcript,1179.7163396153098,7.073029298404848,adult tokens (study-specific log-rate)
babyview,babyview,babyview,S00380001,15.343230867163596,head-cam transcript,2582.179930795847,7.8563892555765165,adult tokens (study-specific log-rate)
babyview,babyview,babyview,S00380001,15.343230867163596,head-cam transcript,2144.0149850509706,7.670435511462429,adult tokens (study-specific log-rate)
babyview,babyview,babyview,S00380001,15.343230867163596,head-cam transcript,2031.627102770074,7.6165922794416065,adult tokens (study-specific log-rate)
babyview,babyview,babyview,S00380001,15.343230867163596,head-cam transcript,2527.326777955637,7.834917413612524,adult tokens (study-specific log-rate)
babyview,babyview,babyview,S00380001,15.343230867163596,head-cam transcript,1747.1264367816088,7.46572768117383,adult tokens (study-specific log-rate)
babyview,babyview,babyview,S00380001,15.343230867163596,head-cam transcript,1765.5778204776288,7.476233292832376,adult tokens (study-specific log-rate)
babyview,babyview,babyview,S00380001,15.37608575124746,head-cam transcript,2681.992337164751,7.894315206702848,adult tokens (study-specific log-rate)
babyview,babyview,babyview,S00380001,15.37608575124746,head-cam transcript,2637.0832868770212,7.877428769804855,adult tokens (study-specific log-rate)
babyview,babyview,babyview,S00380001,15.37608575124746,head-cam transcript,1695.1754100706323,7.435541501227499,adult tokens (study-specific log-rate)
babyview,babyview,babyview,S00380001,15.37608575124746,head-cam transcript,2203.5901438287424,7.697843192829774,adult tokens (study-specific log-rate)
babyview,babyview,babyview,S00380001,15.37608575124746,head-cam transcript,3023.2267732267746,8.014080007919185,adult tokens (study-specific log-rate)
babyview,babyview,babyview,S00380001,15.37608575124746,head-cam transcript,2703.4597848436997,7.902287633491781,adult tokens (study-specific log-rate)
babyview,babyview,babyview,S00380001,15.37608575124746,head-cam transcript,1208.8016765098112,7.097384797878325,adult tokens (study-specific log-rate)
babyview,babyview,babyview,S00380001,15.40894063533132,head-cam transcript,1474.010302222542,7.295742062021018,adult tokens (study-specific log-rate)
babyview,babyview,babyview,S00380001,15.40894063533132,head-cam transcript,2074.482615086436,7.637467059446863,adult tokens (study-specific log-rate)
babyview,babyview,babyview,S00380001,15.40894063533132,head-cam transcript,2252.873563218391,7.719961819558071,adult tokens (study-specific log-rate)
babyview,babyview,babyview,S00380001,15.441795519415182,head-cam transcript,1284.424127550452,7.1580657471140166,adult tokens (study-specific log-rate)
babyview,babyview,babyview,S00380001,15.441795519415182,head-cam transcript,1200.1337941799534,7.0901883247109305,adult tokens (study-specific log-rate)
babyview,babyview,babyview,S00380001,15.441795519415182,head-cam transcript,2623.9170153828018,7.872423524328679,adult tokens (study-specific log-rate)
babyview,babyview,babyview,S00380001,15.474650403499044,head-cam transcript,2492.585572527594,7.8210758332537225,adult tokens (study-specific log-rate)
babyview,babyview,babyview,S00380001,15.474650403499044,head-cam transcript,3237.0727729836226,8.08242473528726,adult tokens (study-specific log-rate)
babyview,babyview,babyview,S00380001,15.474650403499044,head-cam transcript,556.8326947637293,6.322264826340368,adult tokens (study-specific log-rate)
babyview,babyview,babyview,S00380001,15.474650403499044,head-cam transcript,2135.376756066412,7.666398376635981,adult tokens (study-specific log-rate)
babyview,babyview,babyview,S00380001,15.474650403499044,head-cam transcript,1685.26574616985,7.4296785432115415,adult tokens (study-specific log-rate)
babyview,babyview,babyview,S00380001,15.507505287582909,head-cam transcript,2845.466155810982,7.953482184038508,adult tokens (study-specific log-rate)
babyview,babyview,babyview,S00380001,15.507505287582909,head-cam transcript,1711.366538952746,7.445047475936291,adult tokens (study-specific log-rate)
babyview,babyview,babyview,S00380001,15.507505287582909,head-cam transcript,2164.977345975991,7.680165176629416,adult tokens (study-specific log-rate)
babyview,babyview,babyview,S00380001,15.507505287582909,head-cam transcript,2671.373509599798,7.890348042195193,adult tokens (study-specific log-rate)
babyview,babyview,babyview,S00380001,15.54036017166677,head-cam transcript,2048.531289910601,7.624878371417794,adult tokens (study-specific log-rate)
babyview,babyview,babyview,S00380001,15.54036017166677,head-cam transcript,2096.6643975493525,7.64810297877588,adult tokens (study-specific log-rate)
babyview,babyview,babyview,S00380001,15.54036017166677,head-cam transcript,347.3818646232438,5.850424649287331,adult tokens (study-specific log-rate)
babyview,babyview,babyview,S00380001,15.54036017166677,head-cam transcript,1787.994891443167,7.488850098594684,adult tokens (study-specific log-rate)
babyview,babyview,babyview,S00380001,15.573215055750632,head-cam transcript,1794.1799531720371,7.492303345933813,adult tokens (study-specific log-rate)
babyview,babyview,babyview,S00380001,15.573215055750632,head-cam transcript,1413.872569703658,7.254087721959542,adult tokens (study-specific log-rate)
babyview,babyview,babyview,S00380001,15.573215055750632,head-cam transcript,1530.504182334433,7.333352491040625,adult tokens (study-specific log-rate)
babyview,babyview,babyview,S00380001,15.573215055750632,head-cam transcript,2401.0217113665394,7.783649638815329,adult tokens (study-specific log-rate)
babyview,babyview,babyview,S00380001,15.573215055750632,head-cam transcript,2028.0970625798204,7.614853224798415,adult tokens (study-specific log-rate)
babyview,babyview,babyview,S00380001,15.573215055750632,head-cam transcript,1615.5677250673155,7.387441706433088,adult tokens (study-specific log-rate)
babyview,babyview,babyview,S00380001,15.573215055750632,head-cam transcript,2037.8640166048185,7.619657487613849,adult tokens (study-specific log-rate)
babyview,babyview,babyview,S00380001,15.606069939834493,head-cam transcript,1312.8991060025537,7.179993029006444,adult tokens (study-specific log-rate)
babyview,babyview,babyview,S00380001,15.606069939834493,head-cam transcript,2104.725415070242,7.6519402934607506,adult tokens (study-specific log-rate)
babyview,babyview,babyview,S00380001,15.606069939834493,head-cam transcript,2031.627102770074,7.6165922794416065,adult tokens (study-specific log-rate)
babyview,babyview,babyview,S00380001,15.606069939834493,head-cam transcript,1824.1417816361077,7.508864898773513,adult tokens (study-specific log-rate)
babyview,babyview,babyview,S00380001,15.606069939834493,head-cam transcript,1641.9801432816562,7.403658196931735,adult tokens (study-specific log-rate)
babyview,babyview,babyview,S00380001,15.606069939834493,head-cam transcript,1578.5440613026815,7.36425822100897,adult tokens (study-specific log-rate)
babyview,babyview,babyview,S00380001,15.606069939834493,head-cam transcript,1851.5417553764084,7.523773952287547,adult tokens (study-specific log-rate)
babyview,babyview,babyview,S00380001,15.606069939834493,head-cam transcript,1315.868205054828,7.182251958735474,adult tokens (study-specific log-rate)
babyview,babyview,babyview,S00380001,15.606069939834493,head-cam transcript,3279.2953506522495,8.095383846180248,adult tokens (study-specific log-rate)
babyview,babyview,babyview,S00380001,15.606069939834493,head-cam transcript,2165.6280393357592,7.680465685822367,adult tokens (study-specific log-rate)
babyview,babyview,babyview,S00380001,15.606069939834493,head-cam transcript,2278.714256466252,7.731366640281812,adult tokens (study-specific log-rate)
babyview,babyview,babyview,S00380001,15.638924823918355,head-cam transcript,1284.424127550452,7.1580657471140166,adult tokens (study-specific log-rate)
babyview,babyview,babyview,S00380001,15.638924823918355,head-cam transcript,1822.7937015863106,7.50812560403282,adult tokens (study-specific log-rate)
babyview,babyview,babyview,S00380001,15.638924823918355,head-cam transcript,1056.5765114913986,6.962789254208085,adult tokens (study-specific log-rate)
babyview,babyview,babyview,S00380001,15.671779708002218,head-cam transcript,1501.9157088122606,7.314496711449906,adult tokens (study-specific log-rate)
babyview,babyview,babyview,S00380001,15.671779708002218,head-cam transcript,1633.9469039299734,7.398753780357089,adult tokens (study-specific log-rate)
babyview,babyview,babyview,S00380001,15.671779708002218,head-cam transcript,1932.6401446654613,7.566642297710772,adult tokens (study-specific log-rate)
babyview,babyview,babyview,S00380001,15.770344360253803,head-cam transcript,1440.6130268199227,7.272824015049338,adult tokens (study-specific log-rate)
babyview,babyview,babyview,S00380001,15.770344360253803,head-cam transcript,2727.9693486590027,7.911312783071419,adult tokens (study-specific log-rate)
babyview,babyview,babyview,S00380001,15.803199244337666,head-cam transcript,3722.8299751551167,8.22223940405606,adult tokens (study-specific log-rate)
babyview,babyview,babyview,S00380001,15.803199244337666,head-cam transcript,2219.649570092485,7.705104611096805,adult tokens (study-specific log-rate)
babyview,babyview,babyview,S00380001,15.803199244337666,head-cam transcript,1412.866540305497,7.253375926918341,adult tokens (study-specific log-rate)
babyview,babyview,babyview,S00380001,15.803199244337666,head-cam transcript,968.9440993788817,6.876206921247211,adult tokens (study-specific log-rate)
babyview,babyview,babyview,S00380001,15.836054128421528,head-cam transcript,1537.6756066411237,7.3380272088601,adult tokens (study-specific log-rate)
babyview,babyview,babyview,S00380001,15.836054128421528,head-cam transcript,1798.2017982017985,7.494542443551173,adult tokens (study-specific log-rate)
babyview,babyview,babyview,S00380001,15.836054128421528,head-cam transcript,2850.574712643678,7.955275906492536,adult tokens (study-specific log-rate)
babyview,babyview,babyview,S00380001,15.868909012505387,head-cam transcript,1224.5561729231601,7.110333749511664,adult tokens (study-specific log-rate)
babyview,babyview,babyview,S00380001,15.868909012505387,head-cam transcript,1986.6126766382947,7.594186294833229,adult tokens (study-specific log-rate)
babyview,babyview,babyview,S00380001,15.868909012505387,head-cam transcript,1578.5440613026815,7.36425822100897,adult tokens (study-specific log-rate)
babyview,babyview,babyview,S00380001,15.868909012505387,head-cam transcript,1507.8632100628274,7.318448834946136,adult tokens (study-specific log-rate)
babyview,babyview,babyview,S00380001,15.868909012505387,head-cam transcript,1180.0699300699303,7.073328978474869,adult tokens (study-specific log-rate)
babyview,babyview,babyview,S00380001,15.868909012505387,head-cam transcript,1194.115275049755,7.085160834560154,adult tokens (study-specific log-rate)
babyview,babyview,babyview,S00380001,15.868909012505387,head-cam transcript,1168.104936140836,7.063138001938901,adult tokens (study-specific log-rate)
babyview,babyview,babyview,S00380001,15.901763896589252,head-cam transcript,2123.117013738084,7.6606405773478485,adult tokens (study-specific log-rate)
babyview,babyview,babyview,S00380001,15.901763896589252,head-cam transcript,1930.6500167242718,7.565612021426005,adult tokens (study-specific log-rate)
babyview,babyview,babyview,S00380001,15.901763896589252,head-cam transcript,1266.2337662337666,7.143802235132255,adult tokens (study-specific log-rate)
babyview,babyview,babyview,S00380001,15.901763896589252,head-cam transcript,2323.9377834664283,7.751018346299515,adult tokens (study-specific log-rate)
babyview,babyview,babyview,S00380001,15.934618780673114,head-cam transcript,1854.9305397403778,7.525602529456565,adult tokens (study-specific log-rate)
babyview,babyview,babyview,S00380001,15.967473664756977,head-cam transcript,715.1979565772667,6.572559366720529,adult tokens (study-specific log-rate)
babyview,babyview,babyview,S00380001,15.967473664756977,head-cam transcript,1588.7611749680716,7.370709856290459,adult tokens (study-specific log-rate)
babyview,babyview,babyview,S00380001,15.967473664756977,head-cam transcript,500.6385696040867,6.215884422781796,adult tokens (study-specific log-rate)
babyview,babyview,babyview,S00380001,15.967473664756977,head-cam transcript,1240.5893159468317,7.123341800497123,adult tokens (study-specific log-rate)
babyview,babyview,babyview,S00380001,15.967473664756977,head-cam transcript,1195.5543794654675,7.086365272660597,adult tokens (study-specific log-rate)
babyview,babyview,babyview,S00380001,16.0331834329247,head-cam transcript,955.2904448656484,6.862015424991719,adult tokens (study-specific log-rate)
babyview,babyview,babyview,S00380001,16.0331834329247,head-cam transcript,1083.01404853129,6.987503218783237,adult tokens (study-specific log-rate)
babyview,babyview,babyview,S00380001,16.0331834329247,head-cam transcript,2217.7822177822177,7.704262974533242,adult tokens (study-specific log-rate)
babyview,babyview,babyview,S00380001,16.0331834329247,head-cam transcript,1187.098788316326,7.07926761634995,adult tokens (study-specific log-rate)
babyview,babyview,babyview,S00380001,16.0331834329247,head-cam transcript,905.7102718783575,6.8087194666860915,adult tokens (study-specific log-rate)
babyview,babyview,babyview,S00380001,16.0331834329247,head-cam transcript,929.757343550447,6.83492363118802,adult tokens (study-specific log-rate)
babyview,babyview,babyview,S00380001,16.0331834329247,head-cam transcript,1381.026438569207,7.230582297736688,adult tokens (study-specific log-rate)
babyview,babyview,babyview,S00380001,16.0331834329247,head-cam transcript,1288.138035373365,7.160953071242906,adult tokens (study-specific log-rate)
babyview,babyview,babyview,S00380001,16.0331834329247,head-cam transcript,1376.7536243195254,7.227483560657394,adult tokens (study-specific log-rate)
babyview,babyview,babyview,S00380001,16.0331834329247,head-cam transcript,1589.988958410011,7.371482350793945,adult tokens (study-specific log-rate)
babyview,babyview,babyview,S00380001,16.0331834329247,head-cam transcript,1675.6066411238821,7.423930552495368,adult tokens (study-specific log-rate)
babyview,babyview,babyview,S00380001,16.0331834329247,head-cam transcript,883.53785598518175,6.783934138589613,adult tokens (study-specific log-rate)
babyview,babyview,babyview,S00380001,16.0331834329247,head-cam transcript,974.4478129060204,6.881870964826108,adult tokens (study-specific log-rate)
babyview,babyview,babyview,S00380001,16.066038317008562,head-cam transcript,654.253539971011,6.483494952127006,adult tokens (study-specific log-rate)
babyview,babyview,babyview,S00380001,16.066038317008562,head-cam transcript,853.4467620143997,6.74928316420748,adult tokens (study-specific log-rate)
babyview,babyview,babyview,S00380001,16.066038317008562,head-cam transcript,1335.686754799899,7.197200861635247,adult tokens (study-specific log-rate)
babyview,babyview,babyview,S00380001,16.066038317008562,head-cam transcript,1138.8712416860064,7.037792912005314,adult tokens (study-specific log-rate)
babyview,babyview,babyview,S00380001,16.066038317008562,head-cam transcript,892.7144174608053,6.794266728453472,adult tokens (study-specific log-rate)
babyview,babyview,babyview,S00380001,16.066038317008562,head-cam transcript,1491.0089910089912,7.307208344933674,adult tokens (study-specific log-rate)
babyview,babyview,babyview,S00380001,16.066038317008562,head-cam transcript,974.025974025974,6.881437970664764,adult tokens (study-specific log-rate)
babyview,babyview,babyview,S00380001,16.098893201092423,head-cam transcript,929.757343550447,6.83492363118802,adult tokens (study-specific log-rate)
babyview,babyview,babyview,S00380001,16.098893201092423,head-cam transcript,1033.7247757292512,6.940923845294613,adult tokens (study-specific log-rate)
babyview,babyview,babyview,S00380001,16.131748085176287,head-cam transcript,1491.3007456503726,7.3074040017688615,adult tokens (study-specific log-rate)
babyview,babyview,babyview,S00380001,16.131748085176287,head-cam transcript,2563.2486704110534,7.849030744837905,adult tokens (study-specific log-rate)
babyview,babyview,babyview,S00380001,16.131748085176287,head-cam transcript,1007.742257742258,6.915467719251075,adult tokens (study-specific log-rate)
babyview,babyview,babyview,S00380001,16.131748085176287,head-cam transcript,1849.7194082063988,7.52278923532934,adult tokens (study-specific log-rate)
babyview,babyview,babyview,S00380001,16.164602969260148,head-cam transcript,1675.6066411238821,7.423930552495368,adult tokens (study-specific log-rate)
babyview,babyview,babyview,S00380001,16.164602969260148,head-cam transcript,2636.4192151098505,7.877176917541418,adult tokens (study-specific log-rate)
babyview,babyview,babyview,S00380001,16.164602969260148,head-cam transcript,1742.0002229902998,7.462789285420649,adult tokens (study-specific log-rate)
babyview,babyview,babyview,S00380001,16.164602969260148,head-cam transcript,1387.5580850833908,7.235300707867518,adult tokens (study-specific log-rate)
babyview,babyview,babyview,S00380001,16.164602969260148,head-cam transcript,1356.2727615220401,7.212495599837004,adult tokens (study-specific log-rate)
babyview,babyview,babyview,S00380001,16.230312737427873,head-cam transcript,1245.6261300519006,7.127393598183427,adult tokens (study-specific log-rate)
babyview,babyview,babyview,S00380001,16.230312737427873,head-cam transcript,1123.8711116066454,7.024534354489494,adult tokens (study-specific log-rate)
babyview,babyview,babyview,S00380001,16.230312737427873,head-cam transcript,62.82891203952314,4.140415350325464,adult tokens (study-specific log-rate)
babyview,babyview,babyview,S00380001,16.32887738967946,head-cam transcript,2080.163838502048,7.640201938103887,adult tokens (study-specific log-rate)
babyview,babyview,babyview,S00380001,16.32887738967946,head-cam transcript,1541.3089530605414,7.340387303907971,adult tokens (study-specific log-rate)
babyview,babyview,babyview,S00380001,16.32887738967946,head-cam transcript,1589.782928700268,7.371352763064167,adult tokens (study-specific log-rate)
babyview,babyview,babyview,S00380001,16.361732273763323,head-cam transcript,1461.035160060876,7.28690047721121,adult tokens (study-specific log-rate)
babyview,babyview,babyview,S00380001,16.361732273763323,head-cam transcript,1934.527008146508,7.567618135349136,adult tokens (study-specific log-rate)
babyview,babyview,babyview,S00380001,16.361732273763323,head-cam transcript,745.8492975734356,6.614523565819561,adult tokens (study-specific log-rate)
babyview,babyview,babyview,S00380001,16.361732273763323,head-cam transcript,1231.162196679438,7.11571387760188,adult tokens (study-specific log-rate)
babyview,babyview,babyview,S00380001,16.361732273763323,head-cam transcript,1813.5376756066403,7.50303473358664,adult tokens (study-specific log-rate)
babyview,babyview,babyview,S00380001,16.361732273763323,head-cam transcript,2775.357809583075,7.9285349582587346,adult tokens (study-specific log-rate)
babyview,babyview,babyview,S00380001,16.394587157847184,head-cam transcript,839.4422883426764,6.732737728880768,adult tokens (study-specific log-rate)
babyview,babyview,babyview,S00380001,16.394587157847184,head-cam transcript,812.8528006947461,6.700550036198989,adult tokens (study-specific log-rate)
babyview,babyview,babyview,S00380001,16.394587157847184,head-cam transcript,1455.9386973180071,7.283406124379875,adult tokens (study-specific log-rate)
babyview,babyview,babyview,S00380001,16.394587157847184,head-cam transcript,1119.5562119520189,7.02068764643704,adult tokens (study-specific log-rate)
babyview,babyview,babyview,S00380001,16.394587157847184,head-cam transcript,1221.1168529605934,7.107521172201925,adult tokens (study-specific log-rate)
babyview,babyview,babyview,S00380001,16.394587157847184,head-cam transcript,1529.2674768647562,7.332544126446945,adult tokens (study-specific log-rate)
babyview,babyview,babyview,S00380001,16.394587157847184,head-cam transcript,2804.1933075849543,7.938871185715805,adult tokens (study-specific log-rate)
babyview,babyview,babyview,S00380001,16.427442041931045,head-cam transcript,1423.572720059315,7.26092499080795,adult tokens (study-specific log-rate)
babyview,babyview,babyview,S00380001,16.427442041931045,head-cam transcript,1448.074637080797,7.2779901165625684,adult tokens (study-specific log-rate)
babyview,babyview,babyview,S00380001,16.427442041931045,head-cam transcript,1390.7930850579494,7.237629428204428,adult tokens (study-specific log-rate)
babyview,babyview,babyview,S00380001,16.427442041931045,head-cam transcript,1936.0860482688122,7.5684237132686505,adult tokens (study-specific log-rate)
babyview,babyview,babyview,S00380001,16.46029692601491,head-cam transcript,2266.4776200944366,7.72598219611836,adult tokens (study-specific log-rate)
babyview,babyview,babyview,S00380001,16.46029692601491,head-cam transcript,1757.2809151272104,7.471522958803359,adult tokens (study-specific log-rate)
babyview,babyview,babyview,S00380001,16.49315181009877,head-cam transcript,3122.5393700787386,8.046401850432252,adult tokens (study-specific log-rate)
babyview,babyview,babyview,S00380001,16.49315181009877,head-cam transcript,2288.633461047254,7.73571017652621,adult tokens (study-specific log-rate)
babyview,babyview,babyview,S00380001,16.49315181009877,head-cam transcript,1778.9585547290108,7.4837833904461775,adult tokens (study-specific log-rate)
babyview,babyview,babyview,S00380001,16.52600669418263,head-cam transcript,1742.0121753539136,7.462796146684185,adult tokens (study-specific log-rate)
babyview,babyview,babyview,S00380001,16.52600669418263,head-cam transcript,286.70029200955656,5.658437391408361,adult tokens (study-specific log-rate)
babyview,babyview,babyview,S00380001,16.52600669418263,head-cam transcript,907.7482799610966,6.810967115454971,adult tokens (study-specific log-rate)
babyview,babyview,babyview,S00380001,16.52600669418263,head-cam transcript,881.812614819351,6.781979578581718,adult tokens (study-specific log-rate)
babyview,babyview,babyview,S00380001,16.52600669418263,head-cam transcript,1933.9984650805832,7.567344882362761,adult tokens (study-specific log-rate)
babyview,babyview,babyview,S00380001,16.52600669418263,head-cam transcript,1415.562913907285,7.2552825499840825,adult tokens (study-specific log-rate)
babyview,babyview,babyview,S00380001,16.52600669418263,head-cam transcript,1496.8071519795653,7.311089553128292,adult tokens (study-specific log-rate)
babyview,babyview,babyview,S00380001,16.52600669418263,head-cam transcript,1409.9616858237546,7.251317809828374,adult tokens (study-specific log-rate)
babyview,babyview,babyview,S00380001,16.52600669418263,head-cam transcript,907.8404401650616,6.811068636469089,adult tokens (study-specific log-rate)
babyview,babyview,babyview,S00380001,16.52600669418263,head-cam transcript,770.6055945799907,6.647176692196836,adult tokens (study-specific log-rate)
babyview,babyview,babyview,S00380001,16.558861578266495,head-cam transcript,1655.1724137931033,7.411660459903554,adult tokens (study-specific log-rate)
babyview,babyview,babyview,S00380001,16.558861578266495,head-cam transcript,1251.5964240102169,7.132175154655951,adult tokens (study-specific log-rate)
babyview,babyview,babyview,S00380001,16.558861578266495,head-cam transcript,1711.905787735171,7.445362524658931,adult tokens (study-specific log-rate)
babyview,babyview,babyview,S00380001,16.591716462350355,head-cam transcript,674.3239200280966,6.5137105889777285,adult tokens (study-specific log-rate)
babyview,babyview,babyview,S00380001,16.591716462350355,head-cam transcript,925.4749147588892,6.830307027117735,adult tokens (study-specific log-rate)
babyview,babyview,babyview,S00380001,16.591716462350355,head-cam transcript,3592.0896221317703,8.18648937959295,adult tokens (study-specific log-rate)
babyview,babyview,babyview,S00380001,16.591716462350355,head-cam transcript,2146.493212669684,7.671590725614279,adult tokens (study-specific log-rate)
babyview,babyview,babyview,S00380001,16.591716462350355,head-cam transcript,2649.7604553150095,7.882224520673713,adult tokens (study-specific log-rate)
babyview,babyview,babyview,S00380001,16.591716462350355,head-cam transcript,1772.2704513526166,7.480016744435855,adult tokens (study-specific log-rate)
babyview,babyview,babyview,S00380001,16.62457134643422,head-cam transcript,1655.5599582147618,7.411894573918148,adult tokens (study-specific log-rate)
babyview,babyview,babyview,S00380001,16.62457134643422,head-cam transcript,637.7743512351956,6.457984539335218,adult tokens (study-specific log-rate)
babyview,babyview,babyview,S00380001,16.62457134643422,head-cam transcript,3456.039781752885,8.147878640781563,adult tokens (study-specific log-rate)
babyview,babyview,babyview,S00380001,16.62457134643422,head-cam transcript,1039.5827100433164,6.946574671274008,adult tokens (study-specific log-rate)
babyview,babyview,babyview,S00380001,16.62457134643422,head-cam transcript,1189.1891891891898,7.081027000256174,adult tokens (study-specific log-rate)
babyview,babyview,babyview,S00380001,16.65742623051808,head-cam transcript,945.9266100394135,6.852164986802933,adult tokens (study-specific log-rate)
babyview,babyview,babyview,S00380001,16.65742623051808,head-cam transcript,896.8146674160379,6.798849226905245,adult tokens (study-specific log-rate)
babyview,babyview,babyview,S00380001,16.69028111460194,head-cam transcript,1552.3219630738226,7.347507129662462,adult tokens (study-specific log-rate)
babyview,babyview,babyview,S00380001,16.69028111460194,head-cam transcript,1205.0936949994823,7.09431259808827,adult tokens (study-specific log-rate)
babyview,babyview,babyview,S00380001,16.69028111460194,head-cam transcript,2406.1302681992343,7.7857750381276425,adult tokens (study-specific log-rate)
babyview,babyview,babyview,S00380001,16.69028111460194,head-cam transcript,2559.3869731800764,7.847523045196089,adult tokens (study-specific log-rate)
babyview,babyview,babyview,S00380001,16.69028111460194,head-cam transcript,3015.221771746255,8.01142866259091,adult tokens (study-specific log-rate)
babyview,babyview,babyview,S00380001,16.723135998685805,head-cam transcript,2477.203845103216,7.814885721260027,adult tokens (study-specific log-rate)
babyview,babyview,babyview,S00380001,16.723135998685805,head-cam transcript,1530.2042433629915,7.333156497871276,adult tokens (study-specific log-rate)
babyview,babyview,babyview,S00380001,16.723135998685805,head-cam transcript,1400.8250641097118,7.244816673522672,adult tokens (study-specific log-rate)
babyview,babyview,babyview,S00380001,16.723135998685805,head-cam transcript,1387.5580850833908,7.235300707867518,adult tokens (study-specific log-rate)
babyview,babyview,babyview,S00380001,16.723135998685805,head-cam transcript,1610.8849200671207,7.384538946775127,adult tokens (study-specific log-rate)
babyview,babyview,babyview,S00380001,16.723135998685805,head-cam transcript,1063.7636080870916,6.969568472367068,adult tokens (study-specific log-rate)
babyview,babyview,babyview,S00380001,16.755990882769666,head-cam transcript,1320.5510100550227,7.185804360339842,adult tokens (study-specific log-rate)
babyview,babyview,babyview,S00380001,16.755990882769666,head-cam transcript,1828.863346104726,7.511449930511925,adult tokens (study-specific log-rate)
babyview,babyview,babyview,S00380001,16.755990882769666,head-cam transcript,1269.0401550528763,7.146016110281429,adult tokens (study-specific log-rate)
babyview,babyview,babyview,S00380001,16.755990882769666,head-cam transcript,3015.9574468085116,8.01167261987994,adult tokens (study-specific log-rate)
babyview,babyview,babyview,S00380001,16.755990882769666,head-cam transcript,2349.93614303959,7.762143433594365,adult tokens (study-specific log-rate)
babyview,babyview,babyview,S00380001,16.755990882769666,head-cam transcript,1987.2286079182627,7.594496287729671,adult tokens (study-specific log-rate)
babyview,babyview,babyview,S00380001,16.755990882769666,head-cam transcript,2452.7717559615976,7.804973993032333,adult tokens (study-specific log-rate)
babyview,babyview,babyview,S00380001,16.755990882769666,head-cam transcript,1283.8154245164076,7.157591723540201,adult tokens (study-specific log-rate)
babyview,babyview,babyview,S00380001,16.755990882769666,head-cam transcript,1406.2944804681326,7.248713496007611,adult tokens (study-specific log-rate)
babyview,babyview,babyview,S00380001,16.755990882769666,head-cam transcript,2116.627860088193,7.657579469233959,adult tokens (study-specific log-rate)
babyview,babyview,babyview,S00380001,16.755990882769666,head-cam transcript,2209.8999580142176,7.700702525620308,adult tokens (study-specific log-rate)
babyview,babyview,babyview,S00380001,16.755990882769666,head-cam transcript,1450.8301404853123,7.27989118227243,adult tokens (study-specific log-rate)
babyview,babyview,babyview,S00380001,16.755990882769666,head-cam transcript,719.4604046964777,6.578501493119555,adult tokens (study-specific log-rate)
babyview,babyview,babyview,S00380001,16.78884576685353,head-cam transcript,1581.447207046493,7.3660956606181776,adult tokens (study-specific log-rate)
babyview,babyview,babyview,S00380001,16.78884576685353,head-cam transcript,1707.4312884982523,7.442745349638623,adult tokens (study-specific log-rate)
babyview,babyview,babyview,S00380001,16.78884576685353,head-cam transcript,1844.9400697921399,7.520202073449575,adult tokens (study-specific log-rate)
babyview,babyview,babyview,S00380001,16.78884576685353,head-cam transcript,2178.460900084718,7.686373897305869,adult tokens (study-specific log-rate)
babyview,babyview,babyview,S00380001,17.248814144027598,head-cam transcript,2228.4392554246065,7.709056733960181,adult tokens (study-specific log-rate)
babyview,babyview,babyview,S00380001,17.314523912195323,head-cam transcript,2174.273261049675,7.6844497548372415,adult tokens (study-specific log-rate)
babyview,babyview,babyview,S00380001,17.314523912195323,head-cam transcript,1441.9496784384523,7.273751420175265,adult tokens (study-specific log-rate)
babyview,babyview,babyview,S00380001,17.314523912195323,head-cam transcript,2495.9350651039977,7.822418713567573,adult tokens (study-specific log-rate)
babyview,babyview,babyview,S00380001,17.314523912195323,head-cam transcript,1211.0891911535666,7.099275391669712,adult tokens (study-specific log-rate)
babyview,babyview,babyview,S00380001,17.347378796279184,head-cam transcript,496.3773300206825,6.207336383513796,adult tokens (study-specific log-rate)
babyview,babyview,babyview,S00380001,17.347378796279184,head-cam transcript,1132.524044522892,7.032204088498599,adult tokens (study-specific log-rate)
babyview,babyview,babyview,S00380001,17.347378796279184,head-cam transcript,2046.008119079837,7.623645914773413,adult tokens (study-specific log-rate)
babyview,babyview,babyview,S00380001,17.380233680363045,head-cam transcript,1958.2614153459915,7.579812325591262,adult tokens (study-specific log-rate)
babyview,babyview,babyview,S00380001,17.380233680363045,head-cam transcript,1927.88444220309,7.564178536757566,adult tokens (study-specific log-rate)
babyview,babyview,babyview,S00380001,17.41308856444691,head-cam transcript,1696.0408684546612,7.436051913027713,adult tokens (study-specific log-rate)
babyview,babyview,babyview,S00380001,17.41308856444691,head-cam transcript,2743.295019157087,7.916915038620089,adult tokens (study-specific log-rate)
babyview,babyview,babyview,S00380001,17.41308856444691,head-cam transcript,2200.5886348200142,7.696480164840096,adult tokens (study-specific log-rate)
babyview,babyview,babyview,S00380001,17.41308856444691,head-cam transcript,2566.177140106924,7.850172576349744,adult tokens (study-specific log-rate)
babyview,babyview,babyview,S00380001,17.44594344853077,head-cam transcript,3111.1111111111095,8.042735211821121,adult tokens (study-specific log-rate)
babyview,babyview,babyview,S00380001,17.44594344853077,head-cam transcript,1690.4926050704373,7.432775247734609,adult tokens (study-specific log-rate)
babyview,babyview,babyview,S00380001,17.44594344853077,head-cam transcript,995.4286988516,6.903173497485226,adult tokens (study-specific log-rate)
babyview,babyview,babyview,S00380001,17.478798332614634,head-cam transcript,2083.498433053565,7.641803698788102,adult tokens (study-specific log-rate)
babyview,babyview,babyview,S00380001,17.478798332614634,head-cam transcript,1569.9205869153768,7.3587803154805,adult tokens (study-specific log-rate)
babyview,babyview,babyview,S00380001,17.478798332614634,head-cam transcript,808.3282302510714,6.694968201592088,adult tokens (study-specific log-rate)
babyview,babyview,babyview,S00380001,17.478798332614634,head-cam transcript,1938.677667521463,7.569761404972817,adult tokens (study-specific log-rate)
babyview,babyview,babyview,S00380001,17.478798332614634,head-cam transcript,1584.9923430321587,7.368334855405175,adult tokens (study-specific log-rate)
babyview,babyview,babyview,S00380001,17.511653216698495,head-cam transcript,1114.5075900464378,7.016167963073203,adult tokens (study-specific log-rate)
babyview,babyview,babyview,S00380001,17.511653216698495,head-cam transcript,1619.41251596424,7.389818717988505,adult tokens (study-specific log-rate)
babyview,babyview,babyview,S00380001,17.511653216698495,head-cam transcript,1606.2021150669252,7.381627736567668,adult tokens (study-specific log-rate)
babyview,babyview,babyview,S00380001,17.511653216698495,head-cam transcript,1389.1404496594087,7.23644045330802,adult tokens (study-specific log-rate)
babyview,babyview,babyview,S00380001,17.511653216698495,head-cam transcript,1954.7329691158443,7.578008874402834,adult tokens (study-specific log-rate)
babyview,babyview,babyview,S00380001,17.511653216698495,head-cam transcript,1218.9762616620435,7.105766655675615,adult tokens (study-specific log-rate)
babyview,babyview,babyview,S00380001,17.511653216698495,head-cam transcript,1545.1533919055157,7.342878467190378,adult tokens (study-specific log-rate)
babyview,babyview,babyview,S00380001,17.544508100782355,head-cam transcript,1400.15869505834,7.244340862792415,adult tokens (study-specific log-rate)
babyview,babyview,babyview,S00380001,17.544508100782355,head-cam transcript,1369.0932311621968,7.221903924622081,adult tokens (study-specific log-rate)
babyview,babyview,babyview,S00380001,17.544508100782355,head-cam transcript,994.6701367225799,6.9024111613115675,adult tokens (study-specific log-rate)
babyview,babyview,babyview,S00380001,17.544508100782355,head-cam transcript,2050.5630285238576,7.625869682483998,adult tokens (study-specific log-rate)
babyview,babyview,babyview,S00380001,17.57736298486622,head-cam transcript,1436.9494926970672,7.270277737720944,adult tokens (study-specific log-rate)
babyview,babyview,babyview,S00380001,17.57736298486622,head-cam transcript,2267.447766753581,7.72641014611364,adult tokens (study-specific log-rate)
babyview,babyview,babyview,S00380001,17.61021786895008,head-cam transcript,730.5236270753511,6.593761574371132,adult tokens (study-specific log-rate)
babyview,babyview,babyview,S00380001,17.61021786895008,head-cam transcript,1343.9650350559984,7.203379505161349,adult tokens (study-specific log-rate)
babyview,babyview,babyview,S00380001,17.61021786895008,head-cam transcript,1103.8019846136694,7.006515848986815,adult tokens (study-specific log-rate)
babyview,babyview,babyview,S00380001,17.61021786895008,head-cam transcript,1067.5122209010433,6.97308619318811,adult tokens (study-specific log-rate)
babyview,babyview,babyview,S00380001,17.643072753033945,head-cam transcript,1088.1226053639843,6.992209109820649,adult tokens (study-specific log-rate)
babyview,babyview,babyview,S00380001,17.643072753033945,head-cam transcript,1220.9450830140481,7.107380496042735,adult tokens (study-specific log-rate)
babyview,babyview,babyview,S00380001,17.643072753033945,head-cam transcript,902.1406727828747,6.804770464424704,adult tokens (study-specific log-rate)
babyview,babyview,babyview,S00380001,17.643072753033945,head-cam transcript,1144.0625727709821,7.042340866922077,adult tokens (study-specific log-rate)
babyview,babyview,babyview,S00380001,17.675927637117805,head-cam transcript,996.1685823754791,6.903916502674972,adult tokens (study-specific log-rate)
babyview,babyview,babyview,S00380001,17.675927637117805,head-cam transcript,1854.4000576348121,7.525316503665519,adult tokens (study-specific log-rate)
babyview,babyview,babyview,S00380001,17.675927637117805,head-cam transcript,2187.241093620546,7.690396254024967,adult tokens (study-specific log-rate)
babyview,babyview,babyview,S00380001,17.675927637117805,head-cam transcript,1675.6066411238821,7.423930552495368,adult tokens (study-specific log-rate)
babyview,babyview,babyview,S00380001,17.675927637117805,head-cam transcript,1612.6279863481222,7.385620416898867,adult tokens (study-specific log-rate)
babyview,babyview,babyview,S00380001,17.675927637117805,head-cam transcript,1156.6528350481938,7.053285626029705,adult tokens (study-specific log-rate)
babyview,babyview,babyview,S00380001,17.675927637117805,head-cam transcript,1184.3953748063827,7.076987691125572,adult tokens (study-specific log-rate)
babyview,babyview,babyview,S00380001,17.675927637117805,head-cam transcript,1114.5075900464378,7.016167963073203,adult tokens (study-specific log-rate)
babyview,babyview,babyview,S00380001,17.675927637117805,head-cam transcript,1987.2286079182627,7.594496287729671,adult tokens (study-specific log-rate)
babyview,babyview,babyview,S00380001,17.675927637117805,head-cam transcript,3731.085469494924,8.224454480890945,adult tokens (study-specific log-rate)
babyview,babyview,babyview,S00380001,17.675927637117805,head-cam transcript,1404.848528511221,7.2476847670672395,adult tokens (study-specific log-rate)
babyview,babyview,babyview,S00380001,17.708782521201666,head-cam transcript,2430.3757951012662,7.795801172567617,adult tokens (study-specific log-rate)
babyview,babyview,babyview,S00380001,17.708782521201666,head-cam transcript,2762.1483375959083,7.923764039115037,adult tokens (study-specific log-rate)
babyview,babyview,babyview,S00380001,17.74163740528553,head-cam transcript,1210.7279693486585,7.098977085246355,adult tokens (study-specific log-rate)
babyview,babyview,babyview,S00380001,17.74163740528553,head-cam transcript,1363.9846743295025,7.218165602511474,adult tokens (study-specific log-rate)
babyview,babyview,babyview,S00380001,17.74163740528553,head-cam transcript,1582.0755736464826,7.366492918138868,adult tokens (study-specific log-rate)
babyview,babyview,babyview,S00380001,17.74163740528553,head-cam transcript,935.2213178726727,6.840783204885945,adult tokens (study-specific log-rate)
babyview,babyview,babyview,S00380001,17.74163740528553,head-cam transcript,1170.7012500487792,7.065358207263975,adult tokens (study-specific log-rate)
babyview,babyview,babyview,S00380001,17.74163740528553,head-cam transcript,1194.115275049755,7.085160834560154,adult tokens (study-specific log-rate)
babyview,babyview,babyview,S00380001,17.74163740528553,head-cam transcript,1225.9519702799523,7.111472939774397,adult tokens (study-specific log-rate)
babyview,babyview,babyview,S00380001,17.74163740528553,head-cam transcript,4542.710644023416,8.421279171022025,adult tokens (study-specific log-rate)
babyview,babyview,babyview,S00380001,17.77449228936939,head-cam transcript,2613.005190108876,7.8682562517830394,adult tokens (study-specific log-rate)
babyview,babyview,babyview,S00380001,17.77449228936939,head-cam transcript,1806.221429367822,7.498992334084609,adult tokens (study-specific log-rate)
babyview,babyview,babyview,S00380001,17.77449228936939,head-cam transcript,1991.4258055593973,7.596606146371277,adult tokens (study-specific log-rate)
babyview,babyview,babyview,S00380001,17.873056941620977,head-cam transcript,584.4155844155846,6.370612346898773,adult tokens (study-specific log-rate)
babyview,babyview,babyview,S00380001,17.873056941620977,head-cam transcript,1134.0996168582376,7.033594325983504,adult tokens (study-specific log-rate)
babyview,babyview,babyview,S00380001,17.873056941620977,head-cam transcript,1797.8103591779247,7.494324736264162,adult tokens (study-specific log-rate)
babyview,babyview,babyview,S00380001,17.90591182570484,head-cam transcript,1358.0134500565844,7.213778212382248,adult tokens (study-specific log-rate)
babyview,babyview,babyview,S00380001,17.90591182570484,head-cam transcript,2589.2439033176047,7.8591211828529515,adult tokens (study-specific log-rate)
babyview,babyview,babyview,S00380001,17.90591182570484,head-cam transcript,1709.8896198015389,7.4441840975896145,adult tokens (study-specific log-rate)
babyview,babyview,babyview,S00380001,17.90591182570484,head-cam transcript,886.242628957463,6.786990760697463,adult tokens (study-specific log-rate)
babyview,babyview,babyview,S00380001,17.90591182570484,head-cam transcript,2779.054916985951,7.929866190967167,adult tokens (study-specific log-rate)
babyview,babyview,babyview,S00380001,17.90591182570484,head-cam transcript,280.97062579821187,5.638250129343695,adult tokens (study-specific log-rate)
babyview,babyview,babyview,S00380001,17.90591182570484,head-cam transcript,2150.881474313123,7.673633025152187,adult tokens (study-specific log-rate)
babyview,babyview,babyview,S00380001,17.938766709788702,head-cam transcript,635.5140186915891,6.454434149696338,adult tokens (study-specific log-rate)
babyview,babyview,babyview,S00380001,17.938766709788702,head-cam transcript,2757.0748108713924,7.921925545538276,adult tokens (study-specific log-rate)
babyview,babyview,babyview,S00380001,17.938766709788702,head-cam transcript,1845.0251700768754,7.520248198699662,adult tokens (study-specific log-rate)
babyview,babyview,babyview,S00380001,17.938766709788702,head-cam transcript,1946.5405462854715,7.573808997188286,adult tokens (study-specific log-rate)
babyview,babyview,babyview,S00380001,17.971621593872563,head-cam transcript,1709.2238250712169,7.443794642984219,adult tokens (study-specific log-rate)
babyview,babyview,babyview,S00380001,17.971621593872563,head-cam transcript,596.9324305651512,6.391803925354165,adult tokens (study-specific log-rate)
babyview,babyview,babyview,S00380001,17.971621593872563,head-cam transcript,2446.9987228607915,7.80261754152214,adult tokens (study-specific log-rate)
babyview,babyview,babyview,S00380001,17.971621593872563,head-cam transcript,1231.5777150513154,7.1160513215794925,adult tokens (study-specific log-rate)
babyview,babyview,babyview,S00380001,17.971621593872563,head-cam transcript,4112.388250319287,8.321759221529788,adult tokens (study-specific log-rate)
babyview,babyview,babyview,S00380001,17.971621593872563,head-cam transcript,2773.9463601532566,7.92802626404516,adult tokens (study-specific log-rate)
babyview,babyview,babyview,S00380001,17.971621593872563,head-cam transcript,1403.8581207218413,7.2469795258625735,adult tokens (study-specific log-rate)
babyview,babyview,babyview,S00380001,18.004476477956427,head-cam transcript,1261.813537675606,7.140305280739201,adult tokens (study-specific log-rate)
babyview,babyview,babyview,S00380001,18.004476477956427,head-cam transcript,441.98895027624303,6.091284882390193,adult tokens (study-specific log-rate)
babyview,babyview,babyview,S00380001,18.004476477956427,head-cam transcript,438.6900228484388,6.083793065375232,adult tokens (study-specific log-rate)
babyview,babyview,babyview,S00380001,18.004476477956427,head-cam transcript,1184.7496650493642,7.077286778129248,adult tokens (study-specific log-rate)
babyview,babyview,babyview,S00380001,18.004476477956427,head-cam transcript,2399.04902561147,7.782827698483937,adult tokens (study-specific log-rate)
babyview,babyview,babyview,S00380001,18.004476477956427,head-cam transcript,1282.2477650063854,7.156369883243008,adult tokens (study-specific log-rate)
babyview,babyview,babyview,S00380001,18.004476477956427,head-cam transcript,1725.974856168763,7.45354730384825,adult tokens (study-specific log-rate)
babyview,babyview,babyview,S00380001,18.037331362040288,head-cam transcript,2951.2826547422924,7.989995153054237,adult tokens (study-specific log-rate)
babyview,babyview,babyview,S00380001,18.070186246124152,head-cam transcript,1425.287356321839,7.26212872593259,adult tokens (study-specific log-rate)
babyview,babyview,babyview,S00380001,18.070186246124152,head-cam transcript,934.8659003831415,6.840403096952645,adult tokens (study-specific log-rate)
babyview,babyview,babyview,S00380001,18.070186246124152,head-cam transcript,1481.4814814814818,7.300797867091744,adult tokens (study-specific log-rate)
babyview,babyview,babyview,S00380001,18.070186246124152,head-cam transcript,429.11877394636014,6.061733742954538,adult tokens (study-specific log-rate)
babyview,babyview,babyview,S00380001,18.070186246124152,head-cam transcript,1326.5849760255728,7.1903632318543815,adult tokens (study-specific log-rate)
babyview,babyview,babyview,S00380001,18.103041130208013,head-cam transcript,1859.5146871008942,7.528070811747965,adult tokens (study-specific log-rate)
babyview,babyview,babyview,S00380001,18.103041130208013,head-cam transcript,1359.2057761732858,7.214655820034747,adult tokens (study-specific log-rate)
babyview,babyview,babyview,S00380001,18.135896014291873,head-cam transcript,1142.607392607392,7.041068116256647,adult tokens (study-specific log-rate)
babyview,babyview,babyview,S00380001,18.135896014291873,head-cam transcript,955.3001277139203,6.862025560965811,adult tokens (study-specific log-rate)
babyview,babyview,babyview,S00380001,18.135896014291873,head-cam transcript,1461.0472541507024,7.286908754931077,adult tokens (study-specific log-rate)
babyview,babyview,babyview,S00380001,18.135896014291873,head-cam transcript,2574.712643678162,7.8534932121825936,adult tokens (study-specific log-rate)
babyview,babyview,babyview,S00380001,18.135896014291873,head-cam transcript,2145.593869731801,7.671171655388639,adult tokens (study-specific log-rate)
babyview,babyview,babyview,S00380001,18.168750898375738,head-cam transcript,1774.1108261790619,7.481054633397942,adult tokens (study-specific log-rate)
babyview,babyview,babyview,S00380001,18.168750898375738,head-cam transcript,2046.76936717278,7.624017910614516,adult tokens (study-specific log-rate)
babyview,babyview,babyview,S00380001,18.2016057824596,head-cam transcript,2238.9856351817675,7.713778200848727,adult tokens (study-specific log-rate)
babyview,babyview,babyview,S00380001,18.2016057824596,head-cam transcript,1340.0093656568563,7.2004318822166935,adult tokens (study-specific log-rate)
babyview,babyview,babyview,S00380001,18.2016057824596,head-cam transcript,1507.8632100628274,7.318448834946136,adult tokens (study-specific log-rate)
babyview,babyview,babyview,S00380001,18.2016057824596,head-cam transcript,2240.6639004149383,7.7145274850498025,adult tokens (study-specific log-rate)
babyview,babyview,babyview,S00380001,18.23446066654346,head-cam transcript,863.3461047254152,6.760815659034298,adult tokens (study-specific log-rate)
babyview,babyview,babyview,S00380001,18.23446066654346,head-cam transcript,1123.8711116066454,7.024534354489494,adult tokens (study-specific log-rate)
babyview,babyview,babyview,S00380001,18.23446066654346,head-cam transcript,1044.2655150435107,6.951069060861847,adult tokens (study-specific log-rate)
babyview,babyview,babyview,S00380001,18.23446066654346,head-cam transcript,1327.7940027148209,7.191274199566635,adult tokens (study-specific log-rate)
babyview,babyview,babyview,S00380001,18.267315550627323,head-cam transcript,1726.6922094508307,7.453962839594244,adult tokens (study-specific log-rate)
babyview,babyview,babyview,S00380001,18.267315550627323,head-cam transcript,1047.2541507024262,6.953926923249632,adult tokens (study-specific log-rate)
babyview,babyview,babyview,S00380001,18.300170434711184,head-cam transcript,1131.8987624038355,7.0316518222583575,adult tokens (study-specific log-rate)
babyview,babyview,babyview,S00380001,18.300170434711184,head-cam transcript,2119.8424217292154,7.659097035530482,adult tokens (study-specific log-rate)
babyview,babyview,babyview,S00380001,18.33302531879505,head-cam transcript,998.5231079572062,6.9062772952592955,adult tokens (study-specific log-rate)
babyview,babyview,babyview,S00380001,18.33302531879505,head-cam transcript,1273.7229600530718,7.1496993556977255,adult tokens (study-specific log-rate)
babyview,babyview,babyview,S00380001,18.33302531879505,head-cam transcript,1961.6858237547897,7.581559496698952,adult tokens (study-specific log-rate)
babyview,babyview,babyview,S00380001,18.33302531879505,head-cam transcript,1475.722665912785,7.2969030917827595,adult tokens (study-specific log-rate)
babyview,babyview,babyview,S00380001,18.36588020287891,head-cam transcript,2152.6602067648864,7.674459661762155,adult tokens (study-specific log-rate)
babyview,babyview,babyview,S00380001,18.36588020287891,head-cam transcript,623.2439335887609,6.434937988844481,adult tokens (study-specific log-rate)
babyview,babyview,babyview,S00380001,18.36588020287891,head-cam transcript,1185.1851851851854,7.077654315777535,adult tokens (study-specific log-rate)
babyview,babyview,babyview,S00380001,18.36588020287891,head-cam transcript,1185.1851851851854,7.077654315777535,adult tokens (study-specific log-rate)
babyview,babyview,babyview,S00380001,18.36588020287891,head-cam transcript,316.73052362707546,5.7580513291563165,adult tokens (study-specific log-rate)
babyview,babyview,babyview,S00380001,18.36588020287891,head-cam transcript,407.40112035308107,6.009798253796487,adult tokens (study-specific log-rate)
babyview,babyview,babyview,S00380001,18.36588020287891,head-cam transcript,1896.5360250790225,7.547784356508267,adult tokens (study-specific log-rate)
babyview,babyview,babyview,S00380001,18.36588020287891,head-cam transcript,1788.8315100745342,7.489317898008303,adult tokens (study-specific log-rate)
babyview,babyview,babyview,S00380001,18.36588020287891,head-cam transcript,1422.1389719390518,7.259917335502874,adult tokens (study-specific log-rate)
babyview,babyview,babyview,S00380001,18.36588020287891,head-cam transcript,1905.501417090499,7.552500463997973,adult tokens (study-specific log-rate)
babyview,babyview,babyview,S00380001,18.595864391465945,head-cam transcript,2210.2839600920956,7.700876274987284,adult tokens (study-specific log-rate)
babyview,babyview,babyview,S00380001,18.595864391465945,head-cam transcript,1195.4022988505742,7.086238059468926,adult tokens (study-specific log-rate)
babyview,babyview,babyview,S00380001,18.595864391465945,head-cam transcript,1504.189658696097,7.316009599415936,adult tokens (study-specific log-rate)
babyview,babyview,babyview,S00380001,18.628719275549805,head-cam transcript,1077.9054916985956,6.982775077587291,adult tokens (study-specific log-rate)
babyview,babyview,babyview,S00380001,18.628719275549805,head-cam transcript,1087.1821973915178,6.991344487971003,adult tokens (study-specific log-rate)
babyview,babyview,babyview,S00380001,18.628719275549805,head-cam transcript,1113.1725417439704,7.014969363289286,adult tokens (study-specific log-rate)
babyview,babyview,babyview,S00380001,18.628719275549805,head-cam transcript,969.3406350403894,6.8766160826670975,adult tokens (study-specific log-rate)
babyview,babyview,babyview,S00380001,18.628719275549805,head-cam transcript,1401.1676396997498,7.245061196351927,adult tokens (study-specific log-rate)
babyview,babyview,babyview,S00380001,18.628719275549805,head-cam transcript,2395.913154533844,7.781519712557504,adult tokens (study-specific log-rate)
babyview,babyview,babyview,S00380001,18.628719275549805,head-cam transcript,1016.6028097062581,6.924221768835717,adult tokens (study-specific log-rate)
babyview,babyview,babyview,S00380001,18.628719275549805,head-cam transcript,1682.386363636363,7.4279685190515305,adult tokens (study-specific log-rate)
babyview,babyview,babyview,S00380001,18.69442904371753,head-cam transcript,1656.801066104689,7.412643953553336,adult tokens (study-specific log-rate)
babyview,babyview,babyview,S00380001,18.69442904371753,head-cam transcript,1331.3641439429414,7.193959367711076,adult tokens (study-specific log-rate)
babyview,babyview,babyview,S00380001,18.69442904371753,head-cam transcript,1226.8949100511209,7.112241793162825,adult tokens (study-specific log-rate)
babyview,babyview,babyview,S00380001,18.792993695969116,head-cam transcript,2111.9450550879974,7.655364628904406,adult tokens (study-specific log-rate)
babyview,babyview,babyview,S00380001,18.792993695969116,head-cam transcript,1461.0389610389614,7.286903078772928,adult tokens (study-specific log-rate)
babyview,babyview,babyview,S00380001,18.792993695969116,head-cam transcript,1633.9469039299734,7.398753780357089,adult tokens (study-specific log-rate)
babyview,babyview,babyview,S00380001,18.792993695969116,head-cam transcript,1267.0558798999164,7.144451283452699,adult tokens (study-specific log-rate)
babyview,babyview,babyview,S00380001,18.825848580052977,head-cam transcript,3432.950191570879,8.141175284634373,adult tokens (study-specific log-rate)
babyview,babyview,babyview,S00380001,18.825848580052977,head-cam transcript,2733.0779054916984,7.913183691007231,adult tokens (study-specific log-rate)
babyview,babyview,babyview,S00380001,18.825848580052977,head-cam transcript,1077.9054916985956,6.982775077587291,adult tokens (study-specific log-rate)
babyview,babyview,babyview,S00380001,18.825848580052977,head-cam transcript,3948.914431673055,8.281195992698647,adult tokens (study-specific log-rate)
babyview,babyview,babyview,S00380001,18.825848580052977,head-cam transcript,5251.59642401022,8.566287390126336,adult tokens (study-specific log-rate)
babyview,babyview,babyview,S00400001,10.349288486416558,head-cam transcript,3479.324115144974,8.154593334119488,adult tokens (study-specific log-rate)
babyview,babyview,babyview,S00400001,10.349288486416558,head-cam transcript,1789.5608947804476,7.489725558562816,adult tokens (study-specific log-rate)
babyview,babyview,babyview,S00400001,10.414998254584283,head-cam transcript,2929.5704295704304,7.982611080194547,adult tokens (study-specific log-rate)
babyview,babyview,babyview,S00400001,10.414998254584283,head-cam transcript,3863.3141251609727,8.25928067573641,adult tokens (study-specific log-rate)
babyview,babyview,babyview,S00400001,10.447853138668146,head-cam transcript,4199.233716475095,8.342657339167404,adult tokens (study-specific log-rate)
babyview,babyview,babyview,S00400001,10.447853138668146,head-cam transcript,4229.672281117147,8.349879794125783,adult tokens (study-specific log-rate)
babyview,babyview,babyview,S00400001,10.480708022752006,head-cam transcript,3985.7286208049986,8.290475415365417,adult tokens (study-specific log-rate)
babyview,babyview,babyview,S00400001,10.480708022752006,head-cam transcript,1093.620546810274,6.997249073465023,adult tokens (study-specific log-rate)
babyview,babyview,babyview,S00400001,10.480708022752006,head-cam transcript,2463.888188465833,7.8094959455660975,adult tokens (study-specific log-rate)
babyview,babyview,babyview,S00400001,10.480708022752006,head-cam transcript,3069.438754608765,8.029250007779995,adult tokens (study-specific log-rate)
babyview,babyview,babyview,S00400001,10.546417790919731,head-cam transcript,2261.7948150942416,7.723913943054301,adult tokens (study-specific log-rate)
babyview,babyview,babyview,S00400001,10.546417790919731,head-cam transcript,1773.516678554249,7.4807196784853565,adult tokens (study-specific log-rate)
babyview,babyview,babyview,S00400001,10.579272675003594,head-cam transcript,2793.157590281796,7.934927987655195,adult tokens (study-specific log-rate)
babyview,babyview,babyview,S00400001,10.579272675003594,head-cam transcript,4821.547230548866,8.480850157723028,adult tokens (study-specific log-rate)
babyview,babyview,babyview,S00400001,10.579272675003594,head-cam transcript,3034.457640126436,8.017787985754003,adult tokens (study-specific log-rate)
babyview,babyview,babyview,S00400001,10.579272675003594,head-cam transcript,1977.0114942528742,7.589341637141007,adult tokens (study-specific log-rate)
babyview,babyview,babyview,S00400001,10.579272675003594,head-cam transcript,1939.3068773567968,7.57008590850478,adult tokens (study-specific log-rate)
babyview,babyview,babyview,S00400001,10.612127559087456,head-cam transcript,2520.682350317762,7.832284917788443,adult tokens (study-specific log-rate)
babyview,babyview,babyview,S00400001,10.612127559087456,head-cam transcript,2781.581001226446,7.930774750510147,adult tokens (study-specific log-rate)
babyview,babyview,babyview,S00400001,10.612127559087456,head-cam transcript,1782.138476976251,7.485569313752468,adult tokens (study-specific log-rate)
babyview,babyview,babyview,S00400001,10.644982443171315,head-cam transcript,1949.7997089403332,7.575481932918482,adult tokens (study-specific log-rate)
babyview,babyview,babyview,S00400001,10.644982443171315,head-cam transcript,1380.7559371167358,7.230386408693643,adult tokens (study-specific log-rate)
babyview,babyview,babyview,S00400001,10.644982443171315,head-cam transcript,998.5231079572062,6.9062772952592955,adult tokens (study-specific log-rate)
babyview,babyview,babyview,S00400001,10.809256863590628,head-cam transcript,3821.1937328052168,8.24831814828282,adult tokens (study-specific log-rate)
babyview,babyview,babyview,S00400001,10.809256863590628,head-cam transcript,2854.6453546453536,7.956702895335882,adult tokens (study-specific log-rate)
babyview,babyview,babyview,S00400001,10.809256863590628,head-cam transcript,2027.304491913116,7.614462353183781,adult tokens (study-specific log-rate)
babyview,babyview,babyview,S00400001,10.84211174767449,head-cam transcript,2937.0629370629367,7.985165359999644,adult tokens (study-specific log-rate)
babyview,babyview,babyview,S00400001,10.84211174767449,head-cam transcript,5338.397700222428,8.582680830790268,adult tokens (study-specific log-rate)
babyview,babyview,babyview,S00400001,10.84211174767449,head-cam transcript,3166.9082394915827,8.060511072166118,adult tokens (study-specific log-rate)
babyview,babyview,babyview,S00400001,10.940676399926076,head-cam transcript,4107.279693486588,8.32051621329019,adult tokens (study-specific log-rate)
babyview,babyview,babyview,S00400001,10.940676399926076,head-cam transcript,3687.7329222844405,8.2127671640185,adult tokens (study-specific log-rate)
babyview,babyview,babyview,S00400001,10.940676399926076,head-cam transcript,2911.501491547896,7.976424203572388,adult tokens (study-specific log-rate)
babyview,babyview,babyview,S00400001,10.97353128400994,head-cam transcript,2048.531289910601,7.624878371417794,adult tokens (study-specific log-rate)
babyview,babyview,babyview,S00400001,10.97353128400994,head-cam transcript,4643.678160919537,8.443262038288703,adult tokens (study-specific log-rate)
babyview,babyview,babyview,S00400001,10.97353128400994,head-cam transcript,854.1458541458538,6.750101968603676,adult tokens (study-specific log-rate)
babyview,babyview,babyview,S00400001,10.97353128400994,head-cam transcript,3071.920080127997,8.030058078345817,adult tokens (study-specific log-rate)
babyview,babyview,babyview,S00400001,10.97353128400994,head-cam transcript,1743.363977728862,7.463571846283515,adult tokens (study-specific log-rate)
babyview,babyview,babyview,S00400001,10.97353128400994,head-cam transcript,1328.5762069349978,7.1918631266973065,adult tokens (study-specific log-rate)
babyview,babyview,babyview,S00400001,10.97353128400994,head-cam transcript,2800.31739011668,7.93748804335236,adult tokens (study-specific log-rate)
babyview,babyview,babyview,S00400001,10.97353128400994,head-cam transcript,2860.7918263090673,7.9588537278404194,adult tokens (study-specific log-rate)
babyview,babyview,babyview,S00400001,11.039241052177662,head-cam transcript,4192.932531248873,8.34115565623493,adult tokens (study-specific log-rate)
babyview,babyview,babyview,S00400001,11.039241052177662,head-cam transcript,4898.2140302040925,8.496625934026596,adult tokens (study-specific log-rate)
babyview,babyview,babyview,S00400001,11.039241052177662,head-cam transcript,5562.342795544372,8.623774664599964,adult tokens (study-specific log-rate)
babyview,babyview,babyview,S00400001,11.039241052177662,head-cam transcript,3517.7322677322686,8.165571818857499,adult tokens (study-specific log-rate)
babyview,babyview,babyview,S00400001,11.039241052177662,head-cam transcript,1733.366953639998,7.457821012044071,adult tokens (study-specific log-rate)
babyview,babyview,babyview,S00400001,11.072095936261524,head-cam transcript,4298.807001895416,8.366092821767992,adult tokens (study-specific log-rate)
babyview,babyview,babyview,S00400001,11.072095936261524,head-cam transcript,3263.2400490578634,8.090475860868054,adult tokens (study-specific log-rate)
babyview,babyview,babyview,S00400001,11.072095936261524,head-cam transcript,2131.3412866540298,7.6645067725621825,adult tokens (study-specific log-rate)
babyview,babyview,babyview,S00400001,11.13780570442925,head-cam transcript,1989.2607392607397,7.595518360891175,adult tokens (study-specific log-rate)
babyview,babyview,babyview,S00400001,11.13780570442925,head-cam transcript,2856.511050119021,7.957356246569085,adult tokens (study-specific log-rate)
babyview,babyview,babyview,S00400001,11.13780570442925,head-cam transcript,5375.291001043595,8.589567991259402,adult tokens (study-specific log-rate)
babyview,babyview,babyview,S00400001,11.203515472596973,head-cam transcript,1756.0518750731694,7.470823315372139,adult tokens (study-specific log-rate)
babyview,babyview,babyview,S00400001,11.203515472596973,head-cam transcript,2178.5958719066307,7.68643585280887,adult tokens (study-specific log-rate)
babyview,babyview,babyview,S00400001,11.203515472596973,head-cam transcript,2489.8238536075783,7.819967245433393,adult tokens (study-specific log-rate)
babyview,babyview,babyview,S00400001,11.203515472596973,head-cam transcript,3306.0603301377537,8.10351252689497,adult tokens (study-specific log-rate)
babyview,babyview,babyview,S00400001,11.236370356680837,head-cam transcript,2401.3745241383954,7.783796570786449,adult tokens (study-specific log-rate)
babyview,babyview,babyview,S00400001,11.236370356680837,head-cam transcript,2425.692990101071,7.793872531661211,adult tokens (study-specific log-rate)
babyview,babyview,babyview,S00400001,11.30208012484856,head-cam transcript,1489.1319900620467,7.305948672181905,adult tokens (study-specific log-rate)
babyview,babyview,babyview,S00400001,11.30208012484856,head-cam transcript,2865.871334596946,7.960627713659829,adult tokens (study-specific log-rate)
babyview,babyview,babyview,S00400001,11.30208012484856,head-cam transcript,4467.395970186141,8.404560960850015,adult tokens (study-specific log-rate)
babyview,babyview,babyview,S00400001,11.532064313435594,head-cam transcript,4109.64035964036,8.321090799924466,adult tokens (study-specific log-rate)
babyview,babyview,babyview,S00400001,11.532064313435594,head-cam transcript,1283.8154245164076,7.157591723540201,adult tokens (study-specific log-rate)
babyview,babyview,babyview,S00400001,11.532064313435594,head-cam transcript,2212.6397533706668,7.70194154025251,adult tokens (study-specific log-rate)
babyview,babyview,babyview,S00400001,11.532064313435594,head-cam transcript,2424.7167868177144,7.793470007610075,adult tokens (study-specific log-rate)
babyview,babyview,babyview,S00400001,11.564919197519457,head-cam transcript,1832.787003350024,7.51359303996946,adult tokens (study-specific log-rate)
babyview,babyview,babyview,S00400001,11.564919197519457,head-cam transcript,1863.0452793487266,7.52996767484125,adult tokens (study-specific log-rate)
babyview,babyview,babyview,S00400001,11.564919197519457,head-cam transcript,2116.627860088193,7.657579469233959,adult tokens (study-specific log-rate)
babyview,babyview,babyview,S00400001,11.564919197519457,head-cam transcript,2837.7798301182415,7.950777275471043,adult tokens (study-specific log-rate)
babyview,babyview,babyview,S00400001,11.597774081603315,head-cam transcript,4949.389431216458,8.507019500725843,adult tokens (study-specific log-rate)
babyview,babyview,babyview,S00400001,11.597774081603315,head-cam transcript,2300.5157766990287,7.740888627515511,adult tokens (study-specific log-rate)
babyview,babyview,babyview,S00400001,11.597774081603315,head-cam transcript,2341.402500097559,7.75850538782392,adult tokens (study-specific log-rate)
babyview,babyview,babyview,S00400001,11.992032690609664,head-cam transcript,2385.088778304526,7.776991626237428,adult tokens (study-specific log-rate)
babyview,babyview,babyview,S00400001,11.992032690609664,head-cam transcript,2692.9615776946607,7.898396825236613,adult tokens (study-specific log-rate)
babyview,babyview,babyview,S00400001,11.992032690609664,head-cam transcript,2710.277007312416,7.904806125370422,adult tokens (study-specific log-rate)
babyview,babyview,babyview,S00400001,11.992032690609664,head-cam transcript,2321.2420301862317,7.749857679246366,adult tokens (study-specific log-rate)
babyview,babyview,babyview,S00400001,11.992032690609664,head-cam transcript,2360.1337200983385,7.7664735574730965,adult tokens (study-specific log-rate)
babyview,babyview,babyview,S00400001,12.057742458777389,head-cam transcript,2149.407495089558,7.672947499462273,adult tokens (study-specific log-rate)
babyview,babyview,babyview,S00400001,12.057742458777389,head-cam transcript,1967.7386211856576,7.584640254353398,adult tokens (study-specific log-rate)
babyview,babyview,babyview,S00400001,12.057742458777389,head-cam transcript,2217.4993696192505,7.704135429908272,adult tokens (study-specific log-rate)
babyview,babyview,babyview,S00400001,12.156307111028974,head-cam transcript,2277.555991609716,7.730858213512361,adult tokens (study-specific log-rate)
babyview,babyview,babyview,S00400001,12.156307111028974,head-cam transcript,2917.3875151215593,7.978443808189182,adult tokens (study-specific log-rate)
babyview,babyview,babyview,S00400001,12.156307111028974,head-cam transcript,2628.1474010302213,7.874034466703669,adult tokens (study-specific log-rate)
babyview,babyview,babyview,S00400001,12.156307111028974,head-cam transcript,3417.624521072799,8.136701004239454,adult tokens (study-specific log-rate)
babyview,babyview,babyview,S00400001,12.156307111028974,head-cam transcript,1713.2856397187516,7.446168232653624,adult tokens (study-specific log-rate)
babyview,babyview,babyview,S00400001,12.189161995112835,head-cam transcript,2026.9818262905565,7.614303180595604,adult tokens (study-specific log-rate)
babyview,babyview,babyview,S00400001,12.189161995112835,head-cam transcript,4236.158639818451,8.35141215640212,adult tokens (study-specific log-rate)
babyview,babyview,babyview,S00400001,12.189161995112835,head-cam transcript,1144.7449927730745,7.042937177448647,adult tokens (study-specific log-rate)
babyview,babyview,babyview,S00400001,12.189161995112835,head-cam transcript,3337.6001170317786,8.113007299871104,adult tokens (study-specific log-rate)
babyview,babyview,babyview,S00400001,12.189161995112835,head-cam transcript,2196.2355450915106,7.694500057848008,adult tokens (study-specific log-rate)
babyview,babyview,babyview,S00400001,12.189161995112835,head-cam transcript,482.27069117093,6.17850555635206,adult tokens (study-specific log-rate)
babyview,babyview,babyview,S00400001,12.189161995112835,head-cam transcript,1676.4441900698512,7.424430275802428,adult tokens (study-specific log-rate)
babyview,babyview,babyview,S00400001,12.189161995112835,head-cam transcript,1659.8825690717185,7.414502137325228,adult tokens (study-specific log-rate)
babyview,babyview,babyview,S00400001,12.189161995112835,head-cam transcript,1933.9984650805832,7.567344882362761,adult tokens (study-specific log-rate)
babyview,babyview,babyview,S00400001,12.222016879196698,head-cam transcript,1850.077446777854,7.522982780319299,adult tokens (study-specific log-rate)
babyview,babyview,babyview,S00400001,12.222016879196698,head-cam transcript,2785.5948266250416,7.932216711827048,adult tokens (study-specific log-rate)
babyview,babyview,babyview,S00400001,12.222016879196698,head-cam transcript,1732.6378500721935,7.4574002950399985,adult tokens (study-specific log-rate)
babyview,babyview,babyview,S00400001,12.222016879196698,head-cam transcript,1229.8561026950547,7.11465245184382,adult tokens (study-specific log-rate)
babyview,babyview,babyview,S00400001,12.25487176328056,head-cam transcript,2857.843683799754,7.9578226627322195,adult tokens (study-specific log-rate)
babyview,babyview,babyview,S00400001,12.25487176328056,head-cam transcript,6405.337781484566,8.76488695009634,adult tokens (study-specific log-rate)
babyview,babyview,babyview,S00400001,12.25487176328056,head-cam transcript,5932.433939123645,8.68818985282839,adult tokens (study-specific log-rate)
babyview,babyview,babyview,S00400001,12.484855951867594,head-cam transcript,1715.7477549791804,7.447604273310068,adult tokens (study-specific log-rate)
babyview,babyview,babyview,S00400001,12.484855951867594,head-cam transcript,3211.6998667195,8.074555629455261,adult tokens (study-specific log-rate)
babyview,babyview,babyview,S00400001,12.484855951867594,head-cam transcript,2722.0720646027826,7.9091486577333985,adult tokens (study-specific log-rate)
babyview,babyview,babyview,S00400001,12.583420604119182,head-cam transcript,3412.5936411496186,8.135227879746653,adult tokens (study-specific log-rate)
babyview,babyview,babyview,S00400001,12.583420604119182,head-cam transcript,3977.422841359434,8.288389361245514,adult tokens (study-specific log-rate)
babyview,babyview,babyview,S00400001,12.583420604119182,head-cam transcript,3849.265710160383,8.255637684457907,adult tokens (study-specific log-rate)
babyview,babyview,babyview,S00400001,12.583420604119182,head-cam transcript,3740.8852714906916,8.227077566005836,adult tokens (study-specific log-rate)
babyview,babyview,babyview,S00400001,12.583420604119182,head-cam transcript,1945.1748856309218,7.573107167501868,adult tokens (study-specific log-rate)
babyview,babyview,babyview,S00400001,12.649130372286905,head-cam transcript,1835.659560076486,7.515159129192191,adult tokens (study-specific log-rate)
babyview,babyview,babyview,S00400001,12.649130372286905,head-cam transcript,2799.1463596208237,7.937069778116521,adult tokens (study-specific log-rate)
babyview,babyview,babyview,S00400001,12.681985256370767,head-cam transcript,2627.7372262773715,7.873878384604168,adult tokens (study-specific log-rate)
babyview,babyview,babyview,S00400001,12.681985256370767,head-cam transcript,2326.423576423577,7.752087421582715,adult tokens (study-specific log-rate)
babyview,babyview,babyview,S00400001,12.681985256370767,head-cam transcript,2858.3916083916088,7.958014370933693,adult tokens (study-specific log-rate)
babyview,babyview,babyview,S00400001,12.681985256370767,head-cam transcript,5300.772131441914,8.575607774106878,adult tokens (study-specific log-rate)
babyview,babyview,babyview,S00400001,12.74769502453849,head-cam transcript,3367.5995094213413,8.12195545778745,adult tokens (study-specific log-rate)
babyview,babyview,babyview,S00400001,12.74769502453849,head-cam transcript,769.4837224597171,6.645719799656519,adult tokens (study-specific log-rate)
babyview,babyview,babyview,S00400001,12.74769502453849,head-cam transcript,1859.0735850774613,7.5278335700889185,adult tokens (study-specific log-rate)
babyview,babyview,babyview,S00400001,12.780549908622351,head-cam transcript,4275.400965178138,8.360633169996696,adult tokens (study-specific log-rate)
babyview,babyview,babyview,S00400001,12.780549908622351,head-cam transcript,1745.7457457457463,7.464937104802509,adult tokens (study-specific log-rate)
babyview,babyview,babyview,S00400001,12.780549908622351,head-cam transcript,5301.336242159805,8.575714188925241,adult tokens (study-specific log-rate)
babyview,babyview,babyview,S00400001,12.780549908622351,head-cam transcript,5308.166132343937,8.57700169344459,adult tokens (study-specific log-rate)
babyview,babyview,babyview,S00400001,12.813404792706216,head-cam transcript,2406.1302681992343,7.7857750381276425,adult tokens (study-specific log-rate)
babyview,babyview,babyview,S00400001,12.813404792706216,head-cam transcript,1882.4876100784363,7.540349378020749,adult tokens (study-specific log-rate)
babyview,babyview,babyview,S00400001,12.813404792706216,head-cam transcript,1911.8236472945894,7.555812854678905,adult tokens (study-specific log-rate)
babyview,babyview,babyview,S00400001,12.813404792706216,head-cam transcript,3721.7679478404925,8.221954089165232,adult tokens (study-specific log-rate)
babyview,babyview,babyview,S00400001,12.977679213125526,head-cam transcript,778.4179134800969,6.657263543813698,adult tokens (study-specific log-rate)
babyview,babyview,babyview,S00400001,12.977679213125526,head-cam transcript,1465.717965061072,7.290100479941882,adult tokens (study-specific log-rate)
babyview,babyview,babyview,S00400001,12.977679213125526,head-cam transcript,1749.5004995004986,7.467085597318133,adult tokens (study-specific log-rate)
babyview,babyview,babyview,S00400001,13.04338898129325,head-cam transcript,1529.080524495214,7.332421869352793,adult tokens (study-specific log-rate)
babyview,babyview,babyview,S00400001,13.04338898129325,head-cam transcript,3853.9485151605827,8.256853490078798,adult tokens (study-specific log-rate)
babyview,babyview,babyview,S00400001,13.04338898129325,head-cam transcript,2659.833240110826,7.886018708122879,adult tokens (study-specific log-rate)
babyview,babyview,babyview,S00400001,13.04338898129325,head-cam transcript,3666.636315152774,8.20702998539253,adult tokens (study-specific log-rate)
babyview,babyview,babyview,S00400001,13.076243865377112,head-cam transcript,1749.5004995004986,7.467085597318133,adult tokens (study-specific log-rate)
babyview,babyview,babyview,S00400001,13.076243865377112,head-cam transcript,5201.459483717389,8.55669453513473,adult tokens (study-specific log-rate)
babyview,babyview,babyview,S00400001,13.076243865377112,head-cam transcript,945.9266100394135,6.852164986802933,adult tokens (study-specific log-rate)
babyview,babyview,babyview,S00400001,13.109098749460976,head-cam transcript,2109.4340981953096,7.654174990590649,adult tokens (study-specific log-rate)
babyview,babyview,babyview,S00400001,13.109098749460976,head-cam transcript,2378.8649400991185,7.77437873698021,adult tokens (study-specific log-rate)
babyview,babyview,babyview,S00400001,13.109098749460976,head-cam transcript,2689.044632976761,7.896941254486175,adult tokens (study-specific log-rate)
babyview,babyview,babyview,S00400001,13.109098749460976,head-cam transcript,1746.3347862108712,7.465274462698652,adult tokens (study-specific log-rate)
babyview,babyview,babyview,S00400001,13.141953633544835,head-cam transcript,1569.1077410756097,7.358262419002353,adult tokens (study-specific log-rate)
babyview,babyview,babyview,S00400001,13.141953633544835,head-cam transcript,883.337051081865,6.783706839075224,adult tokens (study-specific log-rate)
babyview,babyview,babyview,S00400001,13.174808517628698,head-cam transcript,2337.2076058940825,7.756712164951079,adult tokens (study-specific log-rate)
babyview,babyview,babyview,S00400001,13.174808517628698,head-cam transcript,1184.0784925855726,7.076720107660064,adult tokens (study-specific log-rate)
babyview,babyview,babyview,S00400001,13.20766340171256,head-cam transcript,936.5610000390235,6.842214655949765,adult tokens (study-specific log-rate)
babyview,babyview,babyview,S00400001,13.20766340171256,head-cam transcript,1316.377864728899,7.182639201923936,adult tokens (study-specific log-rate)
babyview,babyview,babyview,S00400001,13.306228053964146,head-cam transcript,2596.9450328910693,7.862091045821145,adult tokens (study-specific log-rate)
babyview,babyview,babyview,S00400001,13.306228053964146,head-cam transcript,4417.708295810671,8.393376355501152,adult tokens (study-specific log-rate)
babyview,babyview,babyview,S00400001,13.339082938048008,head-cam transcript,4121.6235652849255,8.324002433962594,adult tokens (study-specific log-rate)
babyview,babyview,babyview,S00400001,13.339082938048008,head-cam transcript,2749.180505025034,7.919058148077624,adult tokens (study-specific log-rate)
babyview,babyview,babyview,S00400001,13.371937822131873,head-cam transcript,5137.696510201805,8.544360108233906,adult tokens (study-specific log-rate)
babyview,babyview,babyview,S00400001,13.371937822131873,head-cam transcript,4927.196367279936,8.50252541709377,adult tokens (study-specific log-rate)
babyview,babyview,babyview,S00400001,13.536212242551182,head-cam transcript,2700.429258986256,7.901166024165399,adult tokens (study-specific log-rate)
babyview,babyview,babyview,S00400001,13.536212242551182,head-cam transcript,3190.0868124347116,8.067803409337975,adult tokens (study-specific log-rate)
babyview,babyview,babyview,S00400001,13.601922010718903,head-cam transcript,3022.410525142158,8.013809979120138,adult tokens (study-specific log-rate)
babyview,babyview,babyview,S00400001,13.601922010718903,head-cam transcript,4355.00055747575,8.379080017294804,adult tokens (study-specific log-rate)
babyview,babyview,babyview,S00400001,13.601922010718903,head-cam transcript,1780.9156730665318,7.484882934087028,adult tokens (study-specific log-rate)
babyview,babyview,babyview,S00400001,13.601922010718903,head-cam transcript,4644.132547130639,8.44335988399761,adult tokens (study-specific log-rate)
babyview,babyview,babyview,S00400001,13.700486662970492,head-cam transcript,1895.9631467404406,7.547482245252874,adult tokens (study-specific log-rate)
babyview,babyview,babyview,S00400001,13.733341547054351,head-cam transcript,5812.310797174571,8.667733498342086,adult tokens (study-specific log-rate)
babyview,babyview,babyview,S00400001,13.733341547054351,head-cam transcript,1187.7454831107618,7.079812237164209,adult tokens (study-specific log-rate)
babyview,babyview,babyview,S00400001,13.733341547054351,head-cam transcript,1929.315660080388,7.564920638751254,adult tokens (study-specific log-rate)
babyview,babyview,babyview,S00400001,13.733341547054351,head-cam transcript,1914.594715129892,7.557261242208585,adult tokens (study-specific log-rate)
babyview,babyview,babyview,S00400001,13.733341547054351,head-cam transcript,4365.5733546662495,8.381504812377642,adult tokens (study-specific log-rate)
babyview,babyview,babyview,S00400001,13.733341547054351,head-cam transcript,1672.344379064726,7.421981740776228,adult tokens (study-specific log-rate)
babyview,babyview,babyview,S00400001,13.733341547054351,head-cam transcript,1573.4303519325676,7.361013452374243,adult tokens (study-specific log-rate)
babyview,babyview,babyview,S00400001,13.733341547054351,head-cam transcript,1854.3873341509652,7.525309642401983,adult tokens (study-specific log-rate)
babyview,babyview,babyview,S00400001,13.766196431138216,head-cam transcript,3073.3763192968554,8.030532014540743,adult tokens (study-specific log-rate)
babyview,babyview,babyview,S00400001,13.766196431138216,head-cam transcript,4030.9690309690286,8.301762080370965,adult tokens (study-specific log-rate)
babyview,babyview,babyview,S00400001,13.766196431138216,head-cam transcript,4431.818181818179,8.396565203627622,adult tokens (study-specific log-rate)
babyview,babyview,babyview,S00400001,13.864761083389803,head-cam transcript,1692.8801333120275,7.43418657827517,adult tokens (study-specific log-rate)
babyview,babyview,babyview,S00400001,13.897615967473664,head-cam transcript,5295.198299773058,8.574555707716328,adult tokens (study-specific log-rate)
babyview,babyview,babyview,S00400001,13.897615967473664,head-cam transcript,1981.768231768232,7.5917447715075355,adult tokens (study-specific log-rate)
babyview,babyview,babyview,S00400001,13.897615967473664,head-cam transcript,2517.9471090852053,7.8311992092546925,adult tokens (study-specific log-rate)
babyview,babyview,babyview,S00400001,13.897615967473664,head-cam transcript,3847.123662692264,8.255081047463687,adult tokens (study-specific log-rate)
babyview,babyview,babyview,S00400001,13.897615967473664,head-cam transcript,4532.406707961926,8.419008359507506,adult tokens (study-specific log-rate)
babyview,babyview,babyview,S00400001,13.930470851557526,head-cam transcript,2760.989010989011,7.9233442318385725,adult tokens (study-specific log-rate)
babyview,babyview,babyview,S00400001,13.930470851557526,head-cam transcript,1876.554910555621,7.537192880366834,adult tokens (study-specific log-rate)
babyview,babyview,babyview,S00400001,13.930470851557526,head-cam transcript,4383.116883116882,8.385515367441037,adult tokens (study-specific log-rate)
babyview,babyview,babyview,S00400001,13.963325735641387,head-cam transcript,1275.8570808621437,7.151373452037709,adult tokens (study-specific log-rate)
babyview,babyview,babyview,S00400001,13.963325735641387,head-cam transcript,1798.2120051085567,7.4945481197093216,adult tokens (study-specific log-rate)
babyview,babyview,babyview,S00400001,13.963325735641387,head-cam transcript,1509.1983498717802,7.319333894710138,adult tokens (study-specific log-rate)
babyview,babyview,babyview,S00400001,13.963325735641387,head-cam transcript,1577.172827172827,7.363389173331617,adult tokens (study-specific log-rate)
babyview,babyview,babyview,S00400001,13.996180619725251,head-cam transcript,3083.166833166834,8.033712540326306,adult tokens (study-specific log-rate)
babyview,babyview,babyview,S00400001,13.996180619725251,head-cam transcript,1697.849183726354,7.437117542977424,adult tokens (study-specific log-rate)
babyview,babyview,babyview,S00400001,14.029035503809112,head-cam transcript,2608.986509086854,7.866717114209926,adult tokens (study-specific log-rate)
babyview,babyview,babyview,S00400001,14.029035503809112,head-cam transcript,2657.7727529677777,7.885243740120792,adult tokens (study-specific log-rate)
babyview,babyview,babyview,S00400001,14.061890387892976,head-cam transcript,4716.843790944829,8.458895166548677,adult tokens (study-specific log-rate)
babyview,babyview,babyview,S00400001,14.061890387892976,head-cam transcript,4298.807001895416,8.366092821767992,adult tokens (study-specific log-rate)
babyview,babyview,babyview,S00400001,14.16045504014456,head-cam transcript,2744.4922084900586,7.917351349031663,adult tokens (study-specific log-rate)
babyview,babyview,babyview,S00400001,14.16045504014456,head-cam transcript,5290.875688916108,8.573739047809774,adult tokens (study-specific log-rate)
babyview,babyview,babyview,S00400001,14.16045504014456,head-cam transcript,7245.881255828406,8.888188483772913,adult tokens (study-specific log-rate)
babyview,babyview,babyview,S00400001,14.16045504014456,head-cam transcript,4015.7054861136094,8.29796832355134,adult tokens (study-specific log-rate)
babyview,babyview,babyview,S00400001,14.16045504014456,head-cam transcript,5286.553078059145,8.572921720424674,adult tokens (study-specific log-rate)
babyview,babyview,babyview,S00400001,14.193309924228425,head-cam transcript,6797.797010228162,8.824353869590784,adult tokens (study-specific log-rate)
babyview,babyview,babyview,S00400001,14.193309924228425,head-cam transcript,2257.112010094045,7.721841403452328,adult tokens (study-specific log-rate)
babyview,babyview,babyview,S00400001,14.193309924228425,head-cam transcript,2289.891645095412,7.7362597788766,adult tokens (study-specific log-rate)
babyview,babyview,babyview,S00400001,14.259019692396148,head-cam transcript,7420.046070605878,8.911940545118684,adult tokens (study-specific log-rate)
babyview,babyview,babyview,S00400001,14.259019692396148,head-cam transcript,3208.173690932309,8.073457110579422,adult tokens (study-specific log-rate)
babyview,babyview,babyview,S00400001,14.259019692396148,head-cam transcript,1643.6645550684862,7.404683512867594,adult tokens (study-specific log-rate)
babyview,babyview,babyview,S00400001,14.259019692396148,head-cam transcript,2106.803218727139,7.652927015388179,adult tokens (study-specific log-rate)
babyview,babyview,babyview,S00400001,14.259019692396148,head-cam transcript,2775.1161701667816,7.928447888427463,adult tokens (study-specific log-rate)
babyview,babyview,babyview,S00400001,14.259019692396148,head-cam transcript,2353.0040767225832,7.763448121289645,adult tokens (study-specific log-rate)
babyview,babyview,babyview,S00400001,14.29187457648001,head-cam transcript,1161.3356400483888,7.05732603556671,adult tokens (study-specific log-rate)
babyview,babyview,babyview,S00400001,14.29187457648001,head-cam transcript,3427.806890400265,8.139675945108813,adult tokens (study-specific log-rate)
babyview,babyview,babyview,S00400001,14.29187457648001,head-cam transcript,2142.397221517628,7.669680678034288,adult tokens (study-specific log-rate)
babyview,babyview,babyview,S00400001,14.29187457648001,head-cam transcript,1774.8890298034244,7.481493181534552,adult tokens (study-specific log-rate)
babyview,babyview,babyview,S00400001,14.324729460563873,head-cam transcript,860.199560534563,6.7571644094619945,adult tokens (study-specific log-rate)
babyview,babyview,babyview,S00400001,14.324729460563873,head-cam transcript,3387.6686364143193,8.127897245916202,adult tokens (study-specific log-rate)
babyview,babyview,babyview,S00400001,14.390439228731596,head-cam transcript,3308.501859534492,8.104250755499558,adult tokens (study-specific log-rate)
babyview,babyview,babyview,S00400001,14.390439228731596,head-cam transcript,6112.171751738049,8.71803743119402,adult tokens (study-specific log-rate)
babyview,babyview,babyview,S00400001,14.42329411281546,head-cam transcript,3123.430935130141,8.046687335317351,adult tokens (study-specific log-rate)
babyview,babyview,babyview,S00400001,14.42329411281546,head-cam transcript,2377.4359713266813,7.773777862964018,adult tokens (study-specific log-rate)
babyview,babyview,babyview,S00400001,14.489003880983182,head-cam transcript,2920.5697420762217,7.979533993378843,adult tokens (study-specific log-rate)
babyview,babyview,babyview,S00400001,14.521858765067044,head-cam transcript,2904.7944958755097,7.974117925260652,adult tokens (study-specific log-rate)
babyview,babyview,babyview,S00400001,14.521858765067044,head-cam transcript,4682.805000195118,8.451652568383865,adult tokens (study-specific log-rate)
babyview,babyview,babyview,S00400001,14.521858765067044,head-cam transcript,1470.344501006274,7.29325200674211,adult tokens (study-specific log-rate)
babyview,babyview,babyview,S00400001,14.521858765067044,head-cam transcript,1754.0416991860861,7.4696779464158345,adult tokens (study-specific log-rate)
babyview,babyview,babyview,S00400001,14.587568533234768,head-cam transcript,1393.0348258706472,7.239239974092311,adult tokens (study-specific log-rate)
babyview,babyview,babyview,S00400001,14.587568533234768,head-cam transcript,1867.6142467564657,7.5324170914444615,adult tokens (study-specific log-rate)
babyview,babyview,babyview,S00400001,14.653278301402493,head-cam transcript,4022.5233151504485,8.299664675033817,adult tokens (study-specific log-rate)
babyview,babyview,babyview,S00400001,14.653278301402493,head-cam transcript,3193.673010133069,8.06892694724519,adult tokens (study-specific log-rate)
babyview,babyview,babyview,S00400001,14.686133185486357,head-cam transcript,3837.039914538212,8.252456492730822,adult tokens (study-specific log-rate)
babyview,babyview,babyview,S00400001,14.686133185486357,head-cam transcript,2521.706893524029,7.8326912899151555,adult tokens (study-specific log-rate)
babyview,babyview,babyview,S00400001,14.78469783773794,head-cam transcript,1374.0611363458809,7.225525966949533,adult tokens (study-specific log-rate)
babyview,babyview,babyview,S00400001,14.78469783773794,head-cam transcript,1789.5608947804476,7.489725558562816,adult tokens (study-specific log-rate)
babyview,babyview,babyview,S00400001,14.817552721821803,head-cam transcript,4057.7822990844384,8.308391871604265,adult tokens (study-specific log-rate)
babyview,babyview,babyview,S00400001,14.817552721821803,head-cam transcript,5165.519974064335,8.549761049103113,adult tokens (study-specific log-rate)
babyview,babyview,babyview,S00400001,14.916117374073387,head-cam transcript,4033.89452558814,8.30248757181342,adult tokens (study-specific log-rate)
babyview,babyview,babyview,S00400001,14.916117374073387,head-cam transcript,1440.7949213359097,7.272950268963744,adult tokens (study-specific log-rate)
babyview,babyview,babyview,S00400001,14.916117374073387,head-cam transcript,2965.136384118035,7.99467830839015,adult tokens (study-specific log-rate)
babyview,babyview,babyview,S00400001,15.047536910408835,head-cam transcript,4037.174391631328,8.303300318243261,adult tokens (study-specific log-rate)
babyview,babyview,babyview,S00400001,15.113246678576562,head-cam transcript,862.7576290142198,6.760133804609802,adult tokens (study-specific log-rate)
babyview,babyview,babyview,S00400001,15.113246678576562,head-cam transcript,2563.3082381758577,7.849053983735227,adult tokens (study-specific log-rate)
babyview,babyview,babyview,S00400001,15.146101562660425,head-cam transcript,3660.4796433632837,8.205349467908356,adult tokens (study-specific log-rate)
babyview,babyview,babyview,S00400001,15.178956446744284,head-cam transcript,4072.4618793170844,8.312002979920932,adult tokens (study-specific log-rate)
babyview,babyview,babyview,S00400001,15.24466621491201,head-cam transcript,2075.1477310736977,7.637787625828673,adult tokens (study-specific log-rate)
babyview,babyview,babyview,S00400001,15.24466621491201,head-cam transcript,1242.0257778935033,7.124499017425787,adult tokens (study-specific log-rate)
babyview,babyview,babyview,S00400001,15.277521098995871,head-cam transcript,2360.1490702620445,7.766480061390081,adult tokens (study-specific log-rate)
babyview,babyview,babyview,S00400001,15.277521098995871,head-cam transcript,1840.5763420869155,7.517834030952009,adult tokens (study-specific log-rate)
babyview,babyview,babyview,S00400001,15.277521098995871,head-cam transcript,1264.0804516980813,7.142100221176641,adult tokens (study-specific log-rate)
babyview,babyview,babyview,S00400001,15.343230867163596,head-cam transcript,3726.0905586974504,8.223114855401194,adult tokens (study-specific log-rate)
babyview,babyview,babyview,S00400001,15.343230867163596,head-cam transcript,3925.0020649211187,8.275122156310923,adult tokens (study-specific log-rate)
babyview,babyview,babyview,S00400001,15.474650403499044,head-cam transcript,1674.1424802110826,7.423056361054154,adult tokens (study-specific log-rate)
babyview,babyview,babyview,S00400001,15.474650403499044,head-cam transcript,2252.429205093852,7.71976455950749,adult tokens (study-specific log-rate)
babyview,babyview,babyview,S00400001,15.474650403499044,head-cam transcript,2051.064778682127,7.626114341523948,adult tokens (study-specific log-rate)
babyview,babyview,babyview,S00400001,15.573215055750632,head-cam transcript,3913.468855310363,8.272179434943228,adult tokens (study-specific log-rate)
babyview,babyview,babyview,S00400001,15.573215055750632,head-cam transcript,6181.3537675606685,8.729292582702012,adult tokens (study-specific log-rate)
babyview,babyview,babyview,S00400001,15.573215055750632,head-cam transcript,1919.950050079998,7.560054449100082,adult tokens (study-specific log-rate)
babyview,babyview,babyview,S00400001,15.606069939834493,head-cam transcript,2485.7425649243532,7.818326712776298,adult tokens (study-specific log-rate)
babyview,babyview,babyview,S00400001,15.671779708002218,head-cam transcript,1133.4641805691858,7.0330338687153064,adult tokens (study-specific log-rate)
babyview,babyview,babyview,S00400001,15.73748947616994,head-cam transcript,5950.6441098867,8.69125474644313,adult tokens (study-specific log-rate)
babyview,babyview,babyview,S00400001,15.73748947616994,head-cam transcript,5043.380985210143,8.525831966558117,adult tokens (study-specific log-rate)
babyview,babyview,babyview,S00400001,16.164602969260148,head-cam transcript,3355.558033225554,8.118373364404945,adult tokens (study-specific log-rate)
babyview,babyview,babyview,S00400001,16.49315181009877,head-cam transcript,3438.058748403577,8.142662273755953,adult tokens (study-specific log-rate)
babyview,babyview,babyview,S00400001,16.49315181009877,head-cam transcript,4003.7982751668255,8.294998758338489,adult tokens (study-specific log-rate)
babyview,babyview,babyview,S00400001,16.49315181009877,head-cam transcript,3212.038485867428,8.07466105689631,adult tokens (study-specific log-rate)
babyview,babyview,babyview,S00400001,16.49315181009877,head-cam transcript,3739.463601532567,8.226697458072536,adult tokens (study-specific log-rate)
babyview,babyview,babyview,S00400001,16.558861578266495,head-cam transcript,982.7207744695222,6.890325025339824,adult tokens (study-specific log-rate)
babyview,babyview,babyview,S00400001,16.558861578266495,head-cam transcript,3648.283563272216,8.202012079333459,adult tokens (study-specific log-rate)
babyview,babyview,babyview,S00400001,16.65742623051808,head-cam transcript,2033.5452924562542,7.617535998252054,adult tokens (study-specific log-rate)
babyview,babyview,babyview,S00400001,16.65742623051808,head-cam transcript,6315.334462015055,8.750735996488201,adult tokens (study-specific log-rate)
babyview,babyview,babyview,S00400001,16.65742623051808,head-cam transcript,3834.1558301213936,8.251704567047081,adult tokens (study-specific log-rate)
babyview,babyview,babyview,S00400001,16.69028111460194,head-cam transcript,2187.534842234362,7.690530545983488,adult tokens (study-specific log-rate)
babyview,babyview,babyview,S00400001,16.69028111460194,head-cam transcript,2489.1587163920217,7.819700067466745,adult tokens (study-specific log-rate)
babyview,babyview,babyview,S00400001,16.69028111460194,head-cam transcript,5992.337164750956,8.6982367927647,adult tokens (study-specific log-rate)
babyview,babyview,babyview,S00400001,16.78884576685353,head-cam transcript,3080.459770114944,8.03283414083841,adult tokens (study-specific log-rate)
babyview,babyview,babyview,S00400001,16.78884576685353,head-cam transcript,2491.2522601038013,7.820540778743372,adult tokens (study-specific log-rate)
babyview,babyview,babyview,S00400001,16.78884576685353,head-cam transcript,2431.673052362707,7.796334798342644,adult tokens (study-specific log-rate)
babyview,babyview,babyview,S00400001,16.78884576685353,head-cam transcript,1832.787003350024,7.51359303996946,adult tokens (study-specific log-rate)
babyview,babyview,babyview,S00400001,16.920265303188977,head-cam transcript,3402.632397139599,8.132304645492194,adult tokens (study-specific log-rate)
babyview,babyview,babyview,S00400001,16.920265303188977,head-cam transcript,2880.86913086913,7.96584730915488,adult tokens (study-specific log-rate)
babyview,babyview,babyview,S00400001,16.920265303188977,head-cam transcript,3570.4765678469794,8.18045435825848,adult tokens (study-specific log-rate)
babyview,babyview,babyview,S00400001,16.9859750713567,head-cam transcript,2399.04902561147,7.782827698483937,adult tokens (study-specific log-rate)
babyview,babyview,babyview,S00400001,16.9859750713567,head-cam transcript,1523.5342691990093,7.3287880919036725,adult tokens (study-specific log-rate)
babyview,babyview,babyview,S00400001,17.018829955440562,head-cam transcript,2649.7604553150095,7.882224520673713,adult tokens (study-specific log-rate)
babyview,babyview,babyview,S00400001,17.018829955440562,head-cam transcript,3925.521239826068,8.275254421355061,adult tokens (study-specific log-rate)
babyview,babyview,babyview,S00400001,17.051684839524427,head-cam transcript,4198.461366930543,8.342473395945113,adult tokens (study-specific log-rate)
babyview,babyview,babyview,S00400001,17.051684839524427,head-cam transcript,3805.1064778682135,8.244099253575266,adult tokens (study-specific log-rate)
babyview,babyview,babyview,S00400001,17.051684839524427,head-cam transcript,2348.865407933484,7.76168768541559,adult tokens (study-specific log-rate)
babyview,babyview,babyview,S00400001,17.051684839524427,head-cam transcript,4884.165615203506,8.4937537444025,adult tokens (study-specific log-rate)
babyview,babyview,babyview,S00400001,17.117394607692148,head-cam transcript,4349.261391219914,8.377761314544047,adult tokens (study-specific log-rate)
babyview,babyview,babyview,S00400001,17.215959259943737,head-cam transcript,3280.86164043082,8.095861362133132,adult tokens (study-specific log-rate)
babyview,babyview,babyview,S00400001,17.248814144027598,head-cam transcript,1456.3523550606817,7.283690201580963,adult tokens (study-specific log-rate)
babyview,babyview,babyview,S00400001,17.248814144027598,head-cam transcript,965.5172413793107,6.872663959170867,adult tokens (study-specific log-rate)
babyview,babyview,babyview,S00400001,17.41308856444691,head-cam transcript,3190.9911918831554,8.068086865974577,adult tokens (study-specific log-rate)
babyview,babyview,babyview,S00400001,17.41308856444691,head-cam transcript,2981.8095351325633,8.000285621766556,adult tokens (study-specific log-rate)
babyview,babyview,babyview,S00400001,17.44594344853077,head-cam transcript,3701.9815437441903,8.216623507638625,adult tokens (study-specific log-rate)
babyview,babyview,babyview,S00400001,17.478798332614634,head-cam transcript,3794.540140538525,8.241318507398773,adult tokens (study-specific log-rate)
babyview,babyview,babyview,S00400001,17.478798332614634,head-cam transcript,3570.881226053637,8.180567686345034,adult tokens (study-specific log-rate)
babyview,babyview,babyview,S00400001,17.478798332614634,head-cam transcript,3224.6676992903713,8.078585184941263,adult tokens (study-specific log-rate)
babyview,babyview,babyview,S00400001,17.511653216698495,head-cam transcript,5093.25952794348,8.5356732833604,adult tokens (study-specific log-rate)
babyview,babyview,babyview,S00400001,17.511653216698495,head-cam transcript,2819.048610117461,7.9441547347105494,adult tokens (study-specific log-rate)
babyview,babyview,babyview,S00400001,17.675927637117805,head-cam transcript,1986.1174775718673,7.593936995711582,adult tokens (study-specific log-rate)
babyview,babyview,babyview,S00400001,17.90591182570484,head-cam transcript,1279.4928136594503,7.154219039061562,adult tokens (study-specific log-rate)
babyview,babyview,babyview,S00400001,17.90591182570484,head-cam transcript,1630.48570982352,7.3966332308999645,adult tokens (study-specific log-rate)
babyview,babyview,babyview,S00400001,17.938766709788702,head-cam transcript,3085.482294564319,8.034463259473492,adult tokens (study-specific log-rate)
babyview,babyview,babyview,S00400001,17.971621593872563,head-cam transcript,1304.4932545434278,7.173569933649982,adult tokens (study-specific log-rate)
babyview,babyview,babyview,S00400001,17.971621593872563,head-cam transcript,763.2972150318037,6.63764749020849,adult tokens (study-specific log-rate)
babyview,babyview,babyview,S00400001,17.971621593872563,head-cam transcript,2189.3784032246667,7.691372948378024,adult tokens (study-specific log-rate)
babyview,babyview,babyview,S00400001,18.004476477956427,head-cam transcript,3977.90055248619,8.288509459726413,adult tokens (study-specific log-rate)
babyview,babyview,babyview,S00400001,18.004476477956427,head-cam transcript,3554.248995148094,8.175899066797358,adult tokens (study-specific log-rate)
babyview,babyview,babyview,S00400001,18.004476477956427,head-cam transcript,2706.6612901127774,7.9034711580741055,adult tokens (study-specific log-rate)
babyview,babyview,babyview,S00400001,18.43158997104663,head-cam transcript,2968.091648256542,7.9956744826031665,adult tokens (study-specific log-rate)
babyview,babyview,babyview,S00400001,18.43158997104663,head-cam transcript,3463.9313189876225,8.150159442403671,adult tokens (study-specific log-rate)
babyview,babyview,babyview,S00400001,18.595864391465945,head-cam transcript,4236.418333038405,8.351473458464259,adult tokens (study-specific log-rate)
babyview,babyview,babyview,S00400001,18.595864391465945,head-cam transcript,6006.141248720568,8.700537766202226,adult tokens (study-specific log-rate)
babyview,babyview,babyview,S00400001,18.595864391465945,head-cam transcript,5338.397700222428,8.582680830790268,adult tokens (study-specific log-rate)
babyview,babyview,babyview,S00400001,18.628719275549805,head-cam transcript,2308.622865096193,7.7444064634444185,adult tokens (study-specific log-rate)
babyview,babyview,babyview,S00400001,18.628719275549805,head-cam transcript,1826.293950076095,7.51004402852542,adult tokens (study-specific log-rate)
babyview,babyview,babyview,S00400001,18.628719275549805,head-cam transcript,1221.9393658875263,7.108194519750511,adult tokens (study-specific log-rate)
babyview,babyview,babyview,S00400001,18.69442904371753,head-cam transcript,1841.4322250639384,7.518298931006872,adult tokens (study-specific log-rate)
babyview,babyview,babyview,S00400001,18.957268116388427,head-cam transcript,5467.481135465329,8.606573302241419,adult tokens (study-specific log-rate)
babyview,babyview,babyview,S00400001,18.957268116388427,head-cam transcript,3537.54539923674,8.17118837557564,adult tokens (study-specific log-rate)
babyview,babyview,babyview,S00400001,19.055832768640013,head-cam transcript,1415.451424547402,7.255203787147437,adult tokens (study-specific log-rate)
babyview,babyview,babyview,S00400001,19.055832768640013,head-cam transcript,2563.5103926096995,7.849132845286027,adult tokens (study-specific log-rate)
babyview,babyview,babyview,S00400001,19.055832768640013,head-cam transcript,1685.8098000702416,7.430001320851884,adult tokens (study-specific log-rate)
babyview,babyview,babyview,S00400001,19.28581695722705,head-cam transcript,2654.0830661719683,7.8838545128846444,adult tokens (study-specific log-rate)
babyview,babyview,babyview,S00400001,19.28581695722705,head-cam transcript,3482.6280256874693,8.155542467558986,adult tokens (study-specific log-rate)
babyview,babyview,babyview,S00400001,19.28581695722705,head-cam transcript,3200.6773920406417,8.071117751398408,adult tokens (study-specific log-rate)
babyview,babyview,babyview,S00400001,19.48294626173022,head-cam transcript,2944.062806673208,7.987545813409659,adult tokens (study-specific log-rate)
babyview,babyview,babyview,S00400001,19.51580114581408,head-cam transcript,2911.5529453083855,7.976441876002227,adult tokens (study-specific log-rate)
babyview,babyview,babyview,S00400001,19.51580114581408,head-cam transcript,3689.214011794654,8.213168709412102,adult tokens (study-specific log-rate)
babyview,babyview,babyview,S00400001,19.51580114581408,head-cam transcript,5474.1990452280925,8.607801250873797,adult tokens (study-specific log-rate)
babyview,babyview,babyview,S00400001,19.51580114581408,head-cam transcript,3376.302405140682,8.124536426686678,adult tokens (study-specific log-rate)
babyview,babyview,babyview,S00400001,19.942914638904288,head-cam transcript,4790.5095151996,8.474392055353354,adult tokens (study-specific log-rate)
babyview,babyview,babyview,S00400001,19.942914638904288,head-cam transcript,3142.0398155175444,8.05262749076505,adult tokens (study-specific log-rate)
babyview,babyview,babyview,S00400001,19.942914638904288,head-cam transcript,3764.9752201568763,8.233496558580695,adult tokens (study-specific log-rate)
babyview,babyview,babyview,S00400001,19.975769522988152,head-cam transcript,2446.597745038002,7.802453662940684,adult tokens (study-specific log-rate)
babyview,babyview,babyview,S00400001,19.975769522988152,head-cam transcript,5793.103448275857,8.664423428398921,adult tokens (study-specific log-rate)
babyview,babyview,babyview,S00400001,19.975769522988152,head-cam transcript,2629.0556360798314,7.874379986955496,adult tokens (study-specific log-rate)
babyview,babyview,babyview,S00400001,19.975769522988152,head-cam transcript,4582.375478927203,8.42997280617002,adult tokens (study-specific log-rate)
babyview,babyview,babyview,S00400001,20.53430255241381,head-cam transcript,4198.000165275595,8.342363539750657,adult tokens (study-specific log-rate)
babyview,babyview,babyview,S00400001,20.53430255241381,head-cam transcript,2352.9411764705883,7.763421389039857,adult tokens (study-specific log-rate)
babyview,babyview,babyview,S00400001,20.53430255241381,head-cam transcript,2256.9123560706353,7.721752944016869,adult tokens (study-specific log-rate)
babyview,babyview,babyview,S00400001,20.60001232058153,head-cam transcript,3270.7310026004066,8.092768787103967,adult tokens (study-specific log-rate)
babyview,babyview,babyview,S00400001,20.665722088749256,head-cam transcript,5720.056171797342,8.651733904569916,adult tokens (study-specific log-rate)
babyview,babyview,babyview,S00400001,20.665722088749256,head-cam transcript,2465.359316407452,7.8100928431590235,adult tokens (study-specific log-rate)
babyview,babyview,babyview,S00400001,20.665722088749256,head-cam transcript,2906.768837803321,7.974797378237556,adult tokens (study-specific log-rate)
babyview,babyview,babyview,S00400001,20.862851393252427,head-cam transcript,2394.423734872083,7.780897869148933,adult tokens (study-specific log-rate)
babyview,babyview,babyview,S00400001,20.862851393252427,head-cam transcript,2065.1304364792886,7.632948668765558,adult tokens (study-specific log-rate)
babyview,babyview,babyview,S00400001,20.994270929587877,head-cam transcript,3884.8651348651365,8.264843547878764,adult tokens (study-specific log-rate)
babyview,babyview,babyview,S00400001,20.994270929587877,head-cam transcript,2508.640874121976,7.827496401056646,adult tokens (study-specific log-rate)
babyview,babyview,babyview,S00400001,20.994270929587877,head-cam transcript,3284.80204342273,8.097061668348843,adult tokens (study-specific log-rate)
babyview,babyview,babyview,S00400001,20.994270929587877,head-cam transcript,1920.59553349876,7.560390590625182,adult tokens (study-specific log-rate)
babyview,babyview,babyview,S00400001,21.0599806977556,head-cam transcript,2487.5124875124875,7.81903848912567,adult tokens (study-specific log-rate)
babyview,babyview,babyview,S00400001,21.0599806977556,head-cam transcript,1093.2311621966794,6.996892959133076,adult tokens (study-specific log-rate)
babyview,babyview,babyview,S00400001,21.0599806977556,head-cam transcript,3716.1929667607205,8.220455027207853,adult tokens (study-specific log-rate)
babyview,babyview,babyview,S00400001,21.3228197704265,head-cam transcript,4338.9363579622495,8.37538451824719,adult tokens (study-specific log-rate)
babyview,babyview,babyview,S00400001,21.51994907492967,head-cam transcript,5105.184761982489,8.53801192230084,adult tokens (study-specific log-rate)
babyview,babyview,babyview,S00400001,21.914207683936016,head-cam transcript,2840.464842285653,7.951722994622801,adult tokens (study-specific log-rate)
babyview,babyview,babyview,S00400001,21.914207683936016,head-cam transcript,3240.5094905094925,8.083485846581116,adult tokens (study-specific log-rate)
babyview,babyview,babyview,S00400001,22.2756114088585,head-cam transcript,3183.37912087912,8.065698528225461,adult tokens (study-specific log-rate)
babyview,babyview,babyview,S00400001,22.2756114088585,head-cam transcript,2672.908818258293,7.890922603420272,adult tokens (study-specific log-rate)
babyview,babyview,babyview,S00400001,22.2756114088585,head-cam transcript,2447.952235078339,7.803007131627455,adult tokens (study-specific log-rate)
babyview,babyview,babyview,S00400001,22.2756114088585,head-cam transcript,2361.5093765067113,7.767056259900684,adult tokens (study-specific log-rate)
babyview,babyview,babyview,S00400001,22.30846629294236,head-cam transcript,2451.8587586654226,7.804601692895147,adult tokens (study-specific log-rate)
babyview,babyview,babyview,S00400001,22.30846629294236,head-cam transcript,1166.8457152301462,7.062059417231318,adult tokens (study-specific log-rate)
babyview,babyview,babyview,S00400001,22.47274071336167,head-cam transcript,2075.1477310736977,7.637787625828673,adult tokens (study-specific log-rate)
babyview,babyview,babyview,S00400001,22.47274071336167,head-cam transcript,3524.204313918356,8.167409963218313,adult tokens (study-specific log-rate)
babyview,babyview,babyview,S00400001,22.571305365613256,head-cam transcript,2677.221540862973,7.892534797235868,adult tokens (study-specific log-rate)
babyview,babyview,babyview,S00400001,22.571305365613256,head-cam transcript,4559.782867482504,8.425030284594564,adult tokens (study-specific log-rate)
babyview,babyview,babyview,S00400001,22.702724901948702,head-cam transcript,3233.016983016983,8.081171030732664,adult tokens (study-specific log-rate)
babyview,babyview,babyview,S00400001,22.702724901948702,head-cam transcript,1787.4543644208436,7.488547743848323,adult tokens (study-specific log-rate)
babyview,babyview,babyview,S00400001,22.866999322368017,head-cam transcript,3263.2400490578634,8.090475860868054,adult tokens (study-specific log-rate)
babyview,babyview,babyview,S00400001,22.9655639746196,head-cam transcript,1517.2364107921185,7.324645808203368,adult tokens (study-specific log-rate)
babyview,babyview,babyview,S00400001,22.9655639746196,head-cam transcript,1089.4837883959044,6.993459274417066,adult tokens (study-specific log-rate)
babyview,babyview,babyview,S00400001,22.9655639746196,head-cam transcript,1027.5393020403617,6.934922195799807,adult tokens (study-specific log-rate)
babyview,babyview,babyview,S00400001,23.064128626871188,head-cam transcript,3204.0243784463582,8.072162916912848,adult tokens (study-specific log-rate)
babyview,babyview,babyview,S00400001,23.064128626871188,head-cam transcript,1659.59040959041,7.414326109694372,adult tokens (study-specific log-rate)
babyview,babyview,babyview,S00400001,23.162693279122777,head-cam transcript,1033.9786194954531,6.941169377384044,adult tokens (study-specific log-rate)
babyview,babyview,babyview,S00400001,23.162693279122777,head-cam transcript,1597.5025086408737,7.376196756604681,adult tokens (study-specific log-rate)
babyview,babyview,babyview,S00400001,23.294112815458224,head-cam transcript,2242.0894023103974,7.715163478979088,adult tokens (study-specific log-rate)
babyview,babyview,babyview,S00400001,23.294112815458224,head-cam transcript,1939.5707759050943,7.5702219780446285,adult tokens (study-specific log-rate)
babyview,babyview,babyview,S00400001,23.326967699542084,head-cam transcript,1489.033550325488,7.305882564549364,adult tokens (study-specific log-rate)
babyview,babyview,babyview,S00400001,23.359822583625945,head-cam transcript,2717.887755740475,7.907610297221301,adult tokens (study-specific log-rate)
babyview,babyview,babyview,S00400001,23.359822583625945,head-cam transcript,2284.6305346852437,7.733959598650976,adult tokens (study-specific log-rate)
babyview,babyview,babyview,S00400001,23.359822583625945,head-cam transcript,3115.2355221426046,8.044060037397879,adult tokens (study-specific log-rate)
babyview,babyview,babyview,S00400001,23.359822583625945,head-cam transcript,2046.7005076142132,7.623984267001307,adult tokens (study-specific log-rate)
babyview,babyview,babyview,S00400001,23.786936076716152,head-cam transcript,1492.6538018770375,7.308310889791349,adult tokens (study-specific log-rate)
babyview,babyview,babyview,S00400001,23.786936076716152,head-cam transcript,2347.177695327978,7.760968904671437,adult tokens (study-specific log-rate)
babyview,babyview,babyview,S00400001,23.786936076716152,head-cam transcript,5130.143958121278,8.54288899978303,adult tokens (study-specific log-rate)
babyview,babyview,babyview,S00400001,23.984065381219327,head-cam transcript,3200.165383223941,8.070957769709818,adult tokens (study-specific log-rate)
babyview,babyview,babyview,S00400001,23.984065381219327,head-cam transcript,4117.132867132867,8.322912294052857,adult tokens (study-specific log-rate)
babyview,babyview,babyview,S00400001,23.984065381219327,head-cam transcript,4312.863405179701,8.369357325657035,adult tokens (study-specific log-rate)
babyview,babyview,babyview,S00400001,24.016920265303188,head-cam transcript,3277.6543121370714,8.094883296798649,adult tokens (study-specific log-rate)
babyview,babyview,babyview,S00400001,24.016920265303188,head-cam transcript,5107.6461481989845,8.538493940711954,adult tokens (study-specific log-rate)
babyview,babyview,babyview,S00400001,24.016920265303188,head-cam transcript,3596.387557141266,8.187685164295175,adult tokens (study-specific log-rate)
babyview,babyview,babyview,S00400001,24.31261422205795,head-cam transcript,398.46743295019166,5.9876257708008165,adult tokens (study-specific log-rate)
babyview,babyview,babyview,S00400001,24.31261422205795,head-cam transcript,621.2864574344812,6.431792259688165,adult tokens (study-specific log-rate)
babyview,babyview,babyview,S00400001,24.31261422205795,head-cam transcript,1221.2787212787216,7.107653721015944,adult tokens (study-specific log-rate)
babyview,babyview,babyview,S00400001,24.34546910614181,head-cam transcript,1846.9030969030969,7.521265513691926,adult tokens (study-specific log-rate)
babyview,babyview,babyview,S00400001,24.34546910614181,head-cam transcript,2364.816525098534,7.768455718677088,adult tokens (study-specific log-rate)
babyview,babyview,babyview,S00400001,24.54259841064498,head-cam transcript,2538.0803101057527,7.839163290841374,adult tokens (study-specific log-rate)
babyview,babyview,babyview,S00400001,24.641163062896567,head-cam transcript,2383.9863542868607,7.776529304295898,adult tokens (study-specific log-rate)
babyview,babyview,babyview,S00400001,24.641163062896567,head-cam transcript,1081.7349905367698,6.9863215038405055,adult tokens (study-specific log-rate)
babyview,babyview,babyview,S00400001,24.706872831064292,head-cam transcript,2500.3227388913283,7.824175098080709,adult tokens (study-specific log-rate)
babyview,babyview,babyview,S00400001,24.772582599232017,head-cam transcript,2288.633461047254,7.73571017652621,adult tokens (study-specific log-rate)
babyview,babyview,babyview,S00400001,24.772582599232017,head-cam transcript,1185.7037998983676,7.078091801231064,adult tokens (study-specific log-rate)
babyview,babyview,babyview,S00400001,24.80543748331588,head-cam transcript,3470.3396806233877,8.15200775881949,adult tokens (study-specific log-rate)
babyview,babyview,babyview,S00400001,24.80543748331588,head-cam transcript,3819.8412109519936,8.247964132923041,adult tokens (study-specific log-rate)
babyview,babyview,babyview,S00400001,24.80543748331588,head-cam transcript,2035.7168748942747,7.618603308518564,adult tokens (study-specific log-rate)
babyview,babyview,babyview,S00400001,24.80543748331588,head-cam transcript,1496.8071519795653,7.311089553128292,adult tokens (study-specific log-rate)
babyview,babyview,babyview,S00400001,24.80543748331588,head-cam transcript,1962.0952950817543,7.581768209323866,adult tokens (study-specific log-rate)
babyview,babyview,babyview,S00400001,24.871147251483603,head-cam transcript,2180.7727848317872,7.687434581421895,adult tokens (study-specific log-rate)
babyview,babyview,babyview,S00400001,24.871147251483603,head-cam transcript,2177.5043250907297,7.6859346949890845,adult tokens (study-specific log-rate)
babyview,babyview,babyview,S00400001,24.871147251483603,head-cam transcript,2602.611940298507,7.864270812166801,adult tokens (study-specific log-rate)
babyview,babyview,babyview,S00400001,24.871147251483603,head-cam transcript,2168.13871509034,7.681624343487963,adult tokens (study-specific log-rate)
babyview,babyview,babyview,S00400001,24.871147251483603,head-cam transcript,2818.3978750174765,7.943923873059059,adult tokens (study-specific log-rate)
babyview,babyview,babyview,S00400001,24.871147251483603,head-cam transcript,1797.5576662143826,7.494184170423796,adult tokens (study-specific log-rate)
babyview,babyview,babyview,S00400001,24.871147251483603,head-cam transcript,2762.854950115119,7.924019826301493,adult tokens (study-specific log-rate)
babyview,babyview,babyview,S00400001,25.232550976406085,head-cam transcript,590.0334300245845,6.380179196353206,adult tokens (study-specific log-rate)
babyview,babyview,babyview,S00400001,25.232550976406085,head-cam transcript,2158.2733812949637,7.677063820507646,adult tokens (study-specific log-rate)
babyview,babyview,babyview,S00400001,25.232550976406085,head-cam transcript,2607.3926073926064,7.866105999983655,adult tokens (study-specific log-rate)
babyview,babyview,babyview,S00400001,25.49539004907698,head-cam transcript,3248.140237165795,8.085837876816793,adult tokens (study-specific log-rate)
babyview,babyview,babyview,S00400001,25.49539004907698,head-cam transcript,2163.4699810735397,7.679468684400451,adult tokens (study-specific log-rate)
babyview,babyview,babyview,S00400001,25.49539004907698,head-cam transcript,4237.938525176577,8.351832233101653,adult tokens (study-specific log-rate)
babyview,babyview,babyview,S00400001,25.692519353580156,head-cam transcript,2702.4265644955303,7.901905375969524,adult tokens (study-specific log-rate)
babyview,babyview,babyview,S00400001,25.692519353580156,head-cam transcript,1675.6066411238821,7.423930552495368,adult tokens (study-specific log-rate)
babyview,babyview,babyview,S00400001,25.692519353580156,head-cam transcript,2613.005190108876,7.8682562517830394,adult tokens (study-specific log-rate)
babyview,babyview,babyview,S00400001,25.725374237664017,head-cam transcript,1583.549737664954,7.367424275441177,adult tokens (study-specific log-rate)
babyview,babyview,babyview,S00400001,25.725374237664017,head-cam transcript,2645.784825110241,7.880723020548169,adult tokens (study-specific log-rate)
babyview,babyview,babyview,S00400001,25.75822912174788,head-cam transcript,2768.1473456121353,7.92593354711709,adult tokens (study-specific log-rate)
babyview,babyview,babyview,S00400001,25.889648658083328,head-cam transcript,2002.8988738989851,7.6023508470717625,adult tokens (study-specific log-rate)
babyview,babyview,babyview,S00400001,25.889648658083328,head-cam transcript,1809.440559440559,7.500772993301808,adult tokens (study-specific log-rate)
babyview,babyview,babyview,S00400001,25.889648658083328,head-cam transcript,276.8002365813987,5.623296078444734,adult tokens (study-specific log-rate)
babyview,babyview,babyview,S00400001,25.889648658083328,head-cam transcript,3501.314794135655,8.160893832403985,adult tokens (study-specific log-rate)
babyview,babyview,babyview,S00400001,25.889648658083328,head-cam transcript,2132.055202049418,7.6648416770937935,adult tokens (study-specific log-rate)
babyview,babyview,babyview,S00400001,26.185342614838085,head-cam transcript,2199.576318430148,7.6960200382682595,adult tokens (study-specific log-rate)
babyview,babyview,babyview,S00400001,26.185342614838085,head-cam transcript,3233.312921004286,8.081262562711979,adult tokens (study-specific log-rate)
babyview,babyview,babyview,S00400001,26.28390726708967,head-cam transcript,4399.944759011189,8.389347265057356,adult tokens (study-specific log-rate)
babyview,babyview,babyview,S00400001,26.28390726708967,head-cam transcript,1749.0390431406217,7.466821797891584,adult tokens (study-specific log-rate)
babyview,babyview,babyview,S00400001,26.28390726708967,head-cam transcript,3621.0025170240597,8.194506204883892,adult tokens (study-specific log-rate)
babyview,babyview,babyview,S00400001,26.28390726708967,head-cam transcript,2287.880477199242,7.73538111214884,adult tokens (study-specific log-rate)
babyview,babyview,babyview,S00400001,26.28390726708967,head-cam transcript,3322.927072927073,8.108601321958815,adult tokens (study-specific log-rate)
babyview,babyview,babyview,S00400001,26.645310992012156,head-cam transcript,5919.065520246628,8.68593386410853,adult tokens (study-specific log-rate)
babyview,babyview,babyview,S00400001,26.645310992012156,head-cam transcript,1290.4820766378252,7.16277113036623,adult tokens (study-specific log-rate)
babyview,babyview,babyview,S00400001,26.678165876096017,head-cam transcript,2082.4725229319897,7.6413111796835995,adult tokens (study-specific log-rate)
babyview,babyview,babyview,S00400001,26.678165876096017,head-cam transcript,2384.9749153123785,7.7769438855784,adult tokens (study-specific log-rate)
babyview,babyview,babyview,S00400001,26.875295180599192,head-cam transcript,2074.85321133965,7.637645688639439,adult tokens (study-specific log-rate)
babyview,babyview,babyview,S00400001,26.875295180599192,head-cam transcript,2742.3317031394386,7.916563824045595,adult tokens (study-specific log-rate)
babyview,babyview,babyview,S00400001,26.973859832850778,head-cam transcript,2108.919995912945,7.653931245151816,adult tokens (study-specific log-rate)
babyview,babyview,babyview,S00400001,26.973859832850778,head-cam transcript,3146.8473679861163,8.054156395089386,adult tokens (study-specific log-rate)
babyview,babyview,babyview,S00400001,27.105279369186224,head-cam transcript,5936.143039591315,8.688814881523081,adult tokens (study-specific log-rate)
babyview,babyview,babyview,S00400001,27.105279369186224,head-cam transcript,4397.153895183217,8.388712768609992,adult tokens (study-specific log-rate)
babyview,babyview,babyview,S00400001,27.400973325940985,head-cam transcript,857.9831101438065,6.7545844141471285,adult tokens (study-specific log-rate)
babyview,babyview,babyview,S00400001,27.400973325940985,head-cam transcript,639.7464068297252,6.461071858501617,adult tokens (study-specific log-rate)
babyview,babyview,babyview,S00400001,27.66381239861188,head-cam transcript,2393.8561438561437,7.780660794026771,adult tokens (study-specific log-rate)
babyview,babyview,babyview,S00400001,27.66381239861188,head-cam transcript,1693.3066933066928,7.434438519481467,adult tokens (study-specific log-rate)
babyview,babyview,babyview,S00400001,27.66381239861188,head-cam transcript,2287.880477199242,7.73538111214884,adult tokens (study-specific log-rate)
babyview,babyview,babyview,S00400001,27.860941703115053,head-cam transcript,1830.3043817593937,7.51223756083463,adult tokens (study-specific log-rate)
babyview,babyview,babyview,S00400001,27.860941703115053,head-cam transcript,1194.123041501629,7.085167338477138,adult tokens (study-specific log-rate)
babyview,babyview,babyview,S00400001,27.860941703115053,head-cam transcript,2144.319662468202,7.670577607377411,adult tokens (study-specific log-rate)
babyview,babyview,babyview,S00400001,27.893796587198914,head-cam transcript,2843.4065934065925,7.952758117044866,adult tokens (study-specific log-rate)
babyview,babyview,babyview,S00400001,28.025216123534364,head-cam transcript,2266.136938238482,7.725831871464802,adult tokens (study-specific log-rate)
babyview,babyview,babyview,S00400001,28.025216123534364,head-cam transcript,1364.2631054069284,7.2183697123291095,adult tokens (study-specific log-rate)
babyview,babyview,babyview,S00400001,28.025216123534364,head-cam transcript,1007.1683296711213,6.914898038303202,adult tokens (study-specific log-rate)
babyview,babyview,babyview,S00400001,28.025216123534364,head-cam transcript,1548.8478273594667,7.3452665963137775,adult tokens (study-specific log-rate)
babyview,babyview,babyview,S00400001,28.222345428037535,head-cam transcript,2878.8588307337623,7.965149255277891,adult tokens (study-specific log-rate)
babyview,babyview,babyview,S00400001,28.222345428037535,head-cam transcript,2083.498433053565,7.641803698788102,adult tokens (study-specific log-rate)
babyview,babyview,babyview,S00400001,28.222345428037535,head-cam transcript,3853.9485151605827,8.256853490078798,adult tokens (study-specific log-rate)
babyview,babyview,babyview,S00400001,28.41947473254071,head-cam transcript,2482.1472543708437,7.8168792929211985,adult tokens (study-specific log-rate)
babyview,babyview,babyview,S00400001,28.45232961662457,head-cam transcript,1832.787003350024,7.51359303996946,adult tokens (study-specific log-rate)
babyview,babyview,babyview,S00400001,28.45232961662457,head-cam transcript,1491.6985951468714,7.3076707463795065,adult tokens (study-specific log-rate)
babyview,babyview,babyview,S00400001,28.45232961662457,head-cam transcript,781.6091954022988,6.66135486550366,adult tokens (study-specific log-rate)
babyview,babyview,babyview,S00400001,28.649458921127746,head-cam transcript,2311.9634295908127,7.745852412016135,adult tokens (study-specific log-rate)
babyview,babyview,babyview,S00400001,28.649458921127746,head-cam transcript,2629.8701298701294,7.874689743675047,adult tokens (study-specific log-rate)
babyview,babyview,babyview,S00400001,28.649458921127746,head-cam transcript,2739.458742268445,7.915515640550569,adult tokens (study-specific log-rate)
babyview,babyview,babyview,S00400001,28.649458921127746,head-cam transcript,2155.018269455025,7.675554480207261,adult tokens (study-specific log-rate)
babyview,babyview,babyview,S00400001,28.91229799379864,head-cam transcript,2711.3440951129724,7.905199766974723,adult tokens (study-specific log-rate)
babyview,babyview,babyview,S00400001,28.91229799379864,head-cam transcript,4827.586206896554,8.482101871604968,adult tokens (study-specific log-rate)
babyview,babyview,babyview,S00400001,28.91229799379864,head-cam transcript,3259.2592592592596,8.089255227456015,adult tokens (study-specific log-rate)
babyview,babyview,babyview,S00400001,29.14228218238567,head-cam transcript,1742.0079920079916,7.462793745236592,adult tokens (study-specific log-rate)
babyview,babyview,babyview,S00400001,29.14228218238567,head-cam transcript,3045.0137558291567,8.021260697647474,adult tokens (study-specific log-rate)
babyview,babyview,babyview,S00400001,29.733670095895192,head-cam transcript,3101.8981018980994,8.039769494034495,adult tokens (study-specific log-rate)
babyview,babyview,babyview,S00400001,29.733670095895192,head-cam transcript,1881.1922578487513,7.539661034523806,adult tokens (study-specific log-rate)
babyview,babyview,babyview,S00400001,29.832234748146774,head-cam transcript,2440.832620473339,7.800094497977747,adult tokens (study-specific log-rate)
babyview,babyview,babyview,S00400001,29.832234748146774,head-cam transcript,2865.87666011941,7.960629571914054,adult tokens (study-specific log-rate)
babyview,babyview,babyview,S00400001,29.832234748146774,head-cam transcript,1707.4312884982523,7.442745349638623,adult tokens (study-specific log-rate)
babyview,babyview,babyview,S00400001,29.832234748146774,head-cam transcript,2653.4710863578953,7.883623905791736,adult tokens (study-specific log-rate)
babyview,babyview,babyview,S00400001,29.832234748146774,head-cam transcript,2877.846256994766,7.9647974659352,adult tokens (study-specific log-rate)
babyview,babyview,babyview,S00400001,29.832234748146774,head-cam transcript,2568.848255100904,7.851212927673962,adult tokens (study-specific log-rate)
babyview,babyview,babyview,S00400001,29.963654284482228,head-cam transcript,4531.608875013938,8.418832315469906,adult tokens (study-specific log-rate)
babyview,babyview,babyview,S00400001,29.963654284482228,head-cam transcript,3931.938376638307,8.27688780887525,adult tokens (study-specific log-rate)
babyview,babyview,babyview,S00400001,30.062218936733817,head-cam transcript,2383.274109577722,7.77623049758297,adult tokens (study-specific log-rate)
babyview,babyview,babyview,S00400001,30.062218936733817,head-cam transcript,2629.0556360798314,7.874379986955496,adult tokens (study-specific log-rate)
babyview,babyview,babyview,S00400001,30.29220312532085,head-cam transcript,4021.882944088483,8.299505466002676,adult tokens (study-specific log-rate)
babyview,babyview,babyview,S00400001,30.29220312532085,head-cam transcript,2215.6316200245296,7.7032927975973395,adult tokens (study-specific log-rate)
babyview,babyview,babyview,S00400001,30.29220312532085,head-cam transcript,1113.1725417439704,7.014969363289286,adult tokens (study-specific log-rate)
babyview,babyview,babyview,S00400001,30.390767777572435,head-cam transcript,2384.7339564106073,7.776842848425628,adult tokens (study-specific log-rate)
babyview,babyview,babyview,S00400001,30.555042197991742,head-cam transcript,4633.8388386585475,8.441140926368249,adult tokens (study-specific log-rate)
babyview,babyview,babyview,S00400001,30.555042197991742,head-cam transcript,1929.3206793206784,7.564923240312972,adult tokens (study-specific log-rate)
babyview,babyview,babyview,S00400001,30.555042197991742,head-cam transcript,3247.486572097506,8.085636613693252,adult tokens (study-specific log-rate)
babyview,babyview,babyview,S00400001,30.555042197991742,head-cam transcript,3762.0150835510435,8.232710019302976,adult tokens (study-specific log-rate)
babyview,babyview,babyview,S00400001,30.555042197991742,head-cam transcript,2785.5948266250416,7.932216711827048,adult tokens (study-specific log-rate)
babyview,babyview,babyview,S00400001,30.555042197991742,head-cam transcript,5596.903096903094,8.629968705341998,adult tokens (study-specific log-rate)
babyview,babyview,babyview,S00400001,30.555042197991742,head-cam transcript,2861.568387305934,7.9591251406745105,adult tokens (study-specific log-rate)
babyview,babyview,babyview,S00400001,30.555042197991742,head-cam transcript,3658.931462493254,8.204926433631218,adult tokens (study-specific log-rate)
babyview,babyview,babyview,S00400001,30.620751966159467,head-cam transcript,1850.64935064935,7.523291856837158,adult tokens (study-specific log-rate)
babyview,babyview,babyview,S00400001,30.620751966159467,head-cam transcript,2883.1814415907206,7.966649630653126,adult tokens (study-specific log-rate)
babyview,babyview,babyview,S00400001,30.686461734327192,head-cam transcript,1436.4597763946067,7.269936876909733,adult tokens (study-specific log-rate)
babyview,babyview,babyview,S00400001,30.686461734327192,head-cam transcript,2352.1016835767646,7.763064540897257,adult tokens (study-specific log-rate)
babyview,babyview,babyview,S00400001,30.686461734327192,head-cam transcript,3065.6774240707605,8.02802384322183,adult tokens (study-specific log-rate)
babyview,babyview,babyview,S00400001,30.785026386578775,head-cam transcript,4444.444444444446,8.399410155759854,adult tokens (study-specific log-rate)
babyview,babyview,babyview,S00400001,30.785026386578775,head-cam transcript,5108.940255212874,8.5387472752348,adult tokens (study-specific log-rate)
babyview,babyview,babyview,S00400001,30.785026386578775,head-cam transcript,5296.252455220677,8.574754765517849,adult tokens (study-specific log-rate)
babyview,babyview,babyview,S00400001,30.785026386578775,head-cam transcript,4610.65573770492,8.436125368327456,adult tokens (study-specific log-rate)
babyview,babyview,babyview,S00400001,30.785026386578775,head-cam transcript,5137.037085214044,8.544231749676959,adult tokens (study-specific log-rate)
babyview,babyview,babyview,S00400001,30.785026386578775,head-cam transcript,3047.0601512244652,8.0219325199213,adult tokens (study-specific log-rate)
babyview,babyview,babyview,S00400001,30.785026386578775,head-cam transcript,7286.444580303597,8.893770994140064,adult tokens (study-specific log-rate)
babyview,babyview,babyview,S00400001,30.850736154746503,head-cam transcript,2260.7254781888255,7.7234410488024245,adult tokens (study-specific log-rate)
babyview,babyview,babyview,S00400001,30.850736154746503,head-cam transcript,2097.902097902098,7.648693123378431,adult tokens (study-specific log-rate)
babyview,babyview,babyview,S00400001,31.08072034333354,head-cam transcript,2151.4104136470055,7.673878912391046,adult tokens (study-specific log-rate)
babyview,babyview,babyview,S00400001,31.08072034333354,head-cam transcript,4331.594625180484,8.373691026914154,adult tokens (study-specific log-rate)
babyview,babyview,babyview,S00400001,31.08072034333354,head-cam transcript,3375.954167933556,8.12443327977463,adult tokens (study-specific log-rate)
babyview,babyview,babyview,S00400001,31.146430111501264,head-cam transcript,4094.1019065670625,8.31730265759856,adult tokens (study-specific log-rate)
babyview,babyview,babyview,S00400001,31.146430111501264,head-cam transcript,2966.8713375201355,7.995263254847735,adult tokens (study-specific log-rate)
babyview,babyview,babyview,S00400001,31.212139879668985,head-cam transcript,2259.7836994090753,7.723024379459934,adult tokens (study-specific log-rate)
babyview,babyview,babyview,S00400001,31.212139879668985,head-cam transcript,2590.0383141762445,7.859427947702407,adult tokens (study-specific log-rate)
babyview,babyview,babyview,S00400001,31.212139879668985,head-cam transcript,3619.549818983159,8.194104937689628,adult tokens (study-specific log-rate)
babyview,babyview,babyview,S00400001,31.24499476375285,head-cam transcript,3279.067845632592,8.095314467582893,adult tokens (study-specific log-rate)
babyview,babyview,babyview,S00400001,31.24499476375285,head-cam transcript,3811.6856867439933,8.245826807739766,adult tokens (study-specific log-rate)
babyview,babyview,babyview,S00400001,31.27784964783671,head-cam transcript,3833.6729826995643,8.251578625940608,adult tokens (study-specific log-rate)
babyview,babyview,babyview,S00400001,31.27784964783671,head-cam transcript,4223.9084247495975,8.348516145404307,adult tokens (study-specific log-rate)
babyview,babyview,babyview,S00400001,31.343559416004435,head-cam transcript,2890.864154706673,7.969310751879699,adult tokens (study-specific log-rate)
babyview,babyview,babyview,S00400001,31.343559416004435,head-cam transcript,2908.2672706681774,7.975312743188029,adult tokens (study-specific log-rate)
babyview,babyview,babyview,S00400001,31.376414300088296,head-cam transcript,3764.968223882263,8.23349470032647,adult tokens (study-specific log-rate)
babyview,babyview,babyview,S00400001,31.376414300088296,head-cam transcript,2688.6639530276293,7.8967996774766815,adult tokens (study-specific log-rate)
babyview,babyview,babyview,S00400001,31.376414300088296,head-cam transcript,3877.6773554537567,8.26299163364458,adult tokens (study-specific log-rate)
babyview,babyview,babyview,S00400001,31.40926918417216,head-cam transcript,4785.826710199412,8.473414060165378,adult tokens (study-specific log-rate)
babyview,babyview,babyview,S00400001,31.40926918417216,head-cam transcript,2697.3132231566224,7.900011454014604,adult tokens (study-specific log-rate)
babyview,babyview,babyview,S00400001,31.44212406825602,head-cam transcript,3080.1350217556737,8.032728713239115,adult tokens (study-specific log-rate)
babyview,babyview,babyview,S00400001,31.44212406825602,head-cam transcript,2188.0548672221034,7.690768239654385,adult tokens (study-specific log-rate)
babyview,babyview,babyview,S00400001,31.540688720507607,head-cam transcript,3933.5488906232554,8.277297322984861,adult tokens (study-specific log-rate)
babyview,babyview,babyview,S00400001,31.540688720507607,head-cam transcript,4116.03877427831,8.322646517288167,adult tokens (study-specific log-rate)
babyview,babyview,babyview,S00400001,31.704963140926917,head-cam transcript,2602.211735888477,7.864117030046323,adult tokens (study-specific log-rate)
babyview,babyview,babyview,S00400001,31.704963140926917,head-cam transcript,1560.0650027084462,7.352482767778329,adult tokens (study-specific log-rate)
babyview,babyview,babyview,S00400001,31.737818025010775,head-cam transcript,6825.03192848021,8.828352298207816,adult tokens (study-specific log-rate)
babyview,babyview,babyview,S00400001,31.737818025010775,head-cam transcript,5015.8083703981565,8.520349877914349,adult tokens (study-specific log-rate)
babyview,babyview,babyview,S00400001,31.869237561346228,head-cam transcript,2813.2134007141317,7.94208266793529,adult tokens (study-specific log-rate)
babyview,babyview,babyview,S00400001,31.869237561346228,head-cam transcript,2717.7493461511285,7.907559370499453,adult tokens (study-specific log-rate)
babyview,babyview,babyview,S00400001,31.934947329513953,head-cam transcript,2182.1871300909247,7.688082923527374,adult tokens (study-specific log-rate)
babyview,babyview,babyview,S00400001,31.934947329513953,head-cam transcript,599.3990400249751,6.3959275533213455,adult tokens (study-specific log-rate)
babyview,babyview,babyview,S00400001,31.934947329513953,head-cam transcript,818.6469584991474,6.707652926814625,adult tokens (study-specific log-rate)
babyview,babyview,babyview,S00400001,32.033511981765535,head-cam transcript,2012.7713920817375,7.607267853409159,adult tokens (study-specific log-rate)
babyview,babyview,babyview,S00400001,32.033511981765535,head-cam transcript,3410.539966139545,8.134625905583375,adult tokens (study-specific log-rate)
babyview,babyview,babyview,S00400001,32.197786402184846,head-cam transcript,2730.0753151137537,7.912084475752221,adult tokens (study-specific log-rate)
babyview,babyview,babyview,S00400001,32.197786402184846,head-cam transcript,2528.714700105363,7.835466428960048,adult tokens (study-specific log-rate)
babyview,babyview,babyview,S00400001,32.263496170352575,head-cam transcript,1136.0558585645238,7.035317769343817,adult tokens (study-specific log-rate)
babyview,babyview,babyview,S00400001,32.263496170352575,head-cam transcript,674.3226669639873,6.513708730723503,adult tokens (study-specific log-rate)
babyview,babyview,babyview,S00400001,32.36206082260416,head-cam transcript,3686.087212535575,8.212320798431572,adult tokens (study-specific log-rate)
babyview,babyview,babyview,S00400001,32.36206082260416,head-cam transcript,2256.421372060258,7.721535373572541,adult tokens (study-specific log-rate)
babyview,babyview,babyview,S00400001,32.36206082260416,head-cam transcript,1906.8431568431567,7.553204356199759,adult tokens (study-specific log-rate)
babyview,babyview,babyview,S00400001,32.460625474855746,head-cam transcript,3596.4035964035943,8.187689624111117,adult tokens (study-specific log-rate)
babyview,babyview,babyview,S00400001,32.460625474855746,head-cam transcript,691.1185207638677,6.538311329702042,adult tokens (study-specific log-rate)
babyview,babyview,babyview,S00400001,32.62489989527506,head-cam transcript,1768.231768231768,7.477735325234791,adult tokens (study-specific log-rate)
babyview,babyview,babyview,S00400001,32.62489989527506,head-cam transcript,3413.7648451422424,8.135571021410387,adult tokens (study-specific log-rate)
babyview,babyview,babyview,S00400001,32.62489989527506,head-cam transcript,1007.742257742258,6.915467719251075,adult tokens (study-specific log-rate)
babyview,babyview,babyview,S00400001,32.62489989527506,head-cam transcript,938.0065559597994,6.843756938277961,adult tokens (study-specific log-rate)
babyview,babyview,babyview,S00400001,32.62489989527506,head-cam transcript,1371.2393044438309,7.223470211700374,adult tokens (study-specific log-rate)
babyview,babyview,babyview,S00400001,32.65775477935892,head-cam transcript,6590.038314176241,8.793314441466942,adult tokens (study-specific log-rate)
babyview,babyview,babyview,S00400001,32.65775477935892,head-cam transcript,4071.519795657725,8.31177162290144,adult tokens (study-specific log-rate)
babyview,babyview,babyview,S00400001,32.75631943161051,head-cam transcript,574.9072439753613,6.354208712959256,adult tokens (study-specific log-rate)
babyview,babyview,babyview,S00400001,32.75631943161051,head-cam transcript,1399.9669038557008,7.2442038752208475,adult tokens (study-specific log-rate)
babyview,babyview,babyview,S00400001,32.88773896794595,head-cam transcript,1363.9846743295025,7.218165602511474,adult tokens (study-specific log-rate)
babyview,babyview,babyview,S00400001,32.88773896794595,head-cam transcript,1272.0306513409962,7.148369840575932,adult tokens (study-specific log-rate)
babyview,babyview,babyview,S00400001,32.88773896794595,head-cam transcript,2136.6192804454113,7.666980083362025,adult tokens (study-specific log-rate)
babyview,babyview,babyview,S00400001,32.92059385202982,head-cam transcript,1443.4840295799104,7.274814935363166,adult tokens (study-specific log-rate)
babyview,babyview,babyview,S00400001,32.92059385202982,head-cam transcript,4295.676429567642,8.365364314350137,adult tokens (study-specific log-rate)
babyview,babyview,babyview,S00400001,33.2819975769523,head-cam transcript,1835.659560076486,7.515159129192191,adult tokens (study-specific log-rate)
babyview,babyview,babyview,S00400001,33.2819975769523,head-cam transcript,3208.173690932309,8.073457110579422,adult tokens (study-specific log-rate)
babyview,babyview,babyview,S00400001,33.2819975769523,head-cam transcript,3681.973670571159,8.211204210917689,adult tokens (study-specific log-rate)
babyview,babyview,babyview,S00400001,33.2819975769523,head-cam transcript,2758.1291759465475,7.922307894075345,adult tokens (study-specific log-rate)
babyview,babyview,babyview,S00400001,33.31485246103616,head-cam transcript,3897.8288633461016,8.26817497539568,adult tokens (study-specific log-rate)
babyview,babyview,babyview,S00400001,33.31485246103616,head-cam transcript,4968.45610520702,8.510864428015712,adult tokens (study-specific log-rate)
babyview,babyview,babyview,S00400001,33.31485246103616,head-cam transcript,3268.1658944513497,8.091984217987488,adult tokens (study-specific log-rate)
babyview,babyview,babyview,S00400001,33.34770734512002,head-cam transcript,3756.348834696155,8.231202710002893,adult tokens (study-specific log-rate)
babyview,babyview,babyview,S00400001,33.34770734512002,head-cam transcript,2299.257255095803,7.740341417196249,adult tokens (study-specific log-rate)
babyview,babyview,babyview,S00400001,33.38056222920388,head-cam transcript,2195.886315334461,7.694341032315983,adult tokens (study-specific log-rate)
babyview,babyview,babyview,S00400001,33.38056222920388,head-cam transcript,3489.1443167305247,8.157411803682015,adult tokens (study-specific log-rate)
babyview,babyview,babyview,S00400001,33.54483664962319,head-cam transcript,1677.0556239329817,7.424794929986903,adult tokens (study-specific log-rate)
babyview,babyview,babyview,S00400001,33.7091110700425,head-cam transcript,1031.3197256425092,6.9385945481075035,adult tokens (study-specific log-rate)
babyview,babyview,babyview,S00400001,33.7091110700425,head-cam transcript,1368.7144609209497,7.221627228603761,adult tokens (study-specific log-rate)
babyview,babyview,babyview,S00400001,33.7091110700425,head-cam transcript,1433.5490293678442,7.267908487297194,adult tokens (study-specific log-rate)
babyview,babyview,babyview,S00400001,33.741965954126364,head-cam transcript,1146.3536463536466,7.044341441601617,adult tokens (study-specific log-rate)
babyview,babyview,babyview,S00400001,33.741965954126364,head-cam transcript,1501.4451599817448,7.314183363267705,adult tokens (study-specific log-rate)
babyview,babyview,babyview,S00400001,33.77482083821023,head-cam transcript,4201.579398052708,8.343215780738856,adult tokens (study-specific log-rate)
babyview,babyview,babyview,S00400001,33.9719501427134,head-cam transcript,3448.275862068964,8.145629634983754,adult tokens (study-specific log-rate)
babyview,babyview,babyview,S00400001,33.9719501427134,head-cam transcript,2825.7330806109944,7.946523107478287,adult tokens (study-specific log-rate)
babyview,babyview,babyview,S00400001,33.9719501427134,head-cam transcript,4122.198684357231,8.324141961248802,adult tokens (study-specific log-rate)
babyview,babyview,babyview,S00400001,34.234789215384296,head-cam transcript,1527.458492975734,7.331360517501911,adult tokens (study-specific log-rate)
babyview,babyview,babyview,S00400001,34.234789215384296,head-cam transcript,2991.545631909819,8.003545466569612,adult tokens (study-specific log-rate)
babyview,babyview,babyview,S00400001,34.234789215384296,head-cam transcript,3014.04853128991,8.01103948101099,adult tokens (study-specific log-rate)
babyview,babyview,babyview,S00400001,34.234789215384296,head-cam transcript,3923.3716475095766,8.274706677258896,adult tokens (study-specific log-rate)
babyview,babyview,babyview,S00400001,34.234789215384296,head-cam transcript,3861.9033323326335,8.258915432207205,adult tokens (study-specific log-rate)
babyview,babyview,babyview,S00400001,34.234789215384296,head-cam transcript,1200.5108556832697,7.090502458255384,adult tokens (study-specific log-rate)
babyview,babyview,babyview,S00400001,34.267644099468164,head-cam transcript,799.6830085371564,6.684215409815827,adult tokens (study-specific log-rate)
babyview,babyview,babyview,S00400001,34.267644099468164,head-cam transcript,2279.8528264020515,7.731866170041395,adult tokens (study-specific log-rate)
babyview,babyview,babyview,S00400001,34.267644099468164,head-cam transcript,818.8203813134131,6.707864745164461,adult tokens (study-specific log-rate)
babyview,babyview,babyview,S00400001,34.53048317213906,head-cam transcript,6074.074074074068,8.711784840802006,adult tokens (study-specific log-rate)
babyview,babyview,babyview,S00400001,34.53048317213906,head-cam transcript,5604.08684546616,8.631251404386456,adult tokens (study-specific log-rate)
babyview,babyview,babyview,S00400001,34.53048317213906,head-cam transcript,4158.865862236889,8.332997686815215,adult tokens (study-specific log-rate)
babyview,babyview,babyview,S00400001,34.56333805622292,head-cam transcript,4439.321350095462,8.398256794666061,adult tokens (study-specific log-rate)
babyview,babyview,babyview,S00400001,34.56333805622292,head-cam transcript,1470.400770061267,7.293290275309982,adult tokens (study-specific log-rate)
babyview,babyview,babyview,S00400001,34.56333805622292,head-cam transcript,1435.106804509924,7.26899455365399,adult tokens (study-specific log-rate)
babyview,babyview,babyview,S00400001,34.69475759255837,head-cam transcript,1844.1890166028095,7.519794902444105,adult tokens (study-specific log-rate)
babyview,babyview,babyview,S00400001,34.69475759255837,head-cam transcript,1578.5440613026815,7.36425822100897,adult tokens (study-specific log-rate)
babyview,babyview,babyview,S00400001,34.69475759255837,head-cam transcript,1494.2214489871994,7.309360580268814,adult tokens (study-specific log-rate)
babyview,babyview,babyview,S00400001,34.69475759255837,head-cam transcript,4598.514510191602,8.433488597756194,adult tokens (study-specific log-rate)
babyview,babyview,babyview,S00400001,34.69475759255837,head-cam transcript,1997.4457215836533,7.599624504096591,adult tokens (study-specific log-rate)
babyview,babyview,babyview,S00400001,34.99045154931313,head-cam transcript,1857.3470695519295,7.526904441871107,adult tokens (study-specific log-rate)
babyview,babyview,babyview,S00400001,34.99045154931313,head-cam transcript,1487.4803735228497,7.304838943062387,adult tokens (study-specific log-rate)
babyview,babyview,babyview,S00400001,34.99045154931313,head-cam transcript,850.0795142402776,6.745329891274225,adult tokens (study-specific log-rate)
babyview,babyview,babyview,S00400001,35.08901620156471,head-cam transcript,600.8429091171068,6.398333517868194,adult tokens (study-specific log-rate)
babyview,babyview,babyview,S00400001,35.08901620156471,head-cam transcript,2149.407495089558,7.672947499462273,adult tokens (study-specific log-rate)
babyview,babyview,babyview,S00400001,35.08901620156471,head-cam transcript,3104.699715129364,8.040672279587591,adult tokens (study-specific log-rate)
babyview,babyview,babyview,S00400001,35.35185527423561,head-cam transcript,4300.997802672812,8.366602321896094,adult tokens (study-specific log-rate)
babyview,babyview,babyview,S00400001,35.35185527423561,head-cam transcript,3123.593306585771,8.046739318933673,adult tokens (study-specific log-rate)
babyview,babyview,babyview,S00400001,35.71325899915809,head-cam transcript,2825.7330806109944,7.946523107478287,adult tokens (study-specific log-rate)
babyview,babyview,babyview,S00400001,35.71325899915809,head-cam transcript,2074.998304739947,7.637715615671668,adult tokens (study-specific log-rate)
babyview,babyview,babyview,S00400001,35.84467853549354,head-cam transcript,3849.5765752834773,8.255718440787687,adult tokens (study-specific log-rate)
babyview,babyview,babyview,S00400001,35.84467853549354,head-cam transcript,3342.2501966955147,8.114399570714458,adult tokens (study-specific log-rate)
babyview,babyview,babyview,S00400001,35.943243187745125,head-cam transcript,2502.7916861784515,7.825162062310497,adult tokens (study-specific log-rate)
babyview,babyview,babyview,S00400001,35.943243187745125,head-cam transcript,2680.018731313713,7.893579062776639,adult tokens (study-specific log-rate)
babyview,babyview,babyview,S00400001,35.943243187745125,head-cam transcript,1740.5524547619898,7.461957844552023,adult tokens (study-specific log-rate)
babyview,babyview,babyview,S00400001,35.97609807182899,head-cam transcript,3813.861386138616,8.246397442064849,adult tokens (study-specific log-rate)
babyview,babyview,babyview,S00400001,35.97609807182899,head-cam transcript,3053.196803196804,8.023944452890099,adult tokens (study-specific log-rate)
babyview,babyview,babyview,S00400001,35.97609807182899,head-cam transcript,2388.0266994651815,7.778222655130551,adult tokens (study-specific log-rate)
babyview,babyview,babyview,S00400001,36.041807839996714,head-cam transcript,2046.3857850852667,7.623830484497319,adult tokens (study-specific log-rate)
babyview,babyview,babyview,S00400001,36.041807839996714,head-cam transcript,1893.3035553474292,7.546078495113948,adult tokens (study-specific log-rate)
babyview,babyview,babyview,S00400001,36.041807839996714,head-cam transcript,2230.713621811422,7.710076823042862,adult tokens (study-specific log-rate)
babyview,babyview,babyview,S00400001,36.041807839996714,head-cam transcript,1081.7279550450721,6.986314999923522,adult tokens (study-specific log-rate)
babyview,babyview,babyview,S00400001,36.041807839996714,head-cam transcript,1099.788159215074,7.002872857708314,adult tokens (study-specific log-rate)
babyview,babyview,babyview,S00400001,36.041807839996714,head-cam transcript,2603.573532299234,7.864640215837386,adult tokens (study-specific log-rate)
babyview,babyview,babyview,S00400001,36.074662724080575,head-cam transcript,439.3358876117496,6.085264240364732,adult tokens (study-specific log-rate)
babyview,babyview,babyview,S00400001,36.074662724080575,head-cam transcript,1450.8301404853123,7.27989118227243,adult tokens (study-specific log-rate)
babyview,babyview,babyview,S00400002,12.780549908622351,head-cam transcript,410.64803141097235,6.017736476338043,adult tokens (study-specific log-rate)
babyview,babyview,babyview,S00400002,12.780549908622351,head-cam transcript,992.7546600413651,6.900483564073741,adult tokens (study-specific log-rate)
babyview,babyview,babyview,S00400002,12.780549908622351,head-cam transcript,259.3566514174562,5.558204146959603,adult tokens (study-specific log-rate)
babyview,babyview,babyview,S00400002,12.813404792706216,head-cam transcript,28.0968300011707,3.335656758629783,adult tokens (study-specific log-rate)
babyview,babyview,babyview,S00400002,12.813404792706216,head-cam transcript,540.9089500913906,6.293250965406027,adult tokens (study-specific log-rate)
babyview,babyview,babyview,S00400002,12.813404792706216,head-cam transcript,117.07012500487791,4.762773114269929,adult tokens (study-specific log-rate)
babyview,babyview,babyview,S00400002,13.109098749460976,head-cam transcript,107.27969348659002,4.675439381834647,adult tokens (study-specific log-rate)
babyview,babyview,babyview,S00400002,13.109098749460976,head-cam transcript,252.87100011149528,5.532879477711777,adult tokens (study-specific log-rate)
babyview,babyview,babyview,S00400002,13.109098749460976,head-cam transcript,1300.3852993479554,7.170415883650345,adult tokens (study-specific log-rate)
babyview,babyview,babyview,S00400002,13.109098749460976,head-cam transcript,538.5225750224383,6.288829417764978,adult tokens (study-specific log-rate)
babyview,babyview,babyview,S00400002,13.109098749460976,head-cam transcript,262.23708001092655,5.569248980136877,adult tokens (study-specific log-rate)
babyview,babyview,babyview,S00400002,13.109098749460976,head-cam transcript,393.35887611749666,5.974722365964908,adult tokens (study-specific log-rate)
babyview,babyview,babyview,S00400002,13.109098749460976,head-cam transcript,183.9080459770115,5.214435882567335,adult tokens (study-specific log-rate)
babyview,babyview,babyview,S00400002,13.240518285796425,head-cam transcript,896.0604239979403,6.798007848198826,adult tokens (study-specific log-rate)
babyview,babyview,babyview,S00400002,13.240518285796425,head-cam transcript,2007.6628352490425,7.604726555980486,adult tokens (study-specific log-rate)
babyview,babyview,babyview,S00400002,13.50335735846732,head-cam transcript,573.9770319991082,6.3525893815801515,adult tokens (study-specific log-rate)
babyview,babyview,babyview,S00400002,13.50335735846732,head-cam transcript,221.26397533706663,5.399356447258464,adult tokens (study-specific log-rate)
babyview,babyview,babyview,S00400002,13.50335735846732,head-cam transcript,285.21911364199053,5.6532577046745605,adult tokens (study-specific log-rate)
babyview,babyview,babyview,S00400002,13.50335735846732,head-cam transcript,998.7138742147724,6.906468325427322,adult tokens (study-specific log-rate)
babyview,babyview,babyview,S00400002,13.569067126635044,head-cam transcript,975.1260226427565,6.88256671663784,adult tokens (study-specific log-rate)
babyview,babyview,babyview,S00400002,13.569067126635044,head-cam transcript,724.2769804448683,6.5851738888998295,adult tokens (study-specific log-rate)
babyview,babyview,babyview,S00400002,13.569067126635044,head-cam transcript,490.8431718880728,6.1961246712504385,adult tokens (study-specific log-rate)
babyview,babyview,babyview,S00400002,13.601922010718903,head-cam transcript,1211.6836744648883,7.099766137898291,adult tokens (study-specific log-rate)
babyview,babyview,babyview,S00400002,13.601922010718903,head-cam transcript,415.83416583416584,6.03028654096157,adult tokens (study-specific log-rate)
babyview,babyview,babyview,S00400002,13.601922010718903,head-cam transcript,1493.4167017375096,7.308821862239017,adult tokens (study-specific log-rate)
babyview,babyview,babyview,S00400002,13.634776894802767,head-cam transcript,653.8952745849297,6.482947208030842,adult tokens (study-specific log-rate)
babyview,babyview,babyview,S00400002,13.634776894802767,head-cam transcript,267.0685058537151,5.58750520172134,adult tokens (study-specific log-rate)
babyview,babyview,babyview,S00400002,13.634776894802767,head-cam transcript,580.6678200241944,6.364178855006765,adult tokens (study-specific log-rate)
babyview,babyview,babyview,S00400002,13.864761083389803,head-cam transcript,652.4736591076615,6.4807707691983305,adult tokens (study-specific log-rate)
babyview,babyview,babyview,S00400002,13.864761083389803,head-cam transcript,793.322865878853,6.676230283640012,adult tokens (study-specific log-rate)
babyview,babyview,babyview,S00400002,13.864761083389803,head-cam transcript,1540.888253561394,7.340114317156275,adult tokens (study-specific log-rate)
babyview,babyview,babyview,S00400002,13.897615967473664,head-cam transcript,352.1478521478522,5.86405112191924,adult tokens (study-specific log-rate)
babyview,babyview,babyview,S00400002,13.897615967473664,head-cam transcript,302.0428869680591,5.710569017120439,adult tokens (study-specific log-rate)
babyview,babyview,babyview,S00400002,14.094745271976835,head-cam transcript,201.11401390052748,5.303871980579015,adult tokens (study-specific log-rate)
babyview,babyview,babyview,S00400002,14.094745271976835,head-cam transcript,273.9458742268444,5.612930547556523,adult tokens (study-specific log-rate)
babyview,babyview,babyview,S00400002,14.16045504014456,head-cam transcript,117.68185426752386,4.7679848330310755,adult tokens (study-specific log-rate)
babyview,babyview,babyview,S00400002,14.16045504014456,head-cam transcript,566.262022261446,6.339056907938653,adult tokens (study-specific log-rate)
babyview,babyview,babyview,S00400002,14.16045504014456,head-cam transcript,468.28171828171816,6.149070076951537,adult tokens (study-specific log-rate)
babyview,babyview,babyview,S00400002,14.16045504014456,head-cam transcript,1108.5489672983726,7.0108072024590316,adult tokens (study-specific log-rate)
babyview,babyview,babyview,S00400002,14.16045504014456,head-cam transcript,402.00280969705693,5.996459077890758,adult tokens (study-specific log-rate)
babyview,babyview,babyview,S00400002,14.16045504014456,head-cam transcript,442.0579420579419,6.0914409641149,adult tokens (study-specific log-rate)
babyview,babyview,babyview,S00400002,14.390439228731596,head-cam transcript,2896.5517241379307,7.9712762478389765,adult tokens (study-specific log-rate)
babyview,babyview,babyview,S00400002,14.390439228731596,head-cam transcript,899.1060025542782,6.801400939149376,adult tokens (study-specific log-rate)
babyview,babyview,babyview,S00400002,14.390439228731596,head-cam transcript,1578.5440613026815,7.36425822100897,adult tokens (study-specific log-rate)
babyview,babyview,babyview,S00400002,14.390439228731596,head-cam transcript,769.4247325384534,6.645643135029587,adult tokens (study-specific log-rate)
babyview,babyview,babyview,S00400002,14.390439228731596,head-cam transcript,2569.604086845467,7.851507114210964,adult tokens (study-specific log-rate)
babyview,babyview,babyview,S00400002,14.42329411281546,head-cam transcript,297.34513274336285,5.694893527238955,adult tokens (study-specific log-rate)
babyview,babyview,babyview,S00400002,14.42329411281546,head-cam transcript,307.94205794205783,5.72991164171137,adult tokens (study-specific log-rate)
babyview,babyview,babyview,S00400002,14.42329411281546,head-cam transcript,74.07354850611249,4.305058498345101,adult tokens (study-specific log-rate)
babyview,babyview,babyview,S00400002,14.62042341731863,head-cam transcript,782.9670329670331,6.663090591614047,adult tokens (study-specific log-rate)
babyview,babyview,babyview,S00400002,14.62042341731863,head-cam transcript,558.4473783998069,6.32516039455341,adult tokens (study-specific log-rate)
babyview,babyview,babyview,S00400002,14.62042341731863,head-cam transcript,216.74657152413866,5.378728797884518,adult tokens (study-specific log-rate)
babyview,babyview,babyview,S00400002,14.62042341731863,head-cam transcript,235.31248170767398,5.460914340257897,adult tokens (study-specific log-rate)
babyview,babyview,babyview,S00400002,14.62042341731863,head-cam transcript,1597.1254674781837,7.375960709611254,adult tokens (study-specific log-rate)
babyview,babyview,babyview,S00400002,14.653278301402493,head-cam transcript,1097.4862882262482,7.000777651227771,adult tokens (study-specific log-rate)
babyview,babyview,babyview,S00400002,14.653278301402493,head-cam transcript,929.3613342458846,6.834497612865165,adult tokens (study-specific log-rate)
babyview,babyview,babyview,S00400002,14.850407605905666,head-cam transcript,653.2555462332441,6.481968394580132,adult tokens (study-specific log-rate)
babyview,babyview,babyview,S00400002,14.850407605905666,head-cam transcript,1509.7402597402595,7.319692901595919,adult tokens (study-specific log-rate)
babyview,babyview,babyview,S00400002,14.850407605905666,head-cam transcript,1659.8825690717185,7.414502137325228,adult tokens (study-specific log-rate)
babyview,babyview,babyview,S00400002,15.014682026324977,head-cam transcript,2044.594935340946,7.622954973229435,adult tokens (study-specific log-rate)
babyview,babyview,babyview,S00400002,15.014682026324977,head-cam transcript,794.7374289218416,6.678011782014779,adult tokens (study-specific log-rate)
babyview,babyview,babyview,S00400002,15.014682026324977,head-cam transcript,912.0708908180537,6.815717718213568,adult tokens (study-specific log-rate)
babyview,babyview,babyview,S00400002,15.014682026324977,head-cam transcript,408.34165834165833,6.01210422187838,adult tokens (study-specific log-rate)
babyview,babyview,babyview,S00400002,15.113246678576562,head-cam transcript,740.339863621604,6.607109355927988,adult tokens (study-specific log-rate)
babyview,babyview,babyview,S00400002,15.113246678576562,head-cam transcript,1261.813537675606,7.140305280739201,adult tokens (study-specific log-rate)
babyview,babyview,babyview,S00400002,15.113246678576562,head-cam transcript,2027.6545650844862,7.614635017404218,adult tokens (study-specific log-rate)
babyview,babyview,babyview,S00400002,15.113246678576562,head-cam transcript,1086.4107600452676,6.9906346610680385,adult tokens (study-specific log-rate)
babyview,babyview,babyview,S00400002,15.113246678576562,head-cam transcript,445.53461924406304,6.0992749526325785,adult tokens (study-specific log-rate)
babyview,babyview,babyview,S00400002,15.343230867163596,head-cam transcript,1079.6277145811794,6.984371551971427,adult tokens (study-specific log-rate)
babyview,babyview,babyview,S00400002,15.343230867163596,head-cam transcript,346.52757001443865,5.847962382605898,adult tokens (study-specific log-rate)
babyview,babyview,babyview,S00400002,15.343230867163596,head-cam transcript,374.62440001560935,5.92592392407561,adult tokens (study-specific log-rate)
babyview,babyview,babyview,S00400002,15.343230867163596,head-cam transcript,434.22733077905474,6.073568200601541,adult tokens (study-specific log-rate)
babyview,babyview,babyview,S00400002,15.343230867163596,head-cam transcript,788.7371724196418,6.670433150546811,adult tokens (study-specific log-rate)
babyview,babyview,babyview,S00400002,15.37608575124746,head-cam transcript,938.4365634365633,6.844215260174155,adult tokens (study-specific log-rate)
babyview,babyview,babyview,S00400002,15.37608575124746,head-cam transcript,157.6469729591651,5.0603581847865255,adult tokens (study-specific log-rate)
babyview,babyview,babyview,S00400002,15.37608575124746,head-cam transcript,363.6063135278075,5.896071726090437,adult tokens (study-specific log-rate)
babyview,babyview,babyview,S00400002,15.37608575124746,head-cam transcript,638.6814318825652,6.459405788409498,adult tokens (study-specific log-rate)
babyview,babyview,babyview,S00400002,15.573215055750632,head-cam transcript,783.5927676364736,6.663889456365303,adult tokens (study-specific log-rate)
babyview,babyview,babyview,S00400002,15.573215055750632,head-cam transcript,346.0344062700252,5.846538210200665,adult tokens (study-specific log-rate)
babyview,babyview,babyview,S00400002,15.638924823918355,head-cam transcript,1018.5167118690368,6.926102643847451,adult tokens (study-specific log-rate)
babyview,babyview,babyview,S00400002,15.638924823918355,head-cam transcript,829.6834972316336,6.7210442994298045,adult tokens (study-specific log-rate)
babyview,babyview,babyview,S00400002,15.638924823918355,head-cam transcript,361.7490390431407,5.890950709096567,adult tokens (study-specific log-rate)
babyview,babyview,babyview,S00400002,15.638924823918355,head-cam transcript,139.48082138705934,4.937927110713679,adult tokens (study-specific log-rate)
babyview,babyview,babyview,S00400002,15.70463459208608,head-cam transcript,1383.1880798425645,7.232146316520036,adult tokens (study-specific log-rate)
babyview,babyview,babyview,S00400002,15.803199244337666,head-cam transcript,193.16696259585188,5.263554906099403,adult tokens (study-specific log-rate)
babyview,babyview,babyview,S00400002,15.803199244337666,head-cam transcript,240.10046757153708,5.481057450628631,adult tokens (study-specific log-rate)
babyview,babyview,babyview,S00400002,15.803199244337666,head-cam transcript,954.9071618037133,6.861614122984282,adult tokens (study-specific log-rate)
babyview,babyview,babyview,S00400002,15.803199244337666,head-cam transcript,340.285305467632,5.829784399462663,adult tokens (study-specific log-rate)
babyview,babyview,babyview,S00400002,15.967473664756977,head-cam transcript,755.4958158088715,6.627374243390206,adult tokens (study-specific log-rate)
babyview,babyview,babyview,S00400002,15.967473664756977,head-cam transcript,549.4515024064516,6.308920512271671,adult tokens (study-specific log-rate)
babyview,babyview,babyview,S00400002,15.967473664756977,head-cam transcript,109.26592377401033,4.6937845787229335,adult tokens (study-specific log-rate)
babyview,babyview,babyview,S00400002,16.066038317008562,head-cam transcript,913.8857396362207,6.817705552300654,adult tokens (study-specific log-rate)
babyview,babyview,babyview,S00400002,16.263167621511734,head-cam transcript,117.07012500487791,4.762773114269929,adult tokens (study-specific log-rate)
babyview,babyview,babyview,S00400002,16.263167621511734,head-cam transcript,128.91496570531362,4.859153006427667,adult tokens (study-specific log-rate)
babyview,babyview,babyview,S00400002,16.263167621511734,head-cam transcript,626.156762180845,6.439600758569781,adult tokens (study-specific log-rate)
babyview,babyview,babyview,S00400002,16.263167621511734,head-cam transcript,670.308841565392,6.507738563736999,adult tokens (study-specific log-rate)
babyview,babyview,babyview,S00400002,16.263167621511734,head-cam transcript,391.5475450590427,5.970106951375332,adult tokens (study-specific log-rate)
babyview,babyview,babyview,S00400002,16.52600669418263,head-cam transcript,1039.5872176212981,6.9465790072139635,adult tokens (study-specific log-rate)
babyview,babyview,babyview,S00400002,16.52600669418263,head-cam transcript,96.0085340919193,4.564437084307577,adult tokens (study-specific log-rate)
babyview,babyview,babyview,S00400002,16.52600669418263,head-cam transcript,341.4862576996507,5.833307437204524,adult tokens (study-specific log-rate)
babyview,babyview,babyview,S00400002,16.52600669418263,head-cam transcript,413.79310344827576,6.025366098783663,adult tokens (study-specific log-rate)
babyview,babyview,babyview,S00400002,16.52600669418263,head-cam transcript,1079.5090452013605,6.9842616289854,adult tokens (study-specific log-rate)
babyview,babyview,babyview,S00400002,16.52600669418263,head-cam transcript,2078.194699553922,7.639254862916748,adult tokens (study-specific log-rate)
babyview,babyview,babyview,S00400002,16.52600669418263,head-cam transcript,792.9584182456748,6.675770784252056,adult tokens (study-specific log-rate)
babyview,babyview,babyview,S00400002,16.755990882769666,head-cam transcript,2107.2583342624603,7.653143013911868,adult tokens (study-specific log-rate)
babyview,babyview,babyview,S00400002,16.755990882769666,head-cam transcript,632.1827866773333,6.449178571757142,adult tokens (study-specific log-rate)
babyview,babyview,babyview,S00400002,16.755990882769666,head-cam transcript,357.59897828863336,5.879412186160583,adult tokens (study-specific log-rate)
babyview,babyview,babyview,S00400002,16.755990882769666,head-cam transcript,276.7507412966285,5.623117250163762,adult tokens (study-specific log-rate)
babyview,babyview,babyview,S00400002,16.755990882769666,head-cam transcript,1200.5108556832697,7.090502458255384,adult tokens (study-specific log-rate)
babyview,babyview,babyview,S00400002,16.755990882769666,head-cam transcript,528.4370801612183,6.26992374460169,adult tokens (study-specific log-rate)
babyview,babyview,babyview,S00400002,16.755990882769666,head-cam transcript,585.3506250243896,6.372211026704029,adult tokens (study-specific log-rate)
babyview,babyview,babyview,S00400002,16.755990882769666,head-cam transcript,501.39275766016715,6.217389741384069,adult tokens (study-specific log-rate)
babyview,babyview,babyview,S00400002,16.9859750713567,head-cam transcript,730.518138996777,6.5937540618157735,adult tokens (study-specific log-rate)
babyview,babyview,babyview,S00400002,16.9859750713567,head-cam transcript,1137.9245754245753,7.036961334303994,adult tokens (study-specific log-rate)
babyview,babyview,babyview,S00400002,16.9859750713567,head-cam transcript,559.6766312797049,6.327359172800732,adult tokens (study-specific log-rate)
babyview,babyview,babyview,S00400002,16.9859750713567,head-cam transcript,1093.620546810274,6.997249073465023,adult tokens (study-specific log-rate)
babyview,babyview,babyview,S00400002,16.9859750713567,head-cam transcript,1055.6360798305273,6.961898783498008,adult tokens (study-specific log-rate)
babyview,babyview,babyview,S00400002,16.9859750713567,head-cam transcript,1287.356321839081,7.160346031622648,adult tokens (study-specific log-rate)
babyview,babyview,babyview,S00400002,17.183104375859873,head-cam transcript,488.35951038587314,6.1910518362321145,adult tokens (study-specific log-rate)
babyview,babyview,babyview,S00400002,17.183104375859873,head-cam transcript,129.67832570872807,4.865056966399657,adult tokens (study-specific log-rate)
babyview,babyview,babyview,S00400002,17.183104375859873,head-cam transcript,599.3990400249751,6.3959275533213455,adult tokens (study-specific log-rate)
babyview,babyview,babyview,S00400002,17.41308856444691,head-cam transcript,756.0664112388249,6.6281292178753395,adult tokens (study-specific log-rate)
babyview,babyview,babyview,S00400002,17.41308856444691,head-cam transcript,126.43573500526811,4.839734155406057,adult tokens (study-specific log-rate)
babyview,babyview,babyview,S00400002,17.41308856444691,head-cam transcript,206.04342000858512,5.328086923319989,adult tokens (study-specific log-rate)
babyview,babyview,babyview,S00400002,17.708782521201666,head-cam transcript,1030.482048783459,6.937781980269478,adult tokens (study-specific log-rate)
babyview,babyview,babyview,S00400002,17.873056941620977,head-cam transcript,297.49607470456993,5.695401030628286,adult tokens (study-specific log-rate)
babyview,babyview,babyview,S00400002,17.873056941620977,head-cam transcript,564.4241733181299,6.335806049178644,adult tokens (study-specific log-rate)
babyview,babyview,babyview,S00400002,17.873056941620977,head-cam transcript,521.7973018173711,6.257279201775827,adult tokens (study-specific log-rate)
babyview,babyview,babyview,S00400002,17.873056941620977,head-cam transcript,980.8429118773948,6.888412316139006,adult tokens (study-specific log-rate)
babyview,babyview,babyview,S00400002,17.873056941620977,head-cam transcript,295.954045954046,5.690204192116258,adult tokens (study-specific log-rate)
babyview,babyview,babyview,S00400002,18.103041130208013,head-cam transcript,1976.119065134967,7.58889013212762,adult tokens (study-specific log-rate)
babyview,babyview,babyview,S00400002,18.103041130208013,head-cam transcript,311.85706551164054,5.7425449594787885,adult tokens (study-specific log-rate)
babyview,babyview,babyview,S00400002,18.103041130208013,head-cam transcript,678.336492362582,6.519643466243317,adult tokens (study-specific log-rate)
babyview,babyview,babyview,S00400002,18.103041130208013,head-cam transcript,786.7177522349933,6.667869546524853,adult tokens (study-specific log-rate)
babyview,babyview,babyview,S00400002,18.103041130208013,head-cam transcript,1274.0924960543311,7.14998943636504,adult tokens (study-specific log-rate)
babyview,babyview,babyview,S00400002,18.103041130208013,head-cam transcript,612.7128749197421,6.417896432926437,adult tokens (study-specific log-rate)
babyview,babyview,babyview,S00400002,18.103041130208013,head-cam transcript,321.10603188761297,5.771771385994126,adult tokens (study-specific log-rate)
babyview,babyview,babyview,S00400002,18.33302531879505,head-cam transcript,975.1260226427565,6.88256671663784,adult tokens (study-specific log-rate)
babyview,babyview,babyview,S00400002,18.33302531879505,head-cam transcript,1946.185035016587,7.573626343023513,adult tokens (study-specific log-rate)
babyview,babyview,babyview,S00400002,18.33302531879505,head-cam transcript,856.1275927609287,6.752419421997558,adult tokens (study-specific log-rate)
babyview,babyview,babyview,S00400002,18.33302531879505,head-cam transcript,403.27245682175044,5.999612405031278,adult tokens (study-specific log-rate)
babyview,babyview,babyview,S00400002,18.33302531879505,head-cam transcript,494.5054945054945,6.203558262235607,adult tokens (study-specific log-rate)
babyview,babyview,babyview,S00400002,18.53015462329822,head-cam transcript,217.75184874441481,5.383356105912023,adult tokens (study-specific log-rate)
babyview,babyview,babyview,S00400002,18.53015462329822,head-cam transcript,687.1910332338116,6.5326123223221275,adult tokens (study-specific log-rate)
babyview,babyview,babyview,S00400002,18.53015462329822,head-cam transcript,313.7479350130729,5.748589908792694,adult tokens (study-specific log-rate)
babyview,babyview,babyview,S00400002,18.56300950738208,head-cam transcript,412.58181215652706,6.022434518610117,adult tokens (study-specific log-rate)
babyview,babyview,babyview,S00400002,18.56300950738208,head-cam transcript,618.1353767560662,6.426707489707965,adult tokens (study-specific log-rate)
babyview,babyview,babyview,S00400002,18.56300950738208,head-cam transcript,766.2835249042146,6.64155223820748,adult tokens (study-specific log-rate)
babyview,babyview,babyview,S00400002,18.56300950738208,head-cam transcript,280.9697057022442,5.638246854633139,adult tokens (study-specific log-rate)
babyview,babyview,babyview,S00400002,18.792993695969116,head-cam transcript,509.0488389389305,6.23254396271165,adult tokens (study-specific log-rate)
babyview,babyview,babyview,S00400002,18.792993695969116,head-cam transcript,446.429345705242,6.1012811474934265,adult tokens (study-specific log-rate)
babyview,babyview,babyview,S00400002,18.792993695969116,head-cam transcript,1322.850794735943,7.187544379777674,adult tokens (study-specific log-rate)
babyview,babyview,babyview,S00400002,18.792993695969116,head-cam transcript,1007.1683296711213,6.914898038303202,adult tokens (study-specific log-rate)
babyview,babyview,babyview,S00400002,18.792993695969116,head-cam transcript,568.6725931403028,6.343304861029624,adult tokens (study-specific log-rate)
babyview,babyview,babyview,S00400002,19.022977884556152,head-cam transcript,261.4887738822522,5.566391352878891,adult tokens (study-specific log-rate)
babyview,babyview,babyview,S00400002,19.022977884556152,head-cam transcript,433.9418115596408,6.072910450364211,adult tokens (study-specific log-rate)
babyview,babyview,babyview,S00400002,19.022977884556152,head-cam transcript,674.3256743256745,6.5137131905394465,adult tokens (study-specific log-rate)
babyview,babyview,babyview,S00400002,19.022977884556152,head-cam transcript,899.0985600374628,6.80139266142951,adult tokens (study-specific log-rate)
babyview,babyview,babyview,S00400002,19.022977884556152,head-cam transcript,528.2217782217784,6.2695162300274045,adult tokens (study-specific log-rate)
babyview,babyview,babyview,S00400002,19.022977884556152,head-cam transcript,100.34563496487903,4.608620576188445,adult tokens (study-specific log-rate)
babyview,babyview,babyview,S00400002,19.252962073143184,head-cam transcript,345.1889842791839,5.844092047573752,adult tokens (study-specific log-rate)
babyview,babyview,babyview,S00400002,19.252962073143184,head-cam transcript,899.0992479960331,6.801393426594018,adult tokens (study-specific log-rate)
babyview,babyview,babyview,S00400002,19.252962073143184,head-cam transcript,411.0122213861284,6.018622949786809,adult tokens (study-specific log-rate)
babyview,babyview,babyview,S00400002,19.252962073143184,head-cam transcript,1463.554620241056,7.288623427089797,adult tokens (study-specific log-rate)
babyview,babyview,babyview,S00400002,19.252962073143184,head-cam transcript,2396.2537629613107,7.781661864712846,adult tokens (study-specific log-rate)
babyview,babyview,babyview,S00400002,19.252962073143184,head-cam transcript,429.47931764968234,6.06257358578215,adult tokens (study-specific log-rate)
babyview,babyview,babyview,S00400002,19.252962073143184,head-cam transcript,92.31798416768868,4.525238967249393,adult tokens (study-specific log-rate)
babyview,babyview,babyview,S00400002,19.48294626173022,head-cam transcript,76.2626825733081,4.334183730486685,adult tokens (study-specific log-rate)
babyview,babyview,babyview,S00400002,19.48294626173022,head-cam transcript,427.93847483880273,6.058979434872092,adult tokens (study-specific log-rate)
babyview,babyview,babyview,S00400002,19.48294626173022,head-cam transcript,540.3263571197002,6.292173322039803,adult tokens (study-specific log-rate)
babyview,babyview,babyview,S00400002,19.48294626173022,head-cam transcript,630.1705875794404,6.445990556668552,adult tokens (study-specific log-rate)
babyview,babyview,babyview,S00400002,19.712930450317256,head-cam transcript,752.9970029970032,6.624061247708312,adult tokens (study-specific log-rate)
babyview,babyview,babyview,S00400002,19.712930450317256,head-cam transcript,162.82791733351888,5.092693921259637,adult tokens (study-specific log-rate)
babyview,babyview,babyview,S00400002,19.712930450317256,head-cam transcript,93.65634365634362,4.539632164517436,adult tokens (study-specific log-rate)
babyview,babyview,babyview,S00400002,19.712930450317256,head-cam transcript,1252.31352436169,7.132747939129726,adult tokens (study-specific log-rate)
babyview,babyview,babyview,S00400002,19.712930450317256,head-cam transcript,1167.1049313785522,7.062281543735876,adult tokens (study-specific log-rate)
babyview,babyview,babyview,S00400002,19.712930450317256,head-cam transcript,758.0584201716969,6.630760454139137,adult tokens (study-specific log-rate)
babyview,babyview,babyview,S00400002,19.942914638904288,head-cam transcript,960.4086845466159,6.867358906941174,adult tokens (study-specific log-rate)
babyview,babyview,babyview,S00400002,19.942914638904288,head-cam transcript,774.668301928866,6.652434940225129,adult tokens (study-specific log-rate)
babyview,babyview,babyview,S00400002,19.942914638904288,head-cam transcript,594.046158992084,6.386957025084359,adult tokens (study-specific log-rate)
babyview,babyview,babyview,S00400002,20.172898827491323,head-cam transcript,730.5212348258351,6.593758299660576,adult tokens (study-specific log-rate)
babyview,babyview,babyview,S00400002,20.172898827491323,head-cam transcript,319.6590303676079,5.767254897611775,adult tokens (study-specific log-rate)
babyview,babyview,babyview,S00400002,20.172898827491323,head-cam transcript,579.2298548323188,6.361699384688413,adult tokens (study-specific log-rate)
babyview,babyview,babyview,S00400002,20.172898827491323,head-cam transcript,344.6553446553445,5.842544916698276,adult tokens (study-specific log-rate)
babyview,babyview,babyview,S00400002,20.40288301607836,head-cam transcript,217.28271728271727,5.381199350195655,adult tokens (study-specific log-rate)
babyview,babyview,babyview,S00400002,20.40288301607836,head-cam transcript,1198.7980800499504,7.089074733881291,adult tokens (study-specific log-rate)
babyview,babyview,babyview,S00400002,20.40288301607836,head-cam transcript,1111.8296354108593,7.013762257507582,adult tokens (study-specific log-rate)
babyview,babyview,babyview,S00400002,20.60001232058153,head-cam transcript,610.1059955104287,6.413632705204143,adult tokens (study-specific log-rate)
babyview,babyview,babyview,S00400002,20.60001232058153,head-cam transcript,835.8861290511402,6.728492394538406,adult tokens (study-specific log-rate)
babyview,babyview,babyview,S00400002,20.60001232058153,head-cam transcript,1233.5186522666572,7.117626057271101,adult tokens (study-specific log-rate)
babyview,babyview,babyview,S00400002,20.829996509168566,head-cam transcript,573.1768231768232,6.351194261041671,adult tokens (study-specific log-rate)
babyview,babyview,babyview,S00400002,20.862851393252427,head-cam transcript,626.4755275391242,6.440109711385026,adult tokens (study-specific log-rate)
babyview,babyview,babyview,S00400002,20.862851393252427,head-cam transcript,708.0419580419577,6.562503354708878,adult tokens (study-specific log-rate)
babyview,babyview,babyview,S00400002,20.862851393252427,head-cam transcript,283.7787212787212,5.648194784038714,adult tokens (study-specific log-rate)
babyview,babyview,babyview,S00400002,21.027125813671734,head-cam transcript,403.27245682175044,5.999612405031278,adult tokens (study-specific log-rate)
babyview,babyview,babyview,S00400002,21.027125813671734,head-cam transcript,246.2416915733594,5.506313539679382,adult tokens (study-specific log-rate)
babyview,babyview,babyview,S00400002,21.0599806977556,head-cam transcript,821.2960628219448,6.710883656897988,adult tokens (study-specific log-rate)
babyview,babyview,babyview,S00400002,21.0599806977556,head-cam transcript,725.4150702426567,6.586744001712486,adult tokens (study-specific log-rate)
babyview,babyview,babyview,S00400002,21.0599806977556,head-cam transcript,1699.8582150708278,7.438300123666579,adult tokens (study-specific log-rate)
babyview,babyview,babyview,S00400002,21.092835581839463,head-cam transcript,556.5217391304349,6.321706233978559,adult tokens (study-specific log-rate)
babyview,babyview,babyview,S00400002,21.092835581839463,head-cam transcript,760.4895104895105,6.633962318691023,adult tokens (study-specific log-rate)
babyview,babyview,babyview,S00400002,21.092835581839463,head-cam transcript,922.2378315841665,6.826803142119386,adult tokens (study-specific log-rate)
babyview,babyview,babyview,S00400002,21.22425511817491,head-cam transcript,179.11845622524433,5.188047353591257,adult tokens (study-specific log-rate)
babyview,babyview,babyview,S00400002,21.22425511817491,head-cam transcript,1236.2605200515113,7.119846392548045,adult tokens (study-specific log-rate)
babyview,babyview,babyview,S00400002,21.22425511817491,head-cam transcript,421.45166685249205,6.043705101477768,adult tokens (study-specific log-rate)
babyview,babyview,babyview,S00400002,21.257110002258777,head-cam transcript,72.19203080193311,4.279329663102296,adult tokens (study-specific log-rate)
babyview,babyview,babyview,S00400002,21.257110002258777,head-cam transcript,1573.42248006556,7.361008449364933,adult tokens (study-specific log-rate)
babyview,babyview,babyview,S00400002,21.257110002258777,head-cam transcript,1299.9500499500502,7.170081119596095,adult tokens (study-specific log-rate)
babyview,babyview,babyview,S00400002,21.51994907492967,head-cam transcript,32.11060318876129,3.46918629300008,adult tokens (study-specific log-rate)
babyview,babyview,babyview,S00400002,21.51994907492967,head-cam transcript,578.7962037962036,6.360950435987036,adult tokens (study-specific log-rate)
babyview,babyview,babyview,S00400002,21.55280395901353,head-cam transcript,426.41104040988347,6.055403764659693,adult tokens (study-specific log-rate)
babyview,babyview,babyview,S00400002,21.55280395901353,head-cam transcript,1247.5024975024978,7.12889882962968,adult tokens (study-specific log-rate)
babyview,babyview,babyview,S00400002,21.55280395901353,head-cam transcript,951.2766194670533,6.857804892455375,adult tokens (study-specific log-rate)
babyview,babyview,babyview,S00400002,21.55280395901353,head-cam transcript,566.262022261446,6.339056907938653,adult tokens (study-specific log-rate)
babyview,babyview,babyview,S00400002,21.55280395901353,head-cam transcript,992.7572427572428,6.900486165635458,adult tokens (study-specific log-rate)
babyview,babyview,babyview,S00400002,21.782788147600566,head-cam transcript,287.99438059745165,5.662940968131184,adult tokens (study-specific log-rate)
babyview,babyview,babyview,S00400002,21.782788147600566,head-cam transcript,561.8392347709345,6.331215749844524,adult tokens (study-specific log-rate)
babyview,babyview,babyview,S00400002,21.782788147600566,head-cam transcript,455.7949963144429,6.122043138941856,adult tokens (study-specific log-rate)
babyview,babyview,babyview,S00400002,21.782788147600566,head-cam transcript,115.90017755751104,4.752729282333411,adult tokens (study-specific log-rate)
babyview,babyview,babyview,S00400002,21.782788147600566,head-cam transcript,108.64135864135862,4.68805216963571,adult tokens (study-specific log-rate)
babyview,babyview,babyview,S00400002,21.979917452103734,head-cam transcript,371.4944761442272,5.9175339949873145,adult tokens (study-specific log-rate)
babyview,babyview,babyview,S00400002,21.979917452103734,head-cam transcript,533.8387780131562,6.280093879541997,adult tokens (study-specific log-rate)
babyview,babyview,babyview,S00400002,21.979917452103734,head-cam transcript,738.5827417832672,6.604733136024793,adult tokens (study-specific log-rate)
babyview,babyview,babyview,S00400002,21.979917452103734,head-cam transcript,1008.1811420543761,6.915903136905433,adult tokens (study-specific log-rate)
babyview,babyview,babyview,S00400002,21.979917452103734,head-cam transcript,417.4378414538969,6.034135650461617,adult tokens (study-specific log-rate)
babyview,babyview,babyview,S00400002,22.0127723361876,head-cam transcript,821.2960628219448,6.710883656897988,adult tokens (study-specific log-rate)
babyview,babyview,babyview,S00400002,22.0127723361876,head-cam transcript,1396.4160839160834,7.241664293294083,adult tokens (study-specific log-rate)
babyview,babyview,babyview,S00400002,22.0127723361876,head-cam transcript,755.7328262184959,6.627687909244567,adult tokens (study-specific log-rate)
babyview,babyview,babyview,S00400002,22.209901640690777,head-cam transcript,670.0046828284281,6.507284701656748,adult tokens (study-specific log-rate)
babyview,babyview,babyview,S00400002,22.209901640690777,head-cam transcript,398.0384250165849,5.986548545892044,adult tokens (study-specific log-rate)
babyview,babyview,babyview,S00400002,22.209901640690777,head-cam transcript,698.4056193555579,6.548800050534773,adult tokens (study-specific log-rate)
babyview,babyview,babyview,S00400002,22.24275652477463,head-cam transcript,207.0291319564252,5.332859517452267,adult tokens (study-specific log-rate)
babyview,babyview,babyview,S00400002,22.24275652477463,head-cam transcript,363.09931198443866,5.894676383580816,adult tokens (study-specific log-rate)
babyview,babyview,babyview,S00400002,22.571305365613256,head-cam transcript,77.00385019250959,4.343855423103725,adult tokens (study-specific log-rate)
babyview,babyview,babyview,S00400002,22.571305365613256,head-cam transcript,369.94159501541407,5.913345141868749,adult tokens (study-specific log-rate)
babyview,babyview,babyview,S00400002,22.571305365613256,head-cam transcript,769.1557237907556,6.6452934506834325,adult tokens (study-specific log-rate)
babyview,babyview,babyview,S00400002,22.571305365613256,head-cam transcript,137.93103448275866,4.926753810115554,adult tokens (study-specific log-rate)
babyview,babyview,babyview,S00400002,22.66987001786484,head-cam transcript,482.6047434096356,6.179197982006357,adult tokens (study-specific log-rate)
babyview,babyview,babyview,S00400002,22.66987001786484,head-cam transcript,272.94012710447095,5.609252456496351,adult tokens (study-specific log-rate)
babyview,babyview,babyview,S00400002,22.702724901948702,head-cam transcript,1686.600892906355,7.430470476552446,adult tokens (study-specific log-rate)
babyview,babyview,babyview,S00400002,22.702724901948702,head-cam transcript,948.2741800160002,6.8546436798653065,adult tokens (study-specific log-rate)
babyview,babyview,babyview,S00400002,22.702724901948702,head-cam transcript,573.9770319991082,6.3525893815801515,adult tokens (study-specific log-rate)
babyview,babyview,babyview,S00400002,23.162693279122777,head-cam transcript,722.4885717471288,6.582701602210454,adult tokens (study-specific log-rate)
babyview,babyview,babyview,S00400002,23.162693279122777,head-cam transcript,631.8347509112999,6.44862788988054,adult tokens (study-specific log-rate)
babyview,babyview,babyview,S00400002,23.162693279122777,head-cam transcript,484.3385315236298,6.182784107515528,adult tokens (study-specific log-rate)
babyview,babyview,babyview,S00400002,23.162693279122777,head-cam transcript,1560.2016362284105,7.352570345883576,adult tokens (study-specific log-rate)
babyview,babyview,babyview,S00400002,23.162693279122777,head-cam transcript,868.8447822484784,6.767164492796578,adult tokens (study-specific log-rate)
babyview,babyview,babyview,S00400002,23.162693279122777,head-cam transcript,316.09139333866665,5.7560313911971965,adult tokens (study-specific log-rate)
babyview,babyview,babyview,S00400002,23.19554816320663,head-cam transcript,822.834206712008,6.712754730458652,adult tokens (study-specific log-rate)
babyview,babyview,babyview,S00400002,23.19554816320663,head-cam transcript,509.49050949050934,6.233411225385288,adult tokens (study-specific log-rate)
babyview,babyview,babyview,S00400002,23.19554816320663,head-cam transcript,464.87867177522344,6.1417764506280745,adult tokens (study-specific log-rate)
babyview,babyview,babyview,S00400002,23.2284030472905,head-cam transcript,1786.6004962779164,7.4880699290455555,adult tokens (study-specific log-rate)
babyview,babyview,babyview,S00400002,23.2284030472905,head-cam transcript,1530.4520287579542,7.333318414384255,adult tokens (study-specific log-rate)
babyview,babyview,babyview,S00400002,23.2284030472905,head-cam transcript,1360.6868101237599,7.2157448587006945,adult tokens (study-specific log-rate)
babyview,babyview,babyview,S00400002,23.58980677221298,head-cam transcript,337.1636468426931,5.820568411427094,adult tokens (study-specific log-rate)
babyview,babyview,babyview,S00400002,23.58980677221298,head-cam transcript,237.99685976365595,5.472257479314076,adult tokens (study-specific log-rate)
babyview,babyview,babyview,S00400002,23.58980677221298,head-cam transcript,408.394781622235,6.012234308594368,adult tokens (study-specific log-rate)
babyview,babyview,babyview,S00400002,23.58980677221298,head-cam transcript,5.108556832694764,1.6309169441112246,adult tokens (study-specific log-rate)
babyview,babyview,babyview,S00400002,23.62266165629684,head-cam transcript,337.1641528945777,5.820569912334768,adult tokens (study-specific log-rate)
babyview,babyview,babyview,S00400002,23.62266165629684,head-cam transcript,435.5008650181458,6.076496782554984,adult tokens (study-specific log-rate)
babyview,babyview,babyview,S00400002,23.62266165629684,head-cam transcript,333.49655254555813,5.809632528107521,adult tokens (study-specific log-rate)
babyview,babyview,babyview,S00400002,24.279759337974085,head-cam transcript,133.67991088005942,4.895448217620694,adult tokens (study-specific log-rate)
babyview,babyview,babyview,S00400002,24.279759337974085,head-cam transcript,693.0581450808653,6.541113899105799,adult tokens (study-specific log-rate)
babyview,babyview,babyview,S00400002,24.279759337974085,head-cam transcript,1560.4625193616944,7.352737543070383,adult tokens (study-specific log-rate)
babyview,babyview,babyview,S00400002,24.279759337974085,head-cam transcript,786.7107014344163,6.6678605841846075,adult tokens (study-specific log-rate)
babyview,babyview,babyview,S00400002,24.772582599232017,head-cam transcript,395.91675596413074,5.981203976945006,adult tokens (study-specific log-rate)
babyview,babyview,babyview,S00400002,24.772582599232017,head-cam transcript,688.3723350286823,6.534329876180465,adult tokens (study-specific log-rate)
babyview,babyview,babyview,S00400002,24.772582599232017,head-cam transcript,505.7471264367816,6.226036794245815,adult tokens (study-specific log-rate)
babyview,babyview,babyview,S00400002,26.41532680342512,head-cam transcript,544.6489679766581,6.30014149168898,adult tokens (study-specific log-rate)
babyview,babyview,babyview,S00400002,26.41532680342512,head-cam transcript,127.65391604982042,4.849322821241377,adult tokens (study-specific log-rate)
babyview,babyview,babyview,S00400002,26.41532680342512,head-cam transcript,524.4755244755244,6.26239876225854,adult tokens (study-specific log-rate)
babyview,babyview,babyview,S00400002,26.612456107928292,head-cam transcript,359.64035964035963,5.885104531117072,adult tokens (study-specific log-rate)
babyview,babyview,babyview,S00400002,26.612456107928292,head-cam transcript,155.61399085047373,5.047378523193612,adult tokens (study-specific log-rate)
babyview,babyview,babyview,S00400002,26.612456107928292,head-cam transcript,605.4551662219751,6.405980516027089,adult tokens (study-specific log-rate)
babyview,babyview,babyview,S00400002,26.612456107928292,head-cam transcript,583.2375713505264,6.368594601374067,adult tokens (study-specific log-rate)
babyview,babyview,babyview,S00400002,26.612456107928292,head-cam transcript,144.49771434942573,4.973263689776354,adult tokens (study-specific log-rate)
babyview,babyview,babyview,S00400002,26.842440296515328,head-cam transcript,1117.2630361127183,7.01863725578104,adult tokens (study-specific log-rate)
babyview,babyview,babyview,S00400002,26.842440296515328,head-cam transcript,306.0273659086823,5.723674529027786,adult tokens (study-specific log-rate)
babyview,babyview,babyview,S00400002,26.842440296515328,head-cam transcript,572.995182970011,6.350877309995304,adult tokens (study-specific log-rate)
babyview,babyview,babyview,S00400002,27.53239286227643,head-cam transcript,689.310689310689,6.535692097258221,adult tokens (study-specific log-rate)
babyview,babyview,babyview,S00400002,27.53239286227643,head-cam transcript,513.236763236763,6.24073726547736,adult tokens (study-specific log-rate)
babyview,babyview,babyview,S00400002,28.222345428037535,head-cam transcript,513.236763236763,6.24073726547736,adult tokens (study-specific log-rate)
babyview,babyview,babyview,S00400002,28.222345428037535,head-cam transcript,1329.916620055413,7.192871527562934,adult tokens (study-specific log-rate)
babyview,babyview,babyview,S00400002,28.222345428037535,head-cam transcript,689.310689310689,6.535692097258221,adult tokens (study-specific log-rate)
babyview,babyview,babyview,S00400002,28.222345428037535,head-cam transcript,288.09665177995197,5.663296020294217,adult tokens (study-specific log-rate)
babyview,babyview,babyview,S00400002,28.222345428037535,head-cam transcript,782.9670329670331,6.663090591614047,adult tokens (study-specific log-rate)
babyview,babyview,babyview,S00400002,28.222345428037535,head-cam transcript,474.95246595009905,6.163214727343134,adult tokens (study-specific log-rate)
babyview,babyview,babyview,S00400002,28.682313805211606,head-cam transcript,2159.4380644441962,7.677603311482028,adult tokens (study-specific log-rate)
babyview,babyview,babyview,S00400002,28.682313805211606,head-cam transcript,86.16383616383618,4.456250555578386,adult tokens (study-specific log-rate)
babyview,babyview,babyview,S00400002,28.682313805211606,head-cam transcript,529.2702485966316,6.271499168322571,adult tokens (study-specific log-rate)
babyview,babyview,babyview,S00400002,28.682313805211606,head-cam transcript,679.0067250282922,6.520631031822303,adult tokens (study-specific log-rate)
babyview,babyview,babyview,S00400002,28.682313805211606,head-cam transcript,966.2604131459134,6.873433376708673,adult tokens (study-specific log-rate)
babyview,babyview,babyview,S00400002,29.832234748146774,head-cam transcript,475.4871942653362,6.164339950529918,adult tokens (study-specific log-rate)
babyview,babyview,babyview,S00400002,29.832234748146774,head-cam transcript,378.58314015943904,5.936435705716654,adult tokens (study-specific log-rate)
babyview,babyview,babyview,S00400002,30.29220312532085,head-cam transcript,969.3406350403894,6.8766160826670975,adult tokens (study-specific log-rate)
babyview,babyview,babyview,S00400002,30.29220312532085,head-cam transcript,412.0868400171703,6.021234103879935,adult tokens (study-specific log-rate)
babyview,babyview,babyview,S00400002,30.719316618411057,head-cam transcript,790.0173539376908,6.672054912229531,adult tokens (study-specific log-rate)
babyview,babyview,babyview,S00400002,30.719316618411057,head-cam transcript,660.2797994185481,6.492663683696881,adult tokens (study-specific log-rate)
babyview,babyview,babyview,S00400002,30.719316618411057,head-cam transcript,561.9402548242961,6.331395536100758,adult tokens (study-specific log-rate)
babyview,babyview,babyview,S00400002,30.719316618411057,head-cam transcript,862.9724606979598,6.760382779447907,adult tokens (study-specific log-rate)
babyview,babyview,babyview,S00400002,30.719316618411057,head-cam transcript,2939.9684798700987,7.986154139142636,adult tokens (study-specific log-rate)
babyview,babyview,babyview,S00400002,31.672108256843057,head-cam transcript,436.5836965527177,6.078980101578761,adult tokens (study-specific log-rate)
babyview,babyview,babyview,S00400002,31.672108256843057,head-cam transcript,694.3917939569629,6.543036345818023,adult tokens (study-specific log-rate)
babyview,babyview,babyview,S00400002,31.672108256843057,head-cam transcript,2939.9684798700987,7.986154139142636,adult tokens (study-specific log-rate)
babyview,babyview,babyview,S00400002,31.672108256843057,head-cam transcript,623.4083732301112,6.435201798795988,adult tokens (study-specific log-rate)
babyview,babyview,babyview,S00400002,31.90209244543009,head-cam transcript,2395.7189901207457,7.781438669435936,adult tokens (study-specific log-rate)
babyview,babyview,babyview,S00400002,31.90209244543009,head-cam transcript,853.100387984109,6.748877228707781,adult tokens (study-specific log-rate)
babyview,babyview,babyview,S00400002,31.90209244543009,head-cam transcript,469.98722860791844,6.152705521160265,adult tokens (study-specific log-rate)
babyview,babyview,babyview,S00400002,31.90209244543009,head-cam transcript,142.46544364982893,4.9590994695977,adult tokens (study-specific log-rate)
babyview,babyview,babyview,S00400002,31.90209244543009,head-cam transcript,347.3818646232438,5.850424649287331,adult tokens (study-specific log-rate)
babyview,babyview,babyview,S00400002,31.90209244543009,head-cam transcript,1699.8582150708278,7.438300123666579,adult tokens (study-specific log-rate)
babyview,babyview,babyview,S00400002,31.90209244543009,head-cam transcript,1323.1162196679436,7.187745005810762,adult tokens (study-specific log-rate)
babyview,babyview,babyview,S00400002,32.36206082260416,head-cam transcript,1139.2081736909327,7.038088715571344,adult tokens (study-specific log-rate)
babyview,babyview,babyview,S00400002,32.36206082260416,head-cam transcript,206.04342000858512,5.328086923319989,adult tokens (study-specific log-rate)
babyview,babyview,babyview,S00400002,32.36206082260416,head-cam transcript,2084.2911877394636,7.642184118515386,adult tokens (study-specific log-rate)
babyview,babyview,babyview,S00400002,32.36206082260416,head-cam transcript,275.0529895992506,5.616963768556164,adult tokens (study-specific log-rate)
babyview,babyview,babyview,S00400002,32.36206082260416,head-cam transcript,671.4369501466276,6.509420117506761,adult tokens (study-specific log-rate)
babyview,babyview,babyview,S00400003,9.88932010924249,head-cam transcript,2019.4727907748152,7.610591761664282,adult tokens (study-specific log-rate)
babyview,babyview,babyview,S00400003,9.88932010924249,head-cam transcript,1929.3206793206784,7.564923240312972,adult tokens (study-specific log-rate)
babyview,babyview,babyview,S00400003,9.88932010924249,head-cam transcript,2663.5864135864135,7.887428769452477,adult tokens (study-specific log-rate)
babyview,babyview,babyview,S00400003,9.922174993326353,head-cam transcript,2344.5345358366203,7.759842168997654,adult tokens (study-specific log-rate)
babyview,babyview,babyview,S00400003,9.922174993326353,head-cam transcript,2667.875778613584,7.88903784621154,adult tokens (study-specific log-rate)
babyview,babyview,babyview,S00400003,10.349288486416558,head-cam transcript,1822.8878214184801,7.508177237633614,adult tokens (study-specific log-rate)
babyview,babyview,babyview,S00400003,10.349288486416558,head-cam transcript,2476.2737262737255,7.814510179500922,adult tokens (study-specific log-rate)
babyview,babyview,babyview,S00400003,10.349288486416558,head-cam transcript,2938.120191771659,7.985525265281556,adult tokens (study-specific log-rate)
babyview,babyview,babyview,S00400003,10.414998254584283,head-cam transcript,4579.774779797082,8.42940510118232,adult tokens (study-specific log-rate)
babyview,babyview,babyview,S00400003,10.414998254584283,head-cam transcript,3681.8759711823686,8.211177676049774,adult tokens (study-specific log-rate)
babyview,babyview,babyview,S00400003,10.414998254584283,head-cam transcript,2308.274197615359,7.744255423697696,adult tokens (study-specific log-rate)
babyview,babyview,babyview,S00400003,10.480708022752006,head-cam transcript,3708.7746683019272,8.218456822961928,adult tokens (study-specific log-rate)
babyview,babyview,babyview,S00400003,10.480708022752006,head-cam transcript,3447.648954631847,8.145447815298793,adult tokens (study-specific log-rate)
babyview,babyview,babyview,S00400003,10.480708022752006,head-cam transcript,2697.2977439881,7.900005715262128,adult tokens (study-specific log-rate)
babyview,babyview,babyview,S00400003,10.67783732725518,head-cam transcript,2435.0649350649355,7.797728702538919,adult tokens (study-specific log-rate)
babyview,babyview,babyview,S00400003,10.67783732725518,head-cam transcript,3161.630600877409,8.058843186427953,adult tokens (study-specific log-rate)
babyview,babyview,babyview,S00400003,10.67783732725518,head-cam transcript,2148.3375959079276,7.67244961083413,adult tokens (study-specific log-rate)
babyview,babyview,babyview,S00400003,10.67783732725518,head-cam transcript,3873.13746555187,8.26182017218513,adult tokens (study-specific log-rate)
babyview,babyview,babyview,S00400003,10.67783732725518,head-cam transcript,1774.4989227655544,7.481273365022718,adult tokens (study-specific log-rate)
babyview,babyview,babyview,S00400003,10.809256863590628,head-cam transcript,2964.2348441981612,7.994374215462888,adult tokens (study-specific log-rate)
babyview,babyview,babyview,S00400003,10.809256863590628,head-cam transcript,1562.429627203308,7.353997342006406,adult tokens (study-specific log-rate)
babyview,babyview,babyview,S00400003,10.84211174767449,head-cam transcript,2461.885629368706,7.808682851306591,adult tokens (study-specific log-rate)
babyview,babyview,babyview,S00400003,10.84211174767449,head-cam transcript,2433.8200487929216,7.797217338518915,adult tokens (study-specific log-rate)
babyview,babyview,babyview,S00400003,10.84211174767449,head-cam transcript,3030.71928071928,8.016555256707727,adult tokens (study-specific log-rate)
babyview,babyview,babyview,S00400003,11.0063861680938,head-cam transcript,2491.405278894501,7.82060219929638,adult tokens (study-specific log-rate)
babyview,babyview,babyview,S00400003,11.039241052177662,head-cam transcript,2598.9736785623695,7.862871907065147,adult tokens (study-specific log-rate)
babyview,babyview,babyview,S00400003,11.039241052177662,head-cam transcript,2847.171538900462,7.954081337974506,adult tokens (study-specific log-rate)
babyview,babyview,babyview,S00400003,11.072095936261524,head-cam transcript,2383.042651580948,7.776133375210055,adult tokens (study-specific log-rate)
babyview,babyview,babyview,S00400003,11.072095936261524,head-cam transcript,1784.1603090671408,7.4867031684454135,adult tokens (study-specific log-rate)
babyview,babyview,babyview,S00400003,11.072095936261524,head-cam transcript,1719.53046953047,7.449806549709781,adult tokens (study-specific log-rate)
babyview,babyview,babyview,S00400003,11.269225240764698,head-cam transcript,900.6079103394792,6.803069991239378,adult tokens (study-specific log-rate)
babyview,babyview,babyview,S00400003,11.466354545267867,head-cam transcript,2023.2568553984866,7.612463796680209,adult tokens (study-specific log-rate)
babyview,babyview,babyview,S00400003,11.466354545267867,head-cam transcript,3580.0044226491677,8.183119314770845,adult tokens (study-specific log-rate)
babyview,babyview,babyview,S00400003,11.597774081603315,head-cam transcript,3911.7200711095657,8.271732472129587,adult tokens (study-specific log-rate)
babyview,babyview,babyview,S00400003,11.597774081603315,head-cam transcript,2037.9620379620376,7.619705586505178,adult tokens (study-specific log-rate)
babyview,babyview,babyview,S00400003,11.597774081603315,head-cam transcript,1939.1008024623507,7.569979640720858,adult tokens (study-specific log-rate)
babyview,babyview,babyview,S00400003,11.729193617938767,head-cam transcript,2433.6299124671295,7.797139212877192,adult tokens (study-specific log-rate)
babyview,babyview,babyview,S00400003,11.729193617938767,head-cam transcript,2870.9684118709893,7.9624046775774255,adult tokens (study-specific log-rate)
babyview,babyview,babyview,S00400003,11.729193617938767,head-cam transcript,2068.64256307194,7.634647904518518,adult tokens (study-specific log-rate)
babyview,babyview,babyview,S00400003,11.79490338610649,head-cam transcript,2236.5134865134874,7.712673453041838,adult tokens (study-specific log-rate)
babyview,babyview,babyview,S00400003,11.79490338610649,head-cam transcript,2413.5829342620823,7.788867617162778,adult tokens (study-specific log-rate)
babyview,babyview,babyview,S00400003,11.79490338610649,head-cam transcript,2822.182716905865,7.945265877625696,adult tokens (study-specific log-rate)
babyview,babyview,babyview,S00400003,11.79490338610649,head-cam transcript,1401.0989010989006,7.2450121370637675,adult tokens (study-specific log-rate)
babyview,babyview,babyview,S00400003,11.9591778065258,head-cam transcript,2143.8746438746434,7.670370052139302,adult tokens (study-specific log-rate)
babyview,babyview,babyview,S00400003,11.9591778065258,head-cam transcript,1806.221429367822,7.498992334084609,adult tokens (study-specific log-rate)
babyview,babyview,babyview,S00400003,11.9591778065258,head-cam transcript,2446.0788364597965,7.802241546496236,adult tokens (study-specific log-rate)
babyview,babyview,babyview,S00400003,12.09059734286125,head-cam transcript,3571.832744726933,8.180834116915491,adult tokens (study-specific log-rate)
babyview,babyview,babyview,S00400003,12.09059734286125,head-cam transcript,1099.4816257800373,7.002594098422743,adult tokens (study-specific log-rate)
babyview,babyview,babyview,S00400003,12.09059734286125,head-cam transcript,2280.803239401702,7.732282957889326,adult tokens (study-specific log-rate)
babyview,babyview,babyview,S00400003,12.320581531448283,head-cam transcript,2893.968112387111,7.970383888605193,adult tokens (study-specific log-rate)
babyview,babyview,babyview,S00400003,12.320581531448283,head-cam transcript,1742.8643596867905,7.463285222461358,adult tokens (study-specific log-rate)
babyview,babyview,babyview,S00400003,12.320581531448283,head-cam transcript,2006.9126992975812,7.604352849742436,adult tokens (study-specific log-rate)
babyview,babyview,babyview,S00400003,12.320581531448283,head-cam transcript,2229.0209790209783,7.709317745194865,adult tokens (study-specific log-rate)
babyview,babyview,babyview,S00400003,12.583420604119182,head-cam transcript,2897.981937785707,7.9717698902130705,adult tokens (study-specific log-rate)
babyview,babyview,babyview,S00400003,12.583420604119182,head-cam transcript,2127.3274612554364,7.662621757866412,adult tokens (study-specific log-rate)
babyview,babyview,babyview,S00400003,12.583420604119182,head-cam transcript,3795.1040045280865,8.241467095126952,adult tokens (study-specific log-rate)
babyview,babyview,babyview,S00400003,12.681985256370767,head-cam transcript,1565.9340659340662,7.356237772173992,adult tokens (study-specific log-rate)
babyview,babyview,babyview,S00400003,12.681985256370767,head-cam transcript,739.4068988801985,6.605848376835253,adult tokens (study-specific log-rate)
babyview,babyview,babyview,S00400003,12.681985256370767,head-cam transcript,1437.8976944054214,7.270937391386705,adult tokens (study-specific log-rate)
babyview,babyview,babyview,S00400003,12.87911456087394,head-cam transcript,3274.2257742257743,8.093836715304771,adult tokens (study-specific log-rate)
babyview,babyview,babyview,S00400003,12.87911456087394,head-cam transcript,1596.8640396121316,7.375797009720534,adult tokens (study-specific log-rate)
babyview,babyview,babyview,S00400003,12.87911456087394,head-cam transcript,1805.6943056943057,7.498700453699836,adult tokens (study-specific log-rate)
babyview,babyview,babyview,S00400003,12.87911456087394,head-cam transcript,2016.3622841087524,7.609050317465378,adult tokens (study-specific log-rate)
babyview,babyview,babyview,S00400003,13.04338898129325,head-cam transcript,2450.049950049951,7.803863691106435,adult tokens (study-specific log-rate)
babyview,babyview,babyview,S00400003,13.04338898129325,head-cam transcript,3824.7058593978663,8.249236843799892,adult tokens (study-specific log-rate)
babyview,babyview,babyview,S00400003,13.04338898129325,head-cam transcript,1954.9107282448952,7.578099808075022,adult tokens (study-specific log-rate)
babyview,babyview,babyview,S00400003,13.141953633544835,head-cam transcript,474.5036658703354,6.162269343774271,adult tokens (study-specific log-rate)
babyview,babyview,babyview,S00400003,13.141953633544835,head-cam transcript,1584.6653346653343,7.368128518695514,adult tokens (study-specific log-rate)
babyview,babyview,babyview,S00400003,13.141953633544835,head-cam transcript,2779.4387810237386,7.930004308975121,adult tokens (study-specific log-rate)
babyview,babyview,babyview,S00400003,13.141953633544835,head-cam transcript,1252.7890257003555,7.133127565380447,adult tokens (study-specific log-rate)
babyview,babyview,babyview,S00400003,13.306228053964146,head-cam transcript,2033.521297145421,7.617524198439926,adult tokens (study-specific log-rate)
babyview,babyview,babyview,S00400003,13.306228053964146,head-cam transcript,2561.7717544004618,7.848454389651367,adult tokens (study-specific log-rate)
babyview,babyview,babyview,S00400003,13.306228053964146,head-cam transcript,2004.501281434165,7.603150571361063,adult tokens (study-specific log-rate)
babyview,babyview,babyview,S00400003,13.601922010718903,head-cam transcript,2011.5442397406498,7.606657984556219,adult tokens (study-specific log-rate)
babyview,babyview,babyview,S00400003,13.601922010718903,head-cam transcript,1074.2913808776134,6.979416542627758,adult tokens (study-specific log-rate)
babyview,babyview,babyview,S00400003,13.601922010718903,head-cam transcript,1646.14494669862,7.406191437322674,adult tokens (study-specific log-rate)
babyview,babyview,babyview,S00400003,13.83190619930594,head-cam transcript,1479.7702297702303,7.299642104550358,adult tokens (study-specific log-rate)
babyview,babyview,babyview,S00400003,13.83190619930594,head-cam transcript,1529.2674768647562,7.332544126446945,adult tokens (study-specific log-rate)
babyview,babyview,babyview,S00400003,13.83190619930594,head-cam transcript,745.5044955044956,6.614061164373728,adult tokens (study-specific log-rate)
babyview,babyview,babyview,S00400003,13.83190619930594,head-cam transcript,2959.5160539785957,7.992781038673795,adult tokens (study-specific log-rate)
babyview,babyview,babyview,S00400003,14.094745271976835,head-cam transcript,1609.254498714653,7.383526306463789,adult tokens (study-specific log-rate)
babyview,babyview,babyview,S00400003,14.094745271976835,head-cam transcript,2336.9969424014535,7.756622026194593,adult tokens (study-specific log-rate)
babyview,babyview,babyview,S00400003,14.094745271976835,head-cam transcript,1980.8393982556431,7.59127597236499,adult tokens (study-specific log-rate)
babyview,babyview,babyview,S00400003,14.324729460563873,head-cam transcript,2669.1988501112164,7.889533650230324,adult tokens (study-specific log-rate)
babyview,babyview,babyview,S00400003,14.357584344647734,head-cam transcript,1116.856256463289,7.018273103647108,adult tokens (study-specific log-rate)
babyview,babyview,babyview,S00400003,14.357584344647734,head-cam transcript,2693.8010965639696,7.8987085222341875,adult tokens (study-specific log-rate)
babyview,babyview,babyview,S00400003,14.357584344647734,head-cam transcript,2750.379395568658,7.919494143169699,adult tokens (study-specific log-rate)
babyview,babyview,babyview,S00400003,14.587568533234768,head-cam transcript,4203.296703296699,8.343624425731877,adult tokens (study-specific log-rate)
babyview,babyview,babyview,S00400003,14.587568533234768,head-cam transcript,2936.1378314569483,7.984850333951633,adult tokens (study-specific log-rate)
babyview,babyview,babyview,S00400003,14.587568533234768,head-cam transcript,2465.046464169463,7.809965935860788,adult tokens (study-specific log-rate)
babyview,babyview,babyview,S00400003,14.751842953654078,head-cam transcript,3411.288323279066,8.134845306339528,adult tokens (study-specific log-rate)
babyview,babyview,babyview,S00400003,14.751842953654078,head-cam transcript,1278.5670166769614,7.153495211563917,adult tokens (study-specific log-rate)
babyview,babyview,babyview,S00400003,14.751842953654078,head-cam transcript,3364.617275760476,8.121069498837793,adult tokens (study-specific log-rate)
babyview,babyview,babyview,S00400003,14.751842953654078,head-cam transcript,1901.948777061345,7.550634311649809,adult tokens (study-specific log-rate)
babyview,babyview,babyview,S00400003,15.211811330828148,head-cam transcript,2753.4965034965035,7.920626838862073,adult tokens (study-specific log-rate)
babyview,babyview,babyview,S00400003,15.211811330828148,head-cam transcript,2280.526035095023,7.732161412484318,adult tokens (study-specific log-rate)
babyview,babyview,babyview,S00400003,15.211811330828148,head-cam transcript,2263.797524807671,7.724799002818303,adult tokens (study-specific log-rate)
babyview,babyview,babyview,S00400003,15.671779708002218,head-cam transcript,2373.1133604697243,7.771958026247033,adult tokens (study-specific log-rate)
babyview,babyview,babyview,S00400003,15.671779708002218,head-cam transcript,2658.4056770289258,7.88548185254402,adult tokens (study-specific log-rate)
babyview,babyview,babyview,S00400003,15.671779708002218,head-cam transcript,1814.2184093945582,7.50341002551915,adult tokens (study-specific log-rate)
babyview,babyview,babyview,S00400003,15.901763896589252,head-cam transcript,1697.0529470529464,7.4366484651322695,adult tokens (study-specific log-rate)
babyview,babyview,babyview,S00400003,15.901763896589252,head-cam transcript,1279.2331212296508,7.154016053327803,adult tokens (study-specific log-rate)
babyview,babyview,babyview,S00400003,15.901763896589252,head-cam transcript,384.9298698031321,5.953061161339799,adult tokens (study-specific log-rate)
babyview,babyview,babyview,S00400003,15.901763896589252,head-cam transcript,1443.752026223839,7.275000577714202,adult tokens (study-specific log-rate)
babyview,babyview,babyview,S00400003,16.197457853344012,head-cam transcript,1645.668413424016,7.4059019110185975,adult tokens (study-specific log-rate)
babyview,babyview,babyview,S00400003,16.197457853344012,head-cam transcript,2131.0471524800982,7.664368758780192,adult tokens (study-specific log-rate)
babyview,babyview,babyview,S00400003,16.197457853344012,head-cam transcript,2506.671842398953,7.8267111930604605,adult tokens (study-specific log-rate)
babyview,babyview,babyview,S00400003,16.361732273763323,head-cam transcript,1609.195402298851,7.383489582936858,adult tokens (study-specific log-rate)
babyview,babyview,babyview,S00400003,16.361732273763323,head-cam transcript,1919.950050079998,7.560054449100082,adult tokens (study-specific log-rate)
babyview,babyview,babyview,S00400003,16.361732273763323,head-cam transcript,2321.2309054682305,7.749852886663553,adult tokens (study-specific log-rate)
babyview,babyview,babyview,S00400003,16.427442041931045,head-cam transcript,3610.466137246105,8.191592166882042,adult tokens (study-specific log-rate)
babyview,babyview,babyview,S00400003,16.427442041931045,head-cam transcript,5154.311167674198,8.547588763405045,adult tokens (study-specific log-rate)
babyview,babyview,babyview,S00400003,16.427442041931045,head-cam transcript,3603.8961038961015,8.189770790314942,adult tokens (study-specific log-rate)
babyview,babyview,babyview,S00400003,16.62457134643422,head-cam transcript,2709.163346613545,7.904395138020505,adult tokens (study-specific log-rate)
babyview,babyview,babyview,S00400003,16.62457134643422,head-cam transcript,1727.9550450719987,7.454693933442256,adult tokens (study-specific log-rate)
babyview,babyview,babyview,S00400003,16.62457134643422,head-cam transcript,2707.08304883746,7.903626968433491,adult tokens (study-specific log-rate)
babyview,babyview,babyview,S00400003,16.62457134643422,head-cam transcript,3228.6079182630924,8.079806338258082,adult tokens (study-specific log-rate)
babyview,babyview,babyview,S00400003,16.887410419105116,head-cam transcript,2974.7712239761167,7.997922415518985,adult tokens (study-specific log-rate)
babyview,babyview,babyview,S00400003,16.887410419105116,head-cam transcript,1850.64935064935,7.523291856837158,adult tokens (study-specific log-rate)
babyview,babyview,babyview,S00400003,16.887410419105116,head-cam transcript,2900.9671811519743,7.97279947111428,adult tokens (study-specific log-rate)
babyview,babyview,babyview,S00400003,17.051684839524427,head-cam transcript,4146.126760563382,8.329929866711504,adult tokens (study-specific log-rate)
babyview,babyview,babyview,S00400003,17.380233680363045,head-cam transcript,1858.1418581418575,7.527332266374163,adult tokens (study-specific log-rate)
babyview,babyview,babyview,S00400003,17.380233680363045,head-cam transcript,2235.026128902586,7.712008197763487,adult tokens (study-specific log-rate)
babyview,babyview,babyview,S00400003,17.380233680363045,head-cam transcript,2748.8065351145333,7.9189221092298245,adult tokens (study-specific log-rate)
babyview,babyview,babyview,S00400003,17.380233680363045,head-cam transcript,3173.076923076925,8.062457034301291,adult tokens (study-specific log-rate)
babyview,babyview,babyview,S00400003,17.380233680363045,head-cam transcript,2209.2226277954005,7.700395980503729,adult tokens (study-specific log-rate)
babyview,babyview,babyview,S00400003,18.2016057824596,head-cam transcript,1104.9051595421113,7.007514781799702,adult tokens (study-specific log-rate)
babyview,babyview,babyview,S00400003,18.2016057824596,head-cam transcript,1532.2177822177819,7.334471495692037,adult tokens (study-specific log-rate)
babyview,babyview,babyview,S00400003,18.2016057824596,head-cam transcript,2051.064778682127,7.626114341523948,adult tokens (study-specific log-rate)
babyview,babyview,babyview,S00400003,18.53015462329822,head-cam transcript,2620.397298762755,7.871081226007989,adult tokens (study-specific log-rate)
babyview,babyview,babyview,S00400003,18.53015462329822,head-cam transcript,1417.2686618507048,7.256486820766833,adult tokens (study-specific log-rate)
babyview,babyview,babyview,S00400003,18.53015462329822,head-cam transcript,2143.3827628498157,7.670140590280439,adult tokens (study-specific log-rate)
babyview,babyview,babyview,S00400003,18.760138811885255,head-cam transcript,3447.0324529772915,8.145268981319454,adult tokens (study-specific log-rate)
babyview,babyview,babyview,S00400003,18.760138811885255,head-cam transcript,969.3406350403894,6.8766160826670975,adult tokens (study-specific log-rate)
babyview,babyview,babyview,S00400003,18.760138811885255,head-cam transcript,2467.41544334154,7.810926502571145,adult tokens (study-specific log-rate)
babyview,babyview,babyview,S00400003,18.760138811885255,head-cam transcript,1205.6194125159639,7.094748749136834,adult tokens (study-specific log-rate)
babyview,babyview,babyview,S00400003,18.85870346413684,head-cam transcript,3090.676883780334,8.036145402142067,adult tokens (study-specific log-rate)
babyview,babyview,babyview,S00400003,18.85870346413684,head-cam transcript,3548.863513562191,8.17438269418993,adult tokens (study-specific log-rate)
babyview,babyview,babyview,S00400003,18.85870346413684,head-cam transcript,3125.792667460148,8.047443183593117,adult tokens (study-specific log-rate)
babyview,babyview,babyview,S00400003,19.220107189059323,head-cam transcript,4184.05054237692,8.3390350855898,adult tokens (study-specific log-rate)
babyview,babyview,babyview,S00400003,19.220107189059323,head-cam transcript,3128.1137401303386,8.048185462938374,adult tokens (study-specific log-rate)
babyview,babyview,babyview,S00400003,19.68007556623339,head-cam transcript,3764.9752201568763,8.233496558580695,adult tokens (study-specific log-rate)
babyview,babyview,babyview,S00400003,19.68007556623339,head-cam transcript,1850.1529051987768,7.523023566115725,adult tokens (study-specific log-rate)
babyview,babyview,babyview,S00400003,19.68007556623339,head-cam transcript,1634.114375219768,7.398856270044789,adult tokens (study-specific log-rate)
babyview,babyview,babyview,S00400003,19.877204870736566,head-cam transcript,3020.4092251258517,8.013147606197501,adult tokens (study-specific log-rate)
babyview,babyview,babyview,S00400003,20.370028131994495,head-cam transcript,3332.7329707143085,8.11154795830083,adult tokens (study-specific log-rate)
babyview,babyview,babyview,S00400003,20.370028131994495,head-cam transcript,4616.548395230719,8.437402604257642,adult tokens (study-specific log-rate)
babyview,babyview,babyview,S00400003,20.370028131994495,head-cam transcript,3579.1217895608925,8.182872739122761,adult tokens (study-specific log-rate)
babyview,babyview,babyview,S00400003,20.370028131994495,head-cam transcript,3479.324115144974,8.154593334119488,adult tokens (study-specific log-rate)
babyview,babyview,babyview,S00400003,21.027125813671734,head-cam transcript,6351.1187607573165,8.756386259164799,adult tokens (study-specific log-rate)
babyview,babyview,babyview,S00400003,21.979917452103734,head-cam transcript,4648.920417369744,8.444390303318587,adult tokens (study-specific log-rate)
babyview,babyview,babyview,S00400003,21.979917452103734,head-cam transcript,4294.1321851789235,8.365004761658193,adult tokens (study-specific log-rate)
babyview,babyview,babyview,S00420001,9.363641963900696,head-cam transcript,1288.5154061624644,7.161245986685638,adult tokens (study-specific log-rate)
babyview,babyview,babyview,S00420001,9.363641963900696,head-cam transcript,1491.6985951468714,7.3076707463795065,adult tokens (study-specific log-rate)
babyview,babyview,babyview,S00420001,9.396496847984558,head-cam transcript,1254.7159642125685,7.134664502614294,adult tokens (study-specific log-rate)
babyview,babyview,babyview,S00420001,9.462206616152285,head-cam transcript,1910.600255427841,7.555172741525756,adult tokens (study-specific log-rate)
babyview,babyview,babyview,S00420001,9.462206616152285,head-cam transcript,1422.3225624382674,7.260046421797241,adult tokens (study-specific log-rate)
babyview,babyview,babyview,S00420001,9.462206616152285,head-cam transcript,1680.7151979565776,7.426974694876597,adult tokens (study-specific log-rate)
babyview,babyview,babyview,S00420001,9.495061500236144,head-cam transcript,827.5862068965515,6.718513279343608,adult tokens (study-specific log-rate)
babyview,babyview,babyview,S00420001,9.495061500236144,head-cam transcript,897.7556109725683,6.799897883125723,adult tokens (study-specific log-rate)
babyview,babyview,babyview,S00420001,9.495061500236144,head-cam transcript,1777.777777777777,7.483119423885698,adult tokens (study-specific log-rate)
babyview,babyview,babyview,S00420001,9.495061500236144,head-cam transcript,1895.2745849297573,7.54711900671866,adult tokens (study-specific log-rate)
babyview,babyview,babyview,S00420001,9.495061500236144,head-cam transcript,1535.7344605255464,7.336764021500607,adult tokens (study-specific log-rate)
babyview,babyview,babyview,S00420001,9.495061500236144,head-cam transcript,1037.8718385532698,6.944927586500976,adult tokens (study-specific log-rate)
babyview,babyview,babyview,S00420001,9.593626152487731,head-cam transcript,307.2254883368103,5.7275819676780975,adult tokens (study-specific log-rate)
babyview,babyview,babyview,S00420001,9.593626152487731,head-cam transcript,1098.339719029374,7.001554972238887,adult tokens (study-specific log-rate)
babyview,babyview,babyview,S00420001,9.593626152487731,head-cam transcript,1517.2413793103453,7.324649082913925,adult tokens (study-specific log-rate)
babyview,babyview,babyview,S00420001,9.72504568882318,head-cam transcript,934.8659003831415,6.840403096952645,adult tokens (study-specific log-rate)
babyview,babyview,babyview,S00420001,9.72504568882318,head-cam transcript,1343.5504469987234,7.2030709762889895,adult tokens (study-specific log-rate)
babyview,babyview,babyview,S00420001,9.72504568882318,head-cam transcript,1486.5900383141757,7.304240211282717,adult tokens (study-specific log-rate)
babyview,babyview,babyview,S00420001,9.88932010924249,head-cam transcript,1859.5146871008942,7.528070811747965,adult tokens (study-specific log-rate)
babyview,babyview,babyview,S00420001,9.88932010924249,head-cam transcript,997.1032169538041,6.904854292139646,adult tokens (study-specific log-rate)
babyview,babyview,babyview,S00420001,9.88932010924249,head-cam transcript,3857.1858389329086,8.257693139296116,adult tokens (study-specific log-rate)
babyview,babyview,babyview,S00420001,9.88932010924249,head-cam transcript,1292.4648786717744,7.164306432838744,adult tokens (study-specific log-rate)
babyview,babyview,babyview,S00420001,9.922174993326353,head-cam transcript,1199.0337456994357,7.08927129950171,adult tokens (study-specific log-rate)
babyview,babyview,babyview,S00420001,9.922174993326353,head-cam transcript,1532.5670498084291,7.334699418767426,adult tokens (study-specific log-rate)
babyview,babyview,babyview,S00420001,9.922174993326353,head-cam transcript,914.9486462647072,6.818867939399627,adult tokens (study-specific log-rate)
babyview,babyview,babyview,S00420001,9.922174993326353,head-cam transcript,1108.5568326947632,7.010814297651684,adult tokens (study-specific log-rate)
babyview,babyview,babyview,S00420001,9.9550298774102135,head-cam transcript,1813.0885683633337,7.502787061389181,adult tokens (study-specific log-rate)
babyview,babyview,babyview,S00420001,9.9550298774102135,head-cam transcript,2779.054916985951,7.929866190967167,adult tokens (study-specific log-rate)
babyview,babyview,babyview,S00420001,9.9550298774102135,head-cam transcript,1685.823754789272,7.4300095985717505,adult tokens (study-specific log-rate)
babyview,babyview,babyview,S00420001,9.9550298774102135,head-cam transcript,2360.153256704981,7.766481835192963,adult tokens (study-specific log-rate)
babyview,babyview,babyview,S00420001,9.9550298774102135,head-cam transcript,332.0561941251596,5.805304214006862,adult tokens (study-specific log-rate)
babyview,babyview,babyview,S00420001,9.9550298774102135,head-cam transcript,1609.195402298851,7.383489582936858,adult tokens (study-specific log-rate)
babyview,babyview,babyview,S00420001,10.0535945296618,head-cam transcript,1522.3499361430402,7.328010430616629,adult tokens (study-specific log-rate)
babyview,babyview,babyview,S00420001,10.0535945296618,head-cam transcript,1614.303959131546,7.386659157698137,adult tokens (study-specific log-rate)
babyview,babyview,babyview,S00420001,10.0535945296618,head-cam transcript,1532.6560232220618,7.334757472234686,adult tokens (study-specific log-rate)
babyview,babyview,babyview,S00420001,10.152159181913389,head-cam transcript,1016.6028097062581,6.924221768835717,adult tokens (study-specific log-rate)
babyview,babyview,babyview,S00420001,10.152159181913389,head-cam transcript,1312.8991060025537,7.179993029006444,adult tokens (study-specific log-rate)
babyview,babyview,babyview,S00420001,10.152159181913389,head-cam transcript,1502.931248889679,7.31517264611838,adult tokens (study-specific log-rate)
babyview,babyview,babyview,S00420001,10.152159181913389,head-cam transcript,1245.3760789149198,7.127192834702029,adult tokens (study-specific log-rate)
babyview,babyview,babyview,S00420001,10.185014065997247,head-cam transcript,1292.4648786717744,7.164306432838744,adult tokens (study-specific log-rate)
babyview,babyview,babyview,S00420001,10.185014065997247,head-cam transcript,812.2605363984676,6.699821146331456,adult tokens (study-specific log-rate)
babyview,babyview,babyview,S00420001,10.185014065997247,head-cam transcript,597.7011494252871,6.39309087890898,adult tokens (study-specific log-rate)
babyview,babyview,babyview,S00420001,10.185014065997247,head-cam transcript,1263.3016559494677,7.1414839346476615,adult tokens (study-specific log-rate)
babyview,babyview,babyview,S00420001,10.185014065997247,head-cam transcript,1305.265436441366,7.174161698645833,adult tokens (study-specific log-rate)
babyview,babyview,babyview,S00420001,10.185014065997247,head-cam transcript,1593.8697318007669,7.373920131920707,adult tokens (study-specific log-rate)
babyview,babyview,babyview,S00420001,10.185014065997247,head-cam transcript,1358.8761174968074,7.214413252892924,adult tokens (study-specific log-rate)
babyview,babyview,babyview,S00420001,10.250723834164972,head-cam transcript,817.3690932311621,6.706090759345051,adult tokens (study-specific log-rate)
babyview,babyview,babyview,S00420001,10.250723834164972,head-cam transcript,1599.2131792476023,7.377267024302559,adult tokens (study-specific log-rate)
babyview,babyview,babyview,S00420001,10.250723834164972,head-cam transcript,1031.102923185423,6.938384307536292,adult tokens (study-specific log-rate)
babyview,babyview,babyview,S00420001,10.283578718248837,head-cam transcript,1348.6590038314177,7.206866047257541,adult tokens (study-specific log-rate)
babyview,babyview,babyview,S00420001,10.283578718248837,head-cam transcript,878.6717752234993,6.7784114209246775,adult tokens (study-specific log-rate)
babyview,babyview,babyview,S00420001,10.283578718248837,head-cam transcript,802.0434227330778,6.6871627494595325,adult tokens (study-specific log-rate)
babyview,babyview,babyview,S00420001,10.283578718248837,head-cam transcript,1338.9121338912134,7.199612722844399,adult tokens (study-specific log-rate)
babyview,babyview,babyview,S00420001,10.283578718248837,head-cam transcript,1315.6826118736292,7.182110906409741,adult tokens (study-specific log-rate)
babyview,babyview,babyview,S00420001,10.283578718248837,head-cam transcript,975.7343550447001,6.883190372157855,adult tokens (study-specific log-rate)
babyview,babyview,babyview,S00420001,10.316433602332696,head-cam transcript,1943.8848622043154,7.572443756005226,adult tokens (study-specific log-rate)
babyview,babyview,babyview,S00420001,10.38214337050042,head-cam transcript,1336.116910229645,7.197522857924939,adult tokens (study-specific log-rate)
babyview,babyview,babyview,S00420001,10.38214337050042,head-cam transcript,2033.2056194125164,7.6173689493956624,adult tokens (study-specific log-rate)
babyview,babyview,babyview,S00420001,10.38214337050042,head-cam transcript,1251.5964240102169,7.132175154655951,adult tokens (study-specific log-rate)
babyview,babyview,babyview,S00420001,10.414998254584283,head-cam transcript,332.0561941251596,5.805304214006862,adult tokens (study-specific log-rate)
babyview,babyview,babyview,S00420001,10.414998254584283,head-cam transcript,608.5138561451894,6.411019683154669,adult tokens (study-specific log-rate)
babyview,babyview,babyview,S00420001,10.480708022752006,head-cam transcript,1205.6194125159639,7.094748749136834,adult tokens (study-specific log-rate)
babyview,babyview,babyview,S00420001,10.480708022752006,head-cam transcript,1568.3269476372923,7.357764691698422,adult tokens (study-specific log-rate)
babyview,babyview,babyview,S00420001,10.480708022752006,head-cam transcript,1026.8199233716477,6.9342218521703005,adult tokens (study-specific log-rate)
babyview,babyview,babyview,S00420001,10.612127559087456,head-cam transcript,899.1060025542782,6.801400939149376,adult tokens (study-specific log-rate)
babyview,babyview,babyview,S00420001,10.612127559087456,head-cam transcript,1604.0868454661556,7.380309930019478,adult tokens (study-specific log-rate)
babyview,babyview,babyview,S00420001,10.612127559087456,head-cam transcript,1545.6114725800032,7.3431748861662145,adult tokens (study-specific log-rate)
babyview,babyview,babyview,S00420001,10.644982443171315,head-cam transcript,1576.8168891287653,7.363163466796347,adult tokens (study-specific log-rate)
babyview,babyview,babyview,S00420001,10.644982443171315,head-cam transcript,1174.968071519795,7.0689962530344195,adult tokens (study-specific log-rate)
babyview,babyview,babyview,S00420001,10.644982443171315,head-cam transcript,802.0434227330778,6.6871627494595325,adult tokens (study-specific log-rate)
babyview,babyview,babyview,S00420001,10.644982443171315,head-cam transcript,2385.6960408684536,7.777246201780121,adult tokens (study-specific log-rate)
babyview,babyview,babyview,S00420001,10.644982443171315,head-cam transcript,1563.218390804598,7.3545020460636055,adult tokens (study-specific log-rate)
babyview,babyview,babyview,S00420001,10.644982443171315,head-cam transcript,1218.5585059819089,7.105423886670003,adult tokens (study-specific log-rate)
babyview,babyview,babyview,S00420001,10.644982443171315,head-cam transcript,771.3920817369094,6.648196780926149,adult tokens (study-specific log-rate)
babyview,babyview,babyview,S00420001,10.644982443171315,head-cam transcript,2360.2005399151562,7.766501868949844,adult tokens (study-specific log-rate)
babyview,babyview,babyview,S00420001,10.644982443171315,head-cam transcript,2094.5083014048523,7.647074103809578,adult tokens (study-specific log-rate)
babyview,babyview,babyview,S00420001,10.67783732725518,head-cam transcript,1343.5504469987234,7.2030709762889895,adult tokens (study-specific log-rate)
babyview,babyview,babyview,S00420001,10.67783732725518,head-cam transcript,1238.931209156645,7.1220043588259925,adult tokens (study-specific log-rate)
babyview,babyview,babyview,S00420001,10.874966631758353,head-cam transcript,1425.287356321839,7.26212872593259,adult tokens (study-specific log-rate)
babyview,babyview,babyview,S00420001,10.874966631758353,head-cam transcript,950.1915708812259,6.856663617824426,adult tokens (study-specific log-rate)
babyview,babyview,babyview,S00420001,10.874966631758353,head-cam transcript,747.3686395814733,6.616558556820615,adult tokens (study-specific log-rate)
babyview,babyview,babyview,S00420001,10.874966631758353,head-cam transcript,796.9348659003833,6.680772951360762,adult tokens (study-specific log-rate)
babyview,babyview,babyview,S00420001,10.874966631758353,head-cam transcript,737.6386217804696,6.603454032287611,adult tokens (study-specific log-rate)
babyview,babyview,babyview,S00420001,10.874966631758353,head-cam transcript,1619.41251596424,7.389818717988505,adult tokens (study-specific log-rate)
babyview,babyview,babyview,S00420001,10.907821515842214,head-cam transcript,1098.339719029374,7.001554972238887,adult tokens (study-specific log-rate)
babyview,babyview,babyview,S00420001,10.907821515842214,head-cam transcript,829.5528191834088,6.720886783532639,adult tokens (study-specific log-rate)
babyview,babyview,babyview,S00420001,10.907821515842214,head-cam transcript,1062.5798212005109,6.968455023812543,adult tokens (study-specific log-rate)
babyview,babyview,babyview,S00420001,10.907821515842214,head-cam transcript,2855.6832694763734,7.957066417266324,adult tokens (study-specific log-rate)
babyview,babyview,babyview,S00420001,10.907821515842214,head-cam transcript,699.1139701420078,6.549813776356484,adult tokens (study-specific log-rate)
babyview,babyview,babyview,S00420001,10.907821515842214,head-cam transcript,364.99466382070455,5.8998827338063204,adult tokens (study-specific log-rate)
babyview,babyview,babyview,S00420001,10.907821515842214,head-cam transcript,975.7343550447001,6.883190372157855,adult tokens (study-specific log-rate)
babyview,babyview,babyview,S00420001,10.907821515842214,head-cam transcript,1874.8403575989778,7.5362787921657945,adult tokens (study-specific log-rate)
babyview,babyview,babyview,S00420001,11.104950820345389,head-cam transcript,1026.5311182742373,6.933940550928129,adult tokens (study-specific log-rate)
babyview,babyview,babyview,S00420001,11.104950820345389,head-cam transcript,628.3524904214559,6.443101299483642,adult tokens (study-specific log-rate)
babyview,babyview,babyview,S00420001,11.104950820345389,head-cam transcript,1006.3856960408687,6.914120672849213,adult tokens (study-specific log-rate)
babyview,babyview,babyview,S00420001,11.104950820345389,head-cam transcript,1266.922094508301,7.144345690276206,adult tokens (study-specific log-rate)
babyview,babyview,babyview,S00420001,11.104950820345389,head-cam transcript,856.3782337198928,6.752712140371859,adult tokens (study-specific log-rate)
babyview,babyview,babyview,S00420001,11.13780570442925,head-cam transcript,1072.7969348659003,6.978024474828693,adult tokens (study-specific log-rate)
babyview,babyview,babyview,S00420001,11.13780570442925,head-cam transcript,2236.302646291465,7.712579176766705,adult tokens (study-specific log-rate)
babyview,babyview,babyview,S00420001,11.13780570442925,head-cam transcript,817.3690932311621,6.706090759345051,adult tokens (study-specific log-rate)
babyview,babyview,babyview,S00420001,11.13780570442925,head-cam transcript,899.1060025542782,6.801400939149376,adult tokens (study-specific log-rate)
babyview,babyview,babyview,S00420001,11.13780570442925,head-cam transcript,355.41244551101937,5.873278933427681,adult tokens (study-specific log-rate)
babyview,babyview,babyview,S00420001,11.13780570442925,head-cam transcript,1226.2902514336124,7.111748835159291,adult tokens (study-specific log-rate)
babyview,babyview,babyview,S00420001,11.13780570442925,head-cam transcript,1665.3895274584934,7.4178143254779325,adult tokens (study-specific log-rate)
babyview,babyview,babyview,S00420001,11.367789893016283,head-cam transcript,1779.8705120659208,7.4842958946096285,adult tokens (study-specific log-rate)
babyview,babyview,babyview,S00420001,11.367789893016283,head-cam transcript,1098.339719029374,7.001554972238887,adult tokens (study-specific log-rate)
babyview,babyview,babyview,S00420001,11.367789893016283,head-cam transcript,1782.8863346104727,7.485988866313652,adult tokens (study-specific log-rate)
babyview,babyview,babyview,S00420001,11.367789893016283,head-cam transcript,449.4813676527085,6.108094401779374,adult tokens (study-specific log-rate)
babyview,babyview,babyview,S00420001,11.367789893016283,head-cam transcript,868.4546615581095,6.766715381161486,adult tokens (study-specific log-rate)
babyview,babyview,babyview,S00420001,11.367789893016283,head-cam transcript,541.507024265645,6.294356038223292,adult tokens (study-specific log-rate)
babyview,babyview,babyview,S00420001,11.367789893016283,head-cam transcript,1071.3544189909335,6.976678939132244,adult tokens (study-specific log-rate)
babyview,babyview,babyview,S00420001,11.564919197519457,head-cam transcript,1108.5568326947632,7.010814297651684,adult tokens (study-specific log-rate)
babyview,babyview,babyview,S00420001,11.564919197519457,head-cam transcript,1420.1787994891445,7.258538057801862,adult tokens (study-specific log-rate)
babyview,babyview,babyview,S00420001,11.564919197519457,head-cam transcript,1088.1226053639843,6.992209109820649,adult tokens (study-specific log-rate)
babyview,babyview,babyview,S00420001,11.564919197519457,head-cam transcript,1031.928480204342,6.939184641512429,adult tokens (study-specific log-rate)
babyview,babyview,babyview,S00420001,11.564919197519457,head-cam transcript,1159.6424010217108,7.055866961592627,adult tokens (study-specific log-rate)
babyview,babyview,babyview,S00420001,11.564919197519457,head-cam transcript,1343.5504469987234,7.2030709762889895,adult tokens (study-specific log-rate)
babyview,babyview,babyview,S00420001,11.564919197519457,head-cam transcript,1476.3729246487874,7.297343632223657,adult tokens (study-specific log-rate)
babyview,babyview,babyview,S00420001,11.564919197519457,head-cam transcript,1548.9715040573694,7.345346443899926,adult tokens (study-specific log-rate)
babyview,babyview,babyview,S00420001,11.564919197519457,head-cam transcript,592.5925925925926,6.384507135217589,adult tokens (study-specific log-rate)
babyview,babyview,babyview,S00420001,11.564919197519457,head-cam transcript,1215.8365261813533,7.103187617782699,adult tokens (study-specific log-rate)
babyview,babyview,babyview,S00420001,11.564919197519457,head-cam transcript,762.1138466363492,6.636095949561405,adult tokens (study-specific log-rate)
babyview,babyview,babyview,S00420001,11.564919197519457,head-cam transcript,518.2077118618113,6.250376150035435,adult tokens (study-specific log-rate)
babyview,babyview,babyview,S00420001,11.762048502022628,head-cam transcript,858.2375478927204,6.7548809235144835,adult tokens (study-specific log-rate)
babyview,babyview,babyview,S00420001,11.762048502022628,head-cam transcript,378.0332056194124,5.934982037315394,adult tokens (study-specific log-rate)
babyview,babyview,babyview,S00420001,11.762048502022628,head-cam transcript,383.77124223991973,5.950046651740537,adult tokens (study-specific log-rate)
babyview,babyview,babyview,S00420001,11.79490338610649,head-cam transcript,1266.922094508301,7.144345690276206,adult tokens (study-specific log-rate)
babyview,babyview,babyview,S00420001,11.79490338610649,head-cam transcript,808.7749438350734,6.695520687793987,adult tokens (study-specific log-rate)
babyview,babyview,babyview,S00420001,11.79490338610649,head-cam transcript,960.4086845466159,6.867358906941174,adult tokens (study-specific log-rate)
babyview,babyview,babyview,S00420001,11.79490338610649,head-cam transcript,536.3984674329502,6.284877294268748,adult tokens (study-specific log-rate)
babyview,babyview,babyview,S00420001,11.827758270190351,head-cam transcript,1512.13282247765,7.321276398435285,adult tokens (study-specific log-rate)
babyview,babyview,babyview,S00420001,11.827758270190351,head-cam transcript,1455.9386973180071,7.283406124379875,adult tokens (study-specific log-rate)
babyview,babyview,babyview,S00420001,11.827758270190351,head-cam transcript,1139.2081736909327,7.038088715571344,adult tokens (study-specific log-rate)
babyview,babyview,babyview,S00420001,11.827758270190351,head-cam transcript,1027.6516714816346,6.935031547624365,adult tokens (study-specific log-rate)
babyview,babyview,babyview,S00420001,12.057742458777389,head-cam transcript,2244.1457068516906,7.716080196286702,adult tokens (study-specific log-rate)
babyview,babyview,babyview,S00420001,12.057742458777389,head-cam transcript,607.9182630906766,6.4100404372227535,adult tokens (study-specific log-rate)
babyview,babyview,babyview,S00420001,12.057742458777389,head-cam transcript,1278.4250202479598,7.153384146353625,adult tokens (study-specific log-rate)
babyview,babyview,babyview,S00420001,12.057742458777389,head-cam transcript,438.8816644993496,6.084229819789077,adult tokens (study-specific log-rate)
babyview,babyview,babyview,S00420001,12.057742458777389,head-cam transcript,1365.7155303855366,7.219433768359881,adult tokens (study-specific log-rate)
babyview,babyview,babyview,S00420001,12.057742458777389,head-cam transcript,1767.560664112388,7.477355719168949,adult tokens (study-specific log-rate)
babyview,babyview,babyview,S00420001,12.222016879196698,head-cam transcript,1575.8058097890969,7.362522045687071,adult tokens (study-specific log-rate)
babyview,babyview,babyview,S00420001,12.222016879196698,head-cam transcript,802.0434227330778,6.6871627494595325,adult tokens (study-specific log-rate)
babyview,babyview,babyview,S00420001,12.222016879196698,head-cam transcript,743.6964088632312,6.61163289895379,adult tokens (study-specific log-rate)
babyview,babyview,babyview,S00420001,12.222016879196698,head-cam transcript,1144.316730523627,7.042562995966264,adult tokens (study-specific log-rate)
babyview,babyview,babyview,S00420001,12.222016879196698,head-cam transcript,694.7637292464876,6.543571829847276,adult tokens (study-specific log-rate)
babyview,babyview,babyview,S00420001,12.287726647364424,head-cam transcript,480.2043422733079,6.174211726381229,adult tokens (study-specific log-rate)
babyview,babyview,babyview,S00420001,12.287726647364424,head-cam transcript,1015.7897736989113,6.923421691077753,adult tokens (study-specific log-rate)
babyview,babyview,babyview,S00420001,12.452001067783732,head-cam transcript,2326.674500587543,7.752195274097343,adult tokens (study-specific log-rate)
babyview,babyview,babyview,S00420001,12.452001067783732,head-cam transcript,1427.8902423165284,7.263953278822683,adult tokens (study-specific log-rate)
babyview,babyview,babyview,S00420001,12.452001067783732,head-cam transcript,1556.5053175628661,7.35019840623488,adult tokens (study-specific log-rate)
babyview,babyview,babyview,S00420001,12.452001067783732,head-cam transcript,1031.928480204342,6.939184641512429,adult tokens (study-specific log-rate)
babyview,babyview,babyview,S00420001,12.452001067783732,head-cam transcript,1578.5440613026815,7.36425822100897,adult tokens (study-specific log-rate)
babyview,babyview,babyview,S00420001,12.452001067783732,head-cam transcript,1144.316730523627,7.042562995966264,adult tokens (study-specific log-rate)
babyview,babyview,babyview,S00420001,12.517710835951457,head-cam transcript,812.2605363984676,6.699821146331456,adult tokens (study-specific log-rate)
babyview,babyview,babyview,S00420001,12.517710835951457,head-cam transcript,1701.1494252873567,7.439059434091669,adult tokens (study-specific log-rate)
babyview,babyview,babyview,S00420001,12.517710835951457,head-cam transcript,956.2551227953006,6.863024742297952,adult tokens (study-specific log-rate)
babyview,babyview,babyview,S00420001,12.55056572003532,head-cam transcript,312.3467501603229,5.744113949404334,adult tokens (study-specific log-rate)
babyview,babyview,babyview,S00420001,12.55056572003532,head-cam transcript,403.57598978288644,6.000364796578246,adult tokens (study-specific log-rate)
babyview,babyview,babyview,S00420001,12.55056572003532,head-cam transcript,293.1198262993621,5.680581488893348,adult tokens (study-specific log-rate)
babyview,babyview,babyview,S00420001,12.55056572003532,head-cam transcript,197.61059089441395,5.28629838152126,adult tokens (study-specific log-rate)
babyview,babyview,babyview,S00420001,12.55056572003532,head-cam transcript,1399.7445721583647,7.244045050499294,adult tokens (study-specific log-rate)
babyview,babyview,babyview,S00420001,12.681985256370767,head-cam transcript,567.0498084291188,6.340447145423559,adult tokens (study-specific log-rate)
babyview,babyview,babyview,S00420001,12.681985256370767,head-cam transcript,1295.65449213543,7.166771245794789,adult tokens (study-specific log-rate)
babyview,babyview,babyview,S00420001,12.681985256370767,head-cam transcript,1103.4482758620686,7.006195351795389,adult tokens (study-specific log-rate)
babyview,babyview,babyview,S00420001,12.681985256370767,head-cam transcript,1174.968071519795,7.0689962530344195,adult tokens (study-specific log-rate)
babyview,babyview,babyview,S00420001,12.71484014045463,head-cam transcript,418.9016602809704,6.037636191375477,adult tokens (study-specific log-rate)
babyview,babyview,babyview,S00420001,12.71484014045463,head-cam transcript,1108.5568326947632,7.010814297651684,adult tokens (study-specific log-rate)
babyview,babyview,babyview,S00420001,12.71484014045463,head-cam transcript,1762.452107279693,7.474461361142584,adult tokens (study-specific log-rate)
babyview,babyview,babyview,S00420001,12.71484014045463,head-cam transcript,968.9629068887205,6.876226331373474,adult tokens (study-specific log-rate)
babyview,babyview,babyview,S00420001,12.71484014045463,head-cam transcript,744.4567839773293,6.612654803397401,adult tokens (study-specific log-rate)
babyview,babyview,babyview,S00420001,12.74769502453849,head-cam transcript,480.2043422733079,6.174211726381229,adult tokens (study-specific log-rate)
babyview,babyview,babyview,S00420001,12.74769502453849,head-cam transcript,1409.800587416912,7.251203546006529,adult tokens (study-specific log-rate)
babyview,babyview,babyview,S00420001,12.944824329041664,head-cam transcript,342.27330779054915,5.8356095635021905,adult tokens (study-specific log-rate)
babyview,babyview,babyview,S00420001,12.944824329041664,head-cam transcript,924.6487867177519,6.82941397537705,adult tokens (study-specific log-rate)
babyview,babyview,babyview,S00420001,12.944824329041664,head-cam transcript,578.3875839465312,6.360244204408294,adult tokens (study-specific log-rate)
babyview,babyview,babyview,S00420001,12.944824329041664,head-cam transcript,1169.8595146871005,7.064638947665464,adult tokens (study-specific log-rate)
babyview,babyview,babyview,S00420001,12.944824329041664,head-cam transcript,1199.738374809232,7.089858791013754,adult tokens (study-specific log-rate)
babyview,babyview,babyview,S00420001,12.977679213125526,head-cam transcript,1200.5108556832697,7.090502458255384,adult tokens (study-specific log-rate)
babyview,babyview,babyview,S00420001,12.977679213125526,head-cam transcript,758.6999686487616,6.631606401021716,adult tokens (study-specific log-rate)
babyview,babyview,babyview,S00420001,12.977679213125526,head-cam transcript,506.87750460305443,6.228269366121202,adult tokens (study-specific log-rate)
babyview,babyview,babyview,S00420001,12.977679213125526,head-cam transcript,1113.6653895274585,7.015412006900314,adult tokens (study-specific log-rate)
babyview,babyview,babyview,S00420001,13.437647590299596,head-cam transcript,2739.9787813090998,7.915705455304357,adult tokens (study-specific log-rate)
babyview,babyview,babyview,S00420001,13.437647590299596,head-cam transcript,3100.8939974457226,8.039445735170723,adult tokens (study-specific log-rate)
babyview,babyview,babyview,S00420001,13.437647590299596,head-cam transcript,1404.8578930001004,7.247691432880299,adult tokens (study-specific log-rate)
babyview,babyview,babyview,S00420001,13.437647590299596,head-cam transcript,4613.026819923372,8.43663949752821,adult tokens (study-specific log-rate)
babyview,babyview,babyview,S00420001,13.437647590299596,head-cam transcript,769.0116775847339,6.645106154806125,adult tokens (study-specific log-rate)
babyview,babyview,babyview,S00420001,13.437647590299596,head-cam transcript,3080.459770114944,8.03283414083841,adult tokens (study-specific log-rate)
babyview,babyview,babyview,S00420001,13.437647590299596,head-cam transcript,1604.0868454661556,7.380309930019478,adult tokens (study-specific log-rate)
babyview,babyview,babyview,S00420001,13.437647590299596,head-cam transcript,2247.765006385696,7.717691671023531,adult tokens (study-specific log-rate)
babyview,babyview,babyview,S00420001,13.437647590299596,head-cam transcript,2411.238825031928,7.78789592969678,adult tokens (study-specific log-rate)
babyview,babyview,babyview,S00420001,13.437647590299596,head-cam transcript,895.4795503468068,6.7973593852230545,adult tokens (study-specific log-rate)
babyview,babyview,babyview,S00420001,13.66763177888663,head-cam transcript,853.1289910600252,6.748910756527979,adult tokens (study-specific log-rate)
babyview,babyview,babyview,S00420001,13.66763177888663,head-cam transcript,411.9876975895858,6.020993488684249,adult tokens (study-specific log-rate)
babyview,babyview,babyview,S00420001,13.66763177888663,head-cam transcript,307.53272111541634,5.728581491716851,adult tokens (study-specific log-rate)
babyview,babyview,babyview,S00420001,13.66763177888663,head-cam transcript,559.3970942428715,6.326859586336906,adult tokens (study-specific log-rate)
babyview,babyview,babyview,S00420001,13.66763177888663,head-cam transcript,842.9118773946359,6.736862418011805,adult tokens (study-specific log-rate)
babyview,babyview,babyview,S00420001,13.83190619930594,head-cam transcript,1933.3748443337483,7.567022378843009,adult tokens (study-specific log-rate)
babyview,babyview,babyview,S00420001,13.83190619930594,head-cam transcript,469.98722860791844,6.152705521160265,adult tokens (study-specific log-rate)
babyview,babyview,babyview,S00420001,13.83190619930594,head-cam transcript,1879.9489144316724,7.538999882280155,adult tokens (study-specific log-rate)
babyview,babyview,babyview,S00420001,13.83190619930594,head-cam transcript,822.4776500638573,6.712321309095688,adult tokens (study-specific log-rate)
babyview,babyview,babyview,S00420001,13.83190619930594,head-cam transcript,1506.8849051701734,7.317799822232901,adult tokens (study-specific log-rate)
babyview,babyview,babyview,S00420001,13.864761083389803,head-cam transcript,883.7803320561939,6.784208538609003,adult tokens (study-specific log-rate)
babyview,babyview,babyview,S00420001,13.864761083389803,head-cam transcript,2156.5119504693753,7.676247357676705,adult tokens (study-specific log-rate)
babyview,babyview,babyview,S00420001,13.864761083389803,head-cam transcript,1246.4878671775218,7.128085169404426,adult tokens (study-specific log-rate)
babyview,babyview,babyview,S00420001,13.864761083389803,head-cam transcript,1242.8778367938191,7.125184805742625,adult tokens (study-specific log-rate)
babyview,babyview,babyview,S00420001,13.897615967473664,head-cam transcript,776.5006385696043,6.654797464957501,adult tokens (study-specific log-rate)
babyview,babyview,babyview,S00420001,13.897615967473664,head-cam transcript,916.613621896881,6.820686033296562,adult tokens (study-specific log-rate)
babyview,babyview,babyview,S00420001,13.897615967473664,head-cam transcript,786.7177522349933,6.667869546524853,adult tokens (study-specific log-rate)
babyview,babyview,babyview,S00420001,13.897615967473664,head-cam transcript,978.6235017916721,6.886146994294907,adult tokens (study-specific log-rate)
babyview,babyview,babyview,S00420001,14.29187457648001,head-cam transcript,1108.5568326947632,7.010814297651684,adult tokens (study-specific log-rate)
babyview,babyview,babyview,S00420001,14.29187457648001,head-cam transcript,515.964240102171,6.246037460952484,adult tokens (study-specific log-rate)
babyview,babyview,babyview,S00420001,14.29187457648001,head-cam transcript,1804.4906273603258,7.498033630032405,adult tokens (study-specific log-rate)
babyview,babyview,babyview,S00420001,14.29187457648001,head-cam transcript,1588.7611749680716,7.370709856290459,adult tokens (study-specific log-rate)
babyview,babyview,babyview,S00420001,14.357584344647734,head-cam transcript,613.0268199233717,6.418408686893271,adult tokens (study-specific log-rate)
babyview,babyview,babyview,S00420001,14.357584344647734,head-cam transcript,1634.1847233991036,7.398899318846152,adult tokens (study-specific log-rate)
babyview,babyview,babyview,S00420001,14.587568533234768,head-cam transcript,1691.0229645093941,7.433088929237706,adult tokens (study-specific log-rate)
babyview,babyview,babyview,S00420001,14.587568533234768,head-cam transcript,822.4776500638573,6.712321309095688,adult tokens (study-specific log-rate)
babyview,babyview,babyview,S00420001,14.587568533234768,head-cam transcript,913.8905760874646,6.8177108444703824,adult tokens (study-specific log-rate)
babyview,babyview,babyview,S00420001,14.587568533234768,head-cam transcript,1430.3959131545337,7.265706547280474,adult tokens (study-specific log-rate)
babyview,babyview,babyview,S00420001,14.587568533234768,head-cam transcript,1476.3729246487874,7.297343632223657,adult tokens (study-specific log-rate)
babyview,babyview,babyview,S00420001,14.587568533234768,head-cam transcript,1177.5581312664442,7.07119819305114,adult tokens (study-specific log-rate)
babyview,babyview,babyview,S00420001,14.587568533234768,head-cam transcript,691.8381189238074,6.539351996060237,adult tokens (study-specific log-rate)
babyview,babyview,babyview,S00420001,14.587568533234768,head-cam transcript,791.8263090676887,6.674342061030472,adult tokens (study-specific log-rate)
babyview,babyview,babyview,S00420001,14.587568533234768,head-cam transcript,1609.195402298851,7.383489582936858,adult tokens (study-specific log-rate)
babyview,babyview,babyview,S00420001,15.047536910408835,head-cam transcript,675.6977313530278,6.515745833075843,adult tokens (study-specific log-rate)
babyview,babyview,babyview,S00420001,15.047536910408835,head-cam transcript,1180.0766283524904,7.073334654633018,adult tokens (study-specific log-rate)
babyview,babyview,babyview,S00420001,15.047536910408835,head-cam transcript,944.5958219800182,6.850757134394875,adult tokens (study-specific log-rate)
babyview,babyview,babyview,S00420001,15.047536910408835,head-cam transcript,1450.8301404853123,7.27989118227243,adult tokens (study-specific log-rate)
babyview,babyview,babyview,S00420001,15.047536910408835,head-cam transcript,1650.0638569604089,7.408569267333881,adult tokens (study-specific log-rate)
babyview,babyview,babyview,S00420001,15.047536910408835,head-cam transcript,1593.8697318007669,7.373920131920707,adult tokens (study-specific log-rate)
babyview,babyview,babyview,S00420001,15.047536910408835,head-cam transcript,2348.179398166167,7.761395582699728,adult tokens (study-specific log-rate)
babyview,babyview,babyview,S00420001,15.047536910408835,head-cam transcript,2142.310635042081,7.66964026152121,adult tokens (study-specific log-rate)
babyview,babyview,babyview,S00420001,15.277521098995871,head-cam transcript,1278.7970754586836,7.15367513024116,adult tokens (study-specific log-rate)
babyview,babyview,babyview,S00420001,15.277521098995871,head-cam transcript,1074.626865671642,6.979728778607226,adult tokens (study-specific log-rate)
babyview,babyview,babyview,S00420001,15.277521098995871,head-cam transcript,1006.3856960408687,6.914120672849213,adult tokens (study-specific log-rate)
babyview,babyview,babyview,S00420001,15.967473664756977,head-cam transcript,1946.360153256704,7.573716319237925,adult tokens (study-specific log-rate)
babyview,babyview,babyview,S00420001,15.967473664756977,head-cam transcript,1031.928480204342,6.939184641512429,adult tokens (study-specific log-rate)
babyview,babyview,babyview,S00420001,15.967473664756977,head-cam transcript,1016.6028097062581,6.924221768835717,adult tokens (study-specific log-rate)
babyview,babyview,babyview,S00420001,16.197457853344012,head-cam transcript,408.68454661558104,6.012943578785106,adult tokens (study-specific log-rate)
babyview,babyview,babyview,S00420001,16.197457853344012,head-cam transcript,1113.4020618556701,7.015175527602974,adult tokens (study-specific log-rate)
babyview,babyview,babyview,S00420001,16.197457853344012,head-cam transcript,1072.7969348659003,6.978024474828693,adult tokens (study-specific log-rate)
babyview,babyview,babyview,S00420001,16.427442041931045,head-cam transcript,781.6091954022988,6.66135486550366,adult tokens (study-specific log-rate)
babyview,babyview,babyview,S00420001,16.427442041931045,head-cam transcript,1205.6194125159639,7.094748749136834,adult tokens (study-specific log-rate)
babyview,babyview,babyview,S00420001,16.427442041931045,head-cam transcript,1112.0184626309256,7.013932077758063,adult tokens (study-specific log-rate)
babyview,babyview,babyview,S00420001,16.65742623051808,head-cam transcript,1062.5798212005109,6.968455023812543,adult tokens (study-specific log-rate)
babyview,babyview,babyview,S00420001,16.65742623051808,head-cam transcript,561.9412515964239,6.3313973099036405,adult tokens (study-specific log-rate)
babyview,babyview,babyview,S00420001,16.65742623051808,head-cam transcript,1083.01404853129,6.987503218783237,adult tokens (study-specific log-rate)
babyview,babyview,babyview,S00420001,17.117394607692148,head-cam transcript,1981.2618751228467,7.591489231360485,adult tokens (study-specific log-rate)
babyview,babyview,babyview,S00420001,17.117394607692148,head-cam transcript,2242.656449553,7.715416357186395,adult tokens (study-specific log-rate)
babyview,babyview,babyview,S00420001,17.117394607692148,head-cam transcript,1210.7279693486585,7.098977085246355,adult tokens (study-specific log-rate)
babyview,babyview,babyview,S00420001,17.314523912195323,head-cam transcript,1180.0766283524904,7.073334654633018,adult tokens (study-specific log-rate)
babyview,babyview,babyview,S00420001,17.314523912195323,head-cam transcript,807.1519795657729,6.693511977138192,adult tokens (study-specific log-rate)
babyview,babyview,babyview,S00420001,17.314523912195323,head-cam transcript,1001.2771392081735,6.909031603341742,adult tokens (study-specific log-rate)
babyview,babyview,babyview,S00420001,17.77449228936939,head-cam transcript,2413.505986390652,7.7888357354747875,adult tokens (study-specific log-rate)
babyview,babyview,babyview,S00420001,17.77449228936939,head-cam transcript,1026.8199233716477,6.9342218521703005,adult tokens (study-specific log-rate)
babyview,babyview,babyview,S00420001,17.77449228936939,head-cam transcript,1114.4760751059962,7.01613968566504,adult tokens (study-specific log-rate)
babyview,babyview,babyview,S00420001,17.77449228936939,head-cam transcript,1062.5798212005109,6.968455023812543,adult tokens (study-specific log-rate)
babyview,babyview,babyview,S00420001,18.004476477956427,head-cam transcript,1752.2349936143037,7.468647391277164,adult tokens (study-specific log-rate)
babyview,babyview,babyview,S00420001,18.004476477956427,head-cam transcript,1598.978288633461,7.377120134651378,adult tokens (study-specific log-rate)
babyview,babyview,babyview,S00420001,18.004476477956427,head-cam transcript,2339.719029374201,7.757786128225409,adult tokens (study-specific log-rate)
babyview,babyview,babyview,S00420001,18.957268116388427,head-cam transcript,1011.4942528735634,6.91918397480576,adult tokens (study-specific log-rate)
babyview,babyview,babyview,S00420001,18.957268116388427,head-cam transcript,536.3984674329502,6.284877294268748,adult tokens (study-specific log-rate)
babyview,babyview,babyview,S00420001,18.957268116388427,head-cam transcript,933.5219236209336,6.838964448106036,adult tokens (study-specific log-rate)
babyview,babyview,babyview,S00420001,19.877204870736566,head-cam transcript,576.4782634481942,6.3569376346586415,adult tokens (study-specific log-rate)
babyview,babyview,babyview,S00420001,19.877204870736566,head-cam transcript,1672.7534591841984,7.422226325623244,adult tokens (study-specific log-rate)
babyview,babyview,babyview,S00420001,20.304318363826773,head-cam transcript,2406.1302681992343,7.7857750381276425,adult tokens (study-specific log-rate)
babyview,babyview,babyview,S00420001,20.797141625084706,head-cam transcript,2276.2211753037445,7.730271967723305,adult tokens (study-specific log-rate)
babyview,babyview,babyview,S00420001,20.797141625084706,head-cam transcript,1323.1162196679436,7.187745005810762,adult tokens (study-specific log-rate)
babyview,babyview,babyview,S00420001,20.797141625084706,head-cam transcript,2733.0779054916984,7.913183691007231,adult tokens (study-specific log-rate)
babyview,babyview,babyview,S00420001,21.48709419084581,head-cam transcript,546.6155810983396,6.303745778573131,adult tokens (study-specific log-rate)
babyview,babyview,babyview,S00420001,21.68422349534898,head-cam transcript,3276.5836414611367,8.094556585839102,adult tokens (study-specific log-rate)
babyview,babyview,babyview,S00420001,23.326967699542084,head-cam transcript,1685.823754789272,7.4300095985717505,adult tokens (study-specific log-rate)
babyview,babyview,babyview,S00420001,23.326967699542084,head-cam transcript,1185.1851851851854,7.077654315777535,adult tokens (study-specific log-rate)
babyview,babyview,babyview,S00420001,23.326967699542084,head-cam transcript,536.3984674329502,6.284877294268748,adult tokens (study-specific log-rate)
babyview,babyview,babyview,S00420001,23.326967699542084,head-cam transcript,1928.342816500711,7.564416268752611,adult tokens (study-specific log-rate)
babyview,babyview,babyview,S00420001,23.58980677221298,head-cam transcript,1366.5214685749843,7.220023715874046,adult tokens (study-specific log-rate)
babyview,babyview,babyview,S00420001,23.58980677221298,head-cam transcript,1180.0766283524904,7.073334654633018,adult tokens (study-specific log-rate)
babyview,babyview,babyview,S00420001,23.58980677221298,head-cam transcript,592.5925925925926,6.384507135217589,adult tokens (study-specific log-rate)
babyview,babyview,babyview,S00420001,23.58980677221298,head-cam transcript,500.6385696040867,6.215884422781796,adult tokens (study-specific log-rate)
babyview,babyview,babyview,S00430001,10.940676399926076,head-cam transcript,1711.423639604969,7.44508084091004,adult tokens (study-specific log-rate)
babyview,babyview,babyview,S00430001,10.940676399926076,head-cam transcript,1834.3182071579888,7.514428142214449,adult tokens (study-specific log-rate)
babyview,babyview,babyview,S00430001,11.663483849771042,head-cam transcript,3149.8729889923784,8.055117410051967,adult tokens (study-specific log-rate)
babyview,babyview,babyview,S00430001,11.827758270190351,head-cam transcript,1603.0018761726085,7.379633323022223,adult tokens (study-specific log-rate)
babyview,babyview,babyview,S00430001,11.827758270190351,head-cam transcript,3450.299700299698,8.146216375904542,adult tokens (study-specific log-rate)
babyview,babyview,babyview,S00430001,11.893468038358076,head-cam transcript,1866.186966865897,7.531652572993463,adult tokens (study-specific log-rate)
babyview,babyview,babyview,S00430001,11.92632292244194,head-cam transcript,1685.8207644728886,7.430007824768868,adult tokens (study-specific log-rate)
babyview,babyview,babyview,S00430001,11.92632292244194,head-cam transcript,1280.4243967868824,7.154946861949548,adult tokens (study-specific log-rate)
babyview,babyview,babyview,S00430001,11.9591778065258,head-cam transcript,346.41104032935857,5.847626047800941,adult tokens (study-specific log-rate)
babyview,babyview,babyview,S00430001,12.123452226945112,head-cam transcript,1185.1944753633184,7.077662154334613,adult tokens (study-specific log-rate)
babyview,babyview,babyview,S00430001,12.189161995112835,head-cam transcript,654.7346614313591,6.484230056509915,adult tokens (study-specific log-rate)
babyview,babyview,babyview,S00430001,12.189161995112835,head-cam transcript,727.3988639812683,6.58947497079922,adult tokens (study-specific log-rate)
babyview,babyview,babyview,S00430001,12.320581531448283,head-cam transcript,1491.5738183172468,7.307587095400042,adult tokens (study-specific log-rate)
babyview,babyview,babyview,S00430001,12.353436415532146,head-cam transcript,2301.6539126141697,7.7413832359350945,adult tokens (study-specific log-rate)
babyview,babyview,babyview,S00430001,12.353436415532146,head-cam transcript,1384.7697625153307,7.233289168351604,adult tokens (study-specific log-rate)
babyview,babyview,babyview,S00430001,12.419146183699873,head-cam transcript,309.0645556918274,5.733550173173928,adult tokens (study-specific log-rate)
babyview,babyview,babyview,S00430001,12.419146183699873,head-cam transcript,56.00028718095988,4.025356818953426,adult tokens (study-specific log-rate)
babyview,babyview,babyview,S00430001,12.517710835951457,head-cam transcript,1527.7750678035557,7.331567751955616,adult tokens (study-specific log-rate)
babyview,babyview,babyview,S00430001,12.517710835951457,head-cam transcript,2645.2394936455776,7.880516885995107,adult tokens (study-specific log-rate)
babyview,babyview,babyview,S00430001,12.517710835951457,head-cam transcript,1543.0267062314538,7.341501160205248,adult tokens (study-specific log-rate)
babyview,babyview,babyview,S00430001,12.583420604119182,head-cam transcript,1254.995004995005,7.134886871474302,adult tokens (study-specific log-rate)
babyview,babyview,babyview,S00430001,12.649130372286905,head-cam transcript,755.4049637949122,6.627253981338197,adult tokens (study-specific log-rate)
babyview,babyview,babyview,S00430001,12.649130372286905,head-cam transcript,1275.1702028024924,7.1508349410773215,adult tokens (study-specific log-rate)
babyview,babyview,babyview,S00430001,12.649130372286905,head-cam transcript,1416.8803657040924,7.256212808253541,adult tokens (study-specific log-rate)
babyview,babyview,babyview,S00430001,12.649130372286905,head-cam transcript,1091.0935650454624,6.994935742967429,adult tokens (study-specific log-rate)
babyview,babyview,babyview,S00430001,12.780549908622351,head-cam transcript,946.4899822767875,6.852760386628008,adult tokens (study-specific log-rate)
babyview,babyview,babyview,S00430001,12.780549908622351,head-cam transcript,985.2647352647356,6.892910371827001,adult tokens (study-specific log-rate)
babyview,babyview,babyview,S00430001,12.780549908622351,head-cam transcript,1613.0898272870006,7.385906766151168,adult tokens (study-specific log-rate)
babyview,babyview,babyview,S00430001,13.010534097209389,head-cam transcript,73.66897598937081,4.299581760630298,adult tokens (study-specific log-rate)
babyview,babyview,babyview,S00430001,13.010534097209389,head-cam transcript,901.1715229798737,6.803695609057359,adult tokens (study-specific log-rate)
babyview,babyview,babyview,S00430001,13.010534097209389,head-cam transcript,1081.7349905367698,6.9863215038405055,adult tokens (study-specific log-rate)
babyview,babyview,babyview,S00430001,13.010534097209389,head-cam transcript,1966.7744453116293,7.5841501424249165,adult tokens (study-specific log-rate)
babyview,babyview,babyview,S00430001,13.109098749460976,head-cam transcript,535.4976604471146,6.2831965209653085,adult tokens (study-specific log-rate)
babyview,babyview,babyview,S00430001,13.273373169880283,head-cam transcript,1108.8911088911088,7.011115793973296,adult tokens (study-specific log-rate)
babyview,babyview,babyview,S00430001,13.273373169880283,head-cam transcript,1674.1127876591083,7.423038624920197,adult tokens (study-specific log-rate)
babyview,babyview,babyview,S00430001,13.273373169880283,head-cam transcript,592.1976874031914,6.383840510565626,adult tokens (study-specific log-rate)
babyview,babyview,babyview,S00430001,13.404792706215732,head-cam transcript,1646.914736500846,7.4066589598642025,adult tokens (study-specific log-rate)
babyview,babyview,babyview,S00430001,13.404792706215732,head-cam transcript,328.5184251287779,5.794592925023833,adult tokens (study-specific log-rate)
babyview,babyview,babyview,S00430001,13.601922010718903,head-cam transcript,1277.4725274725279,7.152638816932753,adult tokens (study-specific log-rate)
babyview,babyview,babyview,S00430001,13.601922010718903,head-cam transcript,1025.5342950427303,6.932969019218229,adult tokens (study-specific log-rate)
babyview,babyview,babyview,S00430001,13.601922010718903,head-cam transcript,1292.460646230323,7.164303158128188,adult tokens (study-specific log-rate)
babyview,babyview,babyview,S00430001,13.601922010718903,head-cam transcript,1616.5995664292352,7.388080189100546,adult tokens (study-specific log-rate)
babyview,babyview,babyview,S00430001,13.766196431138216,head-cam transcript,2437.4158553003854,7.798693681373736,adult tokens (study-specific log-rate)
babyview,babyview,babyview,S00430001,13.766196431138216,head-cam transcript,1666.7841782415571,7.418651407207564,adult tokens (study-specific log-rate)
babyview,babyview,babyview,S00430001,13.766196431138216,head-cam transcript,1273.7262737262733,7.149701957259443,adult tokens (study-specific log-rate)
babyview,babyview,babyview,S00430001,13.864761083389803,head-cam transcript,1273.7229600530718,7.1496993556977255,adult tokens (study-specific log-rate)
babyview,babyview,babyview,S00430001,13.864761083389803,head-cam transcript,1726.6922094508307,7.453962839594244,adult tokens (study-specific log-rate)
babyview,babyview,babyview,S00430001,13.864761083389803,head-cam transcript,1550.0084550645831,7.346015664778791,adult tokens (study-specific log-rate)
babyview,babyview,babyview,S00430001,13.864761083389803,head-cam transcript,1185.7191685051116,7.078104762737256,adult tokens (study-specific log-rate)
babyview,babyview,babyview,S00430001,13.864761083389803,head-cam transcript,376.9880227763596,5.9322134171193595,adult tokens (study-specific log-rate)
babyview,babyview,babyview,S00430001,14.061890387892976,head-cam transcript,944.606413994169,6.850768347608526,adult tokens (study-specific log-rate)
babyview,babyview,babyview,S00430001,14.061890387892976,head-cam transcript,1727.9550450719987,7.454693933442256,adult tokens (study-specific log-rate)
babyview,babyview,babyview,S00430001,14.061890387892976,head-cam transcript,2564.4955300127713,7.849517063802954,adult tokens (study-specific log-rate)
babyview,babyview,babyview,S00430001,14.061890387892976,head-cam transcript,825.6186736789024,6.716133012784132,adult tokens (study-specific log-rate)
babyview,babyview,babyview,S00430001,14.226164808312284,head-cam transcript,524.0746806419916,6.261634194475132,adult tokens (study-specific log-rate)
babyview,babyview,babyview,S00430001,14.226164808312284,head-cam transcript,2265.048089045784,7.725351269058544,adult tokens (study-specific log-rate)
babyview,babyview,babyview,S00430001,14.29187457648001,head-cam transcript,1236.2667050898744,7.119851395557355,adult tokens (study-specific log-rate)
babyview,babyview,babyview,S00430001,14.29187457648001,head-cam transcript,816.9734519649866,6.705606599797144,adult tokens (study-specific log-rate)
babyview,babyview,babyview,S00430001,14.45614899689932,head-cam transcript,555.0091704101434,6.318984636871447,adult tokens (study-specific log-rate)
babyview,babyview,babyview,S00430001,14.45614899689932,head-cam transcript,583.5524656892761,6.369134363175931,adult tokens (study-specific log-rate)
babyview,babyview,babyview,S00430001,14.521858765067044,head-cam transcript,1643.9256225497713,7.404842332834639,adult tokens (study-specific log-rate)
babyview,babyview,babyview,S00430001,14.521858765067044,head-cam transcript,1247.5024975024978,7.12889882962968,adult tokens (study-specific log-rate)
babyview,babyview,babyview,S00430001,14.521858765067044,head-cam transcript,463.22110229466006,6.138204482852027,adult tokens (study-specific log-rate)
babyview,babyview,babyview,S00430001,14.521858765067044,head-cam transcript,2341.408591408591,7.758507989385637,adult tokens (study-specific log-rate)
babyview,babyview,babyview,S00430001,14.718988069570218,head-cam transcript,1360.2611471822652,7.215431980283579,adult tokens (study-specific log-rate)
babyview,babyview,babyview,S00430001,14.718988069570218,head-cam transcript,875.6845350364866,6.775005906256315,adult tokens (study-specific log-rate)
babyview,babyview,babyview,S00430001,14.718988069570218,head-cam transcript,337.1628371628372,5.820566009979501,adult tokens (study-specific log-rate)
babyview,babyview,babyview,S00430001,14.718988069570218,head-cam transcript,1592.1578421578415,7.372845508573652,adult tokens (study-specific log-rate)
babyview,babyview,babyview,S00430001,14.817552721821803,head-cam transcript,24.444897127724587,3.1964214877061305,adult tokens (study-specific log-rate)
babyview,babyview,babyview,S00430001,14.981827142241114,head-cam transcript,683.6895300284873,6.527503911110065,adult tokens (study-specific log-rate)
babyview,babyview,babyview,S00430001,14.981827142241114,head-cam transcript,3567.9693659195846,8.179751907878172,adult tokens (study-specific log-rate)
babyview,babyview,babyview,S00430001,14.981827142241114,head-cam transcript,2848.600554735061,7.954583119240009,adult tokens (study-specific log-rate)
babyview,babyview,babyview,S00430001,14.981827142241114,head-cam transcript,1513.7265614329474,7.322329810970679,adult tokens (study-specific log-rate)
babyview,babyview,babyview,S00430001,15.474650403499044,head-cam transcript,2682.317682317683,7.894436506609882,adult tokens (study-specific log-rate)
babyview,babyview,babyview,S00430001,15.474650403499044,head-cam transcript,891.4870295944465,6.792890888228706,adult tokens (study-specific log-rate)
babyview,babyview,babyview,S00430001,15.868909012505387,head-cam transcript,1589.4748578436834,7.371158962574724,adult tokens (study-specific log-rate)
babyview,babyview,babyview,S00430001,15.868909012505387,head-cam transcript,1127.8849370052405,7.02809942065399,adult tokens (study-specific log-rate)
babyview,babyview,babyview,S00430001,15.868909012505387,head-cam transcript,1703.0520256326702,7.44017722959869,adult tokens (study-specific log-rate)
babyview,babyview,babyview,S00430001,15.868909012505387,head-cam transcript,667.9035250463825,6.504143739523296,adult tokens (study-specific log-rate)
babyview,babyview,babyview,S00430001,16.098893201092423,head-cam transcript,1095.7743338164787,6.999216546505203,adult tokens (study-specific log-rate)
babyview,babyview,babyview,S00430001,16.098893201092423,head-cam transcript,457.92221329069747,6.1266993297131,adult tokens (study-specific log-rate)
babyview,babyview,babyview,S00430001,16.098893201092423,head-cam transcript,2873.3766233766232,7.963243141016492,adult tokens (study-specific log-rate)
babyview,babyview,babyview,S00430001,16.230312737427873,head-cam transcript,1025.5342950427303,6.932969019218229,adult tokens (study-specific log-rate)
babyview,babyview,babyview,S00430001,16.230312737427873,head-cam transcript,907.1245400825064,6.81027975059253,adult tokens (study-specific log-rate)
babyview,babyview,babyview,S00430001,16.230312737427873,head-cam transcript,1510.3017495882407,7.320064744009181,adult tokens (study-specific log-rate)
babyview,babyview,babyview,S00430001,16.394587157847184,head-cam transcript,1630.1394674877736,7.396420853016449,adult tokens (study-specific log-rate)
babyview,babyview,babyview,S00430001,16.394587157847184,head-cam transcript,2261.7948150942416,7.723913943054301,adult tokens (study-specific log-rate)
babyview,babyview,babyview,S00430001,16.394587157847184,head-cam transcript,3114.728509309845,8.043897271503463,adult tokens (study-specific log-rate)
babyview,babyview,babyview,S00430001,16.394587157847184,head-cam transcript,1733.9725721931097,7.458170339564354,adult tokens (study-specific log-rate)
babyview,babyview,babyview,S00430001,16.62457134643422,head-cam transcript,886.1352256763083,6.78686956387591,adult tokens (study-specific log-rate)
babyview,babyview,babyview,S00430001,16.62457134643422,head-cam transcript,790.2284833466666,6.672322123071352,adult tokens (study-specific log-rate)
babyview,babyview,babyview,S00430001,16.62457134643422,head-cam transcript,3750.9268051562854,8.229758236470087,adult tokens (study-specific log-rate)
babyview,babyview,babyview,S00430001,16.62457134643422,head-cam transcript,1464.2107717416652,7.289071653927501,adult tokens (study-specific log-rate)
babyview,babyview,babyview,S00430001,16.69028111460194,head-cam transcript,1240.2720481659048,7.1230860282179895,adult tokens (study-specific log-rate)
babyview,babyview,babyview,S00430001,16.69028111460194,head-cam transcript,1176.0508417883823,7.069917360337311,adult tokens (study-specific log-rate)
babyview,babyview,babyview,S00430001,16.69028111460194,head-cam transcript,981.0151629937018,6.88858791611635,adult tokens (study-specific log-rate)
babyview,babyview,babyview,S00430001,16.82170065093739,head-cam transcript,899.0968892853164,6.801390803175284,adult tokens (study-specific log-rate)
babyview,babyview,babyview,S00430001,16.82170065093739,head-cam transcript,854.9448099007693,6.751036917029669,adult tokens (study-specific log-rate)
babyview,babyview,babyview,S00430001,16.82170065093739,head-cam transcript,1256.3273497602859,7.1359479418603975,adult tokens (study-specific log-rate)
babyview,babyview,babyview,S00430001,16.82170065093739,head-cam transcript,103.48296842811286,4.639407042914441,adult tokens (study-specific log-rate)
babyview,babyview,babyview,S00430001,17.051684839524427,head-cam transcript,97.06257982120052,4.575355923277665,adult tokens (study-specific log-rate)
babyview,babyview,babyview,S00430001,17.051684839524427,head-cam transcript,2769.5440660708236,7.926437988547452,adult tokens (study-specific log-rate)
babyview,babyview,babyview,S00430001,17.051684839524427,head-cam transcript,891.0692384881262,6.792422133192524,adult tokens (study-specific log-rate)
babyview,babyview,babyview,S00430001,17.051684839524427,head-cam transcript,239.15725538578334,5.477121307888078,adult tokens (study-specific log-rate)
babyview,babyview,babyview,S00430001,17.051684839524427,head-cam transcript,1231.9440942329163,7.116348765006152,adult tokens (study-specific log-rate)
babyview,babyview,babyview,S00430001,17.051684839524427,head-cam transcript,306.9053708439899,5.726539461778818,adult tokens (study-specific log-rate)
babyview,babyview,babyview,S00430001,17.051684839524427,head-cam transcript,877.4900039623934,6.777065563779289,adult tokens (study-specific log-rate)
babyview,babyview,babyview,S00430001,17.051684839524427,head-cam transcript,1315.868205054828,7.182251958735474,adult tokens (study-specific log-rate)
babyview,babyview,babyview,S00430001,17.248814144027598,head-cam transcript,1629.6203796203802,7.39610237073792,adult tokens (study-specific log-rate)
babyview,babyview,babyview,S00430001,17.248814144027598,head-cam transcript,985.5552753863332,6.893205213691942,adult tokens (study-specific log-rate)
babyview,babyview,babyview,S00430001,17.248814144027598,head-cam transcript,1949.4974964878782,7.57532692424018,adult tokens (study-specific log-rate)
babyview,babyview,babyview,S00430001,17.74163740528553,head-cam transcript,1236.25822276731,7.119844534293819,adult tokens (study-specific log-rate)
babyview,babyview,babyview,S00430001,17.74163740528553,head-cam transcript,822.834206712008,6.712754730458652,adult tokens (study-specific log-rate)
babyview,babyview,babyview,S00430001,17.971621593872563,head-cam transcript,1089.2979359533163,6.993288672248926,adult tokens (study-specific log-rate)
babyview,babyview,babyview,S00430001,17.971621593872563,head-cam transcript,1052.6973026973026,6.9591110089829815,adult tokens (study-specific log-rate)
babyview,babyview,babyview,S00430001,17.971621593872563,head-cam transcript,2944.459795523626,7.987680648198565,adult tokens (study-specific log-rate)
babyview,babyview,babyview,S00430001,17.971621593872563,head-cam transcript,1346.1498622361257,7.205003842963954,adult tokens (study-specific log-rate)
babyview,babyview,babyview,S00430001,18.004476477956427,head-cam transcript,1921.905289393519,7.561072311205529,adult tokens (study-specific log-rate)
babyview,babyview,babyview,S00430001,18.004476477956427,head-cam transcript,2041.7029800850719,7.621539532750763,adult tokens (study-specific log-rate)
babyview,babyview,babyview,S00430001,18.004476477956427,head-cam transcript,1325.2338150552177,7.1893441870449655,adult tokens (study-specific log-rate)
babyview,babyview,babyview,S00430001,18.070186246124152,head-cam transcript,869.8039646367577,6.768267858254734,adult tokens (study-specific log-rate)
babyview,babyview,babyview,S00430001,18.2016057824596,head-cam transcript,688.3723350286823,6.534329876180465,adult tokens (study-specific log-rate)
babyview,babyview,babyview,S00430001,18.2016057824596,head-cam transcript,567.0498084291188,6.340447145423559,adult tokens (study-specific log-rate)
babyview,babyview,babyview,S00430001,18.2016057824596,head-cam transcript,3024.2656449552974,8.01442357899523,adult tokens (study-specific log-rate)
babyview,babyview,babyview,S00430001,18.43158997104663,head-cam transcript,3494.639235004348,8.15898542616531,adult tokens (study-specific log-rate)
babyview,babyview,babyview,S00430001,18.43158997104663,head-cam transcript,1505.7316947227107,7.3170342349332556,adult tokens (study-specific log-rate)
babyview,babyview,babyview,S00430001,18.43158997104663,head-cam transcript,826.8480321106031,6.717620920109825,adult tokens (study-specific log-rate)
babyview,babyview,babyview,S00430001,18.43158997104663,head-cam transcript,3263.9150851359987,8.090682700162253,adult tokens (study-specific log-rate)
babyview,babyview,babyview,S00430001,18.43158997104663,head-cam transcript,1902.9005463509966,7.551134604422848,adult tokens (study-specific log-rate)
babyview,babyview,babyview,S00430001,18.49729973921436,head-cam transcript,1858.1418581418575,7.527332266374163,adult tokens (study-specific log-rate)
babyview,babyview,babyview,S00430001,19.022977884556152,head-cam transcript,178.53055619134807,5.184759769714338,adult tokens (study-specific log-rate)
babyview,babyview,babyview,S00430001,19.51580114581408,head-cam transcript,1501.9157088122606,7.314496711449906,adult tokens (study-specific log-rate)
babyview,babyview,babyview,S00430001,19.51580114581408,head-cam transcript,550.886362031217,6.3115285483748496,adult tokens (study-specific log-rate)
babyview,babyview,babyview,S00430001,20.33717324791063,head-cam transcript,708.2945013979496,6.562859969631815,adult tokens (study-specific log-rate)
babyview,babyview,babyview,S00430001,20.501447668329945,head-cam transcript,932.8171828171828,6.8382092361139435,adult tokens (study-specific log-rate)
babyview,babyview,babyview,S00430001,20.501447668329945,head-cam transcript,674.3256743256745,6.5137131905394465,adult tokens (study-specific log-rate)
babyview,babyview,babyview,S00430001,20.961416045504013,head-cam transcript,347.5823405746321,5.851001588230228,adult tokens (study-specific log-rate)
babyview,babyview,babyview,S00430001,20.961416045504013,head-cam transcript,1345.6893577167643,7.204661694353859,adult tokens (study-specific log-rate)
babyview,babyview,babyview,S00430001,20.961416045504013,head-cam transcript,1887.1704150786322,7.542833851348411,adult tokens (study-specific log-rate)
babyview,babyview,babyview,S00430001,27.072424485102363,head-cam transcript,1890.1660280970623,7.544419949749495,adult tokens (study-specific log-rate)
babyview,babyview,babyview,S00430001,27.072424485102363,head-cam transcript,3531.090238972772,8.16936195181049,adult tokens (study-specific log-rate)
babyview,babyview,babyview,S00430001,27.072424485102363,head-cam transcript,2686.9849168092046,7.89617499520532,adult tokens (study-specific log-rate)
babyview,babyview,babyview,S00430001,28.058071007618224,head-cam transcript,2238.0758255197707,7.713371769227224,adult tokens (study-specific log-rate)
babyview,babyview,babyview,S00430001,28.058071007618224,head-cam transcript,1559.3740650649734,7.352039779382172,adult tokens (study-specific log-rate)
babyview,babyview,babyview,S00430001,28.058071007618224,head-cam transcript,1943.3640750809736,7.5721758096324265,adult tokens (study-specific log-rate)
babyview,babyview,babyview,S00430001,28.058071007618224,head-cam transcript,2196.2355450915106,7.694500057848008,adult tokens (study-specific log-rate)
babyview,babyview,babyview,S00430001,28.222345428037535,head-cam transcript,1700.4846792080828,7.438668594826001,adult tokens (study-specific log-rate)
babyview,babyview,babyview,S00430001,28.28805519620526,head-cam transcript,1052.3627075351208,6.958793112900805,adult tokens (study-specific log-rate)
babyview,babyview,babyview,S00430001,28.28805519620526,head-cam transcript,1254.9917400522918,7.134884269912585,adult tokens (study-specific log-rate)
babyview,babyview,babyview,S00430001,28.45232961662457,head-cam transcript,1643.6645550684862,7.404683512867594,adult tokens (study-specific log-rate)
babyview,babyview,babyview,S00430001,28.45232961662457,head-cam transcript,2046.3250045595476,7.623800782654776,adult tokens (study-specific log-rate)
babyview,babyview,babyview,S00430001,28.45232961662457,head-cam transcript,866.3189250360967,6.764253114480053,adult tokens (study-specific log-rate)
babyview,babyview,babyview,S00430001,28.649458921127746,head-cam transcript,3127.6469424104516,8.04803622522151,adult tokens (study-specific log-rate)
babyview,babyview,babyview,S00430001,28.91229799379864,head-cam transcript,2395.913154533844,7.781519712557504,adult tokens (study-specific log-rate)
babyview,babyview,babyview,S00430001,28.978007761966364,head-cam transcript,1222.3759861897768,7.108551773413811,adult tokens (study-specific log-rate)
babyview,babyview,babyview,S00430001,29.010862646050228,head-cam transcript,2053.678820578027,7.627388010480885,adult tokens (study-specific log-rate)
babyview,babyview,babyview,S00430001,29.14228218238567,head-cam transcript,2975.0644883920904,7.998020994515243,adult tokens (study-specific log-rate)
babyview,babyview,babyview,S00430001,29.503685907308157,head-cam transcript,1958.9727528969624,7.580175509168367,adult tokens (study-specific log-rate)
babyview,babyview,babyview,S00430001,29.503685907308157,head-cam transcript,2083.1753818708894,7.641648634486133,adult tokens (study-specific log-rate)
babyview,babyview,babyview,S00430001,29.503685907308157,head-cam transcript,2770.0880024764506,7.926634368523827,adult tokens (study-specific log-rate)
babyview,babyview,babyview,S00430001,29.503685907308157,head-cam transcript,2308.622865096193,7.7444064634444185,adult tokens (study-specific log-rate)
babyview,babyview,babyview,S00430001,29.56939567547588,head-cam transcript,3294.1750618747164,8.09991105500686,adult tokens (study-specific log-rate)
babyview,babyview,babyview,S00430001,29.86508963223064,head-cam transcript,1627.406900596227,7.394743168511787,adult tokens (study-specific log-rate)
babyview,babyview,babyview,S00430001,30.09507382081767,head-cam transcript,532.0047289309238,6.27665237827004,adult tokens (study-specific log-rate)
babyview,babyview,babyview,S00430001,30.09507382081767,head-cam transcript,2944.6694718628337,7.987751856124143,adult tokens (study-specific log-rate)
babyview,babyview,babyview,S00430001,30.09507382081767,head-cam transcript,2208.8541479053356,7.700229174941207,adult tokens (study-specific log-rate)
babyview,babyview,babyview,S00430001,30.423622661656296,head-cam transcript,2854.102772735807,7.956512807457043,adult tokens (study-specific log-rate)
babyview,babyview,babyview,S00430001,30.52218731390788,head-cam transcript,3015.9659799852316,8.011675449218483,adult tokens (study-specific log-rate)
babyview,babyview,babyview,S00430001,30.52218731390788,head-cam transcript,1653.9479831801902,7.410920425984019,adult tokens (study-specific log-rate)
babyview,babyview,babyview,S00430001,30.52218731390788,head-cam transcript,1752.6928048255056,7.46890862987615,adult tokens (study-specific log-rate)
babyview,babyview,babyview,S00430001,31.179284995585125,head-cam transcript,337.1619600140483,5.820563408417783,adult tokens (study-specific log-rate)
babyview,babyview,babyview,S00430001,31.179284995585125,head-cam transcript,2334.209862757105,7.755428724295822,adult tokens (study-specific log-rate)
babyview,babyview,babyview,S00430001,32.033511981765535,head-cam transcript,3065.8127810328388,8.028067994629586,adult tokens (study-specific log-rate)
babyview,babyview,babyview,S00430001,32.164931518100985,head-cam transcript,1538.3455244702511,7.338462783136846,adult tokens (study-specific log-rate)
babyview,babyview,babyview,S00430001,32.460625474855746,head-cam transcript,2312.5968084723177,7.7461263316335085,adult tokens (study-specific log-rate)
babyview,babyview,babyview,S00430001,32.460625474855746,head-cam transcript,1648.2130343377712,7.407446970523818,adult tokens (study-specific log-rate)
babyview,babyview,babyview,S00430001,32.460625474855746,head-cam transcript,666.3831703229359,6.501864835916287,adult tokens (study-specific log-rate)
babyview,babyview,babyview,S00440001,13.141953633544835,head-cam transcript,2205.615500185362,7.69876188733513,adult tokens (study-specific log-rate)
babyview,babyview,babyview,S00440001,13.141953633544835,head-cam transcript,2634.384316559762,7.876404777719108,adult tokens (study-specific log-rate)
babyview,babyview,babyview,S00440001,13.141953633544835,head-cam transcript,1106.0455896927654,7.0085464015697845,adult tokens (study-specific log-rate)
babyview,babyview,babyview,S00440001,13.141953633544835,head-cam transcript,1259.418729817007,7.1384055679601,adult tokens (study-specific log-rate)
babyview,babyview,babyview,S00440001,13.174808517628698,head-cam transcript,2784.7201144690634,7.931902649813529,adult tokens (study-specific log-rate)
babyview,babyview,babyview,S00440001,13.174808517628698,head-cam transcript,1409.8776983225293,7.251258240831841,adult tokens (study-specific log-rate)
babyview,babyview,babyview,S00440001,13.371937822131873,head-cam transcript,2261.809525667791,7.7239204469712845,adult tokens (study-specific log-rate)
babyview,babyview,babyview,S00440001,13.371937822131873,head-cam transcript,1953.321364452424,7.577286466470741,adult tokens (study-specific log-rate)
babyview,babyview,babyview,S00440001,13.601922010718903,head-cam transcript,427.0824506397764,6.056977087421803,adult tokens (study-specific log-rate)
babyview,babyview,babyview,S00440001,13.700486662970492,head-cam transcript,708.6675627628671,6.5633865347149225,adult tokens (study-specific log-rate)
babyview,babyview,babyview,S00440001,13.700486662970492,head-cam transcript,491.32783622405464,6.197111595872156,adult tokens (study-specific log-rate)
babyview,babyview,babyview,S00440001,13.799051315222078,head-cam transcript,700.2629588271316,6.551455919969886,adult tokens (study-specific log-rate)
babyview,babyview,babyview,S00440001,13.799051315222078,head-cam transcript,929.3613342458846,6.834497612865165,adult tokens (study-specific log-rate)
babyview,babyview,babyview,S00440001,14.061890387892976,head-cam transcript,902.2129752222436,6.804850606629074,adult tokens (study-specific log-rate)
babyview,babyview,babyview,S00440001,14.061890387892976,head-cam transcript,2593.566514174562,7.8607892399536485,adult tokens (study-specific log-rate)
babyview,babyview,babyview,S00440001,14.061890387892976,head-cam transcript,1194.2939290058607,7.085310435353968,adult tokens (study-specific log-rate)
babyview,babyview,babyview,S00440001,14.061890387892976,head-cam transcript,513.236763236763,6.24073726547736,adult tokens (study-specific log-rate)
babyview,babyview,babyview,S00440001,15.178956446744284,head-cam transcript,944.762053423348,6.850933100468771,adult tokens (study-specific log-rate)
babyview,babyview,babyview,S00440001,15.178956446744284,head-cam transcript,1846.359683353774,7.520971240803385,adult tokens (study-specific log-rate)
babyview,babyview,babyview,S00440001,15.178956446744284,head-cam transcript,1292.4517783476417,7.164296296864652,adult tokens (study-specific log-rate)
babyview,babyview,babyview,S00440001,15.671779708002218,head-cam transcript,1238.9380530973451,7.122009882879101,adult tokens (study-specific log-rate)
babyview,babyview,babyview,S00440001,15.671779708002218,head-cam transcript,1397.826383875437,7.242673726151369,adult tokens (study-specific log-rate)
babyview,babyview,babyview,S00440001,15.671779708002218,head-cam transcript,2387.8590632517335,7.778152454032013,adult tokens (study-specific log-rate)
babyview,babyview,babyview,S00440001,15.671779708002218,head-cam transcript,1120.7561895677054,7.021758905721798,adult tokens (study-specific log-rate)
babyview,babyview,babyview,S00490001,12.616275488203042,head-cam transcript,643.6781609195403,6.467198851062703,adult tokens (study-specific log-rate)
babyview,babyview,babyview,S00490001,12.616275488203042,head-cam transcript,2406.1302681992343,7.7857750381276425,adult tokens (study-specific log-rate)
babyview,babyview,babyview,S00490001,12.616275488203042,head-cam transcript,2314.8724331051644,7.7471098605118165,adult tokens (study-specific log-rate)
babyview,babyview,babyview,S00490001,12.616275488203042,head-cam transcript,2252.873563218391,7.719961819558071,adult tokens (study-specific log-rate)
babyview,babyview,babyview,S00490001,12.616275488203042,head-cam transcript,1168.204520443579,7.063223251178913,adult tokens (study-specific log-rate)
babyview,babyview,babyview,S00490001,12.87911456087394,head-cam transcript,521.0727969348658,6.2558897573954955,adult tokens (study-specific log-rate)
babyview,babyview,babyview,S00490001,12.87911456087394,head-cam transcript,305.179575574331,5.720900375723816,adult tokens (study-specific log-rate)
babyview,babyview,babyview,S00490001,12.87911456087394,head-cam transcript,300.87070157577233,5.706680609589127,adult tokens (study-specific log-rate)
babyview,babyview,babyview,S00490001,12.87911456087394,head-cam transcript,827.5862068965515,6.718513279343608,adult tokens (study-specific log-rate)
babyview,babyview,babyview,S00490001,12.87911456087394,head-cam transcript,475.0957854406129,6.16351643726448,adult tokens (study-specific log-rate)
babyview,babyview,babyview,S00490001,13.141953633544835,head-cam transcript,1256.7049808429117,7.136248480043587,adult tokens (study-specific log-rate)
babyview,babyview,babyview,S00490001,13.141953633544835,head-cam transcript,1338.441890166028,7.199261447872321,adult tokens (study-specific log-rate)
babyview,babyview,babyview,S00490001,13.141953633544835,head-cam transcript,1769.0417690417698,7.4781933055496435,adult tokens (study-specific log-rate)
babyview,babyview,babyview,S00490001,13.141953633544835,head-cam transcript,2727.9693486590027,7.911312783071419,adult tokens (study-specific log-rate)
babyview,babyview,babyview,S00490001,13.371937822131873,head-cam transcript,1521.9116250634133,7.327722471731466,adult tokens (study-specific log-rate)
babyview,babyview,babyview,S00490001,13.371937822131873,head-cam transcript,442.73635664873194,6.092974461165523,adult tokens (study-specific log-rate)
babyview,babyview,babyview,S00490001,13.371937822131873,head-cam transcript,204.3422733077905,5.319796398225161,adult tokens (study-specific log-rate)
babyview,babyview,babyview,S00490001,13.371937822131873,head-cam transcript,2115.527642343608,7.657059536651738,adult tokens (study-specific log-rate)
babyview,babyview,babyview,S00490001,13.536212242551182,head-cam transcript,2328.018731185193,7.752772854860709,adult tokens (study-specific log-rate)
babyview,babyview,babyview,S00490001,13.536212242551182,head-cam transcript,721.8760131119194,6.581853397154257,adult tokens (study-specific log-rate)
babyview,babyview,babyview,S00490001,13.536212242551182,head-cam transcript,3170.9170642979075,8.061776119764875,adult tokens (study-specific log-rate)
babyview,babyview,babyview,S00490001,13.864761083389803,head-cam transcript,835.2501150069005,6.727731218928446,adult tokens (study-specific log-rate)
babyview,babyview,babyview,S00490001,13.864761083389803,head-cam transcript,1896.5360250790225,7.547784356508267,adult tokens (study-specific log-rate)
babyview,babyview,babyview,S00490001,13.864761083389803,head-cam transcript,1504.268578221245,7.316062064511976,adult tokens (study-specific log-rate)
babyview,babyview,babyview,S00490001,13.864761083389803,head-cam transcript,1297.1369850540468,7.167914795589066,adult tokens (study-specific log-rate)
babyview,babyview,babyview,S00490001,14.1276001560607,head-cam transcript,2227.6536312849153,7.708704127240436,adult tokens (study-specific log-rate)
babyview,babyview,babyview,S00490001,14.324729460563873,head-cam transcript,2482.7586206896553,7.817125568011718,adult tokens (study-specific log-rate)
babyview,babyview,babyview,S00490001,14.324729460563873,head-cam transcript,1685.823754789272,7.4300095985717505,adult tokens (study-specific log-rate)
babyview,babyview,babyview,S00490001,14.324729460563873,head-cam transcript,1496.8071519795653,7.311089553128292,adult tokens (study-specific log-rate)
babyview,babyview,babyview,S00490001,14.324729460563873,head-cam transcript,1498.4976000624379,7.312218285195501,adult tokens (study-specific log-rate)
babyview,babyview,babyview,S00490001,14.324729460563873,head-cam transcript,378.0332056194124,5.934982037315394,adult tokens (study-specific log-rate)
babyview,babyview,babyview,S00490001,14.587568533234768,head-cam transcript,3237.635531861242,8.08259856825472,adult tokens (study-specific log-rate)
babyview,babyview,babyview,S00490001,14.587568533234768,head-cam transcript,1231.5777150513154,7.1160513215794925,adult tokens (study-specific log-rate)
babyview,babyview,babyview,S00490001,14.587568533234768,head-cam transcript,4786.397904079556,8.473533404184943,adult tokens (study-specific log-rate)
babyview,babyview,babyview,S00490001,14.587568533234768,head-cam transcript,1062.9967350442914,6.968847306883131,adult tokens (study-specific log-rate)
babyview,babyview,babyview,S00490001,15.37608575124746,head-cam transcript,2722.8607918263087,7.909438368277069,adult tokens (study-specific log-rate)
babyview,babyview,babyview,S00490001,15.37608575124746,head-cam transcript,2309.0676883780325,7.7445991239434555,adult tokens (study-specific log-rate)
babyview,babyview,babyview,S00490001,15.37608575124746,head-cam transcript,878.6717752234993,6.7784114209246775,adult tokens (study-specific log-rate)
babyview,babyview,babyview,S00490001,15.37608575124746,head-cam transcript,587.484035759898,6.375849072474475,adult tokens (study-specific log-rate)
babyview,babyview,babyview,S00490001,15.606069939834493,head-cam transcript,2183.7088388214897,7.688780012419561,adult tokens (study-specific log-rate)
babyview,babyview,babyview,S00490001,15.606069939834493,head-cam transcript,5151.319268966331,8.547008129583501,adult tokens (study-specific log-rate)
babyview,babyview,babyview,S00490001,15.606069939834493,head-cam transcript,1537.6756066411237,7.3380272088601,adult tokens (study-specific log-rate)
babyview,babyview,babyview,S00490001,15.606069939834493,head-cam transcript,1486.5900383141757,7.304240211282717,adult tokens (study-specific log-rate)
babyview,babyview,babyview,S00490001,15.606069939834493,head-cam transcript,4020.434227330776,8.299145192528627,adult tokens (study-specific log-rate)
babyview,babyview,babyview,S00490001,15.967473664756977,head-cam transcript,1802.87992507512,7.497140623689512,adult tokens (study-specific log-rate)
babyview,babyview,babyview,S00490001,15.967473664756977,head-cam transcript,1654.345654345654,7.411160834612121,adult tokens (study-specific log-rate)
babyview,babyview,babyview,S00490001,15.967473664756977,head-cam transcript,1147.2872250478038,7.045155499946455,adult tokens (study-specific log-rate)
babyview,babyview,babyview,S00490001,16.49315181009877,head-cam transcript,1077.0451500448767,6.981976598324923,adult tokens (study-specific log-rate)
babyview,babyview,babyview,S00490001,16.49315181009877,head-cam transcript,2744.1237301143387,7.917217078978741,adult tokens (study-specific log-rate)
babyview,babyview,babyview,S00490001,16.49315181009877,head-cam transcript,1671.7613850696569,7.421633071181367,adult tokens (study-specific log-rate)
babyview,babyview,babyview,S00490001,16.49315181009877,head-cam transcript,2715.543446443448,7.9067473767737,adult tokens (study-specific log-rate)
babyview,babyview,babyview,S00490001,16.953120187272837,head-cam transcript,1285.2736204729806,7.158726908882265,adult tokens (study-specific log-rate)
babyview,babyview,babyview,S00490001,16.953120187272837,head-cam transcript,2457.2158365261816,7.806784214216986,adult tokens (study-specific log-rate)
babyview,babyview,babyview,S00490001,16.953120187272837,head-cam transcript,3301.377525137557,8.102095092213997,adult tokens (study-specific log-rate)
babyview,babyview,babyview,S00490001,16.953120187272837,head-cam transcript,2074.85321133965,7.637645688639439,adult tokens (study-specific log-rate)
babyview,babyview,babyview,S00490001,17.643072753033945,head-cam transcript,438.12729130356416,6.082509487569334,adult tokens (study-specific log-rate)
babyview,babyview,babyview,S00490001,17.643072753033945,head-cam transcript,1550.0084550645831,7.346015664778791,adult tokens (study-specific log-rate)
babyview,babyview,babyview,S00490001,17.675927637117805,head-cam transcript,1676.1886662469858,7.42427784406635,adult tokens (study-specific log-rate)
babyview,babyview,babyview,S00490001,17.675927637117805,head-cam transcript,1607.1428571428576,7.382213258577253,adult tokens (study-specific log-rate)
babyview,babyview,babyview,S00510001,12.386291299616008,head-cam transcript,2870.6703214552717,7.962300842965103,adult tokens (study-specific log-rate)
babyview,babyview,babyview,S00510001,12.386291299616008,head-cam transcript,3044.3974630021153,8.02105828306025,adult tokens (study-specific log-rate)
babyview,babyview,babyview,S00510001,12.419146183699873,head-cam transcript,1787.994891443167,7.488850098594684,adult tokens (study-specific log-rate)
babyview,babyview,babyview,S00510001,12.419146183699873,head-cam transcript,3317.2793394928226,8.106900249900102,adult tokens (study-specific log-rate)
babyview,babyview,babyview,S00510001,12.419146183699873,head-cam transcript,1793.1034482758619,7.49170316757709,adult tokens (study-specific log-rate)
babyview,babyview,babyview,S00510001,12.452001067783732,head-cam transcript,4461.361423386743,8.403209250314669,adult tokens (study-specific log-rate)
babyview,babyview,babyview,S00510001,12.452001067783732,head-cam transcript,2574.8937493521303,7.853563549858999,adult tokens (study-specific log-rate)
babyview,babyview,babyview,S00510001,12.452001067783732,head-cam transcript,3346.1047254150703,8.115552179746476,adult tokens (study-specific log-rate)
babyview,babyview,babyview,S00510001,12.452001067783732,head-cam transcript,4782.927084423059,8.472807998827122,adult tokens (study-specific log-rate)
babyview,babyview,babyview,S00510001,12.616275488203042,head-cam transcript,2570.85994510712,7.851995730911259,adult tokens (study-specific log-rate)
babyview,babyview,babyview,S00510001,12.616275488203042,head-cam transcript,825.0446899207043,6.715437554468415,adult tokens (study-specific log-rate)
babyview,babyview,babyview,S00510001,12.616275488203042,head-cam transcript,2773.9463601532566,7.92802626404516,adult tokens (study-specific log-rate)
babyview,babyview,babyview,S00510001,12.616275488203042,head-cam transcript,1977.0114942528742,7.589341637141007,adult tokens (study-specific log-rate)
babyview,babyview,babyview,S00510001,12.9119694449578,head-cam transcript,1385.1655130591168,7.233574915495206,adult tokens (study-specific log-rate)
babyview,babyview,babyview,S00510001,12.944824329041664,head-cam transcript,6398.365679264561,8.763797874122266,adult tokens (study-specific log-rate)
babyview,babyview,babyview,S00510001,12.944824329041664,head-cam transcript,1590.7207953603975,7.371942522906433,adult tokens (study-specific log-rate)
babyview,babyview,babyview,S00510001,12.944824329041664,head-cam transcript,2446.597745038002,7.802453662940684,adult tokens (study-specific log-rate)
babyview,babyview,babyview,S00510001,12.977679213125526,head-cam transcript,908.4641700378523,6.811755448465056,adult tokens (study-specific log-rate)
babyview,babyview,babyview,S00510001,12.977679213125526,head-cam transcript,2481.1786318936634,7.816488981057068,adult tokens (study-specific log-rate)
babyview,babyview,babyview,S00510001,12.977679213125526,head-cam transcript,880.9135399673735,6.780959482604246,adult tokens (study-specific log-rate)
babyview,babyview,babyview,S00510001,12.977679213125526,head-cam transcript,1147.2872250478038,7.045155499946455,adult tokens (study-specific log-rate)
babyview,babyview,babyview,S00510001,13.141953633544835,head-cam transcript,2584.908360107705,7.857445335678824,adult tokens (study-specific log-rate)
babyview,babyview,babyview,S00510001,13.141953633544835,head-cam transcript,2949.7206703910606,7.989465756847643,adult tokens (study-specific log-rate)
babyview,babyview,babyview,S00510001,13.141953633544835,head-cam transcript,2027.6545650844862,7.614635017404218,adult tokens (study-specific log-rate)
babyview,babyview,babyview,S00510001,13.174808517628698,head-cam transcript,3371.6475095785445,8.123156779131696,adult tokens (study-specific log-rate)
babyview,babyview,babyview,S00510001,13.174808517628698,head-cam transcript,2471.737642348938,7.812676681209344,adult tokens (study-specific log-rate)
babyview,babyview,babyview,S00510001,13.240518285796425,head-cam transcript,4040.868454661557,8.304214911878878,adult tokens (study-specific log-rate)
babyview,babyview,babyview,S00510001,13.240518285796425,head-cam transcript,3897.8288633461016,8.26817497539568,adult tokens (study-specific log-rate)
babyview,babyview,babyview,S00510001,13.240518285796425,head-cam transcript,2959.5327601233134,7.9927866835485855,adult tokens (study-specific log-rate)
babyview,babyview,babyview,S00510001,13.240518285796425,head-cam transcript,4618.135376756066,8.437746304503401,adult tokens (study-specific log-rate)
babyview,babyview,babyview,S00510001,13.240518285796425,head-cam transcript,4756.066411238822,8.467176221388291,adult tokens (study-specific log-rate)
babyview,babyview,babyview,S00510001,13.339082938048008,head-cam transcript,3289.506862144737,8.098492942599188,adult tokens (study-specific log-rate)
babyview,babyview,babyview,S00510001,13.339082938048008,head-cam transcript,3571.80927391251,8.180827545809503,adult tokens (study-specific log-rate)
babyview,babyview,babyview,S00510001,13.339082938048008,head-cam transcript,2835.6327221641873,7.950020373681591,adult tokens (study-specific log-rate)
babyview,babyview,babyview,S00510001,13.339082938048008,head-cam transcript,4001.783922399374,8.294495521282082,adult tokens (study-specific log-rate)
babyview,babyview,babyview,S00510001,13.437647590299596,head-cam transcript,1542.784163473819,7.3413439614860945,adult tokens (study-specific log-rate)
babyview,babyview,babyview,S00510001,13.437647590299596,head-cam transcript,1772.6692209450837,7.480241724058084,adult tokens (study-specific log-rate)
babyview,babyview,babyview,S00510001,13.437647590299596,head-cam transcript,1573.4355044699869,7.361016727084799,adult tokens (study-specific log-rate)
babyview,babyview,babyview,S00510001,13.437647590299596,head-cam transcript,2927.203065134099,7.981802660825964,adult tokens (study-specific log-rate)
babyview,babyview,babyview,S00510001,14.259019692396148,head-cam transcript,2097.1302428256063,7.648325138093689,adult tokens (study-specific log-rate)
babyview,babyview,babyview,S00510001,14.259019692396148,head-cam transcript,2912.704710121364,7.976837382140908,adult tokens (study-specific log-rate)
babyview,babyview,babyview,S00510001,14.29187457648001,head-cam transcript,1752.3401979138812,7.468707429537929,adult tokens (study-specific log-rate)
babyview,babyview,babyview,S00510001,14.29187457648001,head-cam transcript,744.5659950310232,6.612801491621959,adult tokens (study-specific log-rate)
babyview,babyview,babyview,S00510001,14.29187457648001,head-cam transcript,1395.4758900581444,7.240990775907132,adult tokens (study-specific log-rate)
babyview,babyview,babyview,S00510001,14.29187457648001,head-cam transcript,1257.879759374662,7.137182851908994,adult tokens (study-specific log-rate)
babyview,babyview,babyview,S00510001,14.554713649150909,head-cam transcript,2852.923165592018,7.956099419757973,adult tokens (study-specific log-rate)
babyview,babyview,babyview,S00510001,14.554713649150909,head-cam transcript,1732.3140207225729,7.457213377955641,adult tokens (study-specific log-rate)
babyview,babyview,babyview,S00510001,14.587568533234768,head-cam transcript,1872.0325570879495,7.534780048493116,adult tokens (study-specific log-rate)
babyview,babyview,babyview,S00510001,14.587568533234768,head-cam transcript,1484.4491850618524,7.302799063279009,adult tokens (study-specific log-rate)
babyview,babyview,babyview,S00510001,14.587568533234768,head-cam transcript,1316.534730739213,7.182758359704388,adult tokens (study-specific log-rate)
babyview,babyview,babyview,S00510001,14.62042341731863,head-cam transcript,604.1828040278854,6.403876807819132,adult tokens (study-specific log-rate)
babyview,babyview,babyview,S00510001,14.62042341731863,head-cam transcript,2375.478927203065,7.772954349698581,adult tokens (study-specific log-rate)
babyview,babyview,babyview,S00510001,14.62042341731863,head-cam transcript,1426.461582796009,7.262952239198028,adult tokens (study-specific log-rate)
babyview,babyview,babyview,S00510001,14.62042341731863,head-cam transcript,1606.2021150669252,7.381627736567668,adult tokens (study-specific log-rate)
babyview,babyview,babyview,S00510001,14.916117374073387,head-cam transcript,2701.6317855985017,7.901611234473903,adult tokens (study-specific log-rate)
babyview,babyview,babyview,S00510001,14.916117374073387,head-cam transcript,2500.171225840033,7.824114498846949,adult tokens (study-specific log-rate)
babyview,babyview,babyview,S00510001,14.948972258157252,head-cam transcript,566.619405023609,6.339687834998469,adult tokens (study-specific log-rate)
babyview,babyview,babyview,S00510001,14.948972258157252,head-cam transcript,834.3697003957038,6.72667658998277,adult tokens (study-specific log-rate)
babyview,babyview,babyview,S00510001,15.047536910408835,head-cam transcript,3806.04796663191,8.244346650675237,adult tokens (study-specific log-rate)
babyview,babyview,babyview,S00510001,15.047536910408835,head-cam transcript,2001.9121578115544,7.601858081695527,adult tokens (study-specific log-rate)
babyview,babyview,babyview,S00510001,15.047536910408835,head-cam transcript,1677.173012499549,7.424864924360775,adult tokens (study-specific log-rate)
babyview,babyview,babyview,S00510001,15.0803917944927,head-cam transcript,3648.567287323,8.202089845497722,adult tokens (study-specific log-rate)
babyview,babyview,babyview,S00510001,15.0803917944927,head-cam transcript,2048.9175461979034,7.625066906432578,adult tokens (study-specific log-rate)
babyview,babyview,babyview,S00510001,15.0803917944927,head-cam transcript,1543.172075933864,7.341595366517141,adult tokens (study-specific log-rate)
babyview,babyview,babyview,S00510001,15.178956446744284,head-cam transcript,2519.3490901049718,7.831755849563512,adult tokens (study-specific log-rate)
babyview,babyview,babyview,S00510001,15.178956446744284,head-cam transcript,2226.1445913331645,7.708026485401238,adult tokens (study-specific log-rate)
babyview,babyview,babyview,S00510001,15.178956446744284,head-cam transcript,6799.055686710182,8.824539011919478,adult tokens (study-specific log-rate)
babyview,babyview,babyview,S00510001,15.178956446744284,head-cam transcript,3280.326237536827,8.095698159095774,adult tokens (study-specific log-rate)
babyview,babyview,babyview,S00510001,15.277521098995871,head-cam transcript,1262.4875124875125,7.140839270001598,adult tokens (study-specific log-rate)
babyview,babyview,babyview,S00510001,15.277521098995871,head-cam transcript,1045.2047952047951,6.9519681214706015,adult tokens (study-specific log-rate)
babyview,babyview,babyview,S00510001,15.277521098995871,head-cam transcript,1826.293950076095,7.51004402852542,adult tokens (study-specific log-rate)
babyview,babyview,babyview,S00510001,15.441795519415182,head-cam transcript,1977.0114942528742,7.589341637141007,adult tokens (study-specific log-rate)
babyview,babyview,babyview,S00510001,15.868909012505387,head-cam transcript,2661.5581098339726,7.886666985864592,adult tokens (study-specific log-rate)
babyview,babyview,babyview,S00510001,15.868909012505387,head-cam transcript,2927.0086412943556,7.98173623895755,adult tokens (study-specific log-rate)
babyview,babyview,babyview,S00510001,15.868909012505387,head-cam transcript,2661.5581098339726,7.886666985864592,adult tokens (study-specific log-rate)
babyview,babyview,babyview,S00510001,15.868909012505387,head-cam transcript,2872.2901684950925,7.962864958663134,adult tokens (study-specific log-rate)
babyview,babyview,babyview,S00510001,15.967473664756977,head-cam transcript,1787.5877527512723,7.488622365811432,adult tokens (study-specific log-rate)
babyview,babyview,babyview,S00510001,15.967473664756977,head-cam transcript,1027.2486134555102,6.934639257999172,adult tokens (study-specific log-rate)
babyview,babyview,babyview,S00510001,15.967473664756977,head-cam transcript,1804.26281874759,7.497907376678476,adult tokens (study-specific log-rate)
babyview,babyview,babyview,S00510001,16.164602969260148,head-cam transcript,1483.516483516484,7.302170550903717,adult tokens (study-specific log-rate)
babyview,babyview,babyview,S00510001,16.164602969260148,head-cam transcript,1375.922377593868,7.22687960526973,adult tokens (study-specific log-rate)
babyview,babyview,babyview,S00510001,16.164602969260148,head-cam transcript,1493.1430482774003,7.308638605593391,adult tokens (study-specific log-rate)
babyview,babyview,babyview,S00510001,16.197457853344012,head-cam transcript,1200.5108556832697,7.090502458255384,adult tokens (study-specific log-rate)
babyview,babyview,babyview,S00510001,16.197457853344012,head-cam transcript,2191.570881226054,7.692373863039242,adult tokens (study-specific log-rate)
babyview,babyview,babyview,S00510001,16.197457853344012,head-cam transcript,1576.1054628593665,7.362712186236885,adult tokens (study-specific log-rate)
babyview,babyview,babyview,S00510001,16.197457853344012,head-cam transcript,255.2089754654173,5.542082721171207,adult tokens (study-specific log-rate)
babyview,babyview,babyview,S00510001,16.32887738967946,head-cam transcript,1024.9110320284701,6.9323610897843375,adult tokens (study-specific log-rate)
babyview,babyview,babyview,S00510001,16.32887738967946,head-cam transcript,2656.4495530012778,7.884745755686698,adult tokens (study-specific log-rate)
babyview,babyview,babyview,S00510001,16.32887738967946,head-cam transcript,860.8762490392006,6.757950764758772,adult tokens (study-specific log-rate)
babyview,babyview,babyview,S00510001,16.52600669418263,head-cam transcript,1595.181223387683,7.374742628443516,adult tokens (study-specific log-rate)
babyview,babyview,babyview,S00510001,16.723135998685805,head-cam transcript,2013.673088875078,7.607715740776129,adult tokens (study-specific log-rate)
babyview,babyview,babyview,S00510001,16.85455553502125,head-cam transcript,788.757081598798,6.67045839207033,adult tokens (study-specific log-rate)
babyview,babyview,babyview,S00510001,16.85455553502125,head-cam transcript,853.1289910600252,6.748910756527979,adult tokens (study-specific log-rate)
babyview,babyview,babyview,S00510001,16.920265303188977,head-cam transcript,2458.472625102437,7.807295551993352,adult tokens (study-specific log-rate)
babyview,babyview,babyview,S00510001,16.920265303188977,head-cam transcript,1581.2843160658877,7.365992654100198,adult tokens (study-specific log-rate)
babyview,babyview,babyview,S00510001,17.084539723608287,head-cam transcript,837.803320561941,6.730783371935423,adult tokens (study-specific log-rate)
babyview,babyview,babyview,S00510001,17.084539723608287,head-cam transcript,919.5402298850577,6.823873795001435,adult tokens (study-specific log-rate)
babyview,babyview,babyview,S00510001,17.084539723608287,head-cam transcript,1890.2965482000961,7.544488999555147,adult tokens (study-specific log-rate)
babyview,babyview,babyview,S00510001,17.084539723608287,head-cam transcript,2360.139860139861,7.766476159034815,adult tokens (study-specific log-rate)
babyview,babyview,babyview,S00510001,17.183104375859873,head-cam transcript,1469.6876913655847,7.292805202347709,adult tokens (study-specific log-rate)
babyview,babyview,babyview,S00510001,17.183104375859873,head-cam transcript,2168.023230863862,7.681571077845238,adult tokens (study-specific log-rate)
babyview,babyview,babyview,S00510001,17.183104375859873,head-cam transcript,1653.0301650688766,7.410365346335025,adult tokens (study-specific log-rate)
babyview,babyview,babyview,S00510001,17.347378796279184,head-cam transcript,2063.856960408684,7.632331822072374,adult tokens (study-specific log-rate)
babyview,babyview,babyview,S00510001,17.347378796279184,head-cam transcript,2544.0613026819924,7.841517021135878,adult tokens (study-specific log-rate)
babyview,babyview,babyview,S00510001,17.347378796279184,head-cam transcript,1864.5673020007098,7.530784295508419,adult tokens (study-specific log-rate)
babyview,babyview,babyview,S00510001,17.347378796279184,head-cam transcript,1557.4500572591937,7.3508051841822795,adult tokens (study-specific log-rate)
babyview,babyview,babyview,S00510001,17.347378796279184,head-cam transcript,1900.3831417624517,7.549810798384371,adult tokens (study-specific log-rate)
babyview,babyview,babyview,S00510001,17.380233680363045,head-cam transcript,1224.216746571524,7.1100565279276555,adult tokens (study-specific log-rate)
babyview,babyview,babyview,S00510001,17.380233680363045,head-cam transcript,1971.4609050821446,7.58653012308411,adult tokens (study-specific log-rate)
babyview,babyview,babyview,S00510001,17.380233680363045,head-cam transcript,2328.3866359812705,7.752930875809416,adult tokens (study-specific log-rate)
babyview,babyview,babyview,S00510001,17.380233680363045,head-cam transcript,357.59897828863336,5.879412186160583,adult tokens (study-specific log-rate)
babyview,babyview,babyview,S00510001,17.57736298486622,head-cam transcript,2472.5415070242652,7.813001850827856,adult tokens (study-specific log-rate)
babyview,babyview,babyview,S00510001,17.57736298486622,head-cam transcript,1358.0134500565844,7.213778212382248,adult tokens (study-specific log-rate)
babyview,babyview,babyview,S00510001,17.57736298486622,head-cam transcript,534.1799233928014,6.280732717402792,adult tokens (study-specific log-rate)
babyview,babyview,babyview,S00510001,17.57736298486622,head-cam transcript,915.1521908796967,6.819090380274685,adult tokens (study-specific log-rate)
babyview,babyview,babyview,S00510001,17.643072753033945,head-cam transcript,2408.026755852844,7.786562917601552,adult tokens (study-specific log-rate)
babyview,babyview,babyview,S00510001,17.643072753033945,head-cam transcript,1156.6528350481938,7.053285626029705,adult tokens (study-specific log-rate)
babyview,babyview,babyview,S00510001,17.643072753033945,head-cam transcript,1806.221429367822,7.498992334084609,adult tokens (study-specific log-rate)
babyview,babyview,babyview,S00510001,17.643072753033945,head-cam transcript,1812.2455350755097,7.50232198243151,adult tokens (study-specific log-rate)
babyview,babyview,babyview,S00510001,17.643072753033945,head-cam transcript,1367.5607229193051,7.220783937638853,adult tokens (study-specific log-rate)
babyview,babyview,babyview,S00510001,17.643072753033945,head-cam transcript,2222.897637291444,7.706566865801632,adult tokens (study-specific log-rate)
babyview,babyview,babyview,S00510001,18.957268116388427,head-cam transcript,1131.8987624038355,7.0316518222583575,adult tokens (study-specific log-rate)
babyview,babyview,babyview,S00510001,18.957268116388427,head-cam transcript,2831.31011130723,7.948494820372754,adult tokens (study-specific log-rate)
babyview,babyview,babyview,S00510001,19.022977884556152,head-cam transcript,313.15603289298167,5.746701573971805,adult tokens (study-specific log-rate)
babyview,babyview,babyview,S00510001,19.022977884556152,head-cam transcript,594.046158992084,6.386957025084359,adult tokens (study-specific log-rate)
babyview,babyview,babyview,S00510001,21.38852953859422,head-cam transcript,4556.832694763727,8.424383076691234,adult tokens (study-specific log-rate)
babyview,babyview,babyview,S00510001,21.38852953859422,head-cam transcript,4486.494211805058,8.40882687660133,adult tokens (study-specific log-rate)
babyview,babyview,babyview,S00510001,21.51994907492967,head-cam transcript,1288.762033767113,7.161437372837226,adult tokens (study-specific log-rate)
babyview,babyview,babyview,S00510001,21.782788147600566,head-cam transcript,3529.3257989088092,8.168862139875548,adult tokens (study-specific log-rate)
babyview,babyview,babyview,S00510001,25.035421671902913,head-cam transcript,1061.2103346627364,6.967165360873096,adult tokens (study-specific log-rate)
babyview,babyview,babyview,S00510001,25.035421671902913,head-cam transcript,1348.3574035867318,7.206642392521801,adult tokens (study-specific log-rate)
babyview,babyview,babyview,S00510001,25.035421671902913,head-cam transcript,1869.7318007662832,7.533550277512591,adult tokens (study-specific log-rate)
babyview,babyview,babyview,S00510001,25.035421671902913,head-cam transcript,1919.1099779812262,7.55961680441308,adult tokens (study-specific log-rate)
babyview,babyview,babyview,S00510001,25.10113144007064,head-cam transcript,4137.931034482758,8.327951191777709,adult tokens (study-specific log-rate)
babyview,babyview,babyview,S00510001,25.10113144007064,head-cam transcript,1685.8066674099684,7.429999462597658,adult tokens (study-specific log-rate)
babyview,babyview,babyview,S00510001,25.10113144007064,head-cam transcript,290.3595534236107,5.671119994406126,adult tokens (study-specific log-rate)
babyview,babyview,babyview,S00510001,25.26540586048995,head-cam transcript,1283.4599649327877,7.157314807719365,adult tokens (study-specific log-rate)
babyview,babyview,babyview,S00510001,25.26540586048995,head-cam transcript,2365.261813537676,7.768643998197459,adult tokens (study-specific log-rate)
babyview,babyview,babyview,S00510001,25.26540586048995,head-cam transcript,2787.809340750734,7.9330113838715395,adult tokens (study-specific log-rate)
babyview,babyview,babyview,S00510001,25.33111562865767,head-cam transcript,894.7804473902238,6.796578378002871,adult tokens (study-specific log-rate)
babyview,babyview,babyview,S00510001,25.33111562865767,head-cam transcript,885.0501450368769,6.78564430446137,adult tokens (study-specific log-rate)
babyview,babyview,babyview,S00510001,25.33111562865767,head-cam transcript,342.73160014646646,5.836947633986024,adult tokens (study-specific log-rate)
babyview,babyview,babyview,S00510001,25.396825396825395,head-cam transcript,644.3556443556442,6.468250816462689,adult tokens (study-specific log-rate)
babyview,babyview,babyview,S00510001,25.396825396825395,head-cam transcript,980.3070365839219,6.88786582523225,adult tokens (study-specific log-rate)
babyview,babyview,babyview,S00510001,25.396825396825395,head-cam transcript,1756.0518750731694,7.470823315372139,adult tokens (study-specific log-rate)
babyview,babyview,babyview,S00510001,25.396825396825395,head-cam transcript,3251.748251748251,8.086948054309586,adult tokens (study-specific log-rate)
babyview,babyview,babyview,S00510001,25.396825396825395,head-cam transcript,2649.3657402924364,7.8820755470472195,adult tokens (study-specific log-rate)
babyview,babyview,babyview,S00510002,12.813404792706216,head-cam transcript,2631.7364101096564,7.8753991392954195,adult tokens (study-specific log-rate)
babyview,babyview,babyview,S00510002,12.813404792706216,head-cam transcript,3514.6871008939947,8.164705782044567,adult tokens (study-specific log-rate)
babyview,babyview,babyview,S00510002,12.813404792706216,head-cam transcript,3129.570260437304,8.048650977123218,adult tokens (study-specific log-rate)
babyview,babyview,babyview,S00510002,12.9119694449578,head-cam transcript,1896.5360250790225,7.547784356508267,adult tokens (study-specific log-rate)
babyview,babyview,babyview,S00510002,12.9119694449578,head-cam transcript,2435.0586001014617,7.797726100977202,adult tokens (study-specific log-rate)
babyview,babyview,babyview,S00510002,12.9119694449578,head-cam transcript,5088.122605363981,8.534664201695822,adult tokens (study-specific log-rate)
babyview,babyview,babyview,S00510002,12.9119694449578,head-cam transcript,2615.179568459349,7.869088042768343,adult tokens (study-specific log-rate)
babyview,babyview,babyview,S00510002,12.9119694449578,head-cam transcript,4139.599620172481,8.328354352039371,adult tokens (study-specific log-rate)
babyview,babyview,babyview,S00510002,13.109098749460976,head-cam transcript,2472.5210401030226,7.81299357310799,adult tokens (study-specific log-rate)
babyview,babyview,babyview,S00510002,13.109098749460976,head-cam transcript,3342.6183844011116,8.114509726269949,adult tokens (study-specific log-rate)
babyview,babyview,babyview,S00510002,13.109098749460976,head-cam transcript,3172.79636900688,8.062368613352017,adult tokens (study-specific log-rate)
babyview,babyview,babyview,S00510002,13.141953633544835,head-cam transcript,1793.8835056374048,7.4921381049682,adult tokens (study-specific log-rate)
babyview,babyview,babyview,S00510002,13.141953633544835,head-cam transcript,2166.0280970625804,7.6806503993431825,adult tokens (study-specific log-rate)
babyview,babyview,babyview,S00510002,13.141953633544835,head-cam transcript,929.757343550447,6.83492363118802,adult tokens (study-specific log-rate)
babyview,babyview,babyview,S00510002,13.141953633544835,head-cam transcript,2956.665826159,7.991817502360052,adult tokens (study-specific log-rate)
babyview,babyview,babyview,S00510002,13.141953633544835,head-cam transcript,2476.856021036706,7.814745301452241,adult tokens (study-specific log-rate)
babyview,babyview,babyview,S00510002,13.273373169880283,head-cam transcript,4761.174968071519,8.468249758796816,adult tokens (study-specific log-rate)
babyview,babyview,babyview,S00510002,13.273373169880283,head-cam transcript,2508.6795833799983,7.827511831308052,adult tokens (study-specific log-rate)
babyview,babyview,babyview,S00510002,13.273373169880283,head-cam transcript,1442.303940060096,7.273997072375303,adult tokens (study-specific log-rate)
babyview,babyview,babyview,S00510002,13.273373169880283,head-cam transcript,491.6945250204874,6.197857639559252,adult tokens (study-specific log-rate)
babyview,babyview,babyview,S00510002,13.273373169880283,head-cam transcript,2842.462635118435,7.952426080461226,adult tokens (study-specific log-rate)
babyview,babyview,babyview,S00510002,13.404792706215732,head-cam transcript,4464.87867177522,8.40399731976676,adult tokens (study-specific log-rate)
babyview,babyview,babyview,S00510002,13.404792706215732,head-cam transcript,3203.0386201334577,8.071855207024278,adult tokens (study-specific log-rate)
babyview,babyview,babyview,S00510002,13.404792706215732,head-cam transcript,2786.268975116094,7.932458694947358,adult tokens (study-specific log-rate)
babyview,babyview,babyview,S00510002,13.404792706215732,head-cam transcript,1006.8030750419503,6.914535317529391,adult tokens (study-specific log-rate)
babyview,babyview,babyview,S00510002,13.404792706215732,head-cam transcript,242.0662079896257,5.489211275472651,adult tokens (study-specific log-rate)
babyview,babyview,babyview,S00510002,13.569067126635044,head-cam transcript,4597.701149425289,8.433311707435536,adult tokens (study-specific log-rate)
babyview,babyview,babyview,S00510002,13.569067126635044,head-cam transcript,3129.570260437304,8.048650977123218,adult tokens (study-specific log-rate)
babyview,babyview,babyview,S00510002,13.569067126635044,head-cam transcript,561.9355558033227,6.331387173929548,adult tokens (study-specific log-rate)
babyview,babyview,babyview,S00510002,13.569067126635044,head-cam transcript,2947.637292464877,7.988759210619324,adult tokens (study-specific log-rate)
babyview,babyview,babyview,S00510002,13.569067126635044,head-cam transcript,2312.3880098399486,7.746036040036579,adult tokens (study-specific log-rate)
babyview,babyview,babyview,S00510002,13.601922010718903,head-cam transcript,3493.3725301455574,8.158622889605489,adult tokens (study-specific log-rate)
babyview,babyview,babyview,S00510002,13.601922010718903,head-cam transcript,3123.430935130141,8.046687335317351,adult tokens (study-specific log-rate)
babyview,babyview,babyview,S00510002,13.601922010718903,head-cam transcript,1802.87992507512,7.497140623689512,adult tokens (study-specific log-rate)
babyview,babyview,babyview,S00510002,13.601922010718903,head-cam transcript,3213.2822477650056,8.075048200811665,adult tokens (study-specific log-rate)
babyview,babyview,babyview,S00510002,13.601922010718903,head-cam transcript,1664.6165246387545,7.417350060355569,adult tokens (study-specific log-rate)
babyview,babyview,babyview,S00510002,13.799051315222078,head-cam transcript,1266.5249810885773,7.144032193754569,adult tokens (study-specific log-rate)
babyview,babyview,babyview,S00510002,13.799051315222078,head-cam transcript,4378.804798098048,8.384531088986185,adult tokens (study-specific log-rate)
babyview,babyview,babyview,S00510002,13.799051315222078,head-cam transcript,453.56227004125316,6.1171325700325845,adult tokens (study-specific log-rate)
babyview,babyview,babyview,S00510002,13.799051315222078,head-cam transcript,2542.246255647658,7.8408033218203865,adult tokens (study-specific log-rate)
babyview,babyview,babyview,S00510002,13.864761083389803,head-cam transcript,4729.633050197064,8.461602899237032,adult tokens (study-specific log-rate)
babyview,babyview,babyview,S00510002,13.864761083389803,head-cam transcript,4444.444444444446,8.399410155759854,adult tokens (study-specific log-rate)
babyview,babyview,babyview,S00510002,13.864761083389803,head-cam transcript,1195.4022988505742,7.086238059468926,adult tokens (study-specific log-rate)
babyview,babyview,babyview,S00510002,13.864761083389803,head-cam transcript,344.6553446553445,5.842544916698276,adult tokens (study-specific log-rate)
babyview,babyview,babyview,S00510002,14.029035503809112,head-cam transcript,3282.6463051367787,8.096405176436319,adult tokens (study-specific log-rate)
babyview,babyview,babyview,S00510002,14.029035503809112,head-cam transcript,332.4791550138532,5.806577166443043,adult tokens (study-specific log-rate)
babyview,babyview,babyview,S00510002,14.029035503809112,head-cam transcript,1593.6695902387742,7.373794554450417,adult tokens (study-specific log-rate)
babyview,babyview,babyview,S00510002,14.029035503809112,head-cam transcript,3324.7915501385355,8.10916225943709,adult tokens (study-specific log-rate)
babyview,babyview,babyview,S00510002,14.029035503809112,head-cam transcript,5445.721583652618,8.602585548837014,adult tokens (study-specific log-rate)
babyview,babyview,babyview,S00510002,14.1276001560607,head-cam transcript,3591.7114351496525,8.186384090768984,adult tokens (study-specific log-rate)
babyview,babyview,babyview,S00510002,14.1276001560607,head-cam transcript,2722.8607918263087,7.909438368277069,adult tokens (study-specific log-rate)
babyview,babyview,babyview,S00510002,14.1276001560607,head-cam transcript,1283.0885700534618,7.157025395789798,adult tokens (study-specific log-rate)
babyview,babyview,babyview,S00510002,14.259019692396148,head-cam transcript,3498.055335145751,8.159962474534545,adult tokens (study-specific log-rate)
babyview,babyview,babyview,S00510002,14.259019692396148,head-cam transcript,341.84476501424365,5.83435673055012,adult tokens (study-specific log-rate)
babyview,babyview,babyview,S00510002,14.259019692396148,head-cam transcript,2988.546568409839,8.002542450679238,adult tokens (study-specific log-rate)
babyview,babyview,babyview,S00510002,14.259019692396148,head-cam transcript,1823.7547892720304,7.5086527258908635,adult tokens (study-specific log-rate)
babyview,babyview,babyview,S00510002,14.259019692396148,head-cam transcript,1793.5143150747301,7.491932278582374,adult tokens (study-specific log-rate)
babyview,babyview,babyview,S00510002,14.259019692396148,head-cam transcript,4812.2605363984685,8.478922218687588,adult tokens (study-specific log-rate)
babyview,babyview,babyview,S00510002,14.29187457648001,head-cam transcript,4171.319476964085,8.335987686076487,adult tokens (study-specific log-rate)
babyview,babyview,babyview,S00510002,14.29187457648001,head-cam transcript,4031.895105167993,8.301991793829458,adult tokens (study-specific log-rate)
babyview,babyview,babyview,S00510002,14.29187457648001,head-cam transcript,3849.265710160383,8.255637684457907,adult tokens (study-specific log-rate)
babyview,babyview,babyview,S00510002,14.489003880983182,head-cam transcript,1592.1537000663398,7.372842907011935,adult tokens (study-specific log-rate)
babyview,babyview,babyview,S00510002,14.489003880983182,head-cam transcript,1513.2121752703754,7.3219899387682545,adult tokens (study-specific log-rate)
babyview,babyview,babyview,S00510002,14.489003880983182,head-cam transcript,3048.5060551270185,8.022406931610297,adult tokens (study-specific log-rate)
babyview,babyview,babyview,S00510002,14.489003880983182,head-cam transcript,522.1518987341773,6.257958539295806,adult tokens (study-specific log-rate)
babyview,babyview,babyview,S00510002,14.489003880983182,head-cam transcript,946.6517776737146,6.852931314554002,adult tokens (study-specific log-rate)
babyview,babyview,babyview,S00510002,14.916117374073387,head-cam transcript,3999.9999999999995,8.294049640102028,adult tokens (study-specific log-rate)
babyview,babyview,babyview,S00510002,14.916117374073387,head-cam transcript,1629.6242930730155,7.396104772185512,adult tokens (study-specific log-rate)
babyview,babyview,babyview,S00510002,14.916117374073387,head-cam transcript,2416.3394690393006,7.790009057892601,adult tokens (study-specific log-rate)
babyview,babyview,babyview,S00510002,14.916117374073387,head-cam transcript,704.9808429118772,6.558170629268429,adult tokens (study-specific log-rate)
babyview,babyview,babyview,S00510002,14.916117374073387,head-cam transcript,866.3189250360967,6.764253114480053,adult tokens (study-specific log-rate)
babyview,babyview,babyview,S00510002,14.948972258157252,head-cam transcript,4270.75351213282,8.359545557195926,adult tokens (study-specific log-rate)
babyview,babyview,babyview,S00510002,14.948972258157252,head-cam transcript,2973.581175123898,7.9975222882944195,adult tokens (study-specific log-rate)
babyview,babyview,babyview,S00510002,14.948972258157252,head-cam transcript,2997.390331800671,8.005497299677126,adult tokens (study-specific log-rate)
babyview,babyview,babyview,S00510002,14.948972258157252,head-cam transcript,992.7546600413651,6.900483564073741,adult tokens (study-specific log-rate)
babyview,babyview,babyview,S00510002,14.948972258157252,head-cam transcript,5726.692209450832,8.652893367183385,adult tokens (study-specific log-rate)
babyview,babyview,babyview,S00510002,14.948972258157252,head-cam transcript,3739.463601532567,8.226697458072536,adult tokens (study-specific log-rate)
babyview,babyview,babyview,S00510002,15.146101562660425,head-cam transcript,4158.365261813541,8.332877310113766,adult tokens (study-specific log-rate)
babyview,babyview,babyview,S00510002,15.146101562660425,head-cam transcript,2332.036890097169,7.754497366426381,adult tokens (study-specific log-rate)
babyview,babyview,babyview,S00510002,15.146101562660425,head-cam transcript,1391.8806959403476,7.23841113028191,adult tokens (study-specific log-rate)
babyview,babyview,babyview,S00510002,15.178956446744284,head-cam transcript,3851.85185185185,8.25630931211918,adult tokens (study-specific log-rate)
babyview,babyview,babyview,S00510002,15.178956446744284,head-cam transcript,3465.258632774173,8.150542550331734,adult tokens (study-specific log-rate)
babyview,babyview,babyview,S00510002,15.178956446744284,head-cam transcript,4598.514510191602,8.433488597756194,adult tokens (study-specific log-rate)
babyview,babyview,babyview,S00510002,15.211811330828148,head-cam transcript,3250.603364432116,8.086595908687341,adult tokens (study-specific log-rate)
babyview,babyview,babyview,S00510002,15.211811330828148,head-cam transcript,4345.643040181068,8.376929022187928,adult tokens (study-specific log-rate)
babyview,babyview,babyview,S00510002,15.211811330828148,head-cam transcript,3249.8666701354105,8.086369249908532,adult tokens (study-specific log-rate)
babyview,babyview,babyview,S00510002,15.211811330828148,head-cam transcript,2744.1237301143387,7.917217078978741,adult tokens (study-specific log-rate)
babyview,babyview,babyview,S00510002,15.211811330828148,head-cam transcript,2614.68909805084,7.868900477672077,adult tokens (study-specific log-rate)
babyview,babyview,babyview,S00510002,15.40894063533132,head-cam transcript,2258.61512201873,7.722507126573421,adult tokens (study-specific log-rate)
babyview,babyview,babyview,S00510002,15.40894063533132,head-cam transcript,1236.2667050898744,7.119851395557355,adult tokens (study-specific log-rate)
babyview,babyview,babyview,S00510002,15.40894063533132,head-cam transcript,4168.582375478927,8.335331299075332,adult tokens (study-specific log-rate)
babyview,babyview,babyview,S00510002,15.40894063533132,head-cam transcript,1517.2364107921185,7.324645808203368,adult tokens (study-specific log-rate)
babyview,babyview,babyview,S00510002,15.40894063533132,head-cam transcript,3282.6463051367787,8.096405176436319,adult tokens (study-specific log-rate)
babyview,babyview,babyview,S00510002,15.441795519415182,head-cam transcript,4261.352550177554,8.357341888912623,adult tokens (study-specific log-rate)
babyview,babyview,babyview,S00510002,15.441795519415182,head-cam transcript,3474.641310144775,8.153246532569108,adult tokens (study-specific log-rate)
babyview,babyview,babyview,S00510002,15.441795519415182,head-cam transcript,3221.7698401342413,8.077686127335072,adult tokens (study-specific log-rate)
babyview,babyview,babyview,S00510002,15.671779708002218,head-cam transcript,6878.481894150423,8.836153251659514,adult tokens (study-specific log-rate)
babyview,babyview,babyview,S00510002,15.671779708002218,head-cam transcript,2079.1615564722943,7.639719993579727,adult tokens (study-specific log-rate)
babyview,babyview,babyview,S00510002,15.70463459208608,head-cam transcript,3807.1204651586304,8.244628398949539,adult tokens (study-specific log-rate)
babyview,babyview,babyview,S00510002,15.70463459208608,head-cam transcript,1037.0370370370372,6.944122923153012,adult tokens (study-specific log-rate)
babyview,babyview,babyview,S00510002,15.70463459208608,head-cam transcript,1123.8732000468285,7.02453621274372,adult tokens (study-specific log-rate)
babyview,babyview,babyview,S00510002,15.70463459208608,head-cam transcript,2316.9194193292756,7.747993745808304,adult tokens (study-specific log-rate)
babyview,babyview,babyview,S00510002,15.70463459208608,head-cam transcript,5174.9680715197965,8.551588448359908,adult tokens (study-specific log-rate)
babyview,babyview,babyview,S00510002,15.73748947616994,head-cam transcript,4607.880120191992,8.435523186453981,adult tokens (study-specific log-rate)
babyview,babyview,babyview,S00510002,15.73748947616994,head-cam transcript,1451.669550060486,7.28046958688092,adult tokens (study-specific log-rate)
babyview,babyview,babyview,S00510002,15.73748947616994,head-cam transcript,1306.502595054438,7.175109071223094,adult tokens (study-specific log-rate)
babyview,babyview,babyview,S00510002,15.868909012505387,head-cam transcript,618.1291113836548,6.426697353733873,adult tokens (study-specific log-rate)
babyview,babyview,babyview,S00510002,15.868909012505387,head-cam transcript,5557.358274479858,8.622878143845137,adult tokens (study-specific log-rate)
babyview,babyview,babyview,S00510002,15.868909012505387,head-cam transcript,4643.678160919537,8.443262038288703,adult tokens (study-specific log-rate)
babyview,babyview,babyview,S00510002,15.868909012505387,head-cam transcript,1639.8467432950195,7.402358067241241,adult tokens (study-specific log-rate)
babyview,babyview,babyview,S00510002,15.868909012505387,head-cam transcript,4088.0887651703342,8.31583284524133,adult tokens (study-specific log-rate)
babyview,babyview,babyview,S00510002,15.901763896589252,head-cam transcript,1113.6653895274585,7.015412006900314,adult tokens (study-specific log-rate)
babyview,babyview,babyview,S00510002,15.901763896589252,head-cam transcript,4963.773300206826,8.509921476507841,adult tokens (study-specific log-rate)
babyview,babyview,babyview,S00510002,15.901763896589252,head-cam transcript,3151.5277651313127,8.055642619046456,adult tokens (study-specific log-rate)
babyview,babyview,babyview,S00510002,16.098893201092423,head-cam transcript,2477.203845103216,7.814885721260027,adult tokens (study-specific log-rate)
babyview,babyview,babyview,S00510002,16.098893201092423,head-cam transcript,3667.9438058748406,8.207386513159449,adult tokens (study-specific log-rate)
babyview,babyview,babyview,S00510002,16.098893201092423,head-cam transcript,4547.003655189462,8.422223757693054,adult tokens (study-specific log-rate)
babyview,babyview,babyview,S00510002,16.098893201092423,head-cam transcript,1231.162196679438,7.11571387760188,adult tokens (study-specific log-rate)
babyview,babyview,babyview,S00510002,16.098893201092423,head-cam transcript,2768.837803320561,7.92618294555087,adult tokens (study-specific log-rate)
babyview,babyview,babyview,S00510002,16.131748085176287,head-cam transcript,7061.669940294241,8.86243683796963,adult tokens (study-specific log-rate)
babyview,babyview,babyview,S00510002,16.131748085176287,head-cam transcript,2114.942528735632,7.656782917936539,adult tokens (study-specific log-rate)
babyview,babyview,babyview,S00510002,16.131748085176287,head-cam transcript,4673.439390194726,8.449650565713192,adult tokens (study-specific log-rate)
babyview,babyview,babyview,S00510002,16.32887738967946,head-cam transcript,2282.410808393753,7.732987535426876,adult tokens (study-specific log-rate)
babyview,babyview,babyview,S00510002,16.32887738967946,head-cam transcript,3615.125460150633,8.192881839426505,adult tokens (study-specific log-rate)
babyview,babyview,babyview,S00510002,16.32887738967946,head-cam transcript,3296.69472013736,8.10067564555977,adult tokens (study-specific log-rate)
babyview,babyview,babyview,S00510002,16.32887738967946,head-cam transcript,3366.9367951402887,8.121758647122775,adult tokens (study-specific log-rate)
babyview,babyview,babyview,S00510002,16.32887738967946,head-cam transcript,2329.8872519001475,7.753575155646499,adult tokens (study-specific log-rate)
babyview,babyview,babyview,S00510002,16.46029692601491,head-cam transcript,3867.996930161167,8.260492062922706,adult tokens (study-specific log-rate)
babyview,babyview,babyview,S00510002,16.46029692601491,head-cam transcript,2681.992337164751,7.894315206702848,adult tokens (study-specific log-rate)
babyview,babyview,babyview,S00510002,16.46029692601491,head-cam transcript,3128.1137401303386,8.048185462938374,adult tokens (study-specific log-rate)
babyview,babyview,babyview,S00510002,16.558861578266495,head-cam transcript,2322.671280096778,7.750473216126656,adult tokens (study-specific log-rate)
babyview,babyview,babyview,S00510002,16.558861578266495,head-cam transcript,2533.0499621771546,7.837179374314514,adult tokens (study-specific log-rate)
babyview,babyview,babyview,S00510002,16.558861578266495,head-cam transcript,4730.5236270753485,8.461791178757403,adult tokens (study-specific log-rate)
babyview,babyview,babyview,S00510002,16.558861578266495,head-cam transcript,4684.546615581095,8.452024416367689,adult tokens (study-specific log-rate)
babyview,babyview,babyview,S00510002,16.558861578266495,head-cam transcript,2767.5377551153138,7.925713306807826,adult tokens (study-specific log-rate)
babyview,babyview,babyview,S00510002,16.591716462350355,head-cam transcript,1362.696255056779,7.217220556573221,adult tokens (study-specific log-rate)
babyview,babyview,babyview,S00510002,16.591716462350355,head-cam transcript,3241.9581427181997,8.083932791267857,adult tokens (study-specific log-rate)
babyview,babyview,babyview,S00510002,16.591716462350355,head-cam transcript,2659.833240110826,7.886018708122879,adult tokens (study-specific log-rate)
babyview,babyview,babyview,S00510002,16.78884576685353,head-cam transcript,4111.502790171316,8.321543883036846,adult tokens (study-specific log-rate)
babyview,babyview,babyview,S00510002,16.78884576685353,head-cam transcript,1703.108677641296,7.440210494035436,adult tokens (study-specific log-rate)
babyview,babyview,babyview,S00510002,16.78884576685353,head-cam transcript,1218.668326073429,7.105514005562632,adult tokens (study-specific log-rate)
babyview,babyview,babyview,S00510002,16.78884576685353,head-cam transcript,1376.7421117181404,7.227475198486184,adult tokens (study-specific log-rate)
babyview,babyview,babyview,S00510002,16.78884576685353,head-cam transcript,4313.965635243686,8.369612861048966,adult tokens (study-specific log-rate)
babyview,babyview,babyview,S00510002,16.82170065093739,head-cam transcript,2589.2439033176047,7.8591211828529515,adult tokens (study-specific log-rate)
babyview,babyview,babyview,S00510002,16.82170065093739,head-cam transcript,1948.0468800811677,7.574582549662991,adult tokens (study-specific log-rate)
babyview,babyview,babyview,S00510002,16.82170065093739,head-cam transcript,3629.1738751512153,8.196760318755075,adult tokens (study-specific log-rate)
babyview,babyview,babyview,S00510002,17.018829955440562,head-cam transcript,1573.4303519325676,7.361013452374243,adult tokens (study-specific log-rate)
babyview,babyview,babyview,S00510002,17.018829955440562,head-cam transcript,2176.1358155686316,7.68530602127102,adult tokens (study-specific log-rate)
babyview,babyview,babyview,S00510002,17.018829955440562,head-cam transcript,4387.788285182826,8.38658057164015,adult tokens (study-specific log-rate)
babyview,babyview,babyview,S00510002,17.018829955440562,head-cam transcript,1155.9817147954063,7.05270523145619,adult tokens (study-specific log-rate)
babyview,babyview,babyview,S00510002,17.018829955440562,head-cam transcript,5404.853128991057,8.595052556529469,adult tokens (study-specific log-rate)
babyview,babyview,babyview,S00510002,17.051684839524427,head-cam transcript,2472.533410179749,7.8129985761173,adult tokens (study-specific log-rate)
babyview,babyview,babyview,S00510002,17.051684839524427,head-cam transcript,4603.197315191802,8.434506409548895,adult tokens (study-specific log-rate)
babyview,babyview,babyview,S00510002,17.051684839524427,head-cam transcript,3844.5829051601913,8.254420398854156,adult tokens (study-specific log-rate)
babyview,babyview,babyview,S00510002,17.248814144027598,head-cam transcript,3963.834155830122,8.284967056993967,adult tokens (study-specific log-rate)
babyview,babyview,babyview,S00510002,17.248814144027598,head-cam transcript,2524.6961757163567,7.833876008020685,adult tokens (study-specific log-rate)
babyview,babyview,babyview,S00510002,17.248814144027598,head-cam transcript,1227.6214833759586,7.112833822898708,adult tokens (study-specific log-rate)
babyview,babyview,babyview,S00510002,17.248814144027598,head-cam transcript,2875.157629255989,7.963862779295775,adult tokens (study-specific log-rate)
babyview,babyview,babyview,S00510002,17.248814144027598,head-cam transcript,3799.57494326573,8.242644482422678,adult tokens (study-specific log-rate)
babyview,babyview,babyview,S00510002,17.28166902811146,head-cam transcript,1563.218390804598,7.3545020460636055,adult tokens (study-specific log-rate)
babyview,babyview,babyview,S00510002,17.28166902811146,head-cam transcript,1537.2951276619472,7.33777974050089,adult tokens (study-specific log-rate)
babyview,babyview,babyview,S00510002,17.28166902811146,head-cam transcript,1091.0935650454624,6.994935742967429,adult tokens (study-specific log-rate)
babyview,babyview,babyview,S00510002,17.478798332614634,head-cam transcript,2878.8588307337623,7.965149255277891,adult tokens (study-specific log-rate)
babyview,babyview,babyview,S00510002,17.478798332614634,head-cam transcript,3060.039386645569,8.02618306631639,adult tokens (study-specific log-rate)
babyview,babyview,babyview,S00510002,17.478798332614634,head-cam transcript,1938.6812700807789,7.569763263227043,adult tokens (study-specific log-rate)
babyview,babyview,babyview,S00510002,17.478798332614634,head-cam transcript,3029.7748351262403,8.016243583902629,adult tokens (study-specific log-rate)
babyview,babyview,babyview,S00510002,17.478798332614634,head-cam transcript,1625.3016822160578,7.393448728127396,adult tokens (study-specific log-rate)
babyview,babyview,babyview,S00510002,17.511653216698495,head-cam transcript,1577.7529627895253,7.363756938319994,adult tokens (study-specific log-rate)
babyview,babyview,babyview,S00510002,17.511653216698495,head-cam transcript,2481.1786318936634,7.816488981057068,adult tokens (study-specific log-rate)
babyview,babyview,babyview,S00510002,17.511653216698495,head-cam transcript,4643.678160919537,8.443262038288703,adult tokens (study-specific log-rate)
babyview,babyview,babyview,S00510002,17.708782521201666,head-cam transcript,1272.3826513546665,7.148646525197525,adult tokens (study-specific log-rate)
babyview,babyview,babyview,S00510002,17.708782521201666,head-cam transcript,1847.2114977457836,7.521432482439376,adult tokens (study-specific log-rate)
babyview,babyview,babyview,S00510002,17.708782521201666,head-cam transcript,4532.9552401888695,8.419129376678304,adult tokens (study-specific log-rate)
babyview,babyview,babyview,S00510002,17.708782521201666,head-cam transcript,3639.638341558302,8.199639598979829,adult tokens (study-specific log-rate)
babyview,babyview,babyview,S00510002,17.708782521201666,head-cam transcript,3821.1879975505176,8.248316647375145,adult tokens (study-specific log-rate)
babyview,babyview,babyview,S00510002,17.74163740528553,head-cam transcript,4186.427670174438,8.339603064575243,adult tokens (study-specific log-rate)
babyview,babyview,babyview,S00510002,17.74163740528553,head-cam transcript,2627.053605109461,7.873618194924425,adult tokens (study-specific log-rate)
babyview,babyview,babyview,S00510002,17.74163740528553,head-cam transcript,2828.4142201178497,7.947471487336543,adult tokens (study-specific log-rate)
babyview,babyview,babyview,S00510002,17.938766709788702,head-cam transcript,775.1051303616487,6.652998672232982,adult tokens (study-specific log-rate)
babyview,babyview,babyview,S00510002,17.938766709788702,head-cam transcript,2809.6830001170715,7.940826944617875,adult tokens (study-specific log-rate)
babyview,babyview,babyview,S00510002,17.938766709788702,head-cam transcript,2219.649570092485,7.705104611096805,adult tokens (study-specific log-rate)
babyview,babyview,babyview,S00510002,17.938766709788702,head-cam transcript,1643.6645550684862,7.404683512867594,adult tokens (study-specific log-rate)
babyview,babyview,babyview,S00510002,17.938766709788702,head-cam transcript,3419.1851878534662,8.137157552505156,adult tokens (study-specific log-rate)
babyview,babyview,babyview,S00510002,17.971621593872563,head-cam transcript,3081.285690128386,8.033102220727045,adult tokens (study-specific log-rate)
babyview,babyview,babyview,S00510002,17.971621593872563,head-cam transcript,3110.33274956217,8.042484992878242,adult tokens (study-specific log-rate)
babyview,babyview,babyview,S00510002,17.971621593872563,head-cam transcript,1568.7396750653645,7.358027821226795,adult tokens (study-specific log-rate)
babyview,babyview,babyview,S00510002,17.971621593872563,head-cam transcript,2395.913154533844,7.781519712557504,adult tokens (study-specific log-rate)
babyview,babyview,babyview,S00510002,18.168750898375738,head-cam transcript,845.1311534315483,6.739491826474763,adult tokens (study-specific log-rate)
babyview,babyview,babyview,S00510002,18.168750898375738,head-cam transcript,1835.659560076486,7.515159129192191,adult tokens (study-specific log-rate)
babyview,babyview,babyview,S00510002,18.168750898375738,head-cam transcript,1942.6914929200582,7.571829658036876,adult tokens (study-specific log-rate)
babyview,babyview,babyview,S00510002,18.168750898375738,head-cam transcript,2394.7264147545106,7.781024271484785,adult tokens (study-specific log-rate)
babyview,babyview,babyview,S00510002,18.168750898375738,head-cam transcript,1582.0755736464826,7.366492918138868,adult tokens (study-specific log-rate)
babyview,babyview,babyview,S00510002,18.2016057824596,head-cam transcript,2842.462635118435,7.952426080461226,adult tokens (study-specific log-rate)
babyview,babyview,babyview,S00510002,18.2016057824596,head-cam transcript,5602.878420215882,8.631035748278613,adult tokens (study-specific log-rate)
babyview,babyview,babyview,S00510002,18.2016057824596,head-cam transcript,2689.263017058759,7.897022463705256,adult tokens (study-specific log-rate)
babyview,babyview,babyview,S00510002,18.39873508696277,head-cam transcript,4434.998739238501,8.397282610468217,adult tokens (study-specific log-rate)
babyview,babyview,babyview,S00510002,18.39873508696277,head-cam transcript,1807.5627300753147,7.499734658866559,adult tokens (study-specific log-rate)
babyview,babyview,babyview,S00510002,18.39873508696277,head-cam transcript,1672.8504016425916,7.422284277767283,adult tokens (study-specific log-rate)
babyview,babyview,babyview,S00510002,18.39873508696277,head-cam transcript,1952.729685081363,7.576983511200529,adult tokens (study-specific log-rate)
babyview,babyview,babyview,S00510002,18.39873508696277,head-cam transcript,3041.0106533421326,8.019945190907707,adult tokens (study-specific log-rate)
babyview,babyview,babyview,S00510002,18.43158997104663,head-cam transcript,2533.0499621771546,7.837179374314514,adult tokens (study-specific log-rate)
babyview,babyview,babyview,S00510002,18.43158997104663,head-cam transcript,7408.197510308669,8.910342437729327,adult tokens (study-specific log-rate)
babyview,babyview,babyview,S00510002,18.43158997104663,head-cam transcript,5619.366000234143,8.63397412517782,adult tokens (study-specific log-rate)
babyview,babyview,babyview,S00510002,18.628719275549805,head-cam transcript,3811.803270158826,8.245857655404269,adult tokens (study-specific log-rate)
babyview,babyview,babyview,S00510002,18.628719275549805,head-cam transcript,4561.941251596423,8.425503524987723,adult tokens (study-specific log-rate)
babyview,babyview,babyview,S00510002,18.628719275549805,head-cam transcript,2732.3714107665023,7.912925159754538,adult tokens (study-specific log-rate)
babyview,babyview,babyview,S00510002,18.628719275549805,head-cam transcript,1759.302618781744,7.472672770180097,adult tokens (study-specific log-rate)
babyview,babyview,babyview,S00510002,18.628719275549805,head-cam transcript,1151.970030047999,7.049228825334091,adult tokens (study-specific log-rate)
babyview,babyview,babyview,S00510002,18.661574159633663,head-cam transcript,2561.49433510673,7.84834609182371,adult tokens (study-specific log-rate)
babyview,babyview,babyview,S00510002,18.661574159633663,head-cam transcript,3499.3614303959116,8.16033578237345,adult tokens (study-specific log-rate)
babyview,babyview,babyview,S00510002,18.661574159633663,head-cam transcript,4010.2171136653897,8.296600661893633,adult tokens (study-specific log-rate)
babyview,babyview,babyview,S00510002,18.85870346413684,head-cam transcript,1461.042469651669,7.28690548022052,adult tokens (study-specific log-rate)
babyview,babyview,babyview,S00510002,18.85870346413684,head-cam transcript,933.6839451028419,6.839137992421667,adult tokens (study-specific log-rate)
babyview,babyview,babyview,S00510002,18.85870346413684,head-cam transcript,2883.527421894746,7.966769622944268,adult tokens (study-specific log-rate)
babyview,babyview,babyview,S00510002,18.85870346413684,head-cam transcript,3460.592895144192,8.14919521034993,adult tokens (study-specific log-rate)
babyview,babyview,babyview,S00510002,18.85870346413684,head-cam transcript,4893.531225203896,8.49566945380064,adult tokens (study-specific log-rate)
babyview,babyview,babyview,S00510002,18.891558348220705,head-cam transcript,1456.7198587947123,7.283942515089864,adult tokens (study-specific log-rate)
babyview,babyview,babyview,S00510002,18.891558348220705,head-cam transcript,2959.5327601233134,7.9927866835485855,adult tokens (study-specific log-rate)
babyview,babyview,babyview,S00510002,18.891558348220705,head-cam transcript,5239.00435863261,8.563886751366761,adult tokens (study-specific log-rate)
babyview,babyview,babyview,S00510002,19.088687652723873,head-cam transcript,1474.010302222542,7.295742062021018,adult tokens (study-specific log-rate)
babyview,babyview,babyview,S00510002,19.088687652723873,head-cam transcript,3734.7357804113717,8.225432353541558,adult tokens (study-specific log-rate)
babyview,babyview,babyview,S00510002,19.088687652723873,head-cam transcript,2399.6267247317096,7.783068472877993,adult tokens (study-specific log-rate)
babyview,babyview,babyview,S00510002,19.088687652723873,head-cam transcript,2822.6648895933154,7.945436714013933,adult tokens (study-specific log-rate)
babyview,babyview,babyview,S00510002,19.088687652723873,head-cam transcript,941.243805039218,6.8472021974608035,adult tokens (study-specific log-rate)
babyview,babyview,babyview,S00510002,19.121542536807738,head-cam transcript,3910.1421751629196,8.271329014252583,adult tokens (study-specific log-rate)
babyview,babyview,babyview,S00510002,19.121542536807738,head-cam transcript,3851.85185185185,8.25630931211918,adult tokens (study-specific log-rate)
babyview,babyview,babyview,S00510002,19.121542536807738,head-cam transcript,1657.7129700690718,7.413194202535503,adult tokens (study-specific log-rate)
babyview,babyview,babyview,S00510002,19.31867184131091,head-cam transcript,2831.31011130723,7.948494820372754,adult tokens (study-specific log-rate)
babyview,babyview,babyview,S00510002,19.31867184131091,head-cam transcript,1910.5939987752604,7.5551694668152,adult tokens (study-specific log-rate)
babyview,babyview,babyview,S00510002,19.31867184131091,head-cam transcript,3062.554470127606,8.027004640858927,adult tokens (study-specific log-rate)
babyview,babyview,babyview,S00510002,19.31867184131091,head-cam transcript,3524.21445608213,8.167412841073363,adult tokens (study-specific log-rate)
babyview,babyview,babyview,S00510002,19.31867184131091,head-cam transcript,2528.714700105363,7.835466428960048,adult tokens (study-specific log-rate)
babyview,babyview,babyview,S00510002,19.351526725394773,head-cam transcript,1798.2061164943632,7.4945448449987655,adult tokens (study-specific log-rate)
babyview,babyview,babyview,S00510002,19.351526725394773,head-cam transcript,1756.0518750731694,7.470823315372139,adult tokens (study-specific log-rate)
babyview,babyview,babyview,S00510002,19.351526725394773,head-cam transcript,2800.31739011668,7.93748804335236,adult tokens (study-specific log-rate)
babyview,babyview,babyview,S00510002,19.548656029897945,head-cam transcript,2014.336659342243,7.608045218863148,adult tokens (study-specific log-rate)
babyview,babyview,babyview,S00510002,19.548656029897945,head-cam transcript,2107.262250087802,7.653144872166093,adult tokens (study-specific log-rate)
babyview,babyview,babyview,S00510002,19.548656029897945,head-cam transcript,2495.9350651039977,7.822418713567573,adult tokens (study-specific log-rate)
babyview,babyview,babyview,S00510002,19.548656029897945,head-cam transcript,1702.641156892895,7.439935946124373,adult tokens (study-specific log-rate)
babyview,babyview,babyview,S00510002,19.58151091398181,head-cam transcript,1680.7151979565776,7.426974694876597,adult tokens (study-specific log-rate)
babyview,babyview,babyview,S00510002,19.58151091398181,head-cam transcript,1280.410302151857,7.154935854105089,adult tokens (study-specific log-rate)
babyview,babyview,babyview,S00510002,19.58151091398181,head-cam transcript,4482.547458665036,8.40794679296703,adult tokens (study-specific log-rate)
babyview,babyview,babyview,S00510002,19.77864021848498,head-cam transcript,2122.401930766183,7.660303712532023,adult tokens (study-specific log-rate)
babyview,babyview,babyview,S00510002,19.77864021848498,head-cam transcript,1477.2805864859263,7.297958235028142,adult tokens (study-specific log-rate)
babyview,babyview,babyview,S00510002,19.77864021848498,head-cam transcript,3357.5711851398996,8.118973130001349,adult tokens (study-specific log-rate)
babyview,babyview,babyview,S00510002,19.77864021848498,head-cam transcript,4130.234010172092,8.32608934540852,adult tokens (study-specific log-rate)
babyview,babyview,babyview,S00510002,19.77864021848498,head-cam transcript,1590.7207953603975,7.371942522906433,adult tokens (study-specific log-rate)
babyview,babyview,babyview,S00510002,19.81149510256884,head-cam transcript,1876.013111919599,7.5369041188379065,adult tokens (study-specific log-rate)
babyview,babyview,babyview,S00510002,19.81149510256884,head-cam transcript,2814.019667879399,7.942369226946071,adult tokens (study-specific log-rate)
babyview,babyview,babyview,S00510002,19.81149510256884,head-cam transcript,2232.439335887612,7.710850139206815,adult tokens (study-specific log-rate)
babyview,babyview,babyview,S00510002,20.008624407072013,head-cam transcript,1874.45646114394,7.536074008989141,adult tokens (study-specific log-rate)
babyview,babyview,babyview,S00510002,20.008624407072013,head-cam transcript,2303.940060095998,7.7423760058940365,adult tokens (study-specific log-rate)
babyview,babyview,babyview,S00510002,20.008624407072013,head-cam transcript,3629.1738751512153,8.196760318755075,adult tokens (study-specific log-rate)
babyview,babyview,babyview,S00510002,20.008624407072013,head-cam transcript,2294.5744500956075,7.738302680506401,adult tokens (study-specific log-rate)
babyview,babyview,babyview,S00510002,20.008624407072013,head-cam transcript,2455.63902843711,7.8061423030730355,adult tokens (study-specific log-rate)
babyview,babyview,babyview,S00510002,20.140043943407463,head-cam transcript,2392.9133550997058,7.780266879605433,adult tokens (study-specific log-rate)
babyview,babyview,babyview,S00510002,20.140043943407463,head-cam transcript,1596.8365050665345,7.375779766685245,adult tokens (study-specific log-rate)
babyview,babyview,babyview,S00510002,20.140043943407463,head-cam transcript,1642.5921256438883,7.404030837457933,adult tokens (study-specific log-rate)
babyview,babyview,babyview,S00510002,20.27146347974291,head-cam transcript,1499.9459673642873,7.313184364684361,adult tokens (study-specific log-rate)
babyview,babyview,babyview,S00510002,20.27146347974291,head-cam transcript,5219.483826979768,8.560153792267016,adult tokens (study-specific log-rate)
babyview,babyview,babyview,S00510002,20.27146347974291,head-cam transcript,1718.5894350716078,7.449259137456298,adult tokens (study-specific log-rate)
babyview,babyview,babyview,S00510002,20.27146347974291,head-cam transcript,3277.9635001365796,8.094977624445132,adult tokens (study-specific log-rate)
babyview,babyview,babyview,S00510002,20.27146347974291,head-cam transcript,1821.6111450759006,7.5074766330201745,adult tokens (study-specific log-rate)
babyview,babyview,babyview,S00510002,20.304318363826773,head-cam transcript,1990.1921250829246,7.595986458326145,adult tokens (study-specific log-rate)
babyview,babyview,babyview,S00510002,20.304318363826773,head-cam transcript,2683.247265111802,7.894783006116468,adult tokens (study-specific log-rate)
babyview,babyview,babyview,S00510002,20.304318363826773,head-cam transcript,1871.6905010626422,7.534597312739992,adult tokens (study-specific log-rate)
babyview,babyview,babyview,S00510002,20.468592784246084,head-cam transcript,2144.7246900893633,7.670766473515913,adult tokens (study-specific log-rate)
babyview,babyview,babyview,S00510002,20.468592784246084,head-cam transcript,3100.8939974457226,8.039445735170723,adult tokens (study-specific log-rate)
babyview,babyview,babyview,S00510002,20.468592784246084,head-cam transcript,3712.239177826221,8.219390525511963,adult tokens (study-specific log-rate)
babyview,babyview,babyview,S00510002,20.468592784246084,head-cam transcript,3011.0436151254607,8.010042013639348,adult tokens (study-specific log-rate)
babyview,babyview,babyview,S00510002,20.468592784246084,head-cam transcript,2131.0471524800982,7.664368758780192,adult tokens (study-specific log-rate)
babyview,babyview,babyview,S00510002,20.501447668329945,head-cam transcript,1400.5259176542631,7.244603100529831,adult tokens (study-specific log-rate)
babyview,babyview,babyview,S00510002,20.501447668329945,head-cam transcript,1994.8712231017948,7.598334777416873,adult tokens (study-specific log-rate)
babyview,babyview,babyview,S00510002,20.501447668329945,head-cam transcript,2339.719029374201,7.757786128225409,adult tokens (study-specific log-rate)
babyview,babyview,babyview,S00510002,20.961416045504013,head-cam transcript,1406.0003550505949,7.248504324895895,adult tokens (study-specific log-rate)
babyview,babyview,babyview,S00510002,20.961416045504013,head-cam transcript,2265.048089045784,7.725351269058544,adult tokens (study-specific log-rate)
babyview,babyview,babyview,S00510002,20.961416045504013,head-cam transcript,1184.3953748063827,7.076987691125572,adult tokens (study-specific log-rate)
babyview,babyview,babyview,S00510002,20.961416045504013,head-cam transcript,1279.4928136594503,7.154219039061562,adult tokens (study-specific log-rate)
babyview,babyview,babyview,S00510002,20.961416045504013,head-cam transcript,2402.278965100096,7.784173134572498,adult tokens (study-specific log-rate)
babyview,babyview,babyview,S00510002,21.027125813671734,head-cam transcript,1154.5338441890162,7.05145194338351,adult tokens (study-specific log-rate)
babyview,babyview,babyview,S00510002,21.027125813671734,head-cam transcript,1938.6812700807789,7.569763263227043,adult tokens (study-specific log-rate)
babyview,babyview,babyview,S00510002,21.027125813671734,head-cam transcript,1119.1903950466328,7.020360841333239,adult tokens (study-specific log-rate)
babyview,babyview,babyview,S00510002,21.027125813671734,head-cam transcript,2303.9515867584023,7.7423810089033465,adult tokens (study-specific log-rate)
babyview,babyview,babyview,S00510002,21.19140023409105,head-cam transcript,1254.9917400522918,7.134884269912585,adult tokens (study-specific log-rate)
babyview,babyview,babyview,S00510002,21.19140023409105,head-cam transcript,1685.823754789272,7.4300095985717505,adult tokens (study-specific log-rate)
babyview,babyview,babyview,S00510002,21.19140023409105,head-cam transcript,1990.9309149106432,7.596357604773405,adult tokens (study-specific log-rate)
babyview,babyview,babyview,S00510002,21.19140023409105,head-cam transcript,2088.5310300870215,7.644216241421792,adult tokens (study-specific log-rate)
babyview,babyview,babyview,S00510002,21.19140023409105,head-cam transcript,2109.833971902937,7.654364537072257,adult tokens (study-specific log-rate)
babyview,babyview,babyview,S00510002,21.257110002258777,head-cam transcript,2083.498433053565,7.641803698788102,adult tokens (study-specific log-rate)
babyview,babyview,babyview,S00510002,21.257110002258777,head-cam transcript,1690.932311621967,7.433035319488288,adult tokens (study-specific log-rate)
babyview,babyview,babyview,S00510002,21.257110002258777,head-cam transcript,1039.5827100433164,6.946574671274008,adult tokens (study-specific log-rate)
babyview,babyview,babyview,S00510002,21.421384422678084,head-cam transcript,1915.267245079803,7.55761244544453,adult tokens (study-specific log-rate)
babyview,babyview,babyview,S00510002,21.421384422678084,head-cam transcript,1685.8066674099684,7.429999462597658,adult tokens (study-specific log-rate)
babyview,babyview,babyview,S00510002,21.421384422678084,head-cam transcript,1147.2872250478038,7.045155499946455,adult tokens (study-specific log-rate)
babyview,babyview,babyview,S00510002,21.421384422678084,head-cam transcript,466.0073525604516,6.144201412027894,adult tokens (study-specific log-rate)
babyview,babyview,babyview,S00510002,21.421384422678084,head-cam transcript,2103.244508863865,7.6512364356412865,adult tokens (study-specific log-rate)
babyview,babyview,babyview,S00510002,21.55280395901353,head-cam transcript,1535.9600400639983,7.336910897785872,adult tokens (study-specific log-rate)
babyview,babyview,babyview,S00510002,21.55280395901353,head-cam transcript,1798.1971200749242,7.494539841989455,adult tokens (study-specific log-rate)
babyview,babyview,babyview,S00510002,21.55280395901353,head-cam transcript,950.9743885306724,6.857487131089863,adult tokens (study-specific log-rate)
babyview,babyview,babyview,S00510002,21.651368611265116,head-cam transcript,1252.31352436169,7.132747939129726,adult tokens (study-specific log-rate)
babyview,babyview,babyview,S00510002,21.651368611265116,head-cam transcript,1646.914736500846,7.4066589598642025,adult tokens (study-specific log-rate)
babyview,babyview,babyview,S00510002,21.651368611265116,head-cam transcript,1020.8514900425358,6.9283923521908175,adult tokens (study-specific log-rate)
babyview,babyview,babyview,S00510002,21.651368611265116,head-cam transcript,2093.2138350872174,7.646455884015297,adult tokens (study-specific log-rate)
babyview,babyview,babyview,S00510002,21.651368611265116,head-cam transcript,995.2483801295897,6.9029923342775845,adult tokens (study-specific log-rate)
babyview,babyview,babyview,S00510002,21.782788147600566,head-cam transcript,2746.6937945066134,7.918153210827391,adult tokens (study-specific log-rate)
babyview,babyview,babyview,S00510002,21.782788147600566,head-cam transcript,2103.244508863865,7.6512364356412865,adult tokens (study-specific log-rate)
babyview,babyview,babyview,S00510002,21.782788147600566,head-cam transcript,747.811678253665,6.617151179235281,adult tokens (study-specific log-rate)
babyview,babyview,babyview,S00510002,21.914207683936016,head-cam transcript,622.8130650259508,6.434246417623482,adult tokens (study-specific log-rate)
babyview,babyview,babyview,S00510002,21.914207683936016,head-cam transcript,946.6517776737146,6.852931314554002,adult tokens (study-specific log-rate)
babyview,babyview,babyview,S00510002,21.914207683936016,head-cam transcript,1128.201433665934,7.028379992060195,adult tokens (study-specific log-rate)
babyview,babyview,babyview,S00510002,21.914207683936016,head-cam transcript,1526.5944300636077,7.3307946707684355,adult tokens (study-specific log-rate)
babyview,babyview,babyview,S00510002,21.914207683936016,head-cam transcript,1768.0896155010596,7.47765492941362,adult tokens (study-specific log-rate)
babyview,babyview,babyview,S00510002,22.0127723361876,head-cam transcript,3853.9485151605827,8.256853490078798,adult tokens (study-specific log-rate)
babyview,babyview,babyview,S00510002,22.0127723361876,head-cam transcript,1157.5924075924072,7.054097616546981,adult tokens (study-specific log-rate)
babyview,babyview,babyview,S00510002,22.0127723361876,head-cam transcript,1540.642845064193,7.3399550401671,adult tokens (study-specific log-rate)
babyview,babyview,babyview,S00510002,22.177046756606913,head-cam transcript,2455.2429667519177,7.805981003458653,adult tokens (study-specific log-rate)
babyview,babyview,babyview,S00510002,22.177046756606913,head-cam transcript,1505.184524473186,7.316670777290655,adult tokens (study-specific log-rate)
babyview,babyview,babyview,S00510002,22.177046756606913,head-cam transcript,1538.8494650769069,7.338790315589533,adult tokens (study-specific log-rate)
babyview,babyview,babyview,S00510002,22.177046756606913,head-cam transcript,2247.746400093655,7.717683393303664,adult tokens (study-specific log-rate)
babyview,babyview,babyview,S00510002,22.177046756606913,head-cam transcript,1240.1023849962926,7.122949223735885,adult tokens (study-specific log-rate)
babyview,babyview,babyview,S00510002,22.24275652477463,head-cam transcript,1765.4174850735585,7.476142476849739,adult tokens (study-specific log-rate)
babyview,babyview,babyview,S00510002,22.24275652477463,head-cam transcript,2589.591165107899,7.859255290924063,adult tokens (study-specific log-rate)
babyview,babyview,babyview,S00510002,22.24275652477463,head-cam transcript,1476.65262772386,7.297533067141133,adult tokens (study-specific log-rate)
babyview,babyview,babyview,S00510002,22.374176061110084,head-cam transcript,1788.9404649550258,7.489378804562039,adult tokens (study-specific log-rate)
babyview,babyview,babyview,S00510002,22.374176061110084,head-cam transcript,1147.2872250478038,7.045155499946455,adult tokens (study-specific log-rate)
babyview,babyview,babyview,S00510002,22.374176061110084,head-cam transcript,847.23172796369,6.741974243968019,adult tokens (study-specific log-rate)
babyview,babyview,babyview,S00510002,22.374176061110084,head-cam transcript,2406.96177010029,7.786120554856893,adult tokens (study-specific log-rate)
babyview,babyview,babyview,S00510002,22.374176061110084,head-cam transcript,3450.299700299698,8.146216375904542,adult tokens (study-specific log-rate)
babyview,babyview,babyview,S00510002,22.50559559744553,head-cam transcript,1569.1077410756097,7.358262419002353,adult tokens (study-specific log-rate)
babyview,babyview,babyview,S00510002,22.50559559744553,head-cam transcript,959.619610244588,6.8665369666097815,adult tokens (study-specific log-rate)
babyview,babyview,babyview,S00510002,22.50559559744553,head-cam transcript,1223.298872519001,7.109306482380739,adult tokens (study-specific log-rate)
babyview,babyview,babyview,S00510002,22.571305365613256,head-cam transcript,1137.9216150474138,7.036958732742277,adult tokens (study-specific log-rate)
babyview,babyview,babyview,S00510002,22.571305365613256,head-cam transcript,1275.1702028024924,7.1508349410773215,adult tokens (study-specific log-rate)
babyview,babyview,babyview,S00510002,22.571305365613256,head-cam transcript,2425.692990101071,7.793872531661211,adult tokens (study-specific log-rate)
babyview,babyview,babyview,S00510002,22.571305365613256,head-cam transcript,4045.943520168578,8.305470058205783,adult tokens (study-specific log-rate)
babyview,babyview,babyview,S00510002,22.571305365613256,head-cam transcript,3727.8292810914804,8.223581381058281,adult tokens (study-specific log-rate)
babyview,babyview,babyview,S00510002,22.735579786032567,head-cam transcript,5825.409420242723,8.669984562700852,adult tokens (study-specific log-rate)
babyview,babyview,babyview,S00510002,22.735579786032567,head-cam transcript,2570.85994510712,7.851995730911259,adult tokens (study-specific log-rate)
babyview,babyview,babyview,S00510002,22.735579786032567,head-cam transcript,4003.7982751668255,8.294998758338489,adult tokens (study-specific log-rate)
babyview,babyview,babyview,S00510002,22.735579786032567,head-cam transcript,1690.1408450704232,7.432567144722868,adult tokens (study-specific log-rate)
babyview,babyview,babyview,S00510002,22.80128955420029,head-cam transcript,2407.694247325384,7.786424824664786,adult tokens (study-specific log-rate)
babyview,babyview,babyview,S00510002,22.80128955420029,head-cam transcript,1279.4928136594503,7.154219039061562,adult tokens (study-specific log-rate)
babyview,babyview,babyview,S00510002,22.80128955420029,head-cam transcript,3133.8928712942597,8.050031239592176,adult tokens (study-specific log-rate)
babyview,babyview,babyview,S00510002,22.80128955420029,head-cam transcript,3419.1851878534662,8.137157552505156,adult tokens (study-specific log-rate)
babyview,babyview,babyview,S00510002,22.80128955420029,head-cam transcript,3764.2357642357615,8.23330013536317,adult tokens (study-specific log-rate)
babyview,babyview,babyview,S00510002,22.899854206451877,head-cam transcript,2386.0811930405966,7.777407631014597,adult tokens (study-specific log-rate)
babyview,babyview,babyview,S00510002,22.899854206451877,head-cam transcript,1779.465900074144,7.484068542122159,adult tokens (study-specific log-rate)
babyview,babyview,babyview,S00510002,22.899854206451877,head-cam transcript,2669.1988501112164,7.889533650230324,adult tokens (study-specific log-rate)
babyview,babyview,babyview,S00510002,23.064128626871188,head-cam transcript,1376.7446700573648,7.22747705674041,adult tokens (study-specific log-rate)
babyview,babyview,babyview,S00510002,23.064128626871188,head-cam transcript,1072.007492525485,6.977288330902484,adult tokens (study-specific log-rate)
babyview,babyview,babyview,S00510002,23.064128626871188,head-cam transcript,1312.6849984985631,7.179829935770087,adult tokens (study-specific log-rate)
babyview,babyview,babyview,S00510002,23.129838395038913,head-cam transcript,1167.1049313785522,7.062281543735876,adult tokens (study-specific log-rate)
babyview,babyview,babyview,S00510002,23.129838395038913,head-cam transcript,963.9422211015449,6.87103135619762,adult tokens (study-specific log-rate)
babyview,babyview,babyview,S00510002,23.129838395038913,head-cam transcript,3371.6475095785445,8.123156779131696,adult tokens (study-specific log-rate)
babyview,babyview,babyview,S00510002,23.129838395038913,head-cam transcript,3085.9684951285835,8.034620823904236,adult tokens (study-specific log-rate)
babyview,babyview,babyview,S00510002,23.129838395038913,head-cam transcript,2532.4957299597604,7.83696055002458,adult tokens (study-specific log-rate)
babyview,babyview,babyview,S00510002,23.294112815458224,head-cam transcript,1505.184524473186,7.316670777290655,adult tokens (study-specific log-rate)
babyview,babyview,babyview,S00510002,23.294112815458224,head-cam transcript,1236.2605200515113,7.119846392548045,adult tokens (study-specific log-rate)
babyview,babyview,babyview,S00510002,23.294112815458224,head-cam transcript,1399.7445721583647,7.244045050499294,adult tokens (study-specific log-rate)
babyview,babyview,babyview,S00510002,23.294112815458224,head-cam transcript,2605.3639846743295,7.865327669829596,adult tokens (study-specific log-rate)
babyview,babyview,babyview,S00510002,23.294112815458224,head-cam transcript,3575.0281614987875,8.1817283324394,adult tokens (study-specific log-rate)
babyview,babyview,babyview,S00510002,23.359822583625945,head-cam transcript,1448.9909688928535,7.278622709653125,adult tokens (study-specific log-rate)
babyview,babyview,babyview,S00510002,23.359822583625945,head-cam transcript,3112.2798170094757,8.043110796747603,adult tokens (study-specific log-rate)
babyview,babyview,babyview,S00510002,23.359822583625945,head-cam transcript,3266.7332667332676,8.091545763558216,adult tokens (study-specific log-rate)
babyview,babyview,babyview,S00510002,23.491242119961395,head-cam transcript,1505.184524473186,7.316670777290655,adult tokens (study-specific log-rate)
babyview,babyview,babyview,S00510002,23.491242119961395,head-cam transcript,955.2904448656484,6.862015424991719,adult tokens (study-specific log-rate)
babyview,babyview,babyview,S00510002,23.491242119961395,head-cam transcript,2065.117005086046,7.632942164848574,adult tokens (study-specific log-rate)
babyview,babyview,babyview,S00510002,23.491242119961395,head-cam transcript,3212.4042301338477,8.074774917127613,adult tokens (study-specific log-rate)
babyview,babyview,babyview,S00510002,23.491242119961395,head-cam transcript,2271.6346153846157,7.728254946214617,adult tokens (study-specific log-rate)
babyview,babyview,babyview,S00510002,23.58980677221298,head-cam transcript,994.2004971002482,6.901938893660697,adult tokens (study-specific log-rate)
babyview,babyview,babyview,S00510002,23.58980677221298,head-cam transcript,808.3282302510714,6.694968201592088,adult tokens (study-specific log-rate)
babyview,babyview,babyview,S00510002,23.58980677221298,head-cam transcript,1475.0835750614613,7.296469928227361,adult tokens (study-specific log-rate)
babyview,babyview,babyview,S00510002,23.72122630854843,head-cam transcript,1466.1558109833966,7.290399159870845,adult tokens (study-specific log-rate)
babyview,babyview,babyview,S00510002,23.72122630854843,head-cam transcript,2075.7562317040715,7.6380808152833986,adult tokens (study-specific log-rate)
babyview,babyview,babyview,S00510002,23.72122630854843,head-cam transcript,3455.910090143998,8.147841114002201,adult tokens (study-specific log-rate)
babyview,babyview,babyview,S00510002,23.72122630854843,head-cam transcript,2589.591165107899,7.859255290924063,adult tokens (study-specific log-rate)
babyview,babyview,babyview,S00510002,23.72122630854843,head-cam transcript,2773.9463601532566,7.92802626404516,adult tokens (study-specific log-rate)
babyview,babyview,babyview,S00510002,23.819790960800017,head-cam transcript,1206.0084290911711,7.095071366558868,adult tokens (study-specific log-rate)
babyview,babyview,babyview,S00510002,23.819790960800017,head-cam transcript,1962.0952950817543,7.581768209323866,adult tokens (study-specific log-rate)
babyview,babyview,babyview,S00510002,23.819790960800017,head-cam transcript,827.5170309691982,6.718429688271087,adult tokens (study-specific log-rate)
babyview,babyview,babyview,S00510002,23.951210497135463,head-cam transcript,1664.2051799286767,7.417102919025286,adult tokens (study-specific log-rate)
babyview,babyview,babyview,S00510002,23.951210497135463,head-cam transcript,1240.9433250517063,7.123627115387951,adult tokens (study-specific log-rate)
babyview,babyview,babyview,S00510002,23.951210497135463,head-cam transcript,2084.743689082828,7.642401195780754,adult tokens (study-specific log-rate)
babyview,babyview,babyview,S00510002,24.016920265303188,head-cam transcript,1896.5360250790225,7.547784356508267,adult tokens (study-specific log-rate)
babyview,babyview,babyview,S00510002,24.016920265303188,head-cam transcript,2549.169859514688,7.843523039862744,adult tokens (study-specific log-rate)
babyview,babyview,babyview,S00510002,24.016920265303188,head-cam transcript,1690.4926050704373,7.432775247734609,adult tokens (study-specific log-rate)
babyview,babyview,babyview,S00510002,24.016920265303188,head-cam transcript,1242.5450953130148,7.124917051326671,adult tokens (study-specific log-rate)
babyview,babyview,babyview,S00510002,24.115484917554777,head-cam transcript,3800.766283524904,8.242957978944316,adult tokens (study-specific log-rate)
babyview,babyview,babyview,S00510002,24.115484917554777,head-cam transcript,3703.269011702161,8.216971225237456,adult tokens (study-specific log-rate)
babyview,babyview,babyview,S00510002,24.1811946857225,head-cam transcript,2589.591165107899,7.859255290924063,adult tokens (study-specific log-rate)
babyview,babyview,babyview,S00510002,24.1811946857225,head-cam transcript,2406.96177010029,7.786120554856893,adult tokens (study-specific log-rate)
babyview,babyview,babyview,S00510002,24.1811946857225,head-cam transcript,1979.515853351529,7.590607575279727,adult tokens (study-specific log-rate)
babyview,babyview,babyview,S00510002,24.1811946857225,head-cam transcript,1952.729685081363,7.576983511200529,adult tokens (study-specific log-rate)
babyview,babyview,babyview,S00510002,24.246904453890224,head-cam transcript,1558.1098339719022,7.351228720718636,adult tokens (study-specific log-rate)
babyview,babyview,babyview,S00510002,24.246904453890224,head-cam transcript,2579.821200510855,7.855475373386584,adult tokens (study-specific log-rate)
babyview,babyview,babyview,S00510002,24.246904453890224,head-cam transcript,2130.268199233717,7.664003165910026,adult tokens (study-specific log-rate)
babyview,babyview,babyview,S00510002,24.246904453890224,head-cam transcript,2022.988505747127,7.612331155365705,adult tokens (study-specific log-rate)
babyview,babyview,babyview,S00510002,24.411178874309535,head-cam transcript,1006.3856960408687,6.914120672849213,adult tokens (study-specific log-rate)
babyview,babyview,babyview,S00510002,24.411178874309535,head-cam transcript,2334.6104725415066,7.755600335005429,adult tokens (study-specific log-rate)
babyview,babyview,babyview,S00510002,24.411178874309535,head-cam transcript,2388.2305500995103,7.7783080151201,adult tokens (study-specific log-rate)
babyview,babyview,babyview,S00510002,24.411178874309535,head-cam transcript,3571.4100939027844,8.18071578107442,adult tokens (study-specific log-rate)
babyview,babyview,babyview,S00510002,24.54259841064498,head-cam transcript,4183.90804597701,8.339001027964294,adult tokens (study-specific log-rate)
babyview,babyview,babyview,S00510002,24.54259841064498,head-cam transcript,4137.931034482758,8.327951191777709,adult tokens (study-specific log-rate)
babyview,babyview,babyview,S00510002,24.54259841064498,head-cam transcript,3095.33410512897,8.037651129253414,adult tokens (study-specific log-rate)
babyview,babyview,babyview,S00510002,24.54259841064498,head-cam transcript,1274.5242661159457,7.150328263349272,adult tokens (study-specific log-rate)
babyview,babyview,babyview,S00510002,24.739727715148156,head-cam transcript,1685.933302112346,7.4300745779408235,adult tokens (study-specific log-rate)
babyview,babyview,babyview,S00510002,24.739727715148156,head-cam transcript,3243.933588761176,8.084541943003916,adult tokens (study-specific log-rate)
babyview,babyview,babyview,S00510002,24.739727715148156,head-cam transcript,3690.9809558030897,8.213647543385989,adult tokens (study-specific log-rate)
babyview,babyview,babyview,S00510002,24.772582599232017,head-cam transcript,3647.5095785440612,8.201799906450809,adult tokens (study-specific log-rate)
babyview,babyview,babyview,S00510002,24.772582599232017,head-cam transcript,2605.3639846743295,7.865327669829596,adult tokens (study-specific log-rate)
babyview,babyview,babyview,S00510002,24.772582599232017,head-cam transcript,3769.6580251570686,8.234739566820291,adult tokens (study-specific log-rate)
babyview,babyview,babyview,S00510002,24.772582599232017,head-cam transcript,3337.7920293174507,8.113064798301613,adult tokens (study-specific log-rate)
babyview,babyview,babyview,S00510002,24.80543748331588,head-cam transcript,4465.257015237201,8.40408205385714,adult tokens (study-specific log-rate)
babyview,babyview,babyview,S00510002,24.80543748331588,head-cam transcript,2481.886650103411,7.816774295947895,adult tokens (study-specific log-rate)
babyview,babyview,babyview,S00510002,24.871147251483603,head-cam transcript,1653.0301650688766,7.410365346335025,adult tokens (study-specific log-rate)
babyview,babyview,babyview,S00510002,24.871147251483603,head-cam transcript,1859.5146871008942,7.528070811747965,adult tokens (study-specific log-rate)
babyview,babyview,babyview,S00510002,24.871147251483603,head-cam transcript,2937.420178799488,7.985286984908575,adult tokens (study-specific log-rate)
babyview,babyview,babyview,S00510002,24.871147251483603,head-cam transcript,3338.381428541791,8.113241366280139,adult tokens (study-specific log-rate)
babyview,babyview,babyview,S00510002,24.936857019651328,head-cam transcript,1895.2745849297573,7.54711900671866,adult tokens (study-specific log-rate)
babyview,babyview,babyview,S00510002,24.936857019651328,head-cam transcript,1638.9817500682911,7.401830443885188,adult tokens (study-specific log-rate)
babyview,babyview,babyview,S00510002,24.936857019651328,head-cam transcript,1164.7509578544057,7.060262573065665,adult tokens (study-specific log-rate)
babyview,babyview,babyview,S00510002,24.936857019651328,head-cam transcript,1322.5994258296355,7.1873543411180085,adult tokens (study-specific log-rate)
babyview,babyview,babyview,S00510002,25.002566787819053,head-cam transcript,2097.896640087413,7.648690521816714,adult tokens (study-specific log-rate)
babyview,babyview,babyview,S00510002,25.1339863241545,head-cam transcript,4247.304135176968,8.354039739516864,adult tokens (study-specific log-rate)
babyview,babyview,babyview,S00510002,25.1339863241545,head-cam transcript,3678.1609195402284,8.210168156121325,adult tokens (study-specific log-rate)
babyview,babyview,babyview,S00510002,25.1339863241545,head-cam transcript,2154.0903000897533,7.675123778884869,adult tokens (study-specific log-rate)
babyview,babyview,babyview,S00510002,25.1339863241545,head-cam transcript,3159.4671978090387,8.058158684076703,adult tokens (study-specific log-rate)
babyview,babyview,babyview,S00510002,25.199696092322224,head-cam transcript,2406.1302681992343,7.7857750381276425,adult tokens (study-specific log-rate)
babyview,babyview,babyview,S00510002,25.199696092322224,head-cam transcript,2278.4163473818635,7.731235896131288,adult tokens (study-specific log-rate)
babyview,babyview,babyview,S00510002,25.199696092322224,head-cam transcript,1208.8650100738748,7.097437190182384,adult tokens (study-specific log-rate)
babyview,babyview,babyview,S00510002,25.26540586048995,head-cam transcript,3555.555555555554,8.176266604445644,adult tokens (study-specific log-rate)
babyview,babyview,babyview,S00510002,25.26540586048995,head-cam transcript,2492.975734355044,7.8212323499643714,adult tokens (study-specific log-rate)
babyview,babyview,babyview,S00510002,25.396825396825395,head-cam transcript,1706.2579821200507,7.442057937087925,adult tokens (study-specific log-rate)
babyview,babyview,babyview,S00510002,25.396825396825395,head-cam transcript,2988.5057471264386,8.002528791343082,adult tokens (study-specific log-rate)
babyview,babyview,babyview,S00510002,25.396825396825395,head-cam transcript,3179.514537209921,8.064483802865565,adult tokens (study-specific log-rate)
babyview,babyview,babyview,S00510002,25.46253516499312,head-cam transcript,2651.3409961685825,7.882820827277113,adult tokens (study-specific log-rate)
babyview,babyview,babyview,S00510002,25.46253516499312,head-cam transcript,5445.721583652618,8.602585548837014,adult tokens (study-specific log-rate)
babyview,babyview,babyview,S00510002,25.46253516499312,head-cam transcript,2180.2343668982676,7.687187657756089,adult tokens (study-specific log-rate)
babyview,babyview,babyview,S00510002,25.46253516499312,head-cam transcript,3356.321839080459,8.118600962595835,adult tokens (study-specific log-rate)
babyview,babyview,babyview,S00510002,25.46253516499312,head-cam transcript,2988.5057471264386,8.002528791343082,adult tokens (study-specific log-rate)
babyview,babyview,babyview,S00510002,25.49539004907698,head-cam transcript,4424.010217113662,8.394801852673659,adult tokens (study-specific log-rate)
babyview,babyview,babyview,S00510002,25.49539004907698,head-cam transcript,2923.2522009321597,7.98045204292604,adult tokens (study-specific log-rate)
babyview,babyview,babyview,S00510002,25.59395470132857,head-cam transcript,1787.994891443167,7.488850098594684,adult tokens (study-specific log-rate)
babyview,babyview,babyview,S00510002,25.59395470132857,head-cam transcript,2781.586170115899,7.930776608764373,adult tokens (study-specific log-rate)
babyview,babyview,babyview,S00510002,25.59395470132857,head-cam transcript,2785.515320334261,7.932188169475995,adult tokens (study-specific log-rate)
babyview,babyview,babyview,S00510002,25.62680958541243,head-cam transcript,1748.5221281354845,7.466526211919767,adult tokens (study-specific log-rate)
babyview,babyview,babyview,S00510002,25.62680958541243,head-cam transcript,1951.4687100894005,7.5763375527178,adult tokens (study-specific log-rate)
babyview,babyview,babyview,S00510002,25.62680958541243,head-cam transcript,2727.9693486590027,7.911312783071419,adult tokens (study-specific log-rate)
babyview,babyview,babyview,S00510002,25.62680958541243,head-cam transcript,2146.2122124533303,7.671459805744907,adult tokens (study-specific log-rate)
babyview,babyview,babyview,S00510002,25.725374237664017,head-cam transcript,6181.3537675606685,8.729292582702012,adult tokens (study-specific log-rate)
babyview,babyview,babyview,S00510002,25.725374237664017,head-cam transcript,4643.678160919537,8.443262038288703,adult tokens (study-specific log-rate)
babyview,babyview,babyview,S00510002,25.725374237664017,head-cam transcript,4066.411238825029,8.310516129955607,adult tokens (study-specific log-rate)
babyview,babyview,babyview,S00510002,25.791084005831745,head-cam transcript,2676.883780332056,7.892408628432267,adult tokens (study-specific log-rate)
babyview,babyview,babyview,S00510002,25.791084005831745,head-cam transcript,2784.1634738186467,7.931702738774469,adult tokens (study-specific log-rate)
babyview,babyview,babyview,S00510002,25.791084005831745,head-cam transcript,2622.370800109266,7.871834073130923,adult tokens (study-specific log-rate)
babyview,babyview,babyview,S00510002,25.791084005831745,head-cam transcript,5752.275122138138,8.657350728948641,adult tokens (study-specific log-rate)
babyview,babyview,babyview,S00510002,25.856793773999467,head-cam transcript,3245.1838651352145,8.084927288591631,adult tokens (study-specific log-rate)
babyview,babyview,babyview,S00510002,25.856793773999467,head-cam transcript,2219.649570092485,7.705104611096805,adult tokens (study-specific log-rate)
babyview,babyview,babyview,S00510002,25.856793773999467,head-cam transcript,3020.9315481802737,8.013320522467357,adult tokens (study-specific log-rate)
babyview,babyview,babyview,S00510002,25.92250354216719,head-cam transcript,4167.696450173652,8.335118752127913,adult tokens (study-specific log-rate)
babyview,babyview,babyview,S00510002,25.92250354216719,head-cam transcript,3577.6630201490716,8.18246507856825,adult tokens (study-specific log-rate)
babyview,babyview,babyview,S00510002,25.92250354216719,head-cam transcript,3707.0788073193876,8.217999461980437,adult tokens (study-specific log-rate)
babyview,babyview,babyview,S00510002,26.021068194418778,head-cam transcript,2666.666666666666,7.888584531993863,adult tokens (study-specific log-rate)
babyview,babyview,babyview,S00510002,26.021068194418778,head-cam transcript,2322.671280096778,7.750473216126656,adult tokens (study-specific log-rate)
babyview,babyview,babyview,S00510002,26.021068194418778,head-cam transcript,2683.9442620040836,7.895042731111441,adult tokens (study-specific log-rate)
babyview,babyview,babyview,S00510002,26.0867779625865,head-cam transcript,1681.1269950700473,7.427219677890007,adult tokens (study-specific log-rate)
babyview,babyview,babyview,S00510002,26.0867779625865,head-cam transcript,899.1030582471816,6.80139766443882,adult tokens (study-specific log-rate)
babyview,babyview,babyview,S00510002,26.0867779625865,head-cam transcript,2716.2790697674423,7.9070182336827015,adult tokens (study-specific log-rate)
babyview,babyview,babyview,S00510002,26.119632846670363,head-cam transcript,2962.9629629629635,7.99394504765169,adult tokens (study-specific log-rate)
babyview,babyview,babyview,S00510002,26.119632846670363,head-cam transcript,4455.510801904066,8.401896991447561,adult tokens (study-specific log-rate)
babyview,babyview,babyview,S00510002,26.152487730754224,head-cam transcript,2441.8901660280967,7.80052767660268,adult tokens (study-specific log-rate)
babyview,babyview,babyview,S00510002,26.152487730754224,head-cam transcript,3545.3384418901674,8.17338890461803,adult tokens (study-specific log-rate)
babyview,babyview,babyview,S00510002,26.152487730754224,head-cam transcript,3036.760788492274,8.01854669621827,adult tokens (study-specific log-rate)
babyview,babyview,babyview,S00510002,26.316762151173535,head-cam transcript,1671.7613850696569,7.421633071181367,adult tokens (study-specific log-rate)
babyview,babyview,babyview,S00510002,26.316762151173535,head-cam transcript,1971.9029374201796,7.586754313576056,adult tokens (study-specific log-rate)
babyview,babyview,babyview,S00510002,26.316762151173535,head-cam transcript,3942.7770938574545,8.279640600161304,adult tokens (study-specific log-rate)
babyview,babyview,babyview,S00510002,26.316762151173535,head-cam transcript,3929.535065224661,8.276276393850754,adult tokens (study-specific log-rate)
babyview,babyview,babyview,S00510002,26.38247191934126,head-cam transcript,2212.005108556833,7.7016546721137145,adult tokens (study-specific log-rate)
babyview,babyview,babyview,S00510002,26.38247191934126,head-cam transcript,1915.267245079803,7.55761244544453,adult tokens (study-specific log-rate)
babyview,babyview,babyview,S00510002,26.38247191934126,head-cam transcript,2180.089422151792,7.687121174277549,adult tokens (study-specific log-rate)
babyview,babyview,babyview,S00510002,26.38247191934126,head-cam transcript,2671.7752234993604,7.890498408176147,adult tokens (study-specific log-rate)
babyview,babyview,babyview,S00510002,26.38247191934126,head-cam transcript,3933.588761174971,8.277307458958955,adult tokens (study-specific log-rate)
babyview,babyview,babyview,S00510002,26.513891455676703,head-cam transcript,2835.249042145594,7.949885057857659,adult tokens (study-specific log-rate)
babyview,babyview,babyview,S00510002,26.513891455676703,head-cam transcript,3458.4929757343557,8.1485882170235,adult tokens (study-specific log-rate)
babyview,babyview,babyview,S00510002,26.513891455676703,head-cam transcript,3184.307400132677,8.06599008757188,adult tokens (study-specific log-rate)
babyview,babyview,babyview,S00510002,26.513891455676703,head-cam transcript,2727.9693486590027,7.911312783071419,adult tokens (study-specific log-rate)
babyview,babyview,babyview,S00510002,26.513891455676703,head-cam transcript,1920.8173690932317,7.560506087501119,adult tokens (study-specific log-rate)
babyview,babyview,babyview,S00510002,26.612456107928292,head-cam transcript,468.2805000195117,6.14906747538982,adult tokens (study-specific log-rate)
babyview,babyview,babyview,S00510002,26.612456107928292,head-cam transcript,1203.480885050145,7.092973374296948,adult tokens (study-specific log-rate)
babyview,babyview,babyview,S00510002,26.612456107928292,head-cam transcript,1007.6313963780769,6.915357703558386,adult tokens (study-specific log-rate)
babyview,babyview,babyview,S00720001,17.314523912195323,head-cam transcript,1006.8030750419503,6.914535317529391,adult tokens (study-specific log-rate)
babyview,babyview,babyview,S00720001,17.314523912195323,head-cam transcript,532.6625730561515,6.277888152502456,adult tokens (study-specific log-rate)
babyview,babyview,babyview,S00720001,17.314523912195323,head-cam transcript,497.1002485501241,6.2087917131007515,adult tokens (study-specific log-rate)
babyview,babyview,babyview,S00720001,17.314523912195323,head-cam transcript,1059.6499052291229,6.9656938544665605,adult tokens (study-specific log-rate)
babyview,babyview,babyview,S00720001,17.347378796279184,head-cam transcript,2128.3487151470213,7.663101706936246,adult tokens (study-specific log-rate)
babyview,babyview,babyview,S00720001,17.347378796279184,head-cam transcript,2179.6165489404643,7.68690424533036,adult tokens (study-specific log-rate)
babyview,babyview,babyview,S00720001,17.347378796279184,head-cam transcript,1681.1269950700473,7.427219677890007,adult tokens (study-specific log-rate)
babyview,babyview,babyview,S00720001,17.380233680363045,head-cam transcript,1474.010302222542,7.295742062021018,adult tokens (study-specific log-rate)
babyview,babyview,babyview,S00720001,17.380233680363045,head-cam transcript,1018.4325686248507,6.926020026921208,adult tokens (study-specific log-rate)
babyview,babyview,babyview,S00720001,17.643072753033945,head-cam transcript,1682.4727250656265,7.428019850430947,adult tokens (study-specific log-rate)
babyview,babyview,babyview,S00720001,17.643072753033945,head-cam transcript,2026.2788199322379,7.613956296234233,adult tokens (study-specific log-rate)
babyview,babyview,babyview,S00720001,17.675927637117805,head-cam transcript,950.609415039609,6.857103268443516,adult tokens (study-specific log-rate)
babyview,babyview,babyview,S00720001,17.675927637117805,head-cam transcript,538.5225750224383,6.288829417764978,adult tokens (study-specific log-rate)
babyview,babyview,babyview,S00720001,17.675927637117805,head-cam transcript,1534.5268542199483,7.335977374212917,adult tokens (study-specific log-rate)
babyview,babyview,babyview,S00720001,17.675927637117805,head-cam transcript,606.1783563240721,6.40717426013291,adult tokens (study-specific log-rate)
babyview,babyview,babyview,S00720001,17.74163740528553,head-cam transcript,1839.0804597701156,7.517020975561381,adult tokens (study-specific log-rate)
babyview,babyview,babyview,S00720001,17.74163740528553,head-cam transcript,1650.0638569604089,7.408569267333881,adult tokens (study-specific log-rate)
babyview,babyview,babyview,S00720001,17.74163740528553,head-cam transcript,3096.0766647555088,8.03789099692096,adult tokens (study-specific log-rate)
babyview,babyview,babyview,S00720001,17.74163740528553,head-cam transcript,2319.284802043422,7.749014142152572,adult tokens (study-specific log-rate)
babyview,babyview,babyview,S00720001,17.77449228936939,head-cam transcript,2432.3781915486684,7.796624737389559,adult tokens (study-specific log-rate)
babyview,babyview,babyview,S00720001,17.77449228936939,head-cam transcript,811.6025272831707,6.699010721898476,adult tokens (study-specific log-rate)
babyview,babyview,babyview,S00720001,17.77449228936939,head-cam transcript,720.306513409962,6.579676834489393,adult tokens (study-specific log-rate)
babyview,babyview,babyview,S00720001,17.77449228936939,head-cam transcript,975.7343550447001,6.883190372157855,adult tokens (study-specific log-rate)
babyview,babyview,babyview,S00720001,17.840202057537116,head-cam transcript,3484.0357598978303,8.155946601954687,adult tokens (study-specific log-rate)
babyview,babyview,babyview,S00720001,17.840202057537116,head-cam transcript,30.65134099616859,3.4226764133392797,adult tokens (study-specific log-rate)
babyview,babyview,babyview,S00720001,17.840202057537116,head-cam transcript,3111.1111111111095,8.042735211821121,adult tokens (study-specific log-rate)
babyview,babyview,babyview,S00720001,17.840202057537116,head-cam transcript,114.16662891315183,4.737659038346394,adult tokens (study-specific log-rate)
babyview,babyview,babyview,S00720001,17.840202057537116,head-cam transcript,2099.6168582375476,7.649510158607459,adult tokens (study-specific log-rate)
babyview,babyview,babyview,S00720001,17.90591182570484,head-cam transcript,240.02857483033702,5.4807579780477695,adult tokens (study-specific log-rate)
babyview,babyview,babyview,S00720001,17.90591182570484,head-cam transcript,1118.7739463601526,7.019988673927725,adult tokens (study-specific log-rate)
babyview,babyview,babyview,S00720001,17.90591182570484,head-cam transcript,1461.0472541507024,7.286908754931077,adult tokens (study-specific log-rate)
babyview,babyview,babyview,S00720001,18.135896014291873,head-cam transcript,4761.174968071519,8.468249758796816,adult tokens (study-specific log-rate)
babyview,babyview,babyview,S00720001,18.135896014291873,head-cam transcript,3237.635531861242,8.08259856825472,adult tokens (study-specific log-rate)
babyview,babyview,babyview,S00720001,18.135896014291873,head-cam transcript,469.40822467402216,6.151472804937946,adult tokens (study-specific log-rate)
babyview,babyview,babyview,S00720001,18.135896014291873,head-cam transcript,5558.109833971907,8.623013371527113,adult tokens (study-specific log-rate)
babyview,babyview,babyview,S00720001,18.168750898375738,head-cam transcript,2998.722860791825,8.00594176393932,adult tokens (study-specific log-rate)
babyview,babyview,babyview,S00720001,18.168750898375738,head-cam transcript,1394.6360153256708,7.2403887392961845,adult tokens (study-specific log-rate)
babyview,babyview,babyview,S00720001,18.168750898375738,head-cam transcript,3316.448387181442,8.106649726408646,adult tokens (study-specific log-rate)
babyview,babyview,babyview,S00720001,18.168750898375738,head-cam transcript,1698.7860667843383,7.437669196606763,adult tokens (study-specific log-rate)
babyview,babyview,babyview,S00720001,18.2016057824596,head-cam transcript,1778.8199824127971,7.483705492221295,adult tokens (study-specific log-rate)
babyview,babyview,babyview,S00720001,18.2016057824596,head-cam transcript,2285.208840095217,7.734212695254875,adult tokens (study-specific log-rate)
babyview,babyview,babyview,S00720001,18.2016057824596,head-cam transcript,3521.469360146727,8.166633613351568,adult tokens (study-specific log-rate)
babyview,babyview,babyview,S00720001,18.595864391465945,head-cam transcript,1668.579142760715,7.419727730546098,adult tokens (study-specific log-rate)
babyview,babyview,babyview,S00720001,18.595864391465945,head-cam transcript,2388.2305500995103,7.7783080151201,adult tokens (study-specific log-rate)
babyview,babyview,babyview,S00720001,18.628719275549805,head-cam transcript,2426.5455927355642,7.7942239581744435,adult tokens (study-specific log-rate)
babyview,babyview,babyview,S00720001,18.628719275549805,head-cam transcript,321.01251258449594,5.771480102384321,adult tokens (study-specific log-rate)
babyview,babyview,babyview,S00720001,18.69442904371753,head-cam transcript,2321.2420301862317,7.749857679246366,adult tokens (study-specific log-rate)
babyview,babyview,babyview,S00720001,18.69442904371753,head-cam transcript,369.27193667075477,5.911533328369284,adult tokens (study-specific log-rate)
babyview,babyview,babyview,S00720001,18.69442904371753,head-cam transcript,364.8076435887229,5.899370210800633,adult tokens (study-specific log-rate)
babyview,babyview,babyview,S00720001,18.72728392780139,head-cam transcript,2594.273970108094,7.861061976149012,adult tokens (study-specific log-rate)
babyview,babyview,babyview,S00720001,18.72728392780139,head-cam transcript,1793.1034482758619,7.49170316757709,adult tokens (study-specific log-rate)
babyview,babyview,babyview,S00720001,18.72728392780139,head-cam transcript,3092.9473033807044,8.036879735158976,adult tokens (study-specific log-rate)
babyview,babyview,babyview,S00720001,18.825848580052977,head-cam transcript,1953.820107344836,7.577541764569733,adult tokens (study-specific log-rate)
babyview,babyview,babyview,S00720001,18.825848580052977,head-cam transcript,1246.6178478341815,7.128189441482417,adult tokens (study-specific log-rate)
babyview,babyview,babyview,S00720001,18.825848580052977,head-cam transcript,2444.424210101851,7.801564877284367,adult tokens (study-specific log-rate)
babyview,babyview,babyview,S00720001,18.92441323230457,head-cam transcript,6457.215836526185,8.772953518818028,adult tokens (study-specific log-rate)
babyview,babyview,babyview,S00720001,18.92441323230457,head-cam transcript,1300.2358197840383,7.170300926832543,adult tokens (study-specific log-rate)
babyview,babyview,babyview,S00720001,18.92441323230457,head-cam transcript,3092.9473033807044,8.036879735158976,adult tokens (study-specific log-rate)
babyview,babyview,babyview,S00720001,18.92441323230457,head-cam transcript,8511.082138200783,9.049124374258824,adult tokens (study-specific log-rate)
babyview,babyview,babyview,S00720001,18.92441323230457,head-cam transcript,2113.9298700213158,7.6563039918124165,adult tokens (study-specific log-rate)
babyview,babyview,babyview,S00720001,18.92441323230457,head-cam transcript,2482.7586206896553,7.817125568011718,adult tokens (study-specific log-rate)
babyview,babyview,babyview,S00720001,18.92441323230457,head-cam transcript,364.8076435887229,5.899370210800633,adult tokens (study-specific log-rate)
babyview,babyview,babyview,S00720001,19.45009137764636,head-cam transcript,2286.6611433305725,7.734848016595802,adult tokens (study-specific log-rate)
babyview,babyview,babyview,S00720001,19.45009137764636,head-cam transcript,551.7241379310342,6.313048171235444,adult tokens (study-specific log-rate)
babyview,babyview,babyview,S00720001,19.45009137764636,head-cam transcript,1466.1558109833966,7.290399159870845,adult tokens (study-specific log-rate)
babyview,babyview,babyview,S00720001,19.45009137764636,head-cam transcript,1170.5404648557828,7.065220856906491,adult tokens (study-specific log-rate)
babyview,babyview,babyview,S00720001,19.48294626173022,head-cam transcript,3172.79636900688,8.062368613352017,adult tokens (study-specific log-rate)
babyview,babyview,babyview,S00720001,19.48294626173022,head-cam transcript,1139.0755868059146,7.037972323673665,adult tokens (study-specific log-rate)
babyview,babyview,babyview,S00720001,19.68007556623339,head-cam transcript,536.0037462627425,6.284141150342538,adult tokens (study-specific log-rate)
babyview,babyview,babyview,S00720001,19.68007556623339,head-cam transcript,782.3925651093259,6.662356616003327,adult tokens (study-specific log-rate)
babyview,babyview,babyview,S00720001,19.68007556623339,head-cam transcript,997.4374650415598,6.905189455111153,adult tokens (study-specific log-rate)
babyview,babyview,babyview,S00720001,19.68007556623339,head-cam transcript,899.2885375494074,6.801603936869493,adult tokens (study-specific log-rate)
babyview,babyview,babyview,S00720001,19.844349986652706,head-cam transcript,778.6821273274611,6.657602910383572,adult tokens (study-specific log-rate)
babyview,babyview,babyview,S00720001,19.942914638904288,head-cam transcript,510.06808112099696,6.234544209203166,adult tokens (study-specific log-rate)
babyview,babyview,babyview,S00720001,19.942914638904288,head-cam transcript,2170.3159271943655,7.68262802450635,adult tokens (study-specific log-rate)
babyview,babyview,babyview,S00720001,20.370028131994495,head-cam transcript,2931.614176871588,7.983308463921974,adult tokens (study-specific log-rate)
babyview,babyview,babyview,S00720001,20.501447668329945,head-cam transcript,121.03310399481285,4.796064094912706,adult tokens (study-specific log-rate)
babyview,babyview,babyview,S00720001,20.501447668329945,head-cam transcript,3237.5439321893714,8.082570275703947,adult tokens (study-specific log-rate)
babyview,babyview,babyview,S00720001,20.501447668329945,head-cam transcript,999.4425242501954,6.907197647784952,adult tokens (study-specific log-rate)
babyview,babyview,babyview,S00720001,20.501447668329945,head-cam transcript,599.4005994005993,6.395930154883063,adult tokens (study-specific log-rate)
babyview,babyview,babyview,S00720001,20.501447668329945,head-cam transcript,200.7864134526898,5.3022417234401935,adult tokens (study-specific log-rate)
babyview,babyview,babyview,S00720001,20.797141625084706,head-cam transcript,1531.2772350638027,7.333857460298981,adult tokens (study-specific log-rate)
babyview,babyview,babyview,S00720001,20.797141625084706,head-cam transcript,1334.1675891610917,7.1960628476411905,adult tokens (study-specific log-rate)
babyview,babyview,babyview,S00720001,20.797141625084706,head-cam transcript,436.5836965527177,6.078980101578761,adult tokens (study-specific log-rate)
babyview,babyview,babyview,S00720001,20.928561161420152,head-cam transcript,1494.7552447552441,7.309717756539099,adult tokens (study-specific log-rate)
babyview,babyview,babyview,S00720001,20.928561161420152,head-cam transcript,2308.274197615359,7.744255423697696,adult tokens (study-specific log-rate)
babyview,babyview,babyview,S00720001,20.928561161420152,head-cam transcript,2247.742223213291,7.717681535049439,adult tokens (study-specific log-rate)
babyview,babyview,babyview,S00720001,21.618513727181256,head-cam transcript,1251.5964240102169,7.132175154655951,adult tokens (study-specific log-rate)
babyview,babyview,babyview,S00720001,21.618513727181256,head-cam transcript,700.5500074325327,6.551865751426808,adult tokens (study-specific log-rate)
babyview,babyview,babyview,S00720001,21.618513727181256,head-cam transcript,1859.0735850774613,7.5278335700889185,adult tokens (study-specific log-rate)
babyview,babyview,babyview,S00720001,24.67401794698043,head-cam transcript,695.4218064409304,6.5445185772082635,adult tokens (study-specific log-rate)
babyview,babyview,babyview,S00720001,24.67401794698043,head-cam transcript,1556.2780842435977,7.350052406150493,adult tokens (study-specific log-rate)
babyview,babyview,babyview,S00720001,24.67401794698043,head-cam transcript,1222.2121050509254,7.1084176967244215,adult tokens (study-specific log-rate)
babyview,babyview,babyview,S00720001,24.67401794698043,head-cam transcript,1820.6793206793209,7.50696496354973,adult tokens (study-specific log-rate)
babyview,babyview,babyview,S00720001,24.871147251483603,head-cam transcript,922.5125850384377,6.827101018139716,adult tokens (study-specific log-rate)
babyview,babyview,babyview,S00720001,25.068276555986778,head-cam transcript,1164.0093655925973,7.059625674300764,adult tokens (study-specific log-rate)
babyview,babyview,babyview,S00720001,25.068276555986778,head-cam transcript,2425.832492431888,7.793930040307248,adult tokens (study-specific log-rate)
babyview,babyview,babyview,S00720001,25.068276555986778,head-cam transcript,3759.944297121524,8.232159421678864,adult tokens (study-specific log-rate)
babyview,babyview,babyview,S00720001,25.166841208238363,head-cam transcript,1006.4119004873044,6.914146710684793,adult tokens (study-specific log-rate)
babyview,babyview,babyview,S00720001,25.166841208238363,head-cam transcript,430.9563866960011,6.066006894023043,adult tokens (study-specific log-rate)
babyview,babyview,babyview,S00720001,25.528244933160845,head-cam transcript,955.2904448656484,6.862015424991719,adult tokens (study-specific log-rate)
babyview,babyview,babyview,S00720001,25.528244933160845,head-cam transcript,1011.4858800421451,6.919175697085893,adult tokens (study-specific log-rate)
babyview,babyview,babyview,S00720001,25.528244933160845,head-cam transcript,1599.650349650349,7.37754035287786,adult tokens (study-specific log-rate)
babyview,babyview,babyview,S00720001,25.528244933160845,head-cam transcript,1123.7647058823525,7.024439672136112,adult tokens (study-specific log-rate)
babyview,babyview,babyview,S00720001,26.021068194418778,head-cam transcript,1510.7584312528609,7.320367076065321,adult tokens (study-specific log-rate)
babyview,babyview,babyview,S00720001,26.021068194418778,head-cam transcript,1446.2463646670287,7.276726764877781,adult tokens (study-specific log-rate)
babyview,babyview,babyview,S00720001,26.448181687508985,head-cam transcript,71.51979565772666,4.269974273726483,adult tokens (study-specific log-rate)
babyview,babyview,babyview,S00720001,26.448181687508985,head-cam transcript,209.4508301404852,5.344489010815532,adult tokens (study-specific log-rate)
babyview,babyview,babyview,S00720001,26.448181687508985,head-cam transcript,819.4908750341455,6.708683263325242,adult tokens (study-specific log-rate)
babyview,babyview,babyview,S00720001,26.448181687508985,head-cam transcript,148.14814814814812,4.9982127740976985,adult tokens (study-specific log-rate)
babyview,babyview,babyview,S00720001,26.448181687508985,head-cam transcript,91.95402298850576,4.521288702007389,adult tokens (study-specific log-rate)
babyview,babyview,babyview,S00820001,19.81149510256884,head-cam transcript,847.3144236572117,6.7420718461413305,adult tokens (study-specific log-rate)
babyview,babyview,babyview,S00820001,19.81149510256884,head-cam transcript,1606.2021150669252,7.381627736567668,adult tokens (study-specific log-rate)
babyview,babyview,babyview,S00820001,19.975769522988152,head-cam transcript,994.4428737619293,6.9021826544741565,adult tokens (study-specific log-rate)
babyview,babyview,babyview,S00820001,19.975769522988152,head-cam transcript,1614.303959131546,7.386659157698137,adult tokens (study-specific log-rate)
babyview,babyview,babyview,S00820001,20.468592784246084,head-cam transcript,939.5423074434357,6.8453928497112875,adult tokens (study-specific log-rate)
babyview,babyview,babyview,S00820001,20.468592784246084,head-cam transcript,4.097660918558989,1.4104163032403003,adult tokens (study-specific log-rate)
babyview,babyview,babyview,S00820001,20.468592784246084,head-cam transcript,1798.2120051085567,7.4945481197093216,adult tokens (study-specific log-rate)
babyview,babyview,babyview,S00820001,20.468592784246084,head-cam transcript,917.829780038243,6.8220119486322455,adult tokens (study-specific log-rate)
babyview,babyview,babyview,S00820001,20.468592784246084,head-cam transcript,1363.9846743295025,7.218165602511474,adult tokens (study-specific log-rate)
babyview,babyview,babyview,S00820001,20.60001232058153,head-cam transcript,1315.868205054828,7.182251958735474,adult tokens (study-specific log-rate)
babyview,babyview,babyview,S00820001,20.60001232058153,head-cam transcript,2486.569455103608,7.8186593106436675,adult tokens (study-specific log-rate)
babyview,babyview,babyview,S00820001,20.60001232058153,head-cam transcript,812.2605363984676,6.699821146331456,adult tokens (study-specific log-rate)
babyview,babyview,babyview,S00820001,20.60001232058153,head-cam transcript,1688.8427607680333,7.4317988164220115,adult tokens (study-specific log-rate)
babyview,babyview,babyview,S00820001,20.665722088749256,head-cam transcript,1842.3458579551786,7.518794961380789,adult tokens (study-specific log-rate)
babyview,babyview,babyview,S00820001,20.665722088749256,head-cam transcript,420.95885071551874,6.042535087136979,adult tokens (study-specific log-rate)
babyview,babyview,babyview,S00820001,20.665722088749256,head-cam transcript,1139.52708368271,7.038368616444275,adult tokens (study-specific log-rate)
babyview,babyview,babyview,S00820001,20.76428674100084,head-cam transcript,1577.4333816478977,7.363554363189505,adult tokens (study-specific log-rate)
babyview,babyview,babyview,S00820001,20.76428674100084,head-cam transcript,1046.0718273837397,6.952797310894188,adult tokens (study-specific log-rate)
babyview,babyview,babyview,S00820001,20.76428674100084,head-cam transcript,1963.3118492811095,7.582388045276451,adult tokens (study-specific log-rate)
babyview,babyview,babyview,S00820001,20.829996509168566,head-cam transcript,1006.8030750419503,6.914535317529391,adult tokens (study-specific log-rate)
babyview,babyview,babyview,S00820001,20.829996509168566,head-cam transcript,689.6551724137928,6.5361917225496535,adult tokens (study-specific log-rate)
babyview,babyview,babyview,S00820001,20.961416045504013,head-cam transcript,1612.2448979591827,7.385382833338531,adult tokens (study-specific log-rate)
babyview,babyview,babyview,S00820001,20.961416045504013,head-cam transcript,1659.8825690717185,7.414502137325228,adult tokens (study-specific log-rate)
babyview,babyview,babyview,S00820001,20.961416045504013,head-cam transcript,1601.5193100667302,7.378708026464333,adult tokens (study-specific log-rate)
babyview,babyview,babyview,S00820001,21.125690465923324,head-cam transcript,471.1645834083787,6.155207466966646,adult tokens (study-specific log-rate)
babyview,babyview,babyview,S00820001,21.125690465923324,head-cam transcript,238.82305500995096,5.475722922126054,adult tokens (study-specific log-rate)
babyview,babyview,babyview,S00820001,21.125690465923324,head-cam transcript,449.5492800187314,6.108245480869565,adult tokens (study-specific log-rate)
babyview,babyview,babyview,S00820001,21.257110002258777,head-cam transcript,1716.076510212168,7.447795865424692,adult tokens (study-specific log-rate)
babyview,babyview,babyview,S00820001,21.257110002258777,head-cam transcript,1409.9616858237546,7.251317809828374,adult tokens (study-specific log-rate)
babyview,babyview,babyview,S00820001,21.257110002258777,head-cam transcript,1367.5134001398278,7.220749333253485,adult tokens (study-specific log-rate)
babyview,babyview,babyview,S00820001,21.3228197704265,head-cam transcript,1314.9700598802397,7.181569176200758,adult tokens (study-specific log-rate)
babyview,babyview,babyview,S00820001,21.3228197704265,head-cam transcript,1240.9433250517063,7.123627115387951,adult tokens (study-specific log-rate)
babyview,babyview,babyview,S00820001,21.3228197704265,head-cam transcript,1868.4391950778513,7.5328587062915915,adult tokens (study-specific log-rate)
babyview,babyview,babyview,S00820001,21.3228197704265,head-cam transcript,1228.2305719701199,7.113329853272625,adult tokens (study-specific log-rate)
babyview,babyview,babyview,S00820001,21.48709419084581,head-cam transcript,322.65985659561943,5.776598692793653,adult tokens (study-specific log-rate)
babyview,babyview,babyview,S00820001,21.48709419084581,head-cam transcript,1988.4009942004966,7.595086074220642,adult tokens (study-specific log-rate)
babyview,babyview,babyview,S00820001,21.585658843097395,head-cam transcript,3679.347942048778,8.210490825802376,adult tokens (study-specific log-rate)
babyview,babyview,babyview,S00820001,21.585658843097395,head-cam transcript,1559.3740650649734,7.352039779382172,adult tokens (study-specific log-rate)
babyview,babyview,babyview,S00820001,21.585658843097395,head-cam transcript,1035.566952837551,6.942704336241861,adult tokens (study-specific log-rate)
babyview,babyview,babyview,S00820001,21.782788147600566,head-cam transcript,252.87147001053626,5.532881335966002,adult tokens (study-specific log-rate)
babyview,babyview,babyview,S00820001,21.782788147600566,head-cam transcript,112.59852370824468,4.7238286046804285,adult tokens (study-specific log-rate)
babyview,babyview,babyview,S00820001,21.782788147600566,head-cam transcript,810.1252650337552,6.697188883899507,adult tokens (study-specific log-rate)
babyview,babyview,babyview,S00820001,21.84849791576829,head-cam transcript,2126.724541623141,7.66233830122981,adult tokens (study-specific log-rate)
babyview,babyview,babyview,S00820001,21.84849791576829,head-cam transcript,168.58098000702427,5.127416227857839,adult tokens (study-specific log-rate)
babyview,babyview,babyview,S00820001,21.84849791576829,head-cam transcript,1473.1025854879067,7.29512605795336,adult tokens (study-specific log-rate)
babyview,babyview,babyview,S00820001,22.34132117702622,head-cam transcript,1347.5116971501495,7.2060149833763845,adult tokens (study-specific log-rate)
babyview,babyview,babyview,S00820001,22.34132117702622,head-cam transcript,1929.315660080388,7.564920638751254,adult tokens (study-specific log-rate)
babyview,babyview,babyview,S00820001,22.34132117702622,head-cam transcript,2154.0959040959033,7.675126380446586,adult tokens (study-specific log-rate)
babyview,babyview,babyview,S00820001,22.63701513378098,head-cam transcript,2731.890061597204,7.912748978884359,adult tokens (study-specific log-rate)
babyview,babyview,babyview,S00820001,22.63701513378098,head-cam transcript,2327.3540850969725,7.752487315498357,adult tokens (study-specific log-rate)
babyview,babyview,babyview,S00820001,22.63701513378098,head-cam transcript,3799.340968269694,8.242582901271147,adult tokens (study-specific log-rate)
babyview,babyview,babyview,S00820001,22.768434670116427,head-cam transcript,1102.2657685241886,7.005123129895928,adult tokens (study-specific log-rate)
babyview,babyview,babyview,S00820001,22.768434670116427,head-cam transcript,825.6186736789024,6.716133012784132,adult tokens (study-specific log-rate)
babyview,babyview,babyview,S00820001,22.768434670116427,head-cam transcript,946.6517776737146,6.852931314554002,adult tokens (study-specific log-rate)
babyview,babyview,babyview,S00820001,22.899854206451877,head-cam transcript,2125.862794284913,7.661933019794319,adult tokens (study-specific log-rate)
babyview,babyview,babyview,S00820001,22.899854206451877,head-cam transcript,2079.1758221966074,7.639726854843263,adult tokens (study-specific log-rate)
babyview,babyview,babyview,S00820001,22.899854206451877,head-cam transcript,1936.5296639170062,7.568652817152487,adult tokens (study-specific log-rate)
babyview,babyview,babyview,S00820001,22.899854206451877,head-cam transcript,1764.0047675804528,7.4753419392730915,adult tokens (study-specific log-rate)
babyview,babyview,babyview,S00820001,22.998418858703463,head-cam transcript,1717.9172705987296,7.448867946902041,adult tokens (study-specific log-rate)
babyview,babyview,babyview,S00820001,22.998418858703463,head-cam transcript,1071.4285714285713,6.9767481504690885,adult tokens (study-specific log-rate)
babyview,babyview,babyview,S00820001,22.998418858703463,head-cam transcript,743.4890673967077,6.611354061550955,adult tokens (study-specific log-rate)
babyview,babyview,babyview,S00820001,23.09698351095505,head-cam transcript,2126.724541623141,7.66233830122981,adult tokens (study-specific log-rate)
babyview,babyview,babyview,S00820001,23.09698351095505,head-cam transcript,2704.7952047952044,7.902781478542062,adult tokens (study-specific log-rate)
babyview,babyview,babyview,S00820001,23.162693279122777,head-cam transcript,1517.228820063218,7.324640805194058,adult tokens (study-specific log-rate)
babyview,babyview,babyview,S00820001,23.162693279122777,head-cam transcript,1227.6214833759586,7.112833822898708,adult tokens (study-specific log-rate)
babyview,babyview,babyview,S00820001,23.294112815458224,head-cam transcript,501.7281748243952,6.218058488622545,adult tokens (study-specific log-rate)
babyview,babyview,babyview,S00820001,23.294112815458224,head-cam transcript,1237.443328295849,7.120802698077722,adult tokens (study-specific log-rate)
babyview,babyview,babyview,S00820001,23.294112815458224,head-cam transcript,1824.7220405493786,7.509182947868486,adult tokens (study-specific log-rate)
babyview,babyview,babyview,S00820001,23.294112815458224,head-cam transcript,293.9375382731169,5.683367289913608,adult tokens (study-specific log-rate)
babyview,babyview,babyview,S00820001,23.458387235877534,head-cam transcript,1513.2408575031527,7.322008893123381,adult tokens (study-specific log-rate)
babyview,babyview,babyview,S00820001,23.524097004045256,head-cam transcript,1779.465900074144,7.484068542122159,adult tokens (study-specific log-rate)
babyview,babyview,babyview,S00820001,23.524097004045256,head-cam transcript,1018.9810189810187,6.926558405945233,adult tokens (study-specific log-rate)
babyview,babyview,babyview,S00820001,23.524097004045256,head-cam transcript,1457.4043651724944,7.284412300409749,adult tokens (study-specific log-rate)
babyview,babyview,babyview,S00820001,23.655516540380702,head-cam transcript,2655.1504351106314,7.88425659312948,adult tokens (study-specific log-rate)
babyview,babyview,babyview,S00820001,23.655516540380702,head-cam transcript,936.5610000390235,6.842214655949765,adult tokens (study-specific log-rate)
babyview,babyview,babyview,S00820001,23.786936076716152,head-cam transcript,1448.9909688928535,7.278622709653125,adult tokens (study-specific log-rate)
babyview,babyview,babyview,S00820001,23.786936076716152,head-cam transcript,1708.2917082917077,7.443249149163622,adult tokens (study-specific log-rate)
babyview,babyview,babyview,S00820001,23.786936076716152,head-cam transcript,1551.8527729420546,7.347204833448337,adult tokens (study-specific log-rate)
babyview,babyview,babyview,S00820001,23.88550072896774,head-cam transcript,938.0065559597994,6.843756938277961,adult tokens (study-specific log-rate)
babyview,babyview,babyview,S00820001,23.88550072896774,head-cam transcript,791.0377868232412,6.673345737578923,adult tokens (study-specific log-rate)
babyview,babyview,babyview,S00820001,23.951210497135463,head-cam transcript,1195.764082953375,7.086540659997533,adult tokens (study-specific log-rate)
babyview,babyview,babyview,S00820001,23.951210497135463,head-cam transcript,985.2647352647356,6.892910371827001,adult tokens (study-specific log-rate)
babyview,babyview,babyview,S00820001,23.951210497135463,head-cam transcript,1194.7431302270015,7.085686487474799,adult tokens (study-specific log-rate)
babyview,babyview,babyview,S00820001,24.04977514938705,head-cam transcript,2370.370370370371,7.77080149633748,adult tokens (study-specific log-rate)
babyview,babyview,babyview,S00820001,24.04977514938705,head-cam transcript,2163.782072866859,7.679612929195979,adult tokens (study-specific log-rate)
babyview,babyview,babyview,S00820001,24.04977514938705,head-cam transcript,1966.7879399157096,7.5841570036884525,adult tokens (study-specific log-rate)
babyview,babyview,babyview,S00820001,24.608308178812702,head-cam transcript,1461.042469651669,7.28690548022052,adult tokens (study-specific log-rate)
babyview,babyview,babyview,S00820001,24.80543748331588,head-cam transcript,435.2481951017307,6.0759164318315,adult tokens (study-specific log-rate)
babyview,babyview,babyview,S00820001,24.80543748331588,head-cam transcript,1100.459175045852,7.003482803545887,adult tokens (study-specific log-rate)
babyview,babyview,babyview,S00820001,24.80543748331588,head-cam transcript,1563.218390804598,7.3545020460636055,adult tokens (study-specific log-rate)
babyview,babyview,babyview,S00820001,24.80543748331588,head-cam transcript,991.0600255427845,6.898775103174553,adult tokens (study-specific log-rate)
babyview,babyview,babyview,S00820001,24.904002135567463,head-cam transcript,1887.1704150786322,7.542833851348411,adult tokens (study-specific log-rate)
babyview,babyview,babyview,S00820001,24.904002135567463,head-cam transcript,852.2705100355115,6.747903976478524,adult tokens (study-specific log-rate)
babyview,babyview,babyview,S00820001,24.904002135567463,head-cam transcript,743.4890673967077,6.611354061550955,adult tokens (study-specific log-rate)
babyview,babyview,babyview,S00820001,24.96971190373519,head-cam transcript,1716.4750957854408,7.448028104074429,adult tokens (study-specific log-rate)
babyview,babyview,babyview,S00820001,24.96971190373519,head-cam transcript,997.8880675818375,6.905641113289802,adult tokens (study-specific log-rate)
babyview,babyview,babyview,S00820001,24.96971190373519,head-cam transcript,735.6321839080462,6.6007302436872255,adult tokens (study-specific log-rate)
babyview,babyview,babyview,S00820001,24.96971190373519,head-cam transcript,1363.9846743295025,7.218165602511474,adult tokens (study-specific log-rate)
babyview,babyview,babyview,S00820001,25.10113144007064,head-cam transcript,2224.3323750926797,7.707212093436369,adult tokens (study-specific log-rate)
babyview,babyview,babyview,S00820001,25.10113144007064,head-cam transcript,428.27015627534746,6.059754202705732,adult tokens (study-specific log-rate)
babyview,babyview,babyview,S00820001,25.10113144007064,head-cam transcript,2437.9525233240875,7.798913836235561,adult tokens (study-specific log-rate)
babyview,babyview,babyview,S00820001,25.10113144007064,head-cam transcript,1833.97190293742,7.514239332599503,adult tokens (study-specific log-rate)
babyview,babyview,babyview,S00820001,25.10113144007064,head-cam transcript,1530.2042433629915,7.333156497871276,adult tokens (study-specific log-rate)
babyview,babyview,babyview,S00820001,25.33111562865767,head-cam transcript,2032.3373700846805,7.616941823502133,adult tokens (study-specific log-rate)
babyview,babyview,babyview,S00820001,25.33111562865767,head-cam transcript,2309.883130913018,7.744952209557639,adult tokens (study-specific log-rate)
babyview,babyview,babyview,S00820001,25.33111562865767,head-cam transcript,592.1976874031914,6.383840510565626,adult tokens (study-specific log-rate)
babyview,babyview,babyview,S00820001,25.33111562865767,head-cam transcript,739.8831900308282,6.606492322428695,adult tokens (study-specific log-rate)
babyview,babyview,babyview,S00820001,25.396825396825395,head-cam transcript,510.06808112099696,6.234544209203166,adult tokens (study-specific log-rate)
babyview,babyview,babyview,S00820001,25.396825396825395,head-cam transcript,445.22891826663323,6.098588572967138,adult tokens (study-specific log-rate)
babyview,babyview,babyview,S00820001,25.396825396825395,head-cam transcript,1762.0693499832755,7.474244164395415,adult tokens (study-specific log-rate)
babyview,babyview,babyview,S00820001,25.49539004907698,head-cam transcript,674.3239200280966,6.5137105889777285,adult tokens (study-specific log-rate)
babyview,babyview,babyview,S00820001,25.49539004907698,head-cam transcript,1640.9406402154768,7.403024917501939,adult tokens (study-specific log-rate)
babyview,babyview,babyview,S00820001,25.561099817244703,head-cam transcript,1465.3650805086272,7.289859692117952,adult tokens (study-specific log-rate)
babyview,babyview,babyview,S00820001,25.561099817244703,head-cam transcript,2228.621446422003,7.709138487837763,adult tokens (study-specific log-rate)
babyview,babyview,babyview,S00820001,25.561099817244703,head-cam transcript,1541.3089530605414,7.340387303907971,adult tokens (study-specific log-rate)
babyview,babyview,babyview,S00820001,25.561099817244703,head-cam transcript,929.6026809282257,6.834757270052423,adult tokens (study-specific log-rate)
babyview,babyview,babyview,S00820001,25.692519353580156,head-cam transcript,1663.8816795250114,7.416908512798318,adult tokens (study-specific log-rate)
babyview,babyview,babyview,S00820001,25.692519353580156,head-cam transcript,2653.4986098239115,7.883634278365009,adult tokens (study-specific log-rate)
babyview,babyview,babyview,S00820001,25.692519353580156,head-cam transcript,1037.712287712288,6.944773845836575,adult tokens (study-specific log-rate)
babyview,babyview,babyview,S00820001,25.692519353580156,head-cam transcript,1646.914736500846,7.4066589598642025,adult tokens (study-specific log-rate)
babyview,babyview,babyview,S00820001,25.823938889915603,head-cam transcript,1573.4303519325676,7.361013452374243,adult tokens (study-specific log-rate)
babyview,babyview,babyview,S00820001,25.823938889915603,head-cam transcript,1631.0257339615807,7.396964380523262,adult tokens (study-specific log-rate)
babyview,babyview,babyview,S00820001,25.823938889915603,head-cam transcript,2003.1402363441036,7.602471346367335,adult tokens (study-specific log-rate)
babyview,babyview,babyview,S00820001,25.823938889915603,head-cam transcript,1521.5590216490762,7.327490760335599,adult tokens (study-specific log-rate)
babyview,babyview,babyview,S00820001,25.823938889915603,head-cam transcript,428.47944430352595,6.060242765600188,adult tokens (study-specific log-rate)
babyview,babyview,babyview,S00820001,26.0867779625865,head-cam transcript,1718.5894350716078,7.449259137456298,adult tokens (study-specific log-rate)
babyview,babyview,babyview,S00820001,26.0867779625865,head-cam transcript,3126.436781609193,8.04764922662355,adult tokens (study-specific log-rate)
babyview,babyview,babyview,S00820001,26.0867779625865,head-cam transcript,1378.9128633694754,7.229050687522347,adult tokens (study-specific log-rate)
babyview,babyview,babyview,S00820001,26.0867779625865,head-cam transcript,2749.0676611614285,7.919017100871237,adult tokens (study-specific log-rate)
babyview,babyview,babyview,S00820001,26.0867779625865,head-cam transcript,3162.1966794380596,8.059022216795821,adult tokens (study-specific log-rate)
babyview,babyview,babyview,S00820001,26.0867779625865,head-cam transcript,3971.018640165458,8.28677792519363,adult tokens (study-specific log-rate)
babyview,babyview,babyview,S00820001,26.0867779625865,head-cam transcript,1503.1804050626317,7.3153384125317436,adult tokens (study-specific log-rate)
babyview,babyview,babyview,S00820001,26.0867779625865,head-cam transcript,4331.276253694968,8.373617524378998,adult tokens (study-specific log-rate)
babyview,babyview,babyview,S00820001,26.21819749892195,head-cam transcript,1386.1102800577548,7.234256743725789,adult tokens (study-specific log-rate)
babyview,babyview,babyview,S00820001,26.21819749892195,head-cam transcript,1580.2571547075897,7.365342868921712,adult tokens (study-specific log-rate)
babyview,babyview,babyview,S00820001,26.21819749892195,head-cam transcript,2627.053605109461,7.873618194924425,adult tokens (study-specific log-rate)
babyview,babyview,babyview,S00820001,26.21819749892195,head-cam transcript,923.175965665236,6.827819861690121,adult tokens (study-specific log-rate)
babyview,babyview,babyview,S00820001,26.21819749892195,head-cam transcript,1305.4284788011964,7.174286602112372,adult tokens (study-specific log-rate)
babyview,babyview,babyview,S00820001,26.41532680342512,head-cam transcript,440.90630740967543,6.088832398021773,adult tokens (study-specific log-rate)
babyview,babyview,babyview,S00820001,26.41532680342512,head-cam transcript,5845.3148239960365,8.673395734559342,adult tokens (study-specific log-rate)
babyview,babyview,babyview,S00820001,26.41532680342512,head-cam transcript,1123.8732000468285,7.02453621274372,adult tokens (study-specific log-rate)
babyview,babyview,babyview,S00820001,26.41532680342512,head-cam transcript,1921.8110299430048,7.561023265208009,adult tokens (study-specific log-rate)
babyview,babyview,babyview,S00820001,26.41532680342512,head-cam transcript,1084.8742943648222,6.98921940153426,adult tokens (study-specific log-rate)
babyview,babyview,babyview,S00820001,26.41532680342512,head-cam transcript,1772.2704513526166,7.480016744435855,adult tokens (study-specific log-rate)
babyview,babyview,babyview,S00820001,26.41532680342512,head-cam transcript,2336.7196950973625,7.7565033851532466,adult tokens (study-specific log-rate)
babyview,babyview,babyview,S00820001,26.54674633976057,head-cam transcript,2641.102020110046,7.878951540899787,adult tokens (study-specific log-rate)
babyview,babyview,babyview,S00820001,26.54674633976057,head-cam transcript,839.5522388059701,6.7328687006757,adult tokens (study-specific log-rate)
babyview,babyview,babyview,S00820001,26.54674633976057,head-cam transcript,2318.9310689310696,7.748861612333832,adult tokens (study-specific log-rate)
babyview,babyview,babyview,S00820001,26.54674633976057,head-cam transcript,2918.1944620053105,7.978720369084756,adult tokens (study-specific log-rate)
babyview,babyview,babyview,S00820001,26.54674633976057,head-cam transcript,515.1085500214629,6.244377655194144,adult tokens (study-specific log-rate)
babyview,babyview,babyview,S00820001,26.54674633976057,head-cam transcript,1105.1419800460476,7.007729094427338,adult tokens (study-specific log-rate)
babyview,babyview,babyview,S00820001,26.678165876096017,head-cam transcript,1367.3790600569737,7.2206510916700095,adult tokens (study-specific log-rate)
babyview,babyview,babyview,S00820001,26.776730528347603,head-cam transcript,964.7779479326185,6.871897969091284,adult tokens (study-specific log-rate)
babyview,babyview,babyview,S00820001,26.776730528347603,head-cam transcript,1644.8769442272965,7.405420854460515,adult tokens (study-specific log-rate)
babyview,babyview,babyview,S00820001,26.776730528347603,head-cam transcript,1634.2989450680964,7.398969211604156,adult tokens (study-specific log-rate)
babyview,babyview,babyview,S00820001,26.776730528347603,head-cam transcript,1762.0693499832755,7.474244164395415,adult tokens (study-specific log-rate)
babyview,babyview,babyview,S00820001,26.776730528347603,head-cam transcript,1023.5254766417663,6.93100829647867,adult tokens (study-specific log-rate)
babyview,babyview,babyview,S00820001,26.776730528347603,head-cam transcript,1624.933335067705,7.393222069348587,adult tokens (study-specific log-rate)
babyview,babyview,babyview,S00820001,26.842440296515328,head-cam transcript,1372.0618650571691,7.224069898418795,adult tokens (study-specific log-rate)
babyview,babyview,babyview,S00820001,26.842440296515328,head-cam transcript,1304.4932545434278,7.173569933649982,adult tokens (study-specific log-rate)
babyview,babyview,babyview,S00820001,26.842440296515328,head-cam transcript,1873.1220000780472,7.53536183650971,adult tokens (study-specific log-rate)
babyview,babyview,babyview,S00820001,27.17098913735395,head-cam transcript,4205.676676264916,8.34419048128333,adult tokens (study-specific log-rate)
babyview,babyview,babyview,S00820001,27.17098913735395,head-cam transcript,1361.6224199416454,7.216432223563135,adult tokens (study-specific log-rate)
babyview,babyview,babyview,S00820001,27.17098913735395,head-cam transcript,4672.164390969309,8.44937771031226,adult tokens (study-specific log-rate)
babyview,babyview,babyview,S00820001,27.17098913735395,head-cam transcript,2819.048610117461,7.9441547347105494,adult tokens (study-specific log-rate)
babyview,babyview,babyview,S00820001,27.17098913735395,head-cam transcript,1841.4322250639384,7.518298931006872,adult tokens (study-specific log-rate)
babyview,babyview,babyview,S00820001,27.3024086736894,head-cam transcript,137.76937979860796,4.925581126330529,adult tokens (study-specific log-rate)
babyview,babyview,babyview,S00820001,27.3024086736894,head-cam transcript,1149.2979770010097,7.04690658017218,adult tokens (study-specific log-rate)
babyview,babyview,babyview,S00820001,27.3024086736894,head-cam transcript,1931.03448275862,7.565811139730812,adult tokens (study-specific log-rate)
babyview,babyview,babyview,S00820001,27.3024086736894,head-cam transcript,1006.8030750419503,6.914535317529391,adult tokens (study-specific log-rate)
babyview,babyview,babyview,S00820001,27.3024086736894,head-cam transcript,2646.232439335887,7.8808921863707075,adult tokens (study-specific log-rate)
babyview,babyview,babyview,S00820001,27.466683094108703,head-cam transcript,2930.730161017255,7.9830068726778975,adult tokens (study-specific log-rate)
babyview,babyview,babyview,S00820001,27.466683094108703,head-cam transcript,2602.211735888477,7.864117030046323,adult tokens (study-specific log-rate)
babyview,babyview,babyview,S00820001,27.466683094108703,head-cam transcript,1929.315660080388,7.564920638751254,adult tokens (study-specific log-rate)
babyview,babyview,babyview,S00820001,27.630957514528017,head-cam transcript,1676.4441900698512,7.424430275802428,adult tokens (study-specific log-rate)
babyview,babyview,babyview,S00820001,27.630957514528017,head-cam transcript,1551.8172976477795,7.347181973225781,adult tokens (study-specific log-rate)
babyview,babyview,babyview,S00820001,27.630957514528017,head-cam transcript,590.0334300245845,6.380179196353206,adult tokens (study-specific log-rate)
babyview,babyview,babyview,S00820001,27.795231934947328,head-cam transcript,2744.1237301143387,7.917217078978741,adult tokens (study-specific log-rate)
babyview,babyview,babyview,S00820001,27.795231934947328,head-cam transcript,1435.5044699872285,7.26927161344497,adult tokens (study-specific log-rate)
babyview,babyview,babyview,S00820001,27.795231934947328,head-cam transcript,2980.955009660503,7.999999001199371,adult tokens (study-specific log-rate)
babyview,babyview,babyview,S00820001,27.795231934947328,head-cam transcript,2430.3757951012662,7.795801172567617,adult tokens (study-specific log-rate)
babyview,babyview,babyview,S00820001,28.12378077578595,head-cam transcript,1114.5075900464378,7.016167963073203,adult tokens (study-specific log-rate)
babyview,babyview,babyview,S00820001,28.12378077578595,head-cam transcript,864.5221713915205,6.7621769512855385,adult tokens (study-specific log-rate)
babyview,babyview,babyview,S00820001,28.12378077578595,head-cam transcript,1494.7038054138882,7.3096833427267685,adult tokens (study-specific log-rate)
babyview,babyview,babyview,S00820001,28.12378077578595,head-cam transcript,1044.2655150435107,6.951069060861847,adult tokens (study-specific log-rate)
babyview,babyview,babyview,S00820001,28.2552003121214,head-cam transcript,229.09837541875294,5.434151498289624,adult tokens (study-specific log-rate)
babyview,babyview,babyview,S00820001,28.2552003121214,head-cam transcript,929.3613342458846,6.834497612865165,adult tokens (study-specific log-rate)
babyview,babyview,babyview,S00820001,28.2552003121214,head-cam transcript,1164.0093655925973,7.059625674300764,adult tokens (study-specific log-rate)
babyview,babyview,babyview,S00820001,28.846588225630917,head-cam transcript,1823.7547892720304,7.5086527258908635,adult tokens (study-specific log-rate)
babyview,babyview,babyview,S00820001,28.846588225630917,head-cam transcript,878.6717752234993,6.7784114209246775,adult tokens (study-specific log-rate)
babyview,babyview,babyview,S00820001,28.846588225630917,head-cam transcript,777.3456300323894,6.655885077758271,adult tokens (study-specific log-rate)
babyview,babyview,babyview,S00820001,28.846588225630917,head-cam transcript,1171.5765345105701,7.066105586168649,adult tokens (study-specific log-rate)
babyview,babyview,babyview,S00820001,28.846588225630917,head-cam transcript,5112.279899382573,8.539400747958805,adult tokens (study-specific log-rate)
babyview,babyview,babyview,S00820001,28.846588225630917,head-cam transcript,1384.4189016602816,7.233035764990926,adult tokens (study-specific log-rate)
babyview,babyview,babyview,S00820001,28.846588225630917,head-cam transcript,847.587705035316,6.742394320667554,adult tokens (study-specific log-rate)
babyview,babyview,babyview,S00820001,28.91229799379864,head-cam transcript,2935.052771874211,7.984480712296198,adult tokens (study-specific log-rate)
babyview,babyview,babyview,S00820001,28.91229799379864,head-cam transcript,2856.511050119021,7.957356246569085,adult tokens (study-specific log-rate)
babyview,babyview,babyview,S00820001,28.91229799379864,head-cam transcript,2467.4329501915704,7.810933597763797,adult tokens (study-specific log-rate)
babyview,babyview,babyview,S00820001,29.175137066469535,head-cam transcript,1893.3035553474292,7.546078495113948,adult tokens (study-specific log-rate)
babyview,babyview,babyview,S00820001,29.175137066469535,head-cam transcript,1192.1061433827626,7.0834768901229435,adult tokens (study-specific log-rate)
babyview,babyview,babyview,S00820001,29.175137066469535,head-cam transcript,1400.5259176542631,7.244603100529831,adult tokens (study-specific log-rate)
babyview,babyview,babyview,S00820001,29.70081521181133,head-cam transcript,716.9232045803427,6.574968728280794,adult tokens (study-specific log-rate)
babyview,babyview,babyview,S00820001,29.70081521181133,head-cam transcript,3215.0741442747244,8.075605698388603,adult tokens (study-specific log-rate)
babyview,babyview,babyview,S00820001,29.70081521181133,head-cam transcript,2223.659270821719,7.706909438067528,adult tokens (study-specific log-rate)
babyview,babyview,babyview,S00820001,29.70081521181133,head-cam transcript,1942.6914929200582,7.571829658036876,adult tokens (study-specific log-rate)
babyview,babyview,babyview,S00820001,29.70081521181133,head-cam transcript,1366.2172445415697,7.219801064485377,adult tokens (study-specific log-rate)
babyview,babyview,babyview,S00820001,29.70081521181133,head-cam transcript,1237.4766807158153,7.12082965039929,adult tokens (study-specific log-rate)
babyview,babyview,babyview,S00820001,29.897944516314503,head-cam transcript,2115.2859850596496,7.656945299861606,adult tokens (study-specific log-rate)
babyview,babyview,babyview,S00820001,30.1607835889854,head-cam transcript,1779.465900074144,7.484068542122159,adult tokens (study-specific log-rate)
babyview,babyview,babyview,S00820001,30.1607835889854,head-cam transcript,1320.5510100550227,7.185804360339842,adult tokens (study-specific log-rate)
babyview,babyview,babyview,S00820001,30.1607835889854,head-cam transcript,1605.5301594380649,7.381209298428226,adult tokens (study-specific log-rate)
babyview,babyview,babyview,S00820001,30.1607835889854,head-cam transcript,566.3284962116346,6.339174291846042,adult tokens (study-specific log-rate)
babyview,babyview,babyview,S00820001,30.1607835889854,head-cam transcript,1704.791243363702,7.441197944311632,adult tokens (study-specific log-rate)
babyview,babyview,babyview,S00820001,30.29220312532085,head-cam transcript,2886.3346104725406,7.967742675257665,adult tokens (study-specific log-rate)
babyview,babyview,babyview,S00820001,30.29220312532085,head-cam transcript,3438.058748403577,8.142662273755953,adult tokens (study-specific log-rate)
babyview,babyview,babyview,S00820001,30.29220312532085,head-cam transcript,1773.5121087958162,7.480717101816992,adult tokens (study-specific log-rate)
babyview,babyview,babyview,S00820001,30.587897082075607,head-cam transcript,2107.262250087802,7.653144872166093,adult tokens (study-specific log-rate)
babyview,babyview,babyview,S00820001,30.587897082075607,head-cam transcript,1236.2605200515113,7.119846392548045,adult tokens (study-specific log-rate)
babyview,babyview,babyview,S00820001,30.587897082075607,head-cam transcript,1670.4980842911882,7.420877115008478,adult tokens (study-specific log-rate)
babyview,babyview,babyview,S00820001,30.587897082075607,head-cam transcript,1612.3338496451854,7.385438004381317,adult tokens (study-specific log-rate)
babyview,babyview,babyview,S00820001,30.587897082075607,head-cam transcript,1781.4189742749465,7.485165502268622,adult tokens (study-specific log-rate)
babyview,babyview,babyview,S00820001,30.587897082075607,head-cam transcript,4158.365261813541,8.332877310113766,adult tokens (study-specific log-rate)
babyview,babyview,babyview,S00820001,30.587897082075607,head-cam transcript,1451.669550060486,7.28046958688092,adult tokens (study-specific log-rate)
babyview,babyview,babyview,S00820001,30.620751966159467,head-cam transcript,562.4516240002293,6.33230512860284,adult tokens (study-specific log-rate)
babyview,babyview,babyview,S00820001,30.686461734327192,head-cam transcript,464.87867177522344,6.1417764506280745,adult tokens (study-specific log-rate)
babyview,babyview,babyview,S00820001,30.686461734327192,head-cam transcript,1127.9186809759412,7.028129338125914,adult tokens (study-specific log-rate)
babyview,babyview,babyview,S00820001,30.752171502494917,head-cam transcript,1452.3972479377549,7.280970744700706,adult tokens (study-specific log-rate)
babyview,babyview,babyview,S00820001,30.752171502494917,head-cam transcript,5226.010380217753,8.561403432342985,adult tokens (study-specific log-rate)
babyview,babyview,babyview,S00820001,30.752171502494917,head-cam transcript,2188.566552901024,7.691002066450049,adult tokens (study-specific log-rate)
babyview,babyview,babyview,S00820001,30.81788127066264,head-cam transcript,824.1736800343406,6.71438128443988,adult tokens (study-specific log-rate)
babyview,babyview,babyview,S00820001,30.81788127066264,head-cam transcript,2033.2056194125164,7.6173689493956624,adult tokens (study-specific log-rate)
babyview,babyview,babyview,S00820001,30.81788127066264,head-cam transcript,817.3690932311621,6.706090759345051,adult tokens (study-specific log-rate)
babyview,babyview,babyview,S00820001,30.81788127066264,head-cam transcript,2118.3028801486535,7.658370518840458,adult tokens (study-specific log-rate)
babyview,babyview,babyview,S00820001,30.94930080699809,head-cam transcript,1948.0468800811677,7.574582549662991,adult tokens (study-specific log-rate)
babyview,babyview,babyview,S00820001,30.94930080699809,head-cam transcript,1075.7052068235037,6.980731731831101,adult tokens (study-specific log-rate)
babyview,babyview,babyview,S00820001,31.146430111501264,head-cam transcript,594.7162350247801,6.38808437586032,adult tokens (study-specific log-rate)
babyview,babyview,babyview,S00820001,31.146430111501264,head-cam transcript,1862.0053941483736,7.529409354797571,adult tokens (study-specific log-rate)
babyview,babyview,babyview,S00820001,31.146430111501264,head-cam transcript,154.53256500643886,5.040404850868208,adult tokens (study-specific log-rate)
babyview,babyview,babyview,S00820001,31.146430111501264,head-cam transcript,469.2985704762609,6.1512391767191525,adult tokens (study-specific log-rate)
babyview,babyview,babyview,S00820001,31.27784964783671,head-cam transcript,1037.4266056698248,6.944498508079493,adult tokens (study-specific log-rate)
babyview,babyview,babyview,S00820001,31.27784964783671,head-cam transcript,1119.8572862080503,7.02095653314161,adult tokens (study-specific log-rate)
babyview,babyview,babyview,S00820001,31.803527793178503,head-cam transcript,3504.4699872286074,8.16179457183711,adult tokens (study-specific log-rate)
babyview,babyview,babyview,S00820001,31.803527793178503,head-cam transcript,1554.691260064779,7.349032258318217,adult tokens (study-specific log-rate)
babyview,babyview,babyview,S00820001,31.803527793178503,head-cam transcript,1478.3329130795,7.298670321800107,adult tokens (study-specific log-rate)
babyview,babyview,babyview,S00820001,31.803527793178503,head-cam transcript,1895.2745849297573,7.54711900671866,adult tokens (study-specific log-rate)
babyview,babyview,babyview,S00820001,31.803527793178503,head-cam transcript,1314.1474595695913,7.180943414642816,adult tokens (study-specific log-rate)
babyview,babyview,babyview,S00820001,31.803527793178503,head-cam transcript,802.0434227330778,6.6871627494595325,adult tokens (study-specific log-rate)
babyview,babyview,babyview,S00820001,32.0663668658494,head-cam transcript,645.2123033130389,6.469579415060314,adult tokens (study-specific log-rate)
babyview,babyview,babyview,S00820001,32.0663668658494,head-cam transcript,3132.796545130533,8.049681349529957,adult tokens (study-specific log-rate)
babyview,babyview,babyview,S00820001,32.0663668658494,head-cam transcript,1849.7079750770706,7.52278305430285,adult tokens (study-specific log-rate)
babyview,babyview,babyview,S00820001,32.197786402184846,head-cam transcript,1119.1903950466328,7.020360841333239,adult tokens (study-specific log-rate)
babyview,babyview,babyview,S00820001,32.197786402184846,head-cam transcript,1152.2775378155593,7.04949573048237,adult tokens (study-specific log-rate)
babyview,babyview,babyview,S00820001,32.197786402184846,head-cam transcript,1558.1098339719022,7.351228720718636,adult tokens (study-specific log-rate)
babyview,babyview,babyview,S00820001,32.197786402184846,head-cam transcript,804.1365046535676,6.689769036675072,adult tokens (study-specific log-rate)
babyview,babyview,babyview,S00820001,32.197786402184846,head-cam transcript,1307.7905491698596,7.176094388590787,adult tokens (study-specific log-rate)
babyview,babyview,babyview,S00820001,32.197786402184846,head-cam transcript,1451.6420245952615,7.2804506254539305,adult tokens (study-specific log-rate)
babyview,babyview,babyview,S00820001,32.197786402184846,head-cam transcript,1885.057471264368,7.541713588151752,adult tokens (study-specific log-rate)
babyview,babyview,babyview,S00820001,32.592045011191196,head-cam transcript,2252.873563218391,7.719961819558071,adult tokens (study-specific log-rate)
babyview,babyview,babyview,S00820001,32.592045011191196,head-cam transcript,1476.3729246487874,7.297343632223657,adult tokens (study-specific log-rate)
babyview,babyview,babyview,S00820001,32.592045011191196,head-cam transcript,1486.5900383141757,7.304240211282717,adult tokens (study-specific log-rate)
babyview,babyview,babyview,S00820001,33.44627199737161,head-cam transcript,786.7093794233779,6.6678589037547535,adult tokens (study-specific log-rate)
babyview,babyview,babyview,S00820001,33.44627199737161,head-cam transcript,1664.2051799286767,7.417102919025286,adult tokens (study-specific log-rate)
babyview,babyview,babyview,S00820001,33.44627199737161,head-cam transcript,1404.848528511221,7.2476847670672395,adult tokens (study-specific log-rate)
babyview,babyview,babyview,S00820001,33.54483664962319,head-cam transcript,3454.249982335901,8.14736063082305,adult tokens (study-specific log-rate)
babyview,babyview,babyview,S00820001,33.54483664962319,head-cam transcript,1114.5075900464378,7.016167963073203,adult tokens (study-specific log-rate)
babyview,babyview,babyview,S00820001,33.54483664962319,head-cam transcript,1465.717965061072,7.290100479941882,adult tokens (study-specific log-rate)
babyview,babyview,babyview,S00820001,33.54483664962319,head-cam transcript,1484.4491850618524,7.302799063279009,adult tokens (study-specific log-rate)
babyview,babyview,babyview,S00820001,34.070514794964986,head-cam transcript,1674.9585406301824,7.423543692090257,adult tokens (study-specific log-rate)
babyview,babyview,babyview,S00820001,34.070514794964986,head-cam transcript,873.1673931054355,6.772127282138706,adult tokens (study-specific log-rate)
babyview,babyview,babyview,S00820001,34.070514794964986,head-cam transcript,1598.978288633461,7.377120134651378,adult tokens (study-specific log-rate)
babyview,babyview,babyview,S00820001,34.070514794964986,head-cam transcript,825.6186736789024,6.716133012784132,adult tokens (study-specific log-rate)
babyview,babyview,babyview,S00820001,34.070514794964986,head-cam transcript,94.11918495400252,4.544561904174435,adult tokens (study-specific log-rate)
babyview,babyview,babyview,S00820001,34.070514794964986,head-cam transcript,803.7274315666862,6.689260196235912,adult tokens (study-specific log-rate)
babyview,babyview,babyview,S00820001,34.464773403971336,head-cam transcript,798.7512543204367,6.683049576044736,adult tokens (study-specific log-rate)
babyview,babyview,babyview,S00820001,34.464773403971336,head-cam transcript,1716.4750957854408,7.448028104074429,adult tokens (study-specific log-rate)
babyview,babyview,babyview,S00820001,34.464773403971336,head-cam transcript,1226.0703233130653,7.111569474812854,adult tokens (study-specific log-rate)
babyview,babyview,babyview,S00820001,34.464773403971336,head-cam transcript,669.2209450830139,6.506114267312376,adult tokens (study-specific log-rate)
babyview,babyview,babyview,S00820001,34.464773403971336,head-cam transcript,753.9316050314136,6.625301654386191,adult tokens (study-specific log-rate)
babyview,babyview,babyview,S00820001,36.60034086942237,head-cam transcript,1644.9553001277131,7.405468489655632,adult tokens (study-specific log-rate)
babyview,babyview,babyview,S00820001,36.60034086942237,head-cam transcript,2332.032556583789,7.754495508172155,adult tokens (study-specific log-rate)
babyview,babyview,babyview,S00820001,36.60034086942237,head-cam transcript,1602.619334826814,7.379394653932876,adult tokens (study-specific log-rate)
babyview,babyview,babyview,S00820001,36.60034086942237,head-cam transcript,1592.8528010630334,7.373281902039213,adult tokens (study-specific log-rate)
